MINSAN,Prodotto,Categoria,Immagine_URL,Farmacia Igea,Farmaè,Dr Max,RedCare,Farmacia Loreto,1000Farmacie,Top Farmacia,eFarma,Farmacosmo
010000003,BOIRON ARNICA MONTANA 4 CH GRANULI 4G,Fitoterapia e Omeopatia,,22.48,22.50,23.40,22.60,21.78,23.21,21.33,22.87,22.77
010000006,BOIRON ARNICA MONTANA 4 CH GLOBULI DOSA UNICA,Fitoterapia e Omeopatia,,6.84,6.74,7.87,8.86,8.32,7.50,7.48,8.99,8.37
010000009,BOIRON ARNICA MONTANA 4 CH GOCCE ORALI 30ML,Fitoterapia e Omeopatia,,33.52,34.61,33.66,34.96,33.66,35.04,35.39,34.80,35.65
010000012,BOIRON ARNICA MONTANA 4 CH FIALE ORALI 20 PEZZI,Fitoterapia e Omeopatia,,10.80,10.96,10.74,10.33,10.03,9.39,10.93,10.65,11.16
010000015,BOIRON ARNICA MONTANA 4 CH UNGUENTO 50G,Fitoterapia e Omeopatia,,27.96,27.15,26.32,26.58,28.11,27.68,26.82,26.05,27.05
010000018,BOIRON ARNICA MONTANA 4 CH SCIROPPO 150ML,Fitoterapia e Omeopatia,,28.38,27.58,28.87,28.74,27.36,29.16,27.98,27.67,27.31
010000021,BOIRON ARNICA MONTANA 5 CH GRANULI 4G,Fitoterapia e Omeopatia,,5.15,4.55,5.00,5.61,6.09,4.65,4.28,5.46,4.15
010000024,BOIRON ARNICA MONTANA 5 CH GLOBULI DOSA UNICA,Fitoterapia e Omeopatia,,18.51,18.42,18.93,18.99,17.79,17.42,17.97,18.38,19.34
010000027,BOIRON ARNICA MONTANA 5 CH GOCCE ORALI 30ML,Fitoterapia e Omeopatia,,24.93,26.03,26.42,24.69,26.16,24.64,24.44,26.37,24.40
010000030,BOIRON ARNICA MONTANA 5 CH FIALE ORALI 20 PEZZI,Fitoterapia e Omeopatia,,8.90,8.55,7.57,7.74,7.33,6.66,8.21,6.76,6.59
010000033,BOIRON ARNICA MONTANA 5 CH UNGUENTO 50G,Fitoterapia e Omeopatia,,24.63,24.00,23.51,23.75,24.73,23.25,23.31,23.41,24.20
010000036,BOIRON ARNICA MONTANA 5 CH SCIROPPO 150ML,Fitoterapia e Omeopatia,,10.41,10.71,10.42,10.05,11.17,10.06,9.89,9.96,10.50
010000039,BOIRON ARNICA MONTANA 7 CH GRANULI 4G,Fitoterapia e Omeopatia,,36.25,36.35,35.11,36.39,35.03,35.43,35.89,35.07,35.73
010000042,BOIRON ARNICA MONTANA 7 CH GLOBULI DOSA UNICA,Fitoterapia e Omeopatia,,17.41,19.26,17.53,18.86,18.91,18.41,19.48,18.05,18.15
010000045,BOIRON ARNICA MONTANA 7 CH GOCCE ORALI 30ML,Fitoterapia e Omeopatia,,30.49,29.45,31.15,31.54,31.50,30.43,31.78,29.52,30.18
010000048,BOIRON ARNICA MONTANA 7 CH FIALE ORALI 20 PEZZI,Fitoterapia e Omeopatia,,42.22,43.43,43.74,43.53,43.56,44.45,42.33,43.73,42.90
010000051,BOIRON ARNICA MONTANA 7 CH UNGUENTO 50G,Fitoterapia e Omeopatia,,28.41,29.20,28.50,29.13,28.22,29.46,30.43,28.55,29.92
010000054,BOIRON ARNICA MONTANA 7 CH SCIROPPO 150ML,Fitoterapia e Omeopatia,,34.56,33.59,32.94,32.69,34.57,34.57,33.42,32.58,34.05
010000057,BOIRON ARNICA MONTANA 9 CH GRANULI 4G,Fitoterapia e Omeopatia,,18.53,20.08,19.09,19.83,19.25,19.10,18.34,18.33,18.51
010000060,BOIRON ARNICA MONTANA 9 CH GLOBULI DOSA UNICA,Fitoterapia e Omeopatia,,21.77,22.64,22.44,23.03,22.34,22.78,22.70,23.64,22.69
010000063,BOIRON ARNICA MONTANA 9 CH GOCCE ORALI 30ML,Fitoterapia e Omeopatia,,36.71,37.20,36.16,35.81,36.56,37.03,37.29,37.46,37.84
010000066,BOIRON ARNICA MONTANA 9 CH FIALE ORALI 20 PEZZI,Fitoterapia e Omeopatia,,39.94,40.62,40.04,38.59,38.63,40.45,39.78,39.10,40.49
010000069,BOIRON ARNICA MONTANA 9 CH UNGUENTO 50G,Fitoterapia e Omeopatia,,18.19,17.02,16.47,16.97,17.80,16.73,18.28,17.30,17.68
010000072,BOIRON ARNICA MONTANA 9 CH SCIROPPO 150ML,Fitoterapia e Omeopatia,,6.23,5.62,6.39,4.88,6.09,5.81,5.99,4.68,4.27
010000075,BOIRON ARNICA MONTANA 12 CH GRANULI 4G,Fitoterapia e Omeopatia,,8.15,7.39,7.10,8.59,8.69,8.89,7.32,8.26,7.40
010000078,BOIRON ARNICA MONTANA 12 CH GLOBULI DOSA UNICA,Fitoterapia e Omeopatia,,10.24,10.51,11.56,11.45,10.98,11.24,11.23,12.32,10.28
010000081,BOIRON ARNICA MONTANA 12 CH GOCCE ORALI 30ML,Fitoterapia e Omeopatia,,8.44,6.55,8.32,7.22,7.04,6.64,7.51,7.75,7.92
010000084,BOIRON ARNICA MONTANA 12 CH FIALE ORALI 20 PEZZI,Fitoterapia e Omeopatia,,31.51,30.74,31.72,31.93,31.04,32.05,30.91,31.92,31.62
010000087,BOIRON ARNICA MONTANA 12 CH UNGUENTO 50G,Fitoterapia e Omeopatia,,10.50,10.98,11.81,11.16,10.27,11.18,12.06,12.03,10.20
010000090,BOIRON ARNICA MONTANA 12 CH SCIROPPO 150ML,Fitoterapia e Omeopatia,,19.45,19.59,18.42,19.06,18.84,20.35,18.15,18.35,18.72
010000093,BOIRON ARNICA MONTANA 15 CH GRANULI 4G,Fitoterapia e Omeopatia,,20.54,20.95,21.86,20.68,19.83,21.11,19.96,21.57,19.53
010000096,BOIRON ARNICA MONTANA 15 CH GLOBULI DOSA UNICA,Fitoterapia e Omeopatia,,24.08,22.19,23.25,22.54,23.88,23.76,23.70,23.07,23.04
010000099,BOIRON ARNICA MONTANA 15 CH GOCCE ORALI 30ML,Fitoterapia e Omeopatia,,10.35,10.21,9.63,9.74,10.31,10.00,8.78,8.33,10.34
010000102,BOIRON ARNICA MONTANA 15 CH FIALE ORALI 20 PEZZI,Fitoterapia e Omeopatia,,25.26,25.69,25.06,26.38,24.92,24.90,26.88,25.98,26.77
010000105,BOIRON ARNICA MONTANA 15 CH UNGUENTO 50G,Fitoterapia e Omeopatia,,35.08,35.04,35.99,35.70,34.24,35.91,35.44,34.32,35.69
010000108,BOIRON ARNICA MONTANA 15 CH SCIROPPO 150ML,Fitoterapia e Omeopatia,,35.05,35.34,35.84,34.79,35.21,35.59,36.86,36.01,35.00
010000111,BOIRON ARNICA MONTANA 30 CH GRANULI 4G,Fitoterapia e Omeopatia,,38.24,37.47,36.45,36.34,36.14,37.17,36.11,36.72,37.55
010000114,BOIRON ARNICA MONTANA 30 CH GLOBULI DOSA UNICA,Fitoterapia e Omeopatia,,40.73,39.69,39.71,40.47,39.66,39.45,40.91,39.03,38.97
010000117,BOIRON ARNICA MONTANA 30 CH GOCCE ORALI 30ML,Fitoterapia e Omeopatia,,19.09,18.50,18.68,18.66,17.02,17.82,17.15,18.90,18.73
010000120,BOIRON ARNICA MONTANA 30 CH FIALE ORALI 20 PEZZI,Fitoterapia e Omeopatia,,39.54,39.67,38.53,39.82,39.60,39.08,38.93,39.18,40.57
010000123,BOIRON ARNICA MONTANA 30 CH UNGUENTO 50G,Fitoterapia e Omeopatia,,7.73,6.95,8.45,6.60,8.39,8.15,8.40,6.83,6.83
010000126,BOIRON ARNICA MONTANA 30 CH SCIROPPO 150ML,Fitoterapia e Omeopatia,,19.32,18.58,19.56,20.13,19.55,18.65,20.47,19.00,19.79
010000129,BOIRON ARNICA MONTANA 200 CH GRANULI 4G,Fitoterapia e Omeopatia,,23.42,24.64,24.48,24.62,23.82,25.24,24.25,24.40,25.36
010000132,BOIRON ARNICA MONTANA 200 CH GLOBULI DOSA UNICA,Fitoterapia e Omeopatia,,20.53,20.45,21.99,21.01,21.44,20.58,20.91,21.76,21.21
010000135,BOIRON ARNICA MONTANA 200 CH GOCCE ORALI 30ML,Fitoterapia e Omeopatia,,4.93,3.79,5.74,3.95,3.54,4.44,3.56,3.55,5.74
010000138,BOIRON ARNICA MONTANA 200 CH FIALE ORALI 20 PEZZI,Fitoterapia e Omeopatia,,35.79,37.77,37.89,37.96,36.01,35.82,37.21,37.11,37.03
010000141,BOIRON ARNICA MONTANA 200 CH UNGUENTO 50G,Fitoterapia e Omeopatia,,32.60,34.34,33.11,34.48,33.96,32.90,32.53,32.37,32.44
010000144,BOIRON ARNICA MONTANA 200 CH SCIROPPO 150ML,Fitoterapia e Omeopatia,,27.67,26.68,27.20,28.10,28.20,28.45,27.19,27.64,26.54
010000147,BOIRON ARNICA MONTANA 1MK GRANULI 4G,Fitoterapia e Omeopatia,,39.22,38.56,37.79,37.16,38.39,39.10,38.63,37.33,39.26
010000150,BOIRON ARNICA MONTANA 1MK GLOBULI DOSA UNICA,Fitoterapia e Omeopatia,,4.48,5.14,5.48,5.51,5.05,5.00,4.27,5.96,5.33
010000153,BOIRON ARNICA MONTANA 1MK GOCCE ORALI 30ML,Fitoterapia e Omeopatia,,18.69,18.51,19.42,18.02,18.95,19.38,18.27,19.13,18.97
010000156,BOIRON ARNICA MONTANA 1MK FIALE ORALI 20 PEZZI,Fitoterapia e Omeopatia,,36.32,36.09,36.09,34.62,34.42,35.01,35.78,35.81,36.68
010000159,BOIRON ARNICA MONTANA 1MK UNGUENTO 50G,Fitoterapia e Omeopatia,,20.42,19.49,19.53,19.72,19.50,20.32,18.99,18.15,18.31
010000162,BOIRON ARNICA MONTANA 1MK SCIROPPO 150ML,Fitoterapia e Omeopatia,,19.97,20.20,18.51,18.50,17.97,18.08,19.17,18.30,18.52
010000165,BOIRON ARNICA MONTANA 6DH GRANULI 4G,Fitoterapia e Omeopatia,,43.09,43.90,44.01,43.04,43.97,43.43,43.43,43.18,43.58
010000168,BOIRON ARNICA MONTANA 6DH GLOBULI DOSA UNICA,Fitoterapia e Omeopatia,,35.11,34.00,34.70,34.83,33.33,33.96,35.05,33.71,33.80
010000171,BOIRON ARNICA MONTANA 6DH GOCCE ORALI 30ML,Fitoterapia e Omeopatia,,11.43,11.66,10.60,11.23,10.64,10.85,11.46,12.15,11.08
010000174,BOIRON ARNICA MONTANA 6DH FIALE ORALI 20 PEZZI,Fitoterapia e Omeopatia,,34.83,33.11,33.87,33.06,33.52,33.80,32.88,33.20,34.45
010000177,BOIRON ARNICA MONTANA 6DH UNGUENTO 50G,Fitoterapia e Omeopatia,,38.69,39.13,37.52,38.97,37.38,37.77,38.63,38.63,38.91
010000180,BOIRON ARNICA MONTANA 6DH SCIROPPO 150ML,Fitoterapia e Omeopatia,,5.45,5.39,6.22,5.66,4.63,4.29,5.56,5.82,5.88
010000183,BOIRON ARNICA MONTANA 12DH GRANULI 4G,Fitoterapia e Omeopatia,,17.79,18.17,16.98,17.35,18.49,17.07,17.22,17.86,17.46
010000186,BOIRON ARNICA MONTANA 12DH GLOBULI DOSA UNICA,Fitoterapia e Omeopatia,,31.75,30.68,29.62,30.80,31.51,30.27,30.08,31.15,31.36
010000189,BOIRON ARNICA MONTANA 12DH GOCCE ORALI 30ML,Fitoterapia e Omeopatia,,15.98,17.89,16.31,17.48,17.43,16.69,17.17,17.37,18.05
010000192,BOIRON ARNICA MONTANA 12DH FIALE ORALI 20 PEZZI,Fitoterapia e Omeopatia,,43.48,43.51,43.33,41.74,42.89,41.69,41.67,41.77,41.81
010000195,BOIRON ARNICA MONTANA 12DH UNGUENTO 50G,Fitoterapia e Omeopatia,,18.58,18.85,18.78,17.33,18.20,18.23,19.52,17.38,17.33
010000198,BOIRON ARNICA MONTANA 12DH SCIROPPO 150ML,Fitoterapia e Omeopatia,,22.00,22.27,22.66,22.77,22.54,23.16,23.40,21.90,23.75
010000201,BOIRON BELLADONNA 4 CH GRANULI 4G,Fitoterapia e Omeopatia,,5.74,5.06,6.30,6.07,6.84,7.44,7.16,5.26,5.86
010000204,BOIRON BELLADONNA 4 CH GLOBULI DOSA UNICA,Fitoterapia e Omeopatia,,20.27,19.22,20.16,21.45,19.25,20.11,19.36,20.24,20.13
010000207,BOIRON BELLADONNA 4 CH GOCCE ORALI 30ML,Fitoterapia e Omeopatia,,44.84,44.78,43.78,43.27,44.09,44.40,43.82,44.89,44.56
010000210,BOIRON BELLADONNA 4 CH FIALE ORALI 20 PEZZI,Fitoterapia e Omeopatia,,36.73,36.77,37.27,36.61,38.84,38.26,36.83,37.33,36.84
010000213,BOIRON BELLADONNA 4 CH UNGUENTO 50G,Fitoterapia e Omeopatia,,41.35,42.42,41.27,42.04,42.64,41.62,42.06,40.65,41.61
010000216,BOIRON BELLADONNA 4 CH SCIROPPO 150ML,Fitoterapia e Omeopatia,,24.13,23.20,24.51,23.94,24.45,23.38,23.31,25.44,23.16
010000219,BOIRON BELLADONNA 5 CH GRANULI 4G,Fitoterapia e Omeopatia,,11.24,11.52,9.73,9.71,10.16,11.51,11.65,11.13,11.36
010000222,BOIRON BELLADONNA 5 CH GLOBULI DOSA UNICA,Fitoterapia e Omeopatia,,18.65,19.53,19.99,19.27,19.14,18.38,18.57,20.20,19.04
010000225,BOIRON BELLADONNA 5 CH GOCCE ORALI 30ML,Fitoterapia e Omeopatia,,14.13,14.00,13.39,14.40,13.37,13.07,13.92,13.53,12.66
010000228,BOIRON BELLADONNA 5 CH FIALE ORALI 20 PEZZI,Fitoterapia e Omeopatia,,23.25,22.82,23.26,22.51,22.48,23.36,22.78,22.40,22.13
010000231,BOIRON BELLADONNA 5 CH UNGUENTO 50G,Fitoterapia e Omeopatia,,31.96,31.87,31.22,31.65,31.70,30.37,32.43,32.19,31.84
010000234,BOIRON BELLADONNA 5 CH SCIROPPO 150ML,Fitoterapia e Omeopatia,,30.15,29.39,30.16,30.12,29.17,30.12,29.77,30.94,29.70
010000237,BOIRON BELLADONNA 7 CH GRANULI 4G,Fitoterapia e Omeopatia,,11.10,10.85,10.63,11.71,11.46,11.67,11.91,11.28,10.88
010000240,BOIRON BELLADONNA 7 CH GLOBULI DOSA UNICA,Fitoterapia e Omeopatia,,26.51,25.99,27.81,26.52,27.38,27.86,26.32,27.83,28.21
010000243,BOIRON BELLADONNA 7 CH GOCCE ORALI 30ML,Fitoterapia e Omeopatia,,37.26,36.29,36.90,35.31,36.97,35.53,35.59,37.15,36.77
010000246,BOIRON BELLADONNA 7 CH FIALE ORALI 20 PEZZI,Fitoterapia e Omeopatia,,25.69,25.83,26.17,24.46,24.72,25.60,25.79,26.62,25.93
010000249,BOIRON BELLADONNA 7 CH UNGUENTO 50G,Fitoterapia e Omeopatia,,13.66,13.94,14.26,13.99,13.42,13.32,13.96,13.02,14.01
010000252,BOIRON BELLADONNA 7 CH SCIROPPO 150ML,Fitoterapia e Omeopatia,,34.79,34.62,34.33,34.09,33.85,33.57,34.90,35.33,34.06
010000255,BOIRON BELLADONNA 9 CH GRANULI 4G,Fitoterapia e Omeopatia,,26.13,24.32,24.88,24.88,24.09,25.95,24.78,24.45,25.47
010000258,BOIRON BELLADONNA 9 CH GLOBULI DOSA UNICA,Fitoterapia e Omeopatia,,15.13,15.96,16.98,15.91,16.92,15.69,15.83,16.86,15.48
010000261,BOIRON BELLADONNA 9 CH GOCCE ORALI 30ML,Fitoterapia e Omeopatia,,30.32,31.04,29.49,29.53,29.03,30.31,30.51,29.11,28.96
010000264,BOIRON BELLADONNA 9 CH FIALE ORALI 20 PEZZI,Fitoterapia e Omeopatia,,17.75,17.20,17.11,16.31,17.02,18.03,17.19,18.52,17.90
010000267,BOIRON BELLADONNA 9 CH UNGUENTO 50G,Fitoterapia e Omeopatia,,22.67,22.20,21.72,21.46,21.39,22.44,22.02,22.10,22.13
010000270,BOIRON BELLADONNA 9 CH SCIROPPO 150ML,Fitoterapia e Omeopatia,,23.94,22.93,24.08,23.83,22.76,23.90,23.71,24.05,22.64
010000273,BOIRON BELLADONNA 12 CH GRANULI 4G,Fitoterapia e Omeopatia,,20.67,20.76,20.82,21.49,22.00,20.58,22.48,21.38,21.39
010000276,BOIRON BELLADONNA 12 CH GLOBULI DOSA UNICA,Fitoterapia e Omeopatia,,23.00,21.83,22.86,21.85,23.52,23.06,23.52,22.65,23.86
010000279,BOIRON BELLADONNA 12 CH GOCCE ORALI 30ML,Fitoterapia e Omeopatia,,22.52,21.47,20.76,21.40,21.96,22.27,21.51,21.29,21.85
010000282,BOIRON BELLADONNA 12 CH FIALE ORALI 20 PEZZI,Fitoterapia e Omeopatia,,34.80,35.53,36.32,36.13,35.07,36.66,36.69,35.19,36.37
010000285,BOIRON BELLADONNA 12 CH UNGUENTO 50G,Fitoterapia e Omeopatia,,36.41,35.33,35.12,36.84,36.64,35.27,35.77,37.02,34.65
010000288,BOIRON BELLADONNA 12 CH SCIROPPO 150ML,Fitoterapia e Omeopatia,,30.45,31.37,32.20,30.91,30.47,30.96,31.58,31.85,30.63
010000291,BOIRON BELLADONNA 15 CH GRANULI 4G,Fitoterapia e Omeopatia,,38.11,37.74,39.72,38.85,38.86,38.98,39.13,39.17,37.46
010000294,BOIRON BELLADONNA 15 CH GLOBULI DOSA UNICA,Fitoterapia e Omeopatia,,6.47,5.01,6.31,6.83,5.24,6.95,6.73,6.93,6.96
010000297,BOIRON BELLADONNA 15 CH GOCCE ORALI 30ML,Fitoterapia e Omeopatia,,19.61,19.59,19.23,18.29,19.08,18.48,19.69,20.48,19.94
010000300,BOIRON BELLADONNA 15 CH FIALE ORALI 20 PEZZI,Fitoterapia e Omeopatia,,18.17,16.72,18.27,16.22,16.55,17.85,17.74,17.01,16.39
010000303,BOIRON BELLADONNA 15 CH UNGUENTO 50G,Fitoterapia e Omeopatia,,32.09,32.67,31.90,32.17,33.23,33.07,32.23,31.94,33.02
010000306,BOIRON BELLADONNA 15 CH SCIROPPO 150ML,Fitoterapia e Omeopatia,,29.05,31.12,29.13,31.05,29.57,30.85,29.49,29.57,29.94
010000309,BOIRON BELLADONNA 30 CH GRANULI 4G,Fitoterapia e Omeopatia,,18.77,19.96,19.61,19.17,19.64,18.45,18.49,18.28,20.01
010000312,BOIRON BELLADONNA 30 CH GLOBULI DOSA UNICA,Fitoterapia e Omeopatia,,19.44,18.84,20.48,19.14,19.17,19.24,19.67,20.18,18.80
010000315,BOIRON BELLADONNA 30 CH GOCCE ORALI 30ML,Fitoterapia e Omeopatia,,40.98,41.74,42.15,43.31,42.39,43.00,42.24,42.34,42.91
010000318,BOIRON BELLADONNA 30 CH FIALE ORALI 20 PEZZI,Fitoterapia e Omeopatia,,40.56,41.68,41.21,41.83,41.62,41.07,41.51,42.56,40.88
010000321,BOIRON BELLADONNA 30 CH UNGUENTO 50G,Fitoterapia e Omeopatia,,33.44,33.58,32.18,34.06,32.56,32.80,33.22,32.61,33.96
010000324,BOIRON BELLADONNA 30 CH SCIROPPO 150ML,Fitoterapia e Omeopatia,,10.47,9.46,10.54,11.00,9.48,10.99,9.47,10.20,10.13
010000327,BOIRON BELLADONNA 200 CH GRANULI 4G,Fitoterapia e Omeopatia,,16.57,18.44,18.18,17.77,17.80,16.56,17.36,17.07,17.37
010000330,BOIRON BELLADONNA 200 CH GLOBULI DOSA UNICA,Fitoterapia e Omeopatia,,12.85,12.49,11.45,10.82,12.62,12.68,12.76,12.20,12.83
010000333,BOIRON BELLADONNA 200 CH GOCCE ORALI 30ML,Fitoterapia e Omeopatia,,5.12,3.86,5.48,4.61,3.69,5.26,5.10,4.89,3.75
010000336,BOIRON BELLADONNA 200 CH FIALE ORALI 20 PEZZI,Fitoterapia e Omeopatia,,23.68,23.27,23.54,21.66,22.64,22.13,22.72,21.97,23.52
010000339,BOIRON BELLADONNA 200 CH UNGUENTO 50G,Fitoterapia e Omeopatia,,8.43,7.52,8.00,6.96,7.99,8.13,7.79,7.44,7.90
010000342,BOIRON BELLADONNA 200 CH SCIROPPO 150ML,Fitoterapia e Omeopatia,,24.09,23.78,25.39,23.74,23.77,23.62,24.75,24.10,25.71
010000345,BOIRON BELLADONNA 1MK GRANULI 4G,Fitoterapia e Omeopatia,,41.27,41.22,39.87,41.03,41.56,41.23,40.58,39.78,40.21
010000348,BOIRON BELLADONNA 1MK GLOBULI DOSA UNICA,Fitoterapia e Omeopatia,,31.75,31.22,31.67,31.73,31.01,31.22,30.43,30.68,30.62
010000351,BOIRON BELLADONNA 1MK GOCCE ORALI 30ML,Fitoterapia e Omeopatia,,33.88,34.25,35.96,34.16,33.95,34.78,34.05,35.71,35.44
010000354,BOIRON BELLADONNA 1MK FIALE ORALI 20 PEZZI,Fitoterapia e Omeopatia,,26.05,26.43,26.36,26.90,25.29,25.88,25.66,25.38,24.93
010000357,BOIRON BELLADONNA 1MK UNGUENTO 50G,Fitoterapia e Omeopatia,,32.57,34.37,33.38,32.36,34.23,34.19,32.43,32.17,33.05
010000360,BOIRON BELLADONNA 1MK SCIROPPO 150ML,Fitoterapia e Omeopatia,,41.36,41.47,40.70,39.93,40.84,42.05,40.08,40.57,39.89
010000363,BOIRON BELLADONNA 6DH GRANULI 4G,Fitoterapia e Omeopatia,,40.44,42.32,41.27,41.77,41.34,42.40,41.71,40.35,42.36
010000366,BOIRON BELLADONNA 6DH GLOBULI DOSA UNICA,Fitoterapia e Omeopatia,,18.99,19.60,19.70,19.20,19.84,20.63,18.64,20.38,20.64
010000369,BOIRON BELLADONNA 6DH GOCCE ORALI 30ML,Fitoterapia e Omeopatia,,44.13,43.30,43.99,44.05,44.05,44.81,42.73,44.72,43.87
010000372,BOIRON BELLADONNA 6DH FIALE ORALI 20 PEZZI,Fitoterapia e Omeopatia,,28.65,28.40,26.95,26.68,27.18,28.31,26.89,28.39,27.61
010000375,BOIRON BELLADONNA 6DH UNGUENTO 50G,Fitoterapia e Omeopatia,,32.14,32.33,32.43,32.54,34.27,33.69,31.99,33.09,34.13
010000378,BOIRON BELLADONNA 6DH SCIROPPO 150ML,Fitoterapia e Omeopatia,,31.76,30.79,30.76,30.60,30.99,30.23,30.76,30.20,30.18
010000381,BOIRON BELLADONNA 12DH GRANULI 4G,Fitoterapia e Omeopatia,,13.17,13.24,12.39,11.57,13.90,13.58,11.91,12.41,12.16
010000384,BOIRON BELLADONNA 12DH GLOBULI DOSA UNICA,Fitoterapia e Omeopatia,,45.14,44.89,44.14,44.69,44.53,43.84,44.23,44.31,43.14
010000387,BOIRON BELLADONNA 12DH GOCCE ORALI 30ML,Fitoterapia e Omeopatia,,23.11,23.14,22.05,22.90,22.22,21.78,23.22,22.55,22.26
010000390,BOIRON BELLADONNA 12DH FIALE ORALI 20 PEZZI,Fitoterapia e Omeopatia,,23.90,24.09,24.44,25.05,25.50,24.99,25.46,24.31,23.95
010000393,BOIRON BELLADONNA 12DH UNGUENTO 50G,Fitoterapia e Omeopatia,,39.48,39.20,38.87,40.05,38.61,38.54,39.07,38.63,38.00
010000396,BOIRON BELLADONNA 12DH SCIROPPO 150ML,Fitoterapia e Omeopatia,,21.34,20.98,22.26,23.25,21.37,22.94,22.87,23.29,23.06
010000399,BOIRON BRYONIA 4 CH GRANULI 4G,Fitoterapia e Omeopatia,,6.68,7.90,7.94,7.28,8.36,8.14,7.71,6.56,6.49
010000402,BOIRON BRYONIA 4 CH GLOBULI DOSA UNICA,Fitoterapia e Omeopatia,,33.53,32.26,32.98,34.29,33.38,33.59,32.44,34.24,33.77
010000405,BOIRON BRYONIA 4 CH GOCCE ORALI 30ML,Fitoterapia e Omeopatia,,35.04,34.18,32.87,33.21,34.01,34.56,34.24,33.26,33.33
010000408,BOIRON BRYONIA 4 CH FIALE ORALI 20 PEZZI,Fitoterapia e Omeopatia,,22.81,23.28,22.78,24.67,24.54,22.52,24.57,24.81,22.80
010000411,BOIRON BRYONIA 4 CH UNGUENTO 50G,Fitoterapia e Omeopatia,,16.63,16.91,17.66,16.78,17.41,16.53,17.43,18.13,17.10
010000414,BOIRON BRYONIA 4 CH SCIROPPO 150ML,Fitoterapia e Omeopatia,,36.35,34.64,36.79,35.80,36.33,34.60,35.78,35.53,36.18
010000417,BOIRON BRYONIA 5 CH GRANULI 4G,Fitoterapia e Omeopatia,,15.32,16.67,15.53,15.77,16.18,16.49,15.74,15.12,16.82
010000420,BOIRON BRYONIA 5 CH GLOBULI DOSA UNICA,Fitoterapia e Omeopatia,,38.22,38.82,39.85,39.61,37.72,37.85,39.16,39.33,39.14
010000423,BOIRON BRYONIA 5 CH GOCCE ORALI 30ML,Fitoterapia e Omeopatia,,20.85,20.60,18.87,18.96,19.23,21.05,19.96,20.05,19.05
010000426,BOIRON BRYONIA 5 CH FIALE ORALI 20 PEZZI,Fitoterapia e Omeopatia,,8.90,8.94,9.24,10.05,9.26,9.84,9.38,9.61,9.85
010000429,BOIRON BRYONIA 5 CH UNGUENTO 50G,Fitoterapia e Omeopatia,,26.91,26.47,26.36,26.96,27.27,26.23,27.77,28.08,27.63
010000432,BOIRON BRYONIA 5 CH SCIROPPO 150ML,Fitoterapia e Omeopatia,,39.07,39.02,38.86,39.24,39.34,37.30,38.85,38.48,37.64
010000435,BOIRON BRYONIA 7 CH GRANULI 4G,Fitoterapia e Omeopatia,,8.08,7.65,6.71,7.46,7.61,7.85,6.82,7.67,7.67
010000438,BOIRON BRYONIA 7 CH GLOBULI DOSA UNICA,Fitoterapia e Omeopatia,,42.96,42.64,42.10,41.39,41.88,42.67,41.11,42.76,41.85
010000441,BOIRON BRYONIA 7 CH GOCCE ORALI 30ML,Fitoterapia e Omeopatia,,5.88,6.69,6.50,6.22,6.32,4.52,6.46,5.27,5.12
010000444,BOIRON BRYONIA 7 CH FIALE ORALI 20 PEZZI,Fitoterapia e Omeopatia,,38.24,37.04,38.55,38.12,38.88,39.15,38.92,37.63,37.29
010000447,BOIRON BRYONIA 7 CH UNGUENTO 50G,Fitoterapia e Omeopatia,,24.00,25.78,25.99,24.05,25.78,23.86,24.90,25.55,25.88
010000450,BOIRON BRYONIA 7 CH SCIROPPO 150ML,Fitoterapia e Omeopatia,,26.91,27.82,27.16,27.99,27.76,28.52,27.38,26.53,27.39
010000453,BOIRON BRYONIA 9 CH GRANULI 4G,Fitoterapia e Omeopatia,,10.24,9.31,8.63,9.71,8.47,9.06,8.13,9.53,8.10
010000456,BOIRON BRYONIA 9 CH GLOBULI DOSA UNICA,Fitoterapia e Omeopatia,,21.85,21.40,21.47,21.57,20.49,22.05,22.22,20.34,20.16
010000459,BOIRON BRYONIA 9 CH GOCCE ORALI 30ML,Fitoterapia e Omeopatia,,25.74,25.05,24.82,25.90,24.37,25.91,26.03,26.11,24.72
010000462,BOIRON BRYONIA 9 CH FIALE ORALI 20 PEZZI,Fitoterapia e Omeopatia,,35.65,33.89,34.38,33.87,34.72,35.34,34.26,34.01,34.80
010000465,BOIRON BRYONIA 9 CH UNGUENTO 50G,Fitoterapia e Omeopatia,,45.40,43.95,43.65,44.86,43.26,43.32,44.65,43.16,44.92
010000468,BOIRON BRYONIA 9 CH SCIROPPO 150ML,Fitoterapia e Omeopatia,,13.11,11.86,11.82,11.63,11.81,12.75,11.87,12.12,11.96
010000471,BOIRON BRYONIA 12 CH GRANULI 4G,Fitoterapia e Omeopatia,,31.27,29.93,31.17,31.45,29.62,30.68,31.80,30.46,29.77
010000474,BOIRON BRYONIA 12 CH GLOBULI DOSA UNICA,Fitoterapia e Omeopatia,,17.60,18.98,18.57,19.43,17.69,19.13,19.92,18.09,18.69
010000477,BOIRON BRYONIA 12 CH GOCCE ORALI 30ML,Fitoterapia e Omeopatia,,3.63,4.72,4.22,4.24,5.12,3.72,5.35,4.40,5.23
010000480,BOIRON BRYONIA 12 CH FIALE ORALI 20 PEZZI,Fitoterapia e Omeopatia,,19.80,19.42,18.41,20.34,19.97,18.99,19.72,19.29,19.04
010000483,BOIRON BRYONIA 12 CH UNGUENTO 50G,Fitoterapia e Omeopatia,,10.96,11.19,11.80,10.82,9.49,10.01,10.47,10.84,10.33
010000486,BOIRON BRYONIA 12 CH SCIROPPO 150ML,Fitoterapia e Omeopatia,,18.20,18.63,19.12,18.45,18.34,18.23,18.29,17.43,17.67
010000489,BOIRON BRYONIA 15 CH GRANULI 4G,Fitoterapia e Omeopatia,,34.07,35.80,34.16,34.30,34.63,34.73,33.92,34.42,36.00
010000492,BOIRON BRYONIA 15 CH GLOBULI DOSA UNICA,Fitoterapia e Omeopatia,,31.38,29.65,29.66,30.96,29.61,29.46,29.50,30.36,29.49
010000495,BOIRON BRYONIA 15 CH GOCCE ORALI 30ML,Fitoterapia e Omeopatia,,6.76,5.40,6.45,7.24,6.52,6.57,7.37,7.11,7.23
010000498,BOIRON BRYONIA 15 CH FIALE ORALI 20 PEZZI,Fitoterapia e Omeopatia,,4.20,5.93,3.71,5.92,3.67,4.52,5.63,4.90,5.40
010000501,BOIRON BRYONIA 15 CH UNGUENTO 50G,Fitoterapia e Omeopatia,,14.47,14.19,14.84,13.37,13.92,13.01,14.08,13.87,14.91
010000504,BOIRON BRYONIA 15 CH SCIROPPO 150ML,Fitoterapia e Omeopatia,,42.09,41.33,41.24,41.25,41.75,42.97,40.65,40.97,42.13
010000507,BOIRON BRYONIA 30 CH GRANULI 4G,Fitoterapia e Omeopatia,,6.56,6.11,7.07,6.22,7.36,8.32,6.20,6.86,6.63
010000510,BOIRON BRYONIA 30 CH GLOBULI DOSA UNICA,Fitoterapia e Omeopatia,,14.74,15.75,14.47,16.31,15.75,16.37,16.64,16.51,15.15
010000513,BOIRON BRYONIA 30 CH GOCCE ORALI 30ML,Fitoterapia e Omeopatia,,30.38,31.93,31.12,29.74,31.24,31.96,32.01,31.32,30.86
010000516,BOIRON BRYONIA 30 CH FIALE ORALI 20 PEZZI,Fitoterapia e Omeopatia,,7.36,6.09,7.25,8.09,8.49,7.40,7.66,8.46,7.01
010000519,BOIRON BRYONIA 30 CH UNGUENTO 50G,Fitoterapia e Omeopatia,,41.17,39.93,40.43,40.52,39.81,39.17,40.00,39.89,41.03
010000522,BOIRON BRYONIA 30 CH SCIROPPO 150ML,Fitoterapia e Omeopatia,,5.28,5.01,4.68,4.83,5.25,6.56,6.04,4.96,6.07
010000525,BOIRON BRYONIA 200 CH GRANULI 4G,Fitoterapia e Omeopatia,,25.36,25.20,24.52,24.86,25.52,23.59,24.14,24.59,23.68
010000528,BOIRON BRYONIA 200 CH GLOBULI DOSA UNICA,Fitoterapia e Omeopatia,,40.93,39.72,40.56,41.85,40.57,40.47,40.07,40.41,41.36
010000531,BOIRON BRYONIA 200 CH GOCCE ORALI 30ML,Fitoterapia e Omeopatia,,36.23,34.45,36.18,36.40,34.85,34.53,34.64,34.77,35.69
010000534,BOIRON BRYONIA 200 CH FIALE ORALI 20 PEZZI,Fitoterapia e Omeopatia,,29.83,29.01,29.46,29.16,28.98,28.76,28.38,28.61,29.55
010000537,BOIRON BRYONIA 200 CH UNGUENTO 50G,Fitoterapia e Omeopatia,,38.42,38.71,38.38,40.14,39.10,40.11,38.57,39.71,39.04
010000540,BOIRON BRYONIA 200 CH SCIROPPO 150ML,Fitoterapia e Omeopatia,,40.24,40.52,40.39,39.58,40.82,39.72,40.26,40.54,41.31
010000543,BOIRON BRYONIA 1MK GRANULI 4G,Fitoterapia e Omeopatia,,29.67,28.63,28.57,30.32,30.05,28.52,30.14,30.15,28.58
010000546,BOIRON BRYONIA 1MK GLOBULI DOSA UNICA,Fitoterapia e Omeopatia,,33.48,31.46,33.10,33.05,33.49,33.79,32.07,31.69,32.19
010000549,BOIRON BRYONIA 1MK GOCCE ORALI 30ML,Fitoterapia e Omeopatia,,26.64,27.77,27.24,27.56,27.18,26.86,27.50,26.42,27.22
010000552,BOIRON BRYONIA 1MK FIALE ORALI 20 PEZZI,Fitoterapia e Omeopatia,,25.63,27.45,26.28,25.29,25.56,27.42,25.47,26.13,26.74
010000555,BOIRON BRYONIA 1MK UNGUENTO 50G,Fitoterapia e Omeopatia,,43.65,45.42,44.46,44.14,44.49,44.80,43.56,45.12,44.34
010000558,BOIRON BRYONIA 1MK SCIROPPO 150ML,Fitoterapia e Omeopatia,,7.02,6.93,6.32,6.96,6.64,6.24,7.12,7.08,6.92
010000561,BOIRON BRYONIA 6DH GRANULI 4G,Fitoterapia e Omeopatia,,36.58,37.03,37.64,38.23,36.83,37.69,37.48,37.92,36.77
010000564,BOIRON BRYONIA 6DH GLOBULI DOSA UNICA,Fitoterapia e Omeopatia,,13.60,13.99,13.44,12.78,13.76,14.26,14.58,14.63,14.83
010000567,BOIRON BRYONIA 6DH GOCCE ORALI 30ML,Fitoterapia e Omeopatia,,30.92,31.18,32.92,31.68,32.86,31.15,32.58,32.91,31.44
010000570,BOIRON BRYONIA 6DH FIALE ORALI 20 PEZZI,Fitoterapia e Omeopatia,,17.37,17.74,18.22,18.38,17.43,18.68,18.50,18.01,16.58
010000573,BOIRON BRYONIA 6DH UNGUENTO 50G,Fitoterapia e Omeopatia,,42.36,41.38,42.05,41.21,40.11,41.78,41.04,40.09,41.56
010000576,BOIRON BRYONIA 6DH SCIROPPO 150ML,Fitoterapia e Omeopatia,,7.31,7.40,8.66,8.85,9.15,7.72,7.34,8.30,9.42
010000579,BOIRON BRYONIA 12DH GRANULI 4G,Fitoterapia e Omeopatia,,25.64,25.51,25.43,25.29,26.46,26.28,26.08,26.13,25.92
010000582,BOIRON BRYONIA 12DH GLOBULI DOSA UNICA,Fitoterapia e Omeopatia,,19.04,18.25,18.62,17.69,18.89,17.66,18.69,18.22,17.25
010000585,BOIRON BRYONIA 12DH GOCCE ORALI 30ML,Fitoterapia e Omeopatia,,20.09,20.76,19.81,19.69,19.10,18.89,19.92,20.94,20.95
010000588,BOIRON BRYONIA 12DH FIALE ORALI 20 PEZZI,Fitoterapia e Omeopatia,,23.19,23.53,23.16,23.28,23.33,22.85,22.83,21.71,23.00
010000591,BOIRON BRYONIA 12DH UNGUENTO 50G,Fitoterapia e Omeopatia,,36.07,34.98,35.31,35.03,37.08,36.18,36.53,35.14,35.18
010000594,BOIRON BRYONIA 12DH SCIROPPO 150ML,Fitoterapia e Omeopatia,,39.06,39.06,39.08,39.89,40.57,39.69,39.59,39.37,41.06
010000597,BOIRON IGNATIA AMARA 4 CH GRANULI 4G,Fitoterapia e Omeopatia,,31.63,30.72,30.99,31.80,30.74,30.85,30.66,30.83,31.65
010000600,BOIRON IGNATIA AMARA 4 CH GLOBULI DOSA UNICA,Fitoterapia e Omeopatia,,27.24,26.02,27.24,26.47,28.24,26.94,27.75,26.84,27.25
010000603,BOIRON IGNATIA AMARA 4 CH GOCCE ORALI 30ML,Fitoterapia e Omeopatia,,13.38,13.17,13.45,13.31,12.32,12.15,11.40,12.63,11.84
010000606,BOIRON IGNATIA AMARA 4 CH FIALE ORALI 20 PEZZI,Fitoterapia e Omeopatia,,29.37,28.12,29.18,28.80,29.77,28.54,30.28,29.27,30.28
010000609,BOIRON IGNATIA AMARA 4 CH UNGUENTO 50G,Fitoterapia e Omeopatia,,6.68,5.87,7.34,5.23,6.91,5.71,7.31,6.64,6.30
010000612,BOIRON IGNATIA AMARA 4 CH SCIROPPO 150ML,Fitoterapia e Omeopatia,,38.45,36.62,36.96,36.81,38.37,36.58,37.87,36.86,37.77
010000615,BOIRON IGNATIA AMARA 5 CH GRANULI 4G,Fitoterapia e Omeopatia,,16.47,17.02,15.67,15.44,16.95,16.47,17.12,16.71,15.78
010000618,BOIRON IGNATIA AMARA 5 CH GLOBULI DOSA UNICA,Fitoterapia e Omeopatia,,25.57,25.89,26.37,26.07,24.79,27.08,26.57,24.76,25.40
010000621,BOIRON IGNATIA AMARA 5 CH GOCCE ORALI 30ML,Fitoterapia e Omeopatia,,35.44,36.58,36.58,34.72,36.41,35.58,35.63,36.57,35.39
010000624,BOIRON IGNATIA AMARA 5 CH FIALE ORALI 20 PEZZI,Fitoterapia e Omeopatia,,20.85,20.90,20.44,20.71,20.33,20.55,19.76,21.53,21.28
010000627,BOIRON IGNATIA AMARA 5 CH UNGUENTO 50G,Fitoterapia e Omeopatia,,5.48,4.25,5.49,6.02,4.11,6.25,6.08,4.66,4.38
010000630,BOIRON IGNATIA AMARA 5 CH SCIROPPO 150ML,Fitoterapia e Omeopatia,,29.60,30.43,31.42,31.08,31.26,31.39,30.31,30.70,30.35
010000633,BOIRON IGNATIA AMARA 7 CH GRANULI 4G,Fitoterapia e Omeopatia,,13.49,13.75,15.09,13.12,15.06,12.96,13.26,14.56,14.90
010000636,BOIRON IGNATIA AMARA 7 CH GLOBULI DOSA UNICA,Fitoterapia e Omeopatia,,7.83,7.74,6.20,6.10,6.63,8.00,7.99,6.06,6.94
010000639,BOIRON IGNATIA AMARA 7 CH GOCCE ORALI 30ML,Fitoterapia e Omeopatia,,41.18,41.46,42.50,43.31,43.20,41.94,42.21,42.04,41.56
010000642,BOIRON IGNATIA AMARA 7 CH FIALE ORALI 20 PEZZI,Fitoterapia e Omeopatia,,9.66,9.34,10.09,8.58,9.29,9.29,8.57,8.07,9.59
010000645,BOIRON IGNATIA AMARA 7 CH UNGUENTO 50G,Fitoterapia e Omeopatia,,38.56,37.50,38.45,38.96,37.45,38.65,37.94,37.37,38.15
010000648,BOIRON IGNATIA AMARA 7 CH SCIROPPO 150ML,Fitoterapia e Omeopatia,,22.52,22.43,23.83,21.80,22.04,23.50,23.72,22.14,21.91
010000651,BOIRON IGNATIA AMARA 9 CH GRANULI 4G,Fitoterapia e Omeopatia,,39.64,38.97,39.85,38.94,40.82,39.91,40.55,38.81,40.17
010000654,BOIRON IGNATIA AMARA 9 CH GLOBULI DOSA UNICA,Fitoterapia e Omeopatia,,34.87,35.06,35.17,36.56,36.26,35.91,34.98,35.71,35.92
010000657,BOIRON IGNATIA AMARA 9 CH GOCCE ORALI 30ML,Fitoterapia e Omeopatia,,11.16,10.20,10.92,9.58,10.61,9.19,10.75,10.92,10.67
010000660,BOIRON IGNATIA AMARA 9 CH FIALE ORALI 20 PEZZI,Fitoterapia e Omeopatia,,34.47,33.29,34.67,32.51,34.01,34.32,34.58,33.71,34.87
010000663,BOIRON IGNATIA AMARA 9 CH UNGUENTO 50G,Fitoterapia e Omeopatia,,45.32,44.96,45.48,43.26,43.29,43.28,44.69,43.39,43.40
010000666,BOIRON IGNATIA AMARA 9 CH SCIROPPO 150ML,Fitoterapia e Omeopatia,,32.37,32.15,32.11,32.27,32.12,31.64,33.81,33.61,33.78
010000669,BOIRON IGNATIA AMARA 12 CH GRANULI 4G,Fitoterapia e Omeopatia,,13.26,12.54,13.00,12.02,11.60,12.62,11.33,11.25,13.49
010000672,BOIRON IGNATIA AMARA 12 CH GLOBULI DOSA UNICA,Fitoterapia e Omeopatia,,42.31,40.09,40.78,40.79,41.22,41.54,40.17,40.22,40.50
010000675,BOIRON IGNATIA AMARA 12 CH GOCCE ORALI 30ML,Fitoterapia e Omeopatia,,21.45,21.22,20.80,20.77,20.06,20.69,19.83,20.55,20.65
010000678,BOIRON IGNATIA AMARA 12 CH FIALE ORALI 20 PEZZI,Fitoterapia e Omeopatia,,8.22,7.58,7.92,7.88,7.47,7.40,8.48,8.64,7.40
010000681,BOIRON IGNATIA AMARA 12 CH UNGUENTO 50G,Fitoterapia e Omeopatia,,19.99,20.64,21.03,20.05,21.53,21.00,20.07,20.31,20.08
010000684,BOIRON IGNATIA AMARA 12 CH SCIROPPO 150ML,Fitoterapia e Omeopatia,,32.39,32.27,34.09,32.55,33.80,32.91,34.03,33.02,33.47
010000687,BOIRON IGNATIA AMARA 15 CH GRANULI 4G,Fitoterapia e Omeopatia,,39.62,40.81,40.51,40.70,39.31,40.80,40.47,39.60,41.35
010000690,BOIRON IGNATIA AMARA 15 CH GLOBULI DOSA UNICA,Fitoterapia e Omeopatia,,29.99,31.47,31.60,31.07,30.19,30.98,32.17,30.34,31.78
010000693,BOIRON IGNATIA AMARA 15 CH GOCCE ORALI 30ML,Fitoterapia e Omeopatia,,7.09,6.51,6.80,6.96,7.77,6.75,7.52,7.73,6.45
010000696,BOIRON IGNATIA AMARA 15 CH FIALE ORALI 20 PEZZI,Fitoterapia e Omeopatia,,15.95,16.49,15.36,15.24,14.73,15.35,16.67,15.06,15.71
010000699,BOIRON IGNATIA AMARA 15 CH UNGUENTO 50G,Fitoterapia e Omeopatia,,10.74,11.18,9.51,10.51,9.59,9.64,9.55,10.15,10.67
010000702,BOIRON IGNATIA AMARA 15 CH SCIROPPO 150ML,Fitoterapia e Omeopatia,,35.18,34.72,35.96,35.44,35.33,34.59,35.57,35.66,35.00
010000705,BOIRON IGNATIA AMARA 30 CH GRANULI 4G,Fitoterapia e Omeopatia,,21.94,21.29,20.79,20.99,20.16,21.43,20.51,21.52,20.61
010000708,BOIRON IGNATIA AMARA 30 CH GLOBULI DOSA UNICA,Fitoterapia e Omeopatia,,6.54,5.69,5.78,5.24,5.90,6.57,5.55,6.91,6.99
010000711,BOIRON IGNATIA AMARA 30 CH GOCCE ORALI 30ML,Fitoterapia e Omeopatia,,36.22,37.46,36.09,36.29,36.06,36.53,36.20,36.15,35.96
010000714,BOIRON IGNATIA AMARA 30 CH FIALE ORALI 20 PEZZI,Fitoterapia e Omeopatia,,38.07,39.26,37.98,38.94,38.94,39.18,38.26,39.43,38.15
010000717,BOIRON IGNATIA AMARA 30 CH UNGUENTO 50G,Fitoterapia e Omeopatia,,43.44,43.91,42.78,43.69,41.74,43.70,42.49,42.43,42.32
010000720,BOIRON IGNATIA AMARA 30 CH SCIROPPO 150ML,Fitoterapia e Omeopatia,,29.52,30.79,28.98,30.52,29.78,30.24,30.06,31.07,30.40
010000723,BOIRON IGNATIA AMARA 200 CH GRANULI 4G,Fitoterapia e Omeopatia,,5.26,6.46,6.37,5.40,5.15,6.75,6.12,5.70,5.82
010000726,BOIRON IGNATIA AMARA 200 CH GLOBULI DOSA UNICA,Fitoterapia e Omeopatia,,15.36,14.73,15.60,14.05,15.05,15.88,14.84,14.78,16.04
010000729,BOIRON IGNATIA AMARA 200 CH GOCCE ORALI 30ML,Fitoterapia e Omeopatia,,5.24,4.86,5.39,6.36,6.01,5.83,5.91,5.56,5.04
010000732,BOIRON IGNATIA AMARA 200 CH FIALE ORALI 20 PEZZI,Fitoterapia e Omeopatia,,29.28,29.09,29.08,28.37,28.86,29.95,30.52,30.28,30.05
010000735,BOIRON IGNATIA AMARA 200 CH UNGUENTO 50G,Fitoterapia e Omeopatia,,32.60,32.27,34.26,32.77,33.77,33.08,32.52,33.65,32.30
010000738,BOIRON IGNATIA AMARA 200 CH SCIROPPO 150ML,Fitoterapia e Omeopatia,,17.41,18.46,17.75,17.77,17.99,18.44,18.90,18.32,18.38
010000741,BOIRON IGNATIA AMARA 1MK GRANULI 4G,Fitoterapia e Omeopatia,,25.74,25.93,26.32,26.40,25.71,25.47,26.25,26.58,26.57
010000744,BOIRON IGNATIA AMARA 1MK GLOBULI DOSA UNICA,Fitoterapia e Omeopatia,,34.41,34.08,32.57,34.35,34.10,34.12,32.35,34.35,32.91
010000747,BOIRON IGNATIA AMARA 1MK GOCCE ORALI 30ML,Fitoterapia e Omeopatia,,36.87,37.37,37.24,36.25,36.31,35.16,35.04,36.45,35.41
010000750,BOIRON IGNATIA AMARA 1MK FIALE ORALI 20 PEZZI,Fitoterapia e Omeopatia,,32.57,33.87,32.54,32.82,34.02,33.02,33.26,33.89,33.34
010000753,BOIRON IGNATIA AMARA 1MK UNGUENTO 50G,Fitoterapia e Omeopatia,,33.17,32.93,32.17,33.46,33.20,33.05,32.35,32.69,31.50
010000756,BOIRON IGNATIA AMARA 1MK SCIROPPO 150ML,Fitoterapia e Omeopatia,,29.30,30.30,29.86,30.01,30.03,29.87,30.10,29.48,31.11
010000759,BOIRON IGNATIA AMARA 6DH GRANULI 4G,Fitoterapia e Omeopatia,,35.91,35.92,36.34,34.88,34.36,35.13,35.46,36.53,36.52
010000762,BOIRON IGNATIA AMARA 6DH GLOBULI DOSA UNICA,Fitoterapia e Omeopatia,,41.49,41.45,41.53,42.77,42.98,43.50,42.16,43.26,42.79
010000765,BOIRON IGNATIA AMARA 6DH GOCCE ORALI 30ML,Fitoterapia e Omeopatia,,27.96,28.60,27.37,29.11,28.86,27.55,27.88,29.63,27.37
010000768,BOIRON IGNATIA AMARA 6DH FIALE ORALI 20 PEZZI,Fitoterapia e Omeopatia,,44.08,44.83,45.01,43.70,44.09,44.30,44.63,45.69,43.78
010000771,BOIRON IGNATIA AMARA 6DH UNGUENTO 50G,Fitoterapia e Omeopatia,,32.53,32.97,33.21,33.24,32.54,32.56,32.12,32.22,32.94
010000774,BOIRON IGNATIA AMARA 6DH SCIROPPO 150ML,Fitoterapia e Omeopatia,,29.59,29.82,27.63,28.16,28.92,27.62,28.03,28.27,29.26
010000777,BOIRON IGNATIA AMARA 12DH GRANULI 4G,Fitoterapia e Omeopatia,,14.89,13.91,13.69,15.41,14.71,14.49,13.80,13.72,13.64
010000780,BOIRON IGNATIA AMARA 12DH GLOBULI DOSA UNICA,Fitoterapia e Omeopatia,,28.14,28.09,28.20,28.93,27.51,27.91,27.93,27.73,27.77
010000783,BOIRON IGNATIA AMARA 12DH GOCCE ORALI 30ML,Fitoterapia e Omeopatia,,4.13,5.15,3.82,5.80,3.61,5.73,3.91,4.71,5.30
010000786,BOIRON IGNATIA AMARA 12DH FIALE ORALI 20 PEZZI,Fitoterapia e Omeopatia,,8.41,9.60,8.65,9.49,8.96,9.31,10.00,9.99,10.37
010000789,BOIRON IGNATIA AMARA 12DH UNGUENTO 50G,Fitoterapia e Omeopatia,,12.91,13.05,13.58,14.23,13.59,14.17,12.16,14.17,12.51
010000792,BOIRON IGNATIA AMARA 12DH SCIROPPO 150ML,Fitoterapia e Omeopatia,,42.32,40.96,42.41,41.92,42.39,41.54,40.91,41.02,42.38
010000795,BOIRON NUX VOMICA 4 CH GRANULI 4G,Fitoterapia e Omeopatia,,30.20,28.49,29.94,30.07,29.58,29.02,30.39,28.93,30.04
010000798,BOIRON NUX VOMICA 4 CH GLOBULI DOSA UNICA,Fitoterapia e Omeopatia,,35.89,35.25,35.22,35.89,34.34,36.34,34.45,34.49,35.45
010000801,BOIRON NUX VOMICA 4 CH GOCCE ORALI 30ML,Fitoterapia e Omeopatia,,14.26,15.36,14.47,15.90,14.02,13.83,15.51,14.30,15.25
010000804,BOIRON NUX VOMICA 4 CH FIALE ORALI 20 PEZZI,Fitoterapia e Omeopatia,,37.94,37.65,38.50,38.26,37.65,38.92,38.05,39.35,39.49
010000807,BOIRON NUX VOMICA 4 CH UNGUENTO 50G,Fitoterapia e Omeopatia,,30.62,30.58,30.43,30.36,28.55,28.78,28.82,28.52,29.08
010000810,BOIRON NUX VOMICA 4 CH SCIROPPO 150ML,Fitoterapia e Omeopatia,,9.48,7.84,8.26,8.44,9.70,9.57,9.72,8.88,7.80
010000813,BOIRON NUX VOMICA 5 CH GRANULI 4G,Fitoterapia e Omeopatia,,37.30,38.88,38.39,37.83,39.25,39.26,37.86,38.18,37.73
010000816,BOIRON NUX VOMICA 5 CH GLOBULI DOSA UNICA,Fitoterapia e Omeopatia,,31.43,30.71,32.39,30.96,30.42,31.40,30.66,32.31,32.23
010000819,BOIRON NUX VOMICA 5 CH GOCCE ORALI 30ML,Fitoterapia e Omeopatia,,39.25,41.38,41.44,40.77,40.63,39.19,40.25,39.56,40.96
010000822,BOIRON NUX VOMICA 5 CH FIALE ORALI 20 PEZZI,Fitoterapia e Omeopatia,,33.33,33.51,33.73,33.03,32.37,32.63,33.86,32.73,33.80
010000825,BOIRON NUX VOMICA 5 CH UNGUENTO 50G,Fitoterapia e Omeopatia,,43.23,41.18,42.61,41.85,41.32,43.31,42.50,41.19,42.80
010000828,BOIRON NUX VOMICA 5 CH SCIROPPO 150ML,Fitoterapia e Omeopatia,,29.39,29.30,29.53,29.75,29.25,29.54,28.47,29.39,29.93
010000831,BOIRON NUX VOMICA 7 CH GRANULI 4G,Fitoterapia e Omeopatia,,12.49,11.46,11.74,12.34,11.74,11.22,11.92,10.72,11.52
010000834,BOIRON NUX VOMICA 7 CH GLOBULI DOSA UNICA,Fitoterapia e Omeopatia,,7.11,7.68,5.43,7.16,5.75,6.92,6.68,7.56,6.27
010000837,BOIRON NUX VOMICA 7 CH GOCCE ORALI 30ML,Fitoterapia e Omeopatia,,25.03,23.67,24.98,25.04,23.71,23.50,24.60,24.77,24.24
010000840,BOIRON NUX VOMICA 7 CH FIALE ORALI 20 PEZZI,Fitoterapia e Omeopatia,,21.27,23.05,21.37,21.36,22.80,21.68,23.09,21.26,21.65
010000843,BOIRON NUX VOMICA 7 CH UNGUENTO 50G,Fitoterapia e Omeopatia,,32.17,31.69,31.52,33.00,33.36,32.17,33.24,32.16,32.70
010000846,BOIRON NUX VOMICA 7 CH SCIROPPO 150ML,Fitoterapia e Omeopatia,,33.89,33.20,34.23,33.66,33.38,32.85,33.80,33.57,32.57
010000849,BOIRON NUX VOMICA 9 CH GRANULI 4G,Fitoterapia e Omeopatia,,14.84,14.95,15.14,14.60,13.85,15.64,14.62,15.44,13.70
010000852,BOIRON NUX VOMICA 9 CH GLOBULI DOSA UNICA,Fitoterapia e Omeopatia,,30.35,29.35,31.05,29.91,29.55,29.49,30.63,29.58,30.17
010000855,BOIRON NUX VOMICA 9 CH GOCCE ORALI 30ML,Fitoterapia e Omeopatia,,44.06,45.81,45.08,43.93,43.92,44.94,45.13,45.48,45.25
010000858,BOIRON NUX VOMICA 9 CH FIALE ORALI 20 PEZZI,Fitoterapia e Omeopatia,,35.67,36.86,35.41,37.66,35.54,36.16,37.26,37.54,37.38
010000861,BOIRON NUX VOMICA 9 CH UNGUENTO 50G,Fitoterapia e Omeopatia,,31.49,32.42,32.53,33.02,32.08,32.14,32.95,32.10,32.69
010000864,BOIRON NUX VOMICA 9 CH SCIROPPO 150ML,Fitoterapia e Omeopatia,,19.96,21.08,21.12,21.17,19.43,20.26,19.07,20.16,20.08
010000867,BOIRON NUX VOMICA 12 CH GRANULI 4G,Fitoterapia e Omeopatia,,14.97,14.34,14.69,14.39,16.30,14.94,14.87,14.59,16.51
010000870,BOIRON NUX VOMICA 12 CH GLOBULI DOSA UNICA,Fitoterapia e Omeopatia,,19.40,20.32,19.00,20.30,18.59,18.74,19.55,18.52,18.79
010000873,BOIRON NUX VOMICA 12 CH GOCCE ORALI 30ML,Fitoterapia e Omeopatia,,40.76,42.45,41.27,41.19,42.29,41.50,41.41,41.97,41.39
010000876,BOIRON NUX VOMICA 12 CH FIALE ORALI 20 PEZZI,Fitoterapia e Omeopatia,,40.83,40.93,42.91,42.44,41.90,42.14,42.47,42.87,40.87
010000879,BOIRON NUX VOMICA 12 CH UNGUENTO 50G,Fitoterapia e Omeopatia,,31.98,32.67,30.47,31.27,31.83,32.07,30.92,31.31,31.13
010000882,BOIRON NUX VOMICA 12 CH SCIROPPO 150ML,Fitoterapia e Omeopatia,,29.64,28.97,30.70,31.21,28.91,31.05,29.62,30.03,30.61
010000885,BOIRON NUX VOMICA 15 CH GRANULI 4G,Fitoterapia e Omeopatia,,18.21,17.47,18.56,17.55,19.47,19.05,18.92,18.21,18.45
010000888,BOIRON NUX VOMICA 15 CH GLOBULI DOSA UNICA,Fitoterapia e Omeopatia,,30.48,29.50,29.43,30.40,29.47,28.83,29.76,30.64,28.70
010000891,BOIRON NUX VOMICA 15 CH GOCCE ORALI 30ML,Fitoterapia e Omeopatia,,13.26,13.74,13.23,13.66,12.37,13.92,13.09,12.65,13.48
010000894,BOIRON NUX VOMICA 15 CH FIALE ORALI 20 PEZZI,Fitoterapia e Omeopatia,,35.29,36.77,37.21,37.64,36.19,35.97,35.85,37.31,35.83
010000897,BOIRON NUX VOMICA 15 CH UNGUENTO 50G,Fitoterapia e Omeopatia,,33.33,33.98,33.73,34.48,34.12,34.94,34.14,34.55,34.65
010000900,BOIRON NUX VOMICA 15 CH SCIROPPO 150ML,Fitoterapia e Omeopatia,,31.16,32.15,31.94,32.01,33.36,31.24,32.59,31.79,32.26
010000903,BOIRON NUX VOMICA 30 CH GRANULI 4G,Fitoterapia e Omeopatia,,41.54,41.79,41.74,41.92,40.02,41.44,40.83,41.81,40.43
010000906,BOIRON NUX VOMICA 30 CH GLOBULI DOSA UNICA,Fitoterapia e Omeopatia,,29.59,28.84,27.95,29.48,28.86,27.58,29.45,28.47,29.57
010000909,BOIRON NUX VOMICA 30 CH GOCCE ORALI 30ML,Fitoterapia e Omeopatia,,36.51,37.75,37.74,36.92,35.66,37.60,35.58,35.96,36.96
010000912,BOIRON NUX VOMICA 30 CH FIALE ORALI 20 PEZZI,Fitoterapia e Omeopatia,,43.12,43.03,43.05,44.12,44.61,43.38,43.93,43.17,43.31
010000915,BOIRON NUX VOMICA 30 CH UNGUENTO 50G,Fitoterapia e Omeopatia,,34.48,34.06,34.19,33.97,33.99,34.23,34.43,34.01,33.65
010000918,BOIRON NUX VOMICA 30 CH SCIROPPO 150ML,Fitoterapia e Omeopatia,,24.70,23.87,24.61,23.92,23.43,23.55,22.50,24.55,24.81
010000921,BOIRON NUX VOMICA 200 CH GRANULI 4G,Fitoterapia e Omeopatia,,14.07,15.05,13.96,15.09,13.94,13.93,15.58,13.54,14.51
010000924,BOIRON NUX VOMICA 200 CH GLOBULI DOSA UNICA,Fitoterapia e Omeopatia,,25.43,25.10,25.06,24.89,25.72,25.83,26.14,24.31,25.85
010000927,BOIRON NUX VOMICA 200 CH GOCCE ORALI 30ML,Fitoterapia e Omeopatia,,40.50,41.67,40.32,41.38,40.74,41.49,40.33,41.20,42.12
010000930,BOIRON NUX VOMICA 200 CH FIALE ORALI 20 PEZZI,Fitoterapia e Omeopatia,,27.72,26.11,27.59,27.80,28.13,27.43,27.24,28.16,26.72
010000933,BOIRON NUX VOMICA 200 CH UNGUENTO 50G,Fitoterapia e Omeopatia,,31.66,31.41,32.34,32.22,32.54,31.44,33.18,31.51,33.39
010000936,BOIRON NUX VOMICA 200 CH SCIROPPO 150ML,Fitoterapia e Omeopatia,,43.37,41.28,42.14,42.02,41.85,41.88,42.45,42.15,42.35
010000939,BOIRON NUX VOMICA 1MK GRANULI 4G,Fitoterapia e Omeopatia,,26.37,27.73,28.03,27.14,26.78,28.54,27.96,26.27,28.33
010000942,BOIRON NUX VOMICA 1MK GLOBULI DOSA UNICA,Fitoterapia e Omeopatia,,20.18,21.87,21.85,21.71,20.55,20.50,20.45,21.31,21.67
010000945,BOIRON NUX VOMICA 1MK GOCCE ORALI 30ML,Fitoterapia e Omeopatia,,24.61,25.20,26.56,25.60,26.49,25.04,26.27,26.06,26.04
010000948,BOIRON NUX VOMICA 1MK FIALE ORALI 20 PEZZI,Fitoterapia e Omeopatia,,24.06,23.32,23.15,23.62,22.96,23.34,22.17,23.36,24.03
010000951,BOIRON NUX VOMICA 1MK UNGUENTO 50G,Fitoterapia e Omeopatia,,29.93,31.61,31.63,30.99,31.48,29.76,31.28,31.60,29.61
010000954,BOIRON NUX VOMICA 1MK SCIROPPO 150ML,Fitoterapia e Omeopatia,,30.39,31.12,30.21,30.82,30.97,29.37,30.80,30.61,30.49
010000957,BOIRON NUX VOMICA 6DH GRANULI 4G,Fitoterapia e Omeopatia,,16.31,17.17,17.02,16.34,18.27,16.11,17.92,16.88,17.90
010000960,BOIRON NUX VOMICA 6DH GLOBULI DOSA UNICA,Fitoterapia e Omeopatia,,10.45,9.34,9.46,10.99,11.09,9.72,9.17,9.18,9.46
010000963,BOIRON NUX VOMICA 6DH GOCCE ORALI 30ML,Fitoterapia e Omeopatia,,42.81,42.50,43.18,40.84,42.53,42.55,42.24,42.38,41.93
010000966,BOIRON NUX VOMICA 6DH FIALE ORALI 20 PEZZI,Fitoterapia e Omeopatia,,25.25,26.55,25.63,27.07,25.58,26.97,27.02,26.61,27.01
010000969,BOIRON NUX VOMICA 6DH UNGUENTO 50G,Fitoterapia e Omeopatia,,41.34,41.71,40.55,41.26,40.66,41.74,40.99,41.90,42.29
010000972,BOIRON NUX VOMICA 6DH SCIROPPO 150ML,Fitoterapia e Omeopatia,,17.63,19.01,18.35,18.67,18.30,19.40,17.53,18.73,18.18
010000975,BOIRON NUX VOMICA 12DH GRANULI 4G,Fitoterapia e Omeopatia,,32.74,33.37,31.99,32.01,31.54,32.17,31.20,32.15,31.79
010000978,BOIRON NUX VOMICA 12DH GLOBULI DOSA UNICA,Fitoterapia e Omeopatia,,18.77,18.14,17.87,17.75,18.21,18.43,17.84,17.81,17.19
010000981,BOIRON NUX VOMICA 12DH GOCCE ORALI 30ML,Fitoterapia e Omeopatia,,29.64,30.87,29.58,30.25,31.19,29.72,31.43,29.82,31.45
010000984,BOIRON NUX VOMICA 12DH FIALE ORALI 20 PEZZI,Fitoterapia e Omeopatia,,9.35,9.95,9.80,9.82,10.64,9.38,10.90,10.52,10.41
010000987,BOIRON NUX VOMICA 12DH UNGUENTO 50G,Fitoterapia e Omeopatia,,7.75,5.96,6.38,7.28,5.69,7.01,7.28,6.17,6.81
010000990,BOIRON NUX VOMICA 12DH SCIROPPO 150ML,Fitoterapia e Omeopatia,,23.38,24.25,24.56,23.33,23.90,23.68,23.58,25.14,24.69
010000993,BOIRON PULSATILLA 4 CH GRANULI 4G,Fitoterapia e Omeopatia,,18.20,17.25,19.28,18.90,17.21,18.97,17.97,19.20,18.96
010000996,BOIRON PULSATILLA 4 CH GLOBULI DOSA UNICA,Fitoterapia e Omeopatia,,40.73,40.13,40.96,41.59,40.46,42.30,41.94,42.38,40.67
010000999,BOIRON PULSATILLA 4 CH GOCCE ORALI 30ML,Fitoterapia e Omeopatia,,13.84,13.58,12.75,13.52,12.76,13.18,12.12,12.43,12.89
010001002,BOIRON PULSATILLA 4 CH FIALE ORALI 20 PEZZI,Fitoterapia e Omeopatia,,43.74,45.01,45.32,45.36,45.03,44.41,43.77,44.94,43.64
010001005,BOIRON PULSATILLA 4 CH UNGUENTO 50G,Fitoterapia e Omeopatia,,16.92,15.82,16.21,16.21,17.72,17.56,16.89,17.93,16.39
010001008,BOIRON PULSATILLA 4 CH SCIROPPO 150ML,Fitoterapia e Omeopatia,,8.22,9.89,8.27,9.32,9.22,8.61,8.68,9.26,9.49
010001011,BOIRON PULSATILLA 5 CH GRANULI 4G,Fitoterapia e Omeopatia,,6.67,5.10,5.30,6.41,6.09,4.87,6.69,7.13,5.65
010001014,BOIRON PULSATILLA 5 CH GLOBULI DOSA UNICA,Fitoterapia e Omeopatia,,28.51,28.76,29.15,27.54,28.54,27.39,28.64,28.56,28.72
010001017,BOIRON PULSATILLA 5 CH GOCCE ORALI 30ML,Fitoterapia e Omeopatia,,28.23,27.40,27.37,27.41,28.79,28.39,28.19,27.49,27.53
010001020,BOIRON PULSATILLA 5 CH FIALE ORALI 20 PEZZI,Fitoterapia e Omeopatia,,23.66,25.41,25.90,25.19,25.65,23.60,24.12,25.60,24.27
010001023,BOIRON PULSATILLA 5 CH UNGUENTO 50G,Fitoterapia e Omeopatia,,21.64,21.05,21.70,20.51,20.71,21.13,20.43,21.29,21.63
010001026,BOIRON PULSATILLA 5 CH SCIROPPO 150ML,Fitoterapia e Omeopatia,,12.36,10.61,11.33,11.41,11.77,10.45,11.90,11.08,10.13
010001029,BOIRON PULSATILLA 7 CH GRANULI 4G,Fitoterapia e Omeopatia,,6.41,8.25,8.33,6.55,7.56,7.03,7.69,6.68,7.00
010001032,BOIRON PULSATILLA 7 CH GLOBULI DOSA UNICA,Fitoterapia e Omeopatia,,29.04,30.16,28.81,30.14,30.53,29.73,30.66,28.96,30.53
010001035,BOIRON PULSATILLA 7 CH GOCCE ORALI 30ML,Fitoterapia e Omeopatia,,13.10,12.55,12.23,12.90,13.16,13.87,13.46,13.83,12.22
010001038,BOIRON PULSATILLA 7 CH FIALE ORALI 20 PEZZI,Fitoterapia e Omeopatia,,19.00,20.78,20.21,20.23,20.21,20.47,19.42,19.88,20.88
010001041,BOIRON PULSATILLA 7 CH UNGUENTO 50G,Fitoterapia e Omeopatia,,8.68,8.55,7.82,8.43,7.81,8.28,8.72,7.28,6.98
010001044,BOIRON PULSATILLA 7 CH SCIROPPO 150ML,Fitoterapia e Omeopatia,,20.36,21.49,21.10,19.31,20.74,21.18,21.23,19.43,21.15
010001047,BOIRON PULSATILLA 9 CH GRANULI 4G,Fitoterapia e Omeopatia,,38.41,37.42,36.95,38.05,38.49,36.72,36.96,37.60,37.23
010001050,BOIRON PULSATILLA 9 CH GLOBULI DOSA UNICA,Fitoterapia e Omeopatia,,43.42,42.06,41.47,43.54,42.59,43.74,42.78,42.37,42.56
010001053,BOIRON PULSATILLA 9 CH GOCCE ORALI 30ML,Fitoterapia e Omeopatia,,22.58,21.73,22.50,22.11,23.06,22.01,22.45,22.89,21.74
010001056,BOIRON PULSATILLA 9 CH FIALE ORALI 20 PEZZI,Fitoterapia e Omeopatia,,32.68,33.57,33.24,33.32,32.65,32.14,32.67,33.45,33.62
010001059,BOIRON PULSATILLA 9 CH UNGUENTO 50G,Fitoterapia e Omeopatia,,31.81,32.52,32.09,31.28,33.02,31.20,31.90,31.87,32.84
010001062,BOIRON PULSATILLA 9 CH SCIROPPO 150ML,Fitoterapia e Omeopatia,,20.16,21.18,20.07,20.35,22.07,20.49,21.43,21.99,20.48
010001065,BOIRON PULSATILLA 12 CH GRANULI 4G,Fitoterapia e Omeopatia,,31.85,30.66,31.36,32.32,32.02,31.77,30.89,32.46,30.73
010001068,BOIRON PULSATILLA 12 CH GLOBULI DOSA UNICA,Fitoterapia e Omeopatia,,33.49,34.10,32.88,33.61,33.86,34.33,35.14,34.63,35.09
010001071,BOIRON PULSATILLA 12 CH GOCCE ORALI 30ML,Fitoterapia e Omeopatia,,11.78,10.51,11.70,9.85,11.87,10.34,11.67,10.35,9.84
010001074,BOIRON PULSATILLA 12 CH FIALE ORALI 20 PEZZI,Fitoterapia e Omeopatia,,10.83,11.15,9.72,10.16,10.03,10.35,10.93,9.55,9.08
010001077,BOIRON PULSATILLA 12 CH UNGUENTO 50G,Fitoterapia e Omeopatia,,28.34,28.82,29.60,27.70,27.87,28.92,29.35,29.64,28.43
010001080,BOIRON PULSATILLA 12 CH SCIROPPO 150ML,Fitoterapia e Omeopatia,,35.13,34.19,33.20,33.25,34.22,34.58,34.65,34.12,35.27
010001083,BOIRON PULSATILLA 15 CH GRANULI 4G,Fitoterapia e Omeopatia,,8.73,8.34,9.36,9.64,9.07,9.62,9.00,8.14,9.24
010001086,BOIRON PULSATILLA 15 CH GLOBULI DOSA UNICA,Fitoterapia e Omeopatia,,34.32,32.43,33.63,33.31,34.61,34.02,34.08,32.46,32.84
010001089,BOIRON PULSATILLA 15 CH GOCCE ORALI 30ML,Fitoterapia e Omeopatia,,28.72,29.14,28.12,28.33,27.74,29.01,29.01,28.91,28.50
010001092,BOIRON PULSATILLA 15 CH FIALE ORALI 20 PEZZI,Fitoterapia e Omeopatia,,31.18,31.30,31.67,31.82,31.56,30.45,29.60,29.90,31.56
010001095,BOIRON PULSATILLA 15 CH UNGUENTO 50G,Fitoterapia e Omeopatia,,17.67,18.16,17.61,19.09,18.84,17.72,19.51,18.34,19.33
010001098,BOIRON PULSATILLA 15 CH SCIROPPO 150ML,Fitoterapia e Omeopatia,,13.79,14.05,14.06,13.47,14.01,13.17,13.48,13.82,14.70
010001101,BOIRON PULSATILLA 30 CH GRANULI 4G,Fitoterapia e Omeopatia,,29.01,29.98,30.15,30.30,29.66,29.92,30.13,30.57,30.80
010001104,BOIRON PULSATILLA 30 CH GLOBULI DOSA UNICA,Fitoterapia e Omeopatia,,36.14,35.96,36.54,37.45,36.41,35.52,35.43,35.73,36.58
010001107,BOIRON PULSATILLA 30 CH GOCCE ORALI 30ML,Fitoterapia e Omeopatia,,41.24,40.68,40.23,40.58,40.59,41.97,40.91,40.49,41.14
010001110,BOIRON PULSATILLA 30 CH FIALE ORALI 20 PEZZI,Fitoterapia e Omeopatia,,42.60,41.23,42.70,41.26,43.23,43.07,42.40,43.44,42.25
010001113,BOIRON PULSATILLA 30 CH UNGUENTO 50G,Fitoterapia e Omeopatia,,27.35,27.01,26.31,26.64,27.76,27.29,27.04,27.04,26.14
010001116,BOIRON PULSATILLA 30 CH SCIROPPO 150ML,Fitoterapia e Omeopatia,,4.28,5.95,4.84,4.22,4.35,5.30,4.80,4.72,5.65
010001119,BOIRON PULSATILLA 200 CH GRANULI 4G,Fitoterapia e Omeopatia,,35.60,34.88,33.55,34.90,34.98,35.31,33.66,33.83,35.43
010001122,BOIRON PULSATILLA 200 CH GLOBULI DOSA UNICA,Fitoterapia e Omeopatia,,27.19,28.46,27.62,27.35,28.55,28.23,28.16,26.74,28.40
010001125,BOIRON PULSATILLA 200 CH GOCCE ORALI 30ML,Fitoterapia e Omeopatia,,15.71,17.33,17.17,16.34,16.59,16.75,16.89,16.96,16.44
010001128,BOIRON PULSATILLA 200 CH FIALE ORALI 20 PEZZI,Fitoterapia e Omeopatia,,34.54,34.57,34.24,34.57,33.65,33.61,34.01,32.96,35.04
010001131,BOIRON PULSATILLA 200 CH UNGUENTO 50G,Fitoterapia e Omeopatia,,32.65,30.73,32.19,32.27,31.09,32.76,31.43,32.75,30.83
010001134,BOIRON PULSATILLA 200 CH SCIROPPO 150ML,Fitoterapia e Omeopatia,,17.25,18.25,18.63,17.55,16.91,16.83,17.06,18.21,17.25
010001137,BOIRON PULSATILLA 1MK GRANULI 4G,Fitoterapia e Omeopatia,,26.97,26.52,26.01,26.58,27.80,27.08,26.23,25.61,26.92
010001140,BOIRON PULSATILLA 1MK GLOBULI DOSA UNICA,Fitoterapia e Omeopatia,,11.47,10.16,10.66,11.36,10.09,10.26,10.37,11.33,12.13
010001143,BOIRON PULSATILLA 1MK GOCCE ORALI 30ML,Fitoterapia e Omeopatia,,26.52,26.65,25.50,26.54,25.20,25.10,25.39,24.90,25.37
010001146,BOIRON PULSATILLA 1MK FIALE ORALI 20 PEZZI,Fitoterapia e Omeopatia,,5.44,5.19,6.11,4.87,4.67,5.92,5.19,6.06,6.54
010001149,BOIRON PULSATILLA 1MK UNGUENTO 50G,Fitoterapia e Omeopatia,,18.83,19.30,20.78,19.92,19.31,20.02,20.19,19.73,19.71
010001152,BOIRON PULSATILLA 1MK SCIROPPO 150ML,Fitoterapia e Omeopatia,,21.58,21.44,21.37,20.79,20.99,22.22,21.31,21.40,22.78
010001155,BOIRON PULSATILLA 6DH GRANULI 4G,Fitoterapia e Omeopatia,,32.15,32.64,33.85,33.44,32.54,33.54,32.37,33.36,31.83
010001158,BOIRON PULSATILLA 6DH GLOBULI DOSA UNICA,Fitoterapia e Omeopatia,,17.06,18.77,16.83,18.48,16.90,17.35,18.04,17.07,18.05
010001161,BOIRON PULSATILLA 6DH GOCCE ORALI 30ML,Fitoterapia e Omeopatia,,15.06,16.15,17.20,15.55,15.12,16.97,16.71,16.03,15.69
010001164,BOIRON PULSATILLA 6DH FIALE ORALI 20 PEZZI,Fitoterapia e Omeopatia,,13.08,13.34,14.51,12.94,14.82,13.29,13.81,13.85,13.68
010001167,BOIRON PULSATILLA 6DH UNGUENTO 50G,Fitoterapia e Omeopatia,,36.61,36.01,36.95,36.27,36.53,37.66,36.52,36.78,37.20
010001170,BOIRON PULSATILLA 6DH SCIROPPO 150ML,Fitoterapia e Omeopatia,,27.51,26.70,27.22,28.08,27.97,26.35,26.41,26.29,26.16
010001173,BOIRON PULSATILLA 12DH GRANULI 4G,Fitoterapia e Omeopatia,,21.15,20.10,20.61,20.82,21.01,21.13,21.52,19.54,20.94
010001176,BOIRON PULSATILLA 12DH GLOBULI DOSA UNICA,Fitoterapia e Omeopatia,,30.74,31.99,31.63,31.97,30.14,30.53,31.82,31.86,30.48
010001179,BOIRON PULSATILLA 12DH GOCCE ORALI 30ML,Fitoterapia e Omeopatia,,42.42,40.86,42.52,42.34,42.40,42.64,41.37,41.97,41.31
010001182,BOIRON PULSATILLA 12DH FIALE ORALI 20 PEZZI,Fitoterapia e Omeopatia,,13.90,14.80,15.22,13.92,14.27,14.85,14.81,14.85,14.56
010001185,BOIRON PULSATILLA 12DH UNGUENTO 50G,Fitoterapia e Omeopatia,,29.40,27.50,29.54,27.60,28.59,27.39,28.54,28.05,28.01
010001188,BOIRON PULSATILLA 12DH SCIROPPO 150ML,Fitoterapia e Omeopatia,,39.93,38.80,39.06,40.28,40.80,41.11,40.15,40.77,40.63
010001191,BOIRON SEPIA 4 CH GRANULI 4G,Fitoterapia e Omeopatia,,15.49,16.05,15.08,15.50,14.49,14.88,15.79,16.39,16.38
010001194,BOIRON SEPIA 4 CH GLOBULI DOSA UNICA,Fitoterapia e Omeopatia,,7.89,7.79,7.51,6.08,7.07,5.76,6.68,6.90,6.26
010001197,BOIRON SEPIA 4 CH GOCCE ORALI 30ML,Fitoterapia e Omeopatia,,18.68,17.98,19.13,17.32,17.29,18.99,17.47,18.92,17.26
010001200,BOIRON SEPIA 4 CH FIALE ORALI 20 PEZZI,Fitoterapia e Omeopatia,,42.35,43.43,43.12,41.93,43.72,42.65,41.85,43.72,41.62
010001203,BOIRON SEPIA 4 CH UNGUENTO 50G,Fitoterapia e Omeopatia,,25.59,27.41,27.08,27.40,26.48,27.83,26.46,27.74,27.90
010001206,BOIRON SEPIA 4 CH SCIROPPO 150ML,Fitoterapia e Omeopatia,,45.25,44.24,44.85,44.76,44.87,45.58,44.69,44.82,43.44
010001209,BOIRON SEPIA 5 CH GRANULI 4G,Fitoterapia e Omeopatia,,4.56,4.47,6.32,6.27,4.69,3.98,5.94,4.45,5.59
010001212,BOIRON SEPIA 5 CH GLOBULI DOSA UNICA,Fitoterapia e Omeopatia,,37.61,38.80,38.71,37.38,36.67,36.95,37.45,38.31,36.75
010001215,BOIRON SEPIA 5 CH GOCCE ORALI 30ML,Fitoterapia e Omeopatia,,24.98,23.37,23.56,24.68,23.89,24.81,24.55,23.69,24.98
010001218,BOIRON SEPIA 5 CH FIALE ORALI 20 PEZZI,Fitoterapia e Omeopatia,,44.59,42.59,44.53,44.00,43.02,44.61,43.22,42.81,43.96
010001221,BOIRON SEPIA 5 CH UNGUENTO 50G,Fitoterapia e Omeopatia,,39.03,39.18,38.81,40.09,41.13,38.97,39.33,40.17,39.28
010001224,BOIRON SEPIA 5 CH SCIROPPO 150ML,Fitoterapia e Omeopatia,,5.92,5.61,7.89,7.20,6.92,7.50,6.35,7.07,7.20
010001227,BOIRON SEPIA 7 CH GRANULI 4G,Fitoterapia e Omeopatia,,13.70,13.94,14.27,14.09,11.93,11.94,12.61,13.79,13.76
010001230,BOIRON SEPIA 7 CH GLOBULI DOSA UNICA,Fitoterapia e Omeopatia,,13.93,12.44,12.79,12.98,12.58,14.30,13.07,14.27,14.18
010001233,BOIRON SEPIA 7 CH GOCCE ORALI 30ML,Fitoterapia e Omeopatia,,16.53,18.01,17.19,17.16,16.27,16.36,18.37,18.04,16.85
010001236,BOIRON SEPIA 7 CH FIALE ORALI 20 PEZZI,Fitoterapia e Omeopatia,,24.91,24.83,25.34,25.19,25.31,25.89,24.58,26.42,24.84
010001239,BOIRON SEPIA 7 CH UNGUENTO 50G,Fitoterapia e Omeopatia,,20.30,20.73,20.86,18.74,19.42,20.25,20.11,19.93,20.56
010001242,BOIRON SEPIA 7 CH SCIROPPO 150ML,Fitoterapia e Omeopatia,,20.33,19.36,19.60,20.63,20.05,20.23,20.23,19.09,19.16
010001245,BOIRON SEPIA 9 CH GRANULI 4G,Fitoterapia e Omeopatia,,38.64,39.25,38.96,39.20,39.72,37.91,37.65,38.89,39.35
010001248,BOIRON SEPIA 9 CH GLOBULI DOSA UNICA,Fitoterapia e Omeopatia,,34.63,33.01,33.87,33.29,34.46,34.53,34.75,33.06,33.64
010001251,BOIRON SEPIA 9 CH GOCCE ORALI 30ML,Fitoterapia e Omeopatia,,10.06,9.16,10.38,9.58,10.08,8.54,10.30,8.89,10.30
010001254,BOIRON SEPIA 9 CH FIALE ORALI 20 PEZZI,Fitoterapia e Omeopatia,,7.86,8.21,6.55,6.74,6.53,6.12,6.89,8.32,6.95
010001257,BOIRON SEPIA 9 CH UNGUENTO 50G,Fitoterapia e Omeopatia,,14.42,15.87,14.23,15.07,13.98,14.17,15.19,14.69,14.11
010001260,BOIRON SEPIA 9 CH SCIROPPO 150ML,Fitoterapia e Omeopatia,,15.81,17.46,17.22,16.62,15.39,15.86,16.46,16.78,17.33
010001263,BOIRON SEPIA 12 CH GRANULI 4G,Fitoterapia e Omeopatia,,45.83,43.74,45.72,45.22,43.74,43.89,45.72,45.56,44.95
010001266,BOIRON SEPIA 12 CH GLOBULI DOSA UNICA,Fitoterapia e Omeopatia,,25.66,24.82,24.56,25.31,24.15,25.55,25.75,24.83,25.89
010001269,BOIRON SEPIA 12 CH GOCCE ORALI 30ML,Fitoterapia e Omeopatia,,40.55,40.65,41.15,41.50,41.58,40.78,41.92,40.18,40.70
010001272,BOIRON SEPIA 12 CH FIALE ORALI 20 PEZZI,Fitoterapia e Omeopatia,,36.06,34.89,34.20,34.42,35.18,35.49,34.61,35.25,35.73
010001275,BOIRON SEPIA 12 CH UNGUENTO 50G,Fitoterapia e Omeopatia,,32.28,33.74,33.25,32.89,32.92,33.67,34.16,32.88,34.15
010001278,BOIRON SEPIA 12 CH SCIROPPO 150ML,Fitoterapia e Omeopatia,,5.34,5.67,4.07,4.97,5.21,4.60,5.34,4.17,6.33
010001281,BOIRON SEPIA 15 CH GRANULI 4G,Fitoterapia e Omeopatia,,44.01,44.62,45.03,45.82,45.14,44.31,45.49,45.37,44.97
010001284,BOIRON SEPIA 15 CH GLOBULI DOSA UNICA,Fitoterapia e Omeopatia,,30.07,31.41,29.94,31.67,30.04,31.50,31.17,30.70,30.43
010001287,BOIRON SEPIA 15 CH GOCCE ORALI 30ML,Fitoterapia e Omeopatia,,31.95,31.93,32.06,32.60,33.98,32.58,33.86,33.29,31.80
010001290,BOIRON SEPIA 15 CH FIALE ORALI 20 PEZZI,Fitoterapia e Omeopatia,,9.60,8.78,7.95,8.72,9.53,8.06,7.61,8.89,9.34
010001293,BOIRON SEPIA 15 CH UNGUENTO 50G,Fitoterapia e Omeopatia,,25.85,26.33,25.91,25.26,26.24,26.13,24.96,26.69,26.91
010001296,BOIRON SEPIA 15 CH SCIROPPO 150ML,Fitoterapia e Omeopatia,,4.27,4.43,5.73,5.08,4.18,4.10,5.24,5.50,3.66
010001299,BOIRON SEPIA 30 CH GRANULI 4G,Fitoterapia e Omeopatia,,36.39,38.08,37.09,36.75,37.17,36.43,36.80,38.05,37.83
010001302,BOIRON SEPIA 30 CH GLOBULI DOSA UNICA,Fitoterapia e Omeopatia,,30.88,30.76,31.48,31.78,32.49,31.66,31.02,31.16,31.75
010001305,BOIRON SEPIA 30 CH GOCCE ORALI 30ML,Fitoterapia e Omeopatia,,31.58,30.62,31.50,30.49,30.07,31.06,30.89,30.33,31.06
010001308,BOIRON SEPIA 30 CH FIALE ORALI 20 PEZZI,Fitoterapia e Omeopatia,,26.46,27.07,25.78,26.12,27.82,26.78,27.16,25.53,27.17
010001311,BOIRON SEPIA 30 CH UNGUENTO 50G,Fitoterapia e Omeopatia,,44.59,44.08,43.51,44.26,43.61,44.06,45.13,45.31,44.11
010001314,BOIRON SEPIA 30 CH SCIROPPO 150ML,Fitoterapia e Omeopatia,,5.68,4.57,4.66,4.86,6.38,5.64,5.23,4.69,5.99
010001317,BOIRON SEPIA 200 CH GRANULI 4G,Fitoterapia e Omeopatia,,7.80,7.02,5.66,5.96,5.70,6.06,5.68,5.62,6.80
010001320,BOIRON SEPIA 200 CH GLOBULI DOSA UNICA,Fitoterapia e Omeopatia,,34.88,35.55,34.25,33.47,35.34,34.46,34.01,34.26,35.16
010001323,BOIRON SEPIA 200 CH GOCCE ORALI 30ML,Fitoterapia e Omeopatia,,8.91,8.35,10.34,8.62,10.22,10.30,9.89,9.08,10.51
010001326,BOIRON SEPIA 200 CH FIALE ORALI 20 PEZZI,Fitoterapia e Omeopatia,,31.33,30.24,31.62,32.22,32.21,32.22,30.47,30.96,31.26
010001329,BOIRON SEPIA 200 CH UNGUENTO 50G,Fitoterapia e Omeopatia,,31.53,30.12,29.77,30.82,30.29,31.02,31.41,29.77,31.44
010001332,BOIRON SEPIA 200 CH SCIROPPO 150ML,Fitoterapia e Omeopatia,,45.00,45.20,44.85,43.61,43.76,45.17,45.01,43.30,43.95
010001335,BOIRON SEPIA 1MK GRANULI 4G,Fitoterapia e Omeopatia,,43.98,43.15,43.52,44.87,44.12,44.43,43.33,44.26,43.34
010001338,BOIRON SEPIA 1MK GLOBULI DOSA UNICA,Fitoterapia e Omeopatia,,39.28,39.18,40.34,39.90,39.55,40.89,41.17,40.23,40.52
010001341,BOIRON SEPIA 1MK GOCCE ORALI 30ML,Fitoterapia e Omeopatia,,41.89,40.51,41.66,41.69,41.98,40.82,40.74,40.95,41.17
010001344,BOIRON SEPIA 1MK FIALE ORALI 20 PEZZI,Fitoterapia e Omeopatia,,35.70,36.45,35.44,35.51,36.26,36.83,37.18,37.00,37.32
010001347,BOIRON SEPIA 1MK UNGUENTO 50G,Fitoterapia e Omeopatia,,40.48,40.58,40.36,40.08,40.98,41.41,39.74,41.51,39.87
010001350,BOIRON SEPIA 1MK SCIROPPO 150ML,Fitoterapia e Omeopatia,,38.80,39.04,39.66,38.81,39.39,37.85,38.63,38.35,38.74
010001353,BOIRON SEPIA 6DH GRANULI 4G,Fitoterapia e Omeopatia,,24.72,25.61,25.91,24.90,25.92,25.41,24.75,26.35,25.15
010001356,BOIRON SEPIA 6DH GLOBULI DOSA UNICA,Fitoterapia e Omeopatia,,21.67,20.77,20.77,19.78,20.19,19.68,20.55,21.09,20.08
010001359,BOIRON SEPIA 6DH GOCCE ORALI 30ML,Fitoterapia e Omeopatia,,45.50,44.49,45.48,43.67,45.58,44.08,45.61,45.09,44.48
010001362,BOIRON SEPIA 6DH FIALE ORALI 20 PEZZI,Fitoterapia e Omeopatia,,6.47,7.18,6.79,6.35,7.85,7.62,6.93,7.81,7.74
010001365,BOIRON SEPIA 6DH UNGUENTO 50G,Fitoterapia e Omeopatia,,42.51,42.19,41.84,41.58,41.39,43.13,42.81,42.92,42.21
010001368,BOIRON SEPIA 6DH SCIROPPO 150ML,Fitoterapia e Omeopatia,,23.54,23.90,22.21,22.44,22.38,23.65,24.28,22.10,24.24
010001371,BOIRON SEPIA 12DH GRANULI 4G,Fitoterapia e Omeopatia,,32.99,32.01,31.78,33.38,31.20,32.09,32.51,31.56,33.07
010001374,BOIRON SEPIA 12DH GLOBULI DOSA UNICA,Fitoterapia e Omeopatia,,6.12,7.71,6.70,7.05,7.55,7.11,7.74,6.71,6.81
010001377,BOIRON SEPIA 12DH GOCCE ORALI 30ML,Fitoterapia e Omeopatia,,10.66,11.52,11.16,9.88,10.90,10.43,10.04,11.05,10.47
010001380,BOIRON SEPIA 12DH FIALE ORALI 20 PEZZI,Fitoterapia e Omeopatia,,20.05,20.11,20.33,20.08,19.25,20.32,20.14,19.71,20.16
010001383,BOIRON SEPIA 12DH UNGUENTO 50G,Fitoterapia e Omeopatia,,11.88,10.45,11.76,12.23,12.51,10.73,10.74,12.43,11.74
010001386,BOIRON SEPIA 12DH SCIROPPO 150ML,Fitoterapia e Omeopatia,,12.09,12.13,11.28,12.43,11.53,13.51,13.48,13.45,11.33
010001389,BOIRON THUYA OCCIDENTALIS 4 CH GRANULI 4G,Fitoterapia e Omeopatia,,14.59,14.35,15.99,16.23,15.84,16.13,15.33,16.33,15.75
010001392,BOIRON THUYA OCCIDENTALIS 4 CH GLOBULI DOSA UNICA,Fitoterapia e Omeopatia,,11.43,10.28,12.54,10.50,10.96,10.94,12.65,12.55,12.61
010001395,BOIRON THUYA OCCIDENTALIS 4 CH GOCCE ORALI 30ML,Fitoterapia e Omeopatia,,18.01,19.85,18.00,19.38,20.18,20.24,19.99,20.07,19.73
010001398,BOIRON THUYA OCCIDENTALIS 4 CH FIALE ORALI 20 PEZZI,Fitoterapia e Omeopatia,,29.70,30.52,31.19,31.19,31.24,29.83,29.61,30.70,29.09
010001401,BOIRON THUYA OCCIDENTALIS 4 CH UNGUENTO 50G,Fitoterapia e Omeopatia,,35.14,35.64,34.34,35.60,35.33,36.05,35.08,36.35,35.35
010001404,BOIRON THUYA OCCIDENTALIS 4 CH SCIROPPO 150ML,Fitoterapia e Omeopatia,,18.61,18.03,19.54,19.01,19.45,19.87,19.86,17.81,19.24
010001407,BOIRON THUYA OCCIDENTALIS 5 CH GRANULI 4G,Fitoterapia e Omeopatia,,17.51,18.92,18.96,17.52,17.84,19.39,19.42,18.35,18.76
010001410,BOIRON THUYA OCCIDENTALIS 5 CH GLOBULI DOSA UNICA,Fitoterapia e Omeopatia,,43.58,42.82,44.89,42.89,44.23,44.68,43.10,44.39,42.83
010001413,BOIRON THUYA OCCIDENTALIS 5 CH GOCCE ORALI 30ML,Fitoterapia e Omeopatia,,25.67,26.64,26.72,25.78,24.96,26.19,25.40,25.06,26.07
010001416,BOIRON THUYA OCCIDENTALIS 5 CH FIALE ORALI 20 PEZZI,Fitoterapia e Omeopatia,,42.61,44.72,44.60,42.52,42.78,43.70,44.33,42.93,44.59
010001419,BOIRON THUYA OCCIDENTALIS 5 CH UNGUENTO 50G,Fitoterapia e Omeopatia,,42.44,42.61,43.98,43.45,43.89,42.54,42.40,44.39,43.27
010001422,BOIRON THUYA OCCIDENTALIS 5 CH SCIROPPO 150ML,Fitoterapia e Omeopatia,,41.32,39.24,39.22,40.78,41.25,39.35,39.94,39.96,40.29
010001425,BOIRON THUYA OCCIDENTALIS 7 CH GRANULI 4G,Fitoterapia e Omeopatia,,18.85,20.79,18.77,19.96,18.58,20.14,19.68,20.14,20.66
010001428,BOIRON THUYA OCCIDENTALIS 7 CH GLOBULI DOSA UNICA,Fitoterapia e Omeopatia,,37.88,39.36,38.22,39.43,38.33,37.69,38.12,38.54,39.12
010001431,BOIRON THUYA OCCIDENTALIS 7 CH GOCCE ORALI 30ML,Fitoterapia e Omeopatia,,36.46,36.93,35.71,36.00,37.93,35.74,37.88,36.07,36.11
010001434,BOIRON THUYA OCCIDENTALIS 7 CH FIALE ORALI 20 PEZZI,Fitoterapia e Omeopatia,,27.78,29.20,28.78,28.87,28.11,27.47,27.49,27.48,27.76
010001437,BOIRON THUYA OCCIDENTALIS 7 CH UNGUENTO 50G,Fitoterapia e Omeopatia,,18.63,18.02,18.80,17.47,16.65,18.73,17.96,18.05,17.94
010001440,BOIRON THUYA OCCIDENTALIS 7 CH SCIROPPO 150ML,Fitoterapia e Omeopatia,,23.83,24.93,24.93,24.39,23.87,22.99,23.60,23.72,23.47
010001443,BOIRON THUYA OCCIDENTALIS 9 CH GRANULI 4G,Fitoterapia e Omeopatia,,39.26,39.10,39.60,38.05,37.74,39.23,39.28,39.91,37.81
010001446,BOIRON THUYA OCCIDENTALIS 9 CH GLOBULI DOSA UNICA,Fitoterapia e Omeopatia,,10.94,9.60,11.18,9.28,10.45,9.80,10.43,10.97,10.66
010001449,BOIRON THUYA OCCIDENTALIS 9 CH GOCCE ORALI 30ML,Fitoterapia e Omeopatia,,9.24,8.51,8.33,10.01,9.60,8.30,8.90,10.29,9.02
010001452,BOIRON THUYA OCCIDENTALIS 9 CH FIALE ORALI 20 PEZZI,Fitoterapia e Omeopatia,,19.71,18.53,19.90,18.24,20.11,19.24,20.32,18.24,18.24
010001455,BOIRON THUYA OCCIDENTALIS 9 CH UNGUENTO 50G,Fitoterapia e Omeopatia,,28.53,27.95,27.74,28.54,26.75,26.71,27.19,27.11,28.46
010001458,BOIRON THUYA OCCIDENTALIS 9 CH SCIROPPO 150ML,Fitoterapia e Omeopatia,,32.84,32.00,32.40,33.54,33.49,33.38,31.51,33.56,32.49
010001461,BOIRON THUYA OCCIDENTALIS 12 CH GRANULI 4G,Fitoterapia e Omeopatia,,16.11,15.08,15.38,15.28,16.18,14.58,16.91,16.38,15.14
010001464,BOIRON THUYA OCCIDENTALIS 12 CH GLOBULI DOSA UNICA,Fitoterapia e Omeopatia,,17.27,15.77,16.16,17.17,17.46,15.84,15.96,16.00,16.79
010001467,BOIRON THUYA OCCIDENTALIS 12 CH GOCCE ORALI 30ML,Fitoterapia e Omeopatia,,15.41,16.83,16.31,16.26,16.58,16.42,14.71,14.80,16.83
010001470,BOIRON THUYA OCCIDENTALIS 12 CH FIALE ORALI 20 PEZZI,Fitoterapia e Omeopatia,,9.74,9.98,9.69,8.41,8.96,9.49,8.40,8.00,9.70
010001473,BOIRON THUYA OCCIDENTALIS 12 CH UNGUENTO 50G,Fitoterapia e Omeopatia,,27.38,27.96,26.37,26.98,28.39,27.52,28.49,26.72,26.36
010001476,BOIRON THUYA OCCIDENTALIS 12 CH SCIROPPO 150ML,Fitoterapia e Omeopatia,,32.03,33.38,32.96,32.34,31.95,32.98,33.07,31.27,32.18
010001479,BOIRON THUYA OCCIDENTALIS 15 CH GRANULI 4G,Fitoterapia e Omeopatia,,25.08,24.84,24.28,23.50,24.00,23.98,23.89,23.36,24.95
010001482,BOIRON THUYA OCCIDENTALIS 15 CH GLOBULI DOSA UNICA,Fitoterapia e Omeopatia,,33.42,32.31,34.03,32.79,33.13,34.40,33.59,33.27,32.47
010001485,BOIRON THUYA OCCIDENTALIS 15 CH GOCCE ORALI 30ML,Fitoterapia e Omeopatia,,13.21,12.70,13.83,11.81,13.01,13.70,13.21,13.65,13.03
010001488,BOIRON THUYA OCCIDENTALIS 15 CH FIALE ORALI 20 PEZZI,Fitoterapia e Omeopatia,,40.11,40.07,41.02,40.84,39.58,38.88,40.24,39.32,41.19
010001491,BOIRON THUYA OCCIDENTALIS 15 CH UNGUENTO 50G,Fitoterapia e Omeopatia,,19.04,19.31,19.64,20.32,20.76,19.61,20.88,18.93,19.26
010001494,BOIRON THUYA OCCIDENTALIS 15 CH SCIROPPO 150ML,Fitoterapia e Omeopatia,,24.65,24.16,24.54,23.15,24.74,24.01,22.82,23.55,24.13
010001497,BOIRON THUYA OCCIDENTALIS 30 CH GRANULI 4G,Fitoterapia e Omeopatia,,11.74,12.53,11.43,12.47,11.66,13.09,13.53,13.51,11.42
010001500,BOIRON THUYA OCCIDENTALIS 30 CH GLOBULI DOSA UNICA,Fitoterapia e Omeopatia,,43.57,43.87,42.95,42.61,43.09,43.62,42.56,43.96,42.87
010001503,BOIRON THUYA OCCIDENTALIS 30 CH GOCCE ORALI 30ML,Fitoterapia e Omeopatia,,35.26,35.69,35.42,35.50,35.39,36.03,36.73,35.29,35.48
010001506,BOIRON THUYA OCCIDENTALIS 30 CH FIALE ORALI 20 PEZZI,Fitoterapia e Omeopatia,,29.67,30.45,30.74,30.28,30.54,31.84,30.15,30.77,31.15
010001509,BOIRON THUYA OCCIDENTALIS 30 CH UNGUENTO 50G,Fitoterapia e Omeopatia,,43.04,42.75,42.63,44.32,42.54,43.16,42.64,44.17,42.26
010001512,BOIRON THUYA OCCIDENTALIS 30 CH SCIROPPO 150ML,Fitoterapia e Omeopatia,,32.16,33.74,33.38,32.53,33.28,33.71,32.33,32.76,31.84
010001515,BOIRON THUYA OCCIDENTALIS 200 CH GRANULI 4G,Fitoterapia e Omeopatia,,32.83,31.75,32.51,31.62,31.52,32.52,31.76,33.64,31.55
010001518,BOIRON THUYA OCCIDENTALIS 200 CH GLOBULI DOSA UNICA,Fitoterapia e Omeopatia,,13.72,13.09,14.05,13.06,13.46,14.07,12.78,14.15,12.72
010001521,BOIRON THUYA OCCIDENTALIS 200 CH GOCCE ORALI 30ML,Fitoterapia e Omeopatia,,24.58,24.04,24.15,25.20,24.30,23.93,24.57,25.48,23.22
010001524,BOIRON THUYA OCCIDENTALIS 200 CH FIALE ORALI 20 PEZZI,Fitoterapia e Omeopatia,,9.18,8.67,7.90,10.00,7.99,8.09,10.19,9.19,8.16
010001527,BOIRON THUYA OCCIDENTALIS 200 CH UNGUENTO 50G,Fitoterapia e Omeopatia,,3.66,5.25,3.42,4.96,4.74,4.37,3.53,3.58,5.38
010001530,BOIRON THUYA OCCIDENTALIS 200 CH SCIROPPO 150ML,Fitoterapia e Omeopatia,,38.70,37.68,38.59,36.63,38.17,38.46,37.38,38.03,36.74
010001533,BOIRON THUYA OCCIDENTALIS 1MK GRANULI 4G,Fitoterapia e Omeopatia,,9.09,10.12,9.48,9.44,10.09,10.14,10.71,9.45,10.64
010001536,BOIRON THUYA OCCIDENTALIS 1MK GLOBULI DOSA UNICA,Fitoterapia e Omeopatia,,37.85,37.25,35.61,37.51,35.91,36.14,37.25,35.92,37.92
010001539,BOIRON THUYA OCCIDENTALIS 1MK GOCCE ORALI 30ML,Fitoterapia e Omeopatia,,24.43,25.43,23.39,23.40,23.75,25.44,25.26,24.22,25.13
010001542,BOIRON THUYA OCCIDENTALIS 1MK FIALE ORALI 20 PEZZI,Fitoterapia e Omeopatia,,37.19,36.48,37.25,37.05,37.15,37.25,36.53,36.60,35.53
010001545,BOIRON THUYA OCCIDENTALIS 1MK UNGUENTO 50G,Fitoterapia e Omeopatia,,8.45,9.85,8.77,8.70,9.82,8.13,9.93,9.51,10.29
010001548,BOIRON THUYA OCCIDENTALIS 1MK SCIROPPO 150ML,Fitoterapia e Omeopatia,,17.46,17.44,16.93,17.97,17.75,16.98,16.54,17.28,17.15
010001551,BOIRON THUYA OCCIDENTALIS 6DH GRANULI 4G,Fitoterapia e Omeopatia,,23.56,23.80,22.55,24.73,23.35,23.82,22.96,23.08,24.29
010001554,BOIRON THUYA OCCIDENTALIS 6DH GLOBULI DOSA UNICA,Fitoterapia e Omeopatia,,14.68,15.35,16.31,16.57,16.45,15.76,16.05,14.97,16.44
010001557,BOIRON THUYA OCCIDENTALIS 6DH GOCCE ORALI 30ML,Fitoterapia e Omeopatia,,24.02,23.12,21.99,23.40,21.97,22.61,22.08,22.00,22.90
010001560,BOIRON THUYA OCCIDENTALIS 6DH FIALE ORALI 20 PEZZI,Fitoterapia e Omeopatia,,22.32,24.30,23.36,22.33,22.31,23.22,22.97,22.77,22.52
010001563,BOIRON THUYA OCCIDENTALIS 6DH UNGUENTO 50G,Fitoterapia e Omeopatia,,39.58,40.69,39.86,39.62,40.92,39.35,40.42,41.02,39.13
010001566,BOIRON THUYA OCCIDENTALIS 6DH SCIROPPO 150ML,Fitoterapia e Omeopatia,,40.22,39.81,40.20,40.23,41.65,40.15,40.11,40.73,40.12
010001569,BOIRON THUYA OCCIDENTALIS 12DH GRANULI 4G,Fitoterapia e Omeopatia,,27.17,26.45,26.92,27.44,27.05,27.38,26.28,26.47,27.33
010001572,BOIRON THUYA OCCIDENTALIS 12DH GLOBULI DOSA UNICA,Fitoterapia e Omeopatia,,22.28,23.57,23.12,23.65,23.29,23.08,24.05,23.36,24.23
010001575,BOIRON THUYA OCCIDENTALIS 12DH GOCCE ORALI 30ML,Fitoterapia e Omeopatia,,12.49,12.67,11.87,13.09,13.60,13.28,12.55,11.91,12.14
010001578,BOIRON THUYA OCCIDENTALIS 12DH FIALE ORALI 20 PEZZI,Fitoterapia e Omeopatia,,35.33,35.97,35.35,35.54,34.23,36.44,35.89,36.34,34.61
010001581,BOIRON THUYA OCCIDENTALIS 12DH UNGUENTO 50G,Fitoterapia e Omeopatia,,6.42,6.06,6.25,6.43,7.01,6.88,6.27,6.51,7.10
010001584,BOIRON THUYA OCCIDENTALIS 12DH SCIROPPO 150ML,Fitoterapia e Omeopatia,,31.05,31.68,30.50,30.41,31.85,31.13,29.91,30.78,29.95
010001587,BOIRON SILICEA 4 CH GRANULI 4G,Fitoterapia e Omeopatia,,13.34,14.05,14.54,14.74,15.52,14.70,13.76,14.32,15.51
010001590,BOIRON SILICEA 4 CH GLOBULI DOSA UNICA,Fitoterapia e Omeopatia,,18.26,19.30,17.30,17.74,18.92,19.38,17.95,18.38,18.78
010001593,BOIRON SILICEA 4 CH GOCCE ORALI 30ML,Fitoterapia e Omeopatia,,26.26,28.48,26.45,27.87,28.02,27.23,26.97,26.61,28.52
010001596,BOIRON SILICEA 4 CH FIALE ORALI 20 PEZZI,Fitoterapia e Omeopatia,,8.97,9.19,8.52,7.79,8.80,9.83,7.94,8.10,9.31
010001599,BOIRON SILICEA 4 CH UNGUENTO 50G,Fitoterapia e Omeopatia,,13.38,12.75,12.05,11.57,13.56,13.59,12.66,12.50,12.04
010001602,BOIRON SILICEA 4 CH SCIROPPO 150ML,Fitoterapia e Omeopatia,,22.20,21.23,20.32,22.13,21.72,21.77,21.17,20.66,22.17
010001605,BOIRON SILICEA 5 CH GRANULI 4G,Fitoterapia e Omeopatia,,27.90,27.73,27.20,27.62,26.68,26.64,28.32,26.61,27.67
010001608,BOIRON SILICEA 5 CH GLOBULI DOSA UNICA,Fitoterapia e Omeopatia,,37.06,36.09,36.74,35.29,36.65,35.24,35.76,35.14,37.10
010001611,BOIRON SILICEA 5 CH GOCCE ORALI 30ML,Fitoterapia e Omeopatia,,5.37,4.73,3.84,4.49,5.44,4.16,5.89,3.98,4.91
010001614,BOIRON SILICEA 5 CH FIALE ORALI 20 PEZZI,Fitoterapia e Omeopatia,,41.13,41.67,40.55,40.25,40.69,41.32,40.68,42.28,41.55
010001617,BOIRON SILICEA 5 CH UNGUENTO 50G,Fitoterapia e Omeopatia,,41.70,42.26,43.01,42.90,42.30,41.51,42.56,41.91,41.63
010001620,BOIRON SILICEA 5 CH SCIROPPO 150ML,Fitoterapia e Omeopatia,,37.58,36.75,36.61,36.07,37.45,37.31,38.15,37.43,36.95
010001623,BOIRON SILICEA 7 CH GRANULI 4G,Fitoterapia e Omeopatia,,29.42,29.49,29.39,30.36,30.39,29.14,28.65,29.12,29.13
010001626,BOIRON SILICEA 7 CH GLOBULI DOSA UNICA,Fitoterapia e Omeopatia,,41.96,42.38,42.89,43.28,43.03,41.87,41.42,41.66,42.40
010001629,BOIRON SILICEA 7 CH GOCCE ORALI 30ML,Fitoterapia e Omeopatia,,42.62,43.57,42.77,42.58,42.71,41.57,42.52,41.79,42.81
010001632,BOIRON SILICEA 7 CH FIALE ORALI 20 PEZZI,Fitoterapia e Omeopatia,,36.86,35.96,37.95,37.01,36.59,37.54,36.46,36.72,37.51
010001635,BOIRON SILICEA 7 CH UNGUENTO 50G,Fitoterapia e Omeopatia,,6.86,7.51,6.24,7.28,6.06,7.76,7.22,6.94,6.63
010001638,BOIRON SILICEA 7 CH SCIROPPO 150ML,Fitoterapia e Omeopatia,,14.58,14.61,14.37,14.86,14.44,13.62,14.57,15.36,14.96
010001641,BOIRON SILICEA 9 CH GRANULI 4G,Fitoterapia e Omeopatia,,12.76,12.83,11.49,12.81,11.14,11.72,11.75,11.40,13.16
010001644,BOIRON SILICEA 9 CH GLOBULI DOSA UNICA,Fitoterapia e Omeopatia,,44.16,44.22,44.19,44.08,44.32,44.26,44.36,45.12,45.36
010001647,BOIRON SILICEA 9 CH GOCCE ORALI 30ML,Fitoterapia e Omeopatia,,38.41,36.38,37.25,36.17,38.47,38.05,38.44,38.46,36.57
010001650,BOIRON SILICEA 9 CH FIALE ORALI 20 PEZZI,Fitoterapia e Omeopatia,,7.10,6.40,6.34,6.14,7.98,6.24,8.11,6.92,6.28
010001653,BOIRON SILICEA 9 CH UNGUENTO 50G,Fitoterapia e Omeopatia,,42.39,42.58,42.83,42.83,43.06,42.65,43.74,43.01,44.66
010001656,BOIRON SILICEA 9 CH SCIROPPO 150ML,Fitoterapia e Omeopatia,,15.84,17.24,16.87,17.03,16.02,16.81,17.98,17.03,16.46
010001659,BOIRON SILICEA 12 CH GRANULI 4G,Fitoterapia e Omeopatia,,30.70,31.57,31.61,31.10,30.92,31.38,30.78,32.38,31.75
010001662,BOIRON SILICEA 12 CH GLOBULI DOSA UNICA,Fitoterapia e Omeopatia,,33.27,34.76,34.07,34.09,33.25,34.62,33.51,33.51,34.77
010001665,BOIRON SILICEA 12 CH GOCCE ORALI 30ML,Fitoterapia e Omeopatia,,22.00,22.89,21.44,22.07,23.05,21.72,21.94,23.53,22.93
010001668,BOIRON SILICEA 12 CH FIALE ORALI 20 PEZZI,Fitoterapia e Omeopatia,,40.90,39.20,39.74,41.14,40.81,40.15,39.77,39.33,40.05
010001671,BOIRON SILICEA 12 CH UNGUENTO 50G,Fitoterapia e Omeopatia,,24.06,24.94,23.35,25.18,25.17,23.82,23.06,24.95,23.57
010001674,BOIRON SILICEA 12 CH SCIROPPO 150ML,Fitoterapia e Omeopatia,,6.28,6.79,7.54,5.67,6.75,7.37,7.18,6.60,5.89
010001677,BOIRON SILICEA 15 CH GRANULI 4G,Fitoterapia e Omeopatia,,4.69,5.08,3.80,6.20,4.38,5.16,4.50,6.09,4.03
010001680,BOIRON SILICEA 15 CH GLOBULI DOSA UNICA,Fitoterapia e Omeopatia,,35.76,35.09,33.76,34.84,35.23,35.37,33.69,35.99,36.04
010001683,BOIRON SILICEA 15 CH GOCCE ORALI 30ML,Fitoterapia e Omeopatia,,35.97,35.01,34.50,35.90,34.74,34.60,36.24,34.96,35.34
010001686,BOIRON SILICEA 15 CH FIALE ORALI 20 PEZZI,Fitoterapia e Omeopatia,,33.13,32.97,32.56,31.69,32.68,32.91,32.65,31.74,32.71
010001689,BOIRON SILICEA 15 CH UNGUENTO 50G,Fitoterapia e Omeopatia,,18.69,20.69,19.80,18.91,19.62,19.92,18.42,20.19,19.26
010001692,BOIRON SILICEA 15 CH SCIROPPO 150ML,Fitoterapia e Omeopatia,,7.98,7.96,7.83,8.70,9.53,9.03,8.43,8.87,8.53
010001695,BOIRON SILICEA 30 CH GRANULI 4G,Fitoterapia e Omeopatia,,36.27,35.71,36.39,37.32,36.40,35.26,36.53,36.59,35.80
010001698,BOIRON SILICEA 30 CH GLOBULI DOSA UNICA,Fitoterapia e Omeopatia,,19.75,18.29,19.22,19.10,20.21,20.20,19.65,19.03,19.42
010001701,BOIRON SILICEA 30 CH GOCCE ORALI 30ML,Fitoterapia e Omeopatia,,5.77,3.93,4.46,4.04,4.72,6.22,5.63,4.31,4.78
010001704,BOIRON SILICEA 30 CH FIALE ORALI 20 PEZZI,Fitoterapia e Omeopatia,,34.84,33.93,35.46,35.87,35.18,34.47,36.05,33.99,35.78
010001707,BOIRON SILICEA 30 CH UNGUENTO 50G,Fitoterapia e Omeopatia,,22.07,21.81,22.22,20.31,20.05,20.28,20.05,20.96,20.38
010001710,BOIRON SILICEA 30 CH SCIROPPO 150ML,Fitoterapia e Omeopatia,,8.59,7.71,7.12,8.11,7.51,7.45,7.12,8.60,6.94
010001713,BOIRON SILICEA 200 CH GRANULI 4G,Fitoterapia e Omeopatia,,19.97,20.00,19.69,19.21,20.98,20.63,19.97,21.58,20.19
010001716,BOIRON SILICEA 200 CH GLOBULI DOSA UNICA,Fitoterapia e Omeopatia,,35.63,36.33,35.74,36.57,35.53,36.36,36.95,35.90,37.24
010001719,BOIRON SILICEA 200 CH GOCCE ORALI 30ML,Fitoterapia e Omeopatia,,13.56,13.63,14.42,13.78,13.78,14.73,14.53,14.57,15.39
010001722,BOIRON SILICEA 200 CH FIALE ORALI 20 PEZZI,Fitoterapia e Omeopatia,,16.92,15.58,15.76,15.54,16.10,15.98,14.87,14.87,17.17
010001725,BOIRON SILICEA 200 CH UNGUENTO 50G,Fitoterapia e Omeopatia,,29.86,29.30,29.99,28.47,30.08,28.24,28.77,28.45,29.26
010001728,BOIRON SILICEA 200 CH SCIROPPO 150ML,Fitoterapia e Omeopatia,,13.90,13.76,13.69,12.55,13.78,11.88,13.54,12.15,13.81
010001731,BOIRON SILICEA 1MK GRANULI 4G,Fitoterapia e Omeopatia,,29.34,28.72,28.52,28.72,29.49,28.39,30.23,29.38,30.13
010001734,BOIRON SILICEA 1MK GLOBULI DOSA UNICA,Fitoterapia e Omeopatia,,8.30,8.78,8.17,8.05,9.64,8.90,9.91,8.81,9.57
010001737,BOIRON SILICEA 1MK GOCCE ORALI 30ML,Fitoterapia e Omeopatia,,28.58,29.41,28.59,30.53,29.18,29.60,28.80,29.65,29.65
010001740,BOIRON SILICEA 1MK FIALE ORALI 20 PEZZI,Fitoterapia e Omeopatia,,33.74,32.70,32.38,33.26,33.03,33.13,33.09,33.19,33.31
010001743,BOIRON SILICEA 1MK UNGUENTO 50G,Fitoterapia e Omeopatia,,39.46,37.18,37.31,37.73,37.22,39.06,38.66,37.66,37.69
010001746,BOIRON SILICEA 1MK SCIROPPO 150ML,Fitoterapia e Omeopatia,,24.24,23.82,24.41,23.09,23.09,23.57,24.71,23.73,24.52
010001749,BOIRON SILICEA 6DH GRANULI 4G,Fitoterapia e Omeopatia,,23.46,24.34,25.09,24.19,23.59,25.43,23.97,25.47,23.68
010001752,BOIRON SILICEA 6DH GLOBULI DOSA UNICA,Fitoterapia e Omeopatia,,39.30,38.14,39.55,37.66,38.89,39.49,39.05,39.06,37.57
010001755,BOIRON SILICEA 6DH GOCCE ORALI 30ML,Fitoterapia e Omeopatia,,23.77,23.76,24.88,23.49,23.29,23.94,24.33,24.66,22.84
010001758,BOIRON SILICEA 6DH FIALE ORALI 20 PEZZI,Fitoterapia e Omeopatia,,36.89,35.55,36.62,36.04,35.04,36.57,35.44,35.01,35.74
010001761,BOIRON SILICEA 6DH UNGUENTO 50G,Fitoterapia e Omeopatia,,19.34,21.19,19.47,21.09,21.36,21.33,21.35,20.50,19.58
010001764,BOIRON SILICEA 6DH SCIROPPO 150ML,Fitoterapia e Omeopatia,,14.07,14.32,13.21,14.45,14.25,14.49,13.07,12.82,13.19
010001767,BOIRON SILICEA 12DH GRANULI 4G,Fitoterapia e Omeopatia,,30.12,29.44,29.86,30.47,29.91,29.83,29.32,29.62,30.78
010001770,BOIRON SILICEA 12DH GLOBULI DOSA UNICA,Fitoterapia e Omeopatia,,10.17,10.70,10.01,9.56,10.99,9.47,11.17,10.99,10.05
010001773,BOIRON SILICEA 12DH GOCCE ORALI 30ML,Fitoterapia e Omeopatia,,34.93,34.24,36.28,35.44,34.25,35.71,34.47,35.31,34.23
010001776,BOIRON SILICEA 12DH FIALE ORALI 20 PEZZI,Fitoterapia e Omeopatia,,38.78,37.76,38.91,36.77,38.00,38.27,36.98,38.14,37.01
010001779,BOIRON SILICEA 12DH UNGUENTO 50G,Fitoterapia e Omeopatia,,30.43,31.91,32.73,32.66,31.46,31.22,32.43,30.79,32.03
010001782,BOIRON SILICEA 12DH SCIROPPO 150ML,Fitoterapia e Omeopatia,,42.28,42.36,40.80,42.15,41.22,41.00,41.50,42.45,42.48
010001785,BOIRON APIS MELLIFICA 4 CH GRANULI 4G,Fitoterapia e Omeopatia,,14.84,13.63,14.94,14.79,14.75,14.69,13.23,13.49,14.91
010001788,BOIRON APIS MELLIFICA 4 CH GLOBULI DOSA UNICA,Fitoterapia e Omeopatia,,18.67,18.47,18.90,18.43,18.28,17.92,18.18,18.61,17.61
010001791,BOIRON APIS MELLIFICA 4 CH GOCCE ORALI 30ML,Fitoterapia e Omeopatia,,38.56,38.58,37.59,37.81,38.48,36.53,37.62,38.23,38.14
010001794,BOIRON APIS MELLIFICA 4 CH FIALE ORALI 20 PEZZI,Fitoterapia e Omeopatia,,12.20,13.60,12.30,13.87,13.30,12.75,11.80,13.34,13.63
010001797,BOIRON APIS MELLIFICA 4 CH UNGUENTO 50G,Fitoterapia e Omeopatia,,37.13,35.53,36.79,36.62,36.39,35.64,36.31,36.70,36.07
010001800,BOIRON APIS MELLIFICA 4 CH SCIROPPO 150ML,Fitoterapia e Omeopatia,,20.61,20.88,21.41,19.60,20.98,20.02,21.13,19.46,20.60
010001803,BOIRON APIS MELLIFICA 5 CH GRANULI 4G,Fitoterapia e Omeopatia,,5.93,5.06,5.15,6.09,6.84,5.75,6.74,5.52,6.28
010001806,BOIRON APIS MELLIFICA 5 CH GLOBULI DOSA UNICA,Fitoterapia e Omeopatia,,36.27,36.99,36.61,35.69,37.66,36.92,37.45,37.11,37.72
010001809,BOIRON APIS MELLIFICA 5 CH GOCCE ORALI 30ML,Fitoterapia e Omeopatia,,18.44,19.42,19.49,19.40,18.27,18.08,19.18,17.87,18.58
010001812,BOIRON APIS MELLIFICA 5 CH FIALE ORALI 20 PEZZI,Fitoterapia e Omeopatia,,36.28,34.79,35.35,35.38,35.44,34.05,34.80,35.11,34.24
010001815,BOIRON APIS MELLIFICA 5 CH UNGUENTO 50G,Fitoterapia e Omeopatia,,39.69,38.72,38.69,38.83,40.08,39.12,39.39,38.75,39.98
010001818,BOIRON APIS MELLIFICA 5 CH SCIROPPO 150ML,Fitoterapia e Omeopatia,,34.28,35.37,34.71,34.04,35.15,34.64,34.19,34.63,34.06
010001821,BOIRON APIS MELLIFICA 7 CH GRANULI 4G,Fitoterapia e Omeopatia,,43.38,43.65,44.84,43.57,43.43,45.03,45.11,44.57,43.19
010001824,BOIRON APIS MELLIFICA 7 CH GLOBULI DOSA UNICA,Fitoterapia e Omeopatia,,30.39,31.76,31.12,31.11,31.40,30.73,29.82,31.12,31.54
010001827,BOIRON APIS MELLIFICA 7 CH GOCCE ORALI 30ML,Fitoterapia e Omeopatia,,11.19,11.89,9.76,11.40,10.09,10.98,10.71,10.66,11.26
010001830,BOIRON APIS MELLIFICA 7 CH FIALE ORALI 20 PEZZI,Fitoterapia e Omeopatia,,28.67,29.22,28.82,29.29,30.08,28.74,29.66,29.79,29.75
010001833,BOIRON APIS MELLIFICA 7 CH UNGUENTO 50G,Fitoterapia e Omeopatia,,10.62,9.01,9.95,10.74,9.68,10.12,9.54,9.36,10.99
010001836,BOIRON APIS MELLIFICA 7 CH SCIROPPO 150ML,Fitoterapia e Omeopatia,,30.31,31.99,32.13,31.95,30.97,30.07,30.31,31.07,30.24
010001839,BOIRON APIS MELLIFICA 9 CH GRANULI 4G,Fitoterapia e Omeopatia,,29.16,27.66,28.97,27.97,28.18,28.20,28.97,28.60,28.62
010001842,BOIRON APIS MELLIFICA 9 CH GLOBULI DOSA UNICA,Fitoterapia e Omeopatia,,7.12,6.85,7.99,7.65,8.37,8.08,8.64,8.12,7.57
010001845,BOIRON APIS MELLIFICA 9 CH GOCCE ORALI 30ML,Fitoterapia e Omeopatia,,7.63,9.53,8.04,7.57,7.85,9.82,8.69,8.05,9.36
010001848,BOIRON APIS MELLIFICA 9 CH FIALE ORALI 20 PEZZI,Fitoterapia e Omeopatia,,14.58,16.90,15.84,15.22,15.08,14.66,15.40,16.88,16.64
010001851,BOIRON APIS MELLIFICA 9 CH UNGUENTO 50G,Fitoterapia e Omeopatia,,22.85,22.41,22.22,22.27,23.68,23.60,24.09,24.36,24.41
010001854,BOIRON APIS MELLIFICA 9 CH SCIROPPO 150ML,Fitoterapia e Omeopatia,,11.54,10.76,11.25,12.50,12.07,11.15,11.81,11.97,10.44
010001857,BOIRON APIS MELLIFICA 12 CH GRANULI 4G,Fitoterapia e Omeopatia,,24.24,24.23,25.66,25.50,24.02,25.32,25.30,25.16,24.45
010001860,BOIRON APIS MELLIFICA 12 CH GLOBULI DOSA UNICA,Fitoterapia e Omeopatia,,32.50,30.85,32.40,32.02,30.82,30.53,30.56,30.34,30.80
010001863,BOIRON APIS MELLIFICA 12 CH GOCCE ORALI 30ML,Fitoterapia e Omeopatia,,5.85,5.83,7.22,8.08,7.60,6.52,7.96,7.51,7.94
010001866,BOIRON APIS MELLIFICA 12 CH FIALE ORALI 20 PEZZI,Fitoterapia e Omeopatia,,42.50,44.46,44.17,43.04,43.71,42.22,43.30,42.23,43.32
010001869,BOIRON APIS MELLIFICA 12 CH UNGUENTO 50G,Fitoterapia e Omeopatia,,19.76,19.91,20.91,21.14,19.57,19.88,20.99,18.95,20.60
010001872,BOIRON APIS MELLIFICA 12 CH SCIROPPO 150ML,Fitoterapia e Omeopatia,,29.33,27.87,29.98,28.23,29.76,29.00,29.29,28.63,28.08
010001875,BOIRON APIS MELLIFICA 15 CH GRANULI 4G,Fitoterapia e Omeopatia,,40.46,40.64,40.66,38.91,39.76,40.20,39.88,40.46,40.67
010001878,BOIRON APIS MELLIFICA 15 CH GLOBULI DOSA UNICA,Fitoterapia e Omeopatia,,5.36,4.81,6.44,6.46,4.76,6.05,6.82,6.00,6.52
010001881,BOIRON APIS MELLIFICA 15 CH GOCCE ORALI 30ML,Fitoterapia e Omeopatia,,8.12,7.96,6.58,7.84,6.79,7.39,7.06,7.36,6.67
010001884,BOIRON APIS MELLIFICA 15 CH FIALE ORALI 20 PEZZI,Fitoterapia e Omeopatia,,43.56,41.59,42.82,43.79,41.56,41.97,41.43,41.74,41.72
010001887,BOIRON APIS MELLIFICA 15 CH UNGUENTO 50G,Fitoterapia e Omeopatia,,19.17,19.28,18.02,17.68,19.63,17.96,18.86,17.87,19.88
010001890,BOIRON APIS MELLIFICA 15 CH SCIROPPO 150ML,Fitoterapia e Omeopatia,,18.83,17.74,19.09,18.59,18.84,17.30,19.06,18.70,17.93
010001893,BOIRON APIS MELLIFICA 30 CH GRANULI 4G,Fitoterapia e Omeopatia,,26.65,25.75,26.71,26.97,26.06,25.19,26.86,25.45,25.48
010001896,BOIRON APIS MELLIFICA 30 CH GLOBULI DOSA UNICA,Fitoterapia e Omeopatia,,44.92,43.41,44.14,44.94,44.15,43.13,43.57,44.11,44.32
010001899,BOIRON APIS MELLIFICA 30 CH GOCCE ORALI 30ML,Fitoterapia e Omeopatia,,11.17,11.40,9.35,10.74,11.68,9.70,10.92,10.72,11.66
010001902,BOIRON APIS MELLIFICA 30 CH FIALE ORALI 20 PEZZI,Fitoterapia e Omeopatia,,24.60,26.87,24.80,26.24,25.30,26.04,25.63,25.47,25.83
010001905,BOIRON APIS MELLIFICA 30 CH UNGUENTO 50G,Fitoterapia e Omeopatia,,26.43,26.27,25.97,26.55,25.15,26.38,25.20,26.50,26.02
010001908,BOIRON APIS MELLIFICA 30 CH SCIROPPO 150ML,Fitoterapia e Omeopatia,,22.83,22.60,21.45,21.15,21.97,20.75,21.11,21.10,21.46
010001911,BOIRON APIS MELLIFICA 200 CH GRANULI 4G,Fitoterapia e Omeopatia,,37.11,37.52,37.68,38.61,37.54,38.11,38.84,38.33,37.07
010001914,BOIRON APIS MELLIFICA 200 CH GLOBULI DOSA UNICA,Fitoterapia e Omeopatia,,6.62,4.90,4.77,4.77,6.79,5.24,5.32,5.98,6.55
010001917,BOIRON APIS MELLIFICA 200 CH GOCCE ORALI 30ML,Fitoterapia e Omeopatia,,24.61,25.89,24.60,26.19,25.45,24.80,25.70,26.24,24.88
010001920,BOIRON APIS MELLIFICA 200 CH FIALE ORALI 20 PEZZI,Fitoterapia e Omeopatia,,42.27,40.33,42.21,42.26,40.55,40.40,42.23,42.30,41.55
010001923,BOIRON APIS MELLIFICA 200 CH UNGUENTO 50G,Fitoterapia e Omeopatia,,12.91,12.30,11.45,12.43,11.99,12.39,11.58,11.57,12.09
010001926,BOIRON APIS MELLIFICA 200 CH SCIROPPO 150ML,Fitoterapia e Omeopatia,,19.47,18.63,19.22,18.03,18.29,18.21,18.35,19.16,18.55
010001929,BOIRON APIS MELLIFICA 1MK GRANULI 4G,Fitoterapia e Omeopatia,,14.59,12.44,13.07,14.47,13.07,12.77,14.48,14.13,12.70
010001932,BOIRON APIS MELLIFICA 1MK GLOBULI DOSA UNICA,Fitoterapia e Omeopatia,,40.85,41.03,41.89,40.38,41.15,41.32,41.66,41.43,40.83
010001935,BOIRON APIS MELLIFICA 1MK GOCCE ORALI 30ML,Fitoterapia e Omeopatia,,11.73,10.29,10.00,11.12,9.53,10.75,10.22,11.19,9.58
010001938,BOIRON APIS MELLIFICA 1MK FIALE ORALI 20 PEZZI,Fitoterapia e Omeopatia,,22.42,22.50,22.72,23.60,23.05,22.89,23.13,22.80,22.57
010001941,BOIRON APIS MELLIFICA 1MK UNGUENTO 50G,Fitoterapia e Omeopatia,,32.54,30.99,31.42,30.39,30.58,32.06,30.76,30.45,30.86
010001944,BOIRON APIS MELLIFICA 1MK SCIROPPO 150ML,Fitoterapia e Omeopatia,,20.25,21.46,22.31,21.98,22.31,22.05,22.26,20.42,21.65
010001947,BOIRON APIS MELLIFICA 6DH GRANULI 4G,Fitoterapia e Omeopatia,,25.69,25.60,25.42,26.03,26.58,25.29,26.13,26.67,25.29
010001950,BOIRON APIS MELLIFICA 6DH GLOBULI DOSA UNICA,Fitoterapia e Omeopatia,,21.26,22.13,21.06,22.01,21.59,20.70,22.03,21.02,21.65
010001953,BOIRON APIS MELLIFICA 6DH GOCCE ORALI 30ML,Fitoterapia e Omeopatia,,11.07,11.45,11.32,12.44,11.66,11.55,10.38,10.47,11.61
010001956,BOIRON APIS MELLIFICA 6DH FIALE ORALI 20 PEZZI,Fitoterapia e Omeopatia,,10.74,12.62,11.40,12.49,12.29,12.11,11.75,11.78,11.55
010001959,BOIRON APIS MELLIFICA 6DH UNGUENTO 50G,Fitoterapia e Omeopatia,,29.85,29.87,31.16,31.82,30.15,31.00,30.82,30.49,31.57
010001962,BOIRON APIS MELLIFICA 6DH SCIROPPO 150ML,Fitoterapia e Omeopatia,,37.92,39.52,37.44,37.66,39.09,38.62,39.00,37.61,38.57
010001965,BOIRON APIS MELLIFICA 12DH GRANULI 4G,Fitoterapia e Omeopatia,,24.20,26.34,24.36,25.02,26.51,24.40,25.52,26.17,26.32
010001968,BOIRON APIS MELLIFICA 12DH GLOBULI DOSA UNICA,Fitoterapia e Omeopatia,,23.30,23.73,23.11,22.65,23.72,22.69,23.86,22.13,22.46
010001971,BOIRON APIS MELLIFICA 12DH GOCCE ORALI 30ML,Fitoterapia e Omeopatia,,16.89,17.21,15.96,16.34,16.88,16.52,15.75,17.75,17.71
010001974,BOIRON APIS MELLIFICA 12DH FIALE ORALI 20 PEZZI,Fitoterapia e Omeopatia,,28.65,27.46,27.32,28.78,27.89,27.59,27.95,28.35,28.23
010001977,BOIRON APIS MELLIFICA 12DH UNGUENTO 50G,Fitoterapia e Omeopatia,,22.98,23.14,23.23,23.34,22.27,23.87,23.15,23.96,23.94
010001980,BOIRON APIS MELLIFICA 12DH SCIROPPO 150ML,Fitoterapia e Omeopatia,,39.53,39.57,41.27,39.40,40.00,40.12,40.15,39.76,41.49
010001983,BOIRON RHUS TOXICODENDRON 4 CH GRANULI 4G,Fitoterapia e Omeopatia,,30.30,29.71,30.36,30.93,29.83,30.42,30.71,30.61,29.62
010001986,BOIRON RHUS TOXICODENDRON 4 CH GLOBULI DOSA UNICA,Fitoterapia e Omeopatia,,27.52,27.60,29.04,28.90,27.76,28.17,27.75,28.05,27.73
010001989,BOIRON RHUS TOXICODENDRON 4 CH GOCCE ORALI 30ML,Fitoterapia e Omeopatia,,18.43,18.97,18.65,17.89,17.29,17.38,18.05,17.24,19.24
010001992,BOIRON RHUS TOXICODENDRON 4 CH FIALE ORALI 20 PEZZI,Fitoterapia e Omeopatia,,20.18,21.53,21.96,19.95,20.24,20.68,19.98,20.32,20.44
010001995,BOIRON RHUS TOXICODENDRON 4 CH UNGUENTO 50G,Fitoterapia e Omeopatia,,24.47,22.87,23.41,25.07,23.21,23.41,24.49,23.03,23.80
010001998,BOIRON RHUS TOXICODENDRON 4 CH SCIROPPO 150ML,Fitoterapia e Omeopatia,,23.74,25.30,25.39,24.46,23.60,24.63,24.28,24.53,24.33
010002001,BOIRON RHUS TOXICODENDRON 5 CH GRANULI 4G,Fitoterapia e Omeopatia,,41.09,41.21,42.43,40.79,40.30,41.44,40.93,41.38,42.45
010002004,BOIRON RHUS TOXICODENDRON 5 CH GLOBULI DOSA UNICA,Fitoterapia e Omeopatia,,27.08,28.81,26.93,27.53,27.93,27.37,27.54,27.46,27.58
010002007,BOIRON RHUS TOXICODENDRON 5 CH GOCCE ORALI 30ML,Fitoterapia e Omeopatia,,10.53,10.55,9.55,10.02,11.18,9.51,11.11,8.93,9.05
010002010,BOIRON RHUS TOXICODENDRON 5 CH FIALE ORALI 20 PEZZI,Fitoterapia e Omeopatia,,15.58,14.03,14.82,15.31,15.83,14.27,15.57,15.08,15.89
010002013,BOIRON RHUS TOXICODENDRON 5 CH UNGUENTO 50G,Fitoterapia e Omeopatia,,40.30,38.25,38.17,39.02,39.32,39.22,39.50,38.93,39.74
010002016,BOIRON RHUS TOXICODENDRON 5 CH SCIROPPO 150ML,Fitoterapia e Omeopatia,,35.91,35.32,37.28,35.52,36.38,35.83,36.08,35.45,36.73
010002019,BOIRON RHUS TOXICODENDRON 7 CH GRANULI 4G,Fitoterapia e Omeopatia,,31.70,31.74,33.11,31.27,30.86,31.74,32.45,31.37,31.54
010002022,BOIRON RHUS TOXICODENDRON 7 CH GLOBULI DOSA UNICA,Fitoterapia e Omeopatia,,29.04,29.04,28.79,29.08,27.74,27.64,27.40,27.26,29.16
010002025,BOIRON RHUS TOXICODENDRON 7 CH GOCCE ORALI 30ML,Fitoterapia e Omeopatia,,25.92,25.46,25.62,26.50,26.45,25.72,25.49,25.53,25.17
010002028,BOIRON RHUS TOXICODENDRON 7 CH FIALE ORALI 20 PEZZI,Fitoterapia e Omeopatia,,24.45,25.84,25.05,24.01,25.59,25.99,24.50,25.20,25.97
010002031,BOIRON RHUS TOXICODENDRON 7 CH UNGUENTO 50G,Fitoterapia e Omeopatia,,19.25,20.17,20.04,19.44,19.93,19.15,20.36,20.18,20.43
010002034,BOIRON RHUS TOXICODENDRON 7 CH SCIROPPO 150ML,Fitoterapia e Omeopatia,,26.50,26.10,24.67,24.69,24.60,24.57,24.54,25.78,26.42
010002037,BOIRON RHUS TOXICODENDRON 9 CH GRANULI 4G,Fitoterapia e Omeopatia,,8.74,9.04,6.75,6.89,8.50,7.48,6.70,7.86,7.49
010002040,BOIRON RHUS TOXICODENDRON 9 CH GLOBULI DOSA UNICA,Fitoterapia e Omeopatia,,23.34,22.59,22.49,22.77,22.11,22.84,22.27,22.83,23.70
010002043,BOIRON RHUS TOXICODENDRON 9 CH GOCCE ORALI 30ML,Fitoterapia e Omeopatia,,29.78,29.11,29.87,28.79,30.14,29.61,28.86,29.95,30.62
010002046,BOIRON RHUS TOXICODENDRON 9 CH FIALE ORALI 20 PEZZI,Fitoterapia e Omeopatia,,30.64,32.73,31.91,30.78,30.58,31.74,31.21,32.08,32.35
010002049,BOIRON RHUS TOXICODENDRON 9 CH UNGUENTO 50G,Fitoterapia e Omeopatia,,12.47,12.91,11.79,11.07,10.89,13.04,11.75,10.93,11.30
010002052,BOIRON RHUS TOXICODENDRON 9 CH SCIROPPO 150ML,Fitoterapia e Omeopatia,,30.86,31.58,31.47,31.00,31.11,32.01,31.59,30.99,32.71
010002055,BOIRON RHUS TOXICODENDRON 12 CH GRANULI 4G,Fitoterapia e Omeopatia,,14.22,13.29,13.73,13.67,13.50,14.76,14.63,13.20,13.40
010002058,BOIRON RHUS TOXICODENDRON 12 CH GLOBULI DOSA UNICA,Fitoterapia e Omeopatia,,36.86,37.06,36.77,36.40,35.38,36.02,35.71,35.20,37.34
010002061,BOIRON RHUS TOXICODENDRON 12 CH GOCCE ORALI 30ML,Fitoterapia e Omeopatia,,41.03,42.90,42.51,41.27,41.13,42.10,41.79,42.70,41.15
010002064,BOIRON RHUS TOXICODENDRON 12 CH FIALE ORALI 20 PEZZI,Fitoterapia e Omeopatia,,6.12,6.37,6.05,6.29,7.35,5.86,5.89,7.28,7.15
010002067,BOIRON RHUS TOXICODENDRON 12 CH UNGUENTO 50G,Fitoterapia e Omeopatia,,17.49,17.53,17.61,17.10,17.87,17.02,18.69,18.69,17.39
010002070,BOIRON RHUS TOXICODENDRON 12 CH SCIROPPO 150ML,Fitoterapia e Omeopatia,,35.00,33.70,34.40,33.76,35.50,34.57,35.41,35.46,34.03
010002073,BOIRON RHUS TOXICODENDRON 15 CH GRANULI 4G,Fitoterapia e Omeopatia,,27.52,28.02,28.35,27.32,28.48,26.78,27.63,28.58,26.82
010002076,BOIRON RHUS TOXICODENDRON 15 CH GLOBULI DOSA UNICA,Fitoterapia e Omeopatia,,34.72,33.49,32.67,34.47,33.42,34.45,34.36,33.71,33.83
010002079,BOIRON RHUS TOXICODENDRON 15 CH GOCCE ORALI 30ML,Fitoterapia e Omeopatia,,40.94,41.02,39.54,40.99,40.20,39.49,40.98,41.01,40.91
010002082,BOIRON RHUS TOXICODENDRON 15 CH FIALE ORALI 20 PEZZI,Fitoterapia e Omeopatia,,11.29,11.90,12.07,10.57,10.18,10.61,10.99,10.22,10.95
010002085,BOIRON RHUS TOXICODENDRON 15 CH UNGUENTO 50G,Fitoterapia e Omeopatia,,44.62,43.82,44.81,45.49,43.71,44.86,44.69,45.53,43.36
010002088,BOIRON RHUS TOXICODENDRON 15 CH SCIROPPO 150ML,Fitoterapia e Omeopatia,,30.11,30.70,30.78,29.68,30.42,30.28,29.52,31.43,29.71
010002091,BOIRON RHUS TOXICODENDRON 30 CH GRANULI 4G,Fitoterapia e Omeopatia,,21.97,21.08,21.59,22.58,21.54,21.00,21.28,20.86,20.78
010002094,BOIRON RHUS TOXICODENDRON 30 CH GLOBULI DOSA UNICA,Fitoterapia e Omeopatia,,15.37,16.83,16.09,15.88,16.67,14.69,14.80,15.10,15.77
010002097,BOIRON RHUS TOXICODENDRON 30 CH GOCCE ORALI 30ML,Fitoterapia e Omeopatia,,38.84,39.08,37.08,37.23,38.21,38.07,37.46,36.98,39.12
010002100,BOIRON RHUS TOXICODENDRON 30 CH FIALE ORALI 20 PEZZI,Fitoterapia e Omeopatia,,41.88,41.20,40.97,41.10,42.17,42.47,41.84,40.67,40.42
010002103,BOIRON RHUS TOXICODENDRON 30 CH UNGUENTO 50G,Fitoterapia e Omeopatia,,36.94,38.21,38.41,37.18,38.26,38.39,38.66,38.70,37.50
010002106,BOIRON RHUS TOXICODENDRON 30 CH SCIROPPO 150ML,Fitoterapia e Omeopatia,,6.38,6.05,6.52,6.96,6.08,7.65,7.31,6.09,6.12
010002109,BOIRON RHUS TOXICODENDRON 200 CH GRANULI 4G,Fitoterapia e Omeopatia,,38.03,37.87,38.74,37.53,38.59,36.58,38.92,36.81,36.68
010002112,BOIRON RHUS TOXICODENDRON 200 CH GLOBULI DOSA UNICA,Fitoterapia e Omeopatia,,25.32,24.86,26.78,25.18,25.62,27.16,25.44,26.95,24.90
010002115,BOIRON RHUS TOXICODENDRON 200 CH GOCCE ORALI 30ML,Fitoterapia e Omeopatia,,25.02,24.79,23.34,25.50,23.49,23.21,24.06,23.91,24.99
010002118,BOIRON RHUS TOXICODENDRON 200 CH FIALE ORALI 20 PEZZI,Fitoterapia e Omeopatia,,9.13,8.78,7.54,9.23,8.62,7.25,8.67,8.78,8.65
010002121,BOIRON RHUS TOXICODENDRON 200 CH UNGUENTO 50G,Fitoterapia e Omeopatia,,39.16,40.05,39.38,39.83,37.83,39.41,37.96,38.09,37.81
010002124,BOIRON RHUS TOXICODENDRON 200 CH SCIROPPO 150ML,Fitoterapia e Omeopatia,,17.76,18.68,17.71,16.73,18.40,17.75,17.43,17.97,16.86
010002127,BOIRON RHUS TOXICODENDRON 1MK GRANULI 4G,Fitoterapia e Omeopatia,,31.75,32.14,32.50,32.15,33.55,33.01,32.92,31.63,33.53
010002130,BOIRON RHUS TOXICODENDRON 1MK GLOBULI DOSA UNICA,Fitoterapia e Omeopatia,,15.60,14.28,16.38,16.23,15.15,14.41,14.20,14.16,15.55
010002133,BOIRON RHUS TOXICODENDRON 1MK GOCCE ORALI 30ML,Fitoterapia e Omeopatia,,19.21,19.95,20.11,20.77,19.21,21.50,21.29,20.34,20.10
010002136,BOIRON RHUS TOXICODENDRON 1MK FIALE ORALI 20 PEZZI,Fitoterapia e Omeopatia,,13.22,12.77,12.11,12.32,14.28,12.70,13.15,14.18,12.50
010002139,BOIRON RHUS TOXICODENDRON 1MK UNGUENTO 50G,Fitoterapia e Omeopatia,,31.55,31.34,30.72,31.78,30.35,31.65,30.94,31.94,31.09
010002142,BOIRON RHUS TOXICODENDRON 1MK SCIROPPO 150ML,Fitoterapia e Omeopatia,,31.08,30.51,30.39,30.33,31.53,29.91,31.24,30.07,30.13
010002145,BOIRON RHUS TOXICODENDRON 6DH GRANULI 4G,Fitoterapia e Omeopatia,,33.09,33.41,32.97,34.60,32.41,33.08,33.03,33.51,34.05
010002148,BOIRON RHUS TOXICODENDRON 6DH GLOBULI DOSA UNICA,Fitoterapia e Omeopatia,,43.30,44.15,43.91,43.24,44.24,42.77,44.00,42.21,42.38
010002151,BOIRON RHUS TOXICODENDRON 6DH GOCCE ORALI 30ML,Fitoterapia e Omeopatia,,33.74,33.88,34.92,35.67,35.26,35.29,35.66,34.68,34.58
010002154,BOIRON RHUS TOXICODENDRON 6DH FIALE ORALI 20 PEZZI,Fitoterapia e Omeopatia,,41.61,42.06,42.09,40.20,41.29,42.37,41.50,40.26,42.46
010002157,BOIRON RHUS TOXICODENDRON 6DH UNGUENTO 50G,Fitoterapia e Omeopatia,,9.66,8.39,9.41,9.15,9.34,7.99,9.53,8.85,7.66
010002160,BOIRON RHUS TOXICODENDRON 6DH SCIROPPO 150ML,Fitoterapia e Omeopatia,,18.59,16.91,18.51,17.26,17.94,16.60,17.54,18.60,16.95
010002163,BOIRON RHUS TOXICODENDRON 12DH GRANULI 4G,Fitoterapia e Omeopatia,,30.33,29.42,30.56,29.26,29.65,30.43,28.78,29.32,31.02
010002166,BOIRON RHUS TOXICODENDRON 12DH GLOBULI DOSA UNICA,Fitoterapia e Omeopatia,,30.52,30.91,30.37,29.10,30.89,30.05,29.17,29.00,31.05
010002169,BOIRON RHUS TOXICODENDRON 12DH GOCCE ORALI 30ML,Fitoterapia e Omeopatia,,34.63,36.05,35.01,34.56,35.12,35.70,36.36,34.20,35.04
010002172,BOIRON RHUS TOXICODENDRON 12DH FIALE ORALI 20 PEZZI,Fitoterapia e Omeopatia,,38.38,39.11,39.26,37.68,38.17,38.47,38.19,37.80,37.85
010002175,BOIRON RHUS TOXICODENDRON 12DH UNGUENTO 50G,Fitoterapia e Omeopatia,,20.06,18.03,17.95,18.78,17.73,19.93,19.65,18.72,19.88
010002178,BOIRON RHUS TOXICODENDRON 12DH SCIROPPO 150ML,Fitoterapia e Omeopatia,,27.41,27.09,26.54,27.59,26.44,27.43,28.01,26.22,26.19
010002181,BOIRON GELSEMIUM 4 CH GRANULI 4G,Fitoterapia e Omeopatia,,18.51,17.59,17.52,19.33,18.09,18.37,18.76,18.20,17.94
010002184,BOIRON GELSEMIUM 4 CH GLOBULI DOSA UNICA,Fitoterapia e Omeopatia,,35.92,35.41,34.60,35.21,33.96,35.32,34.12,35.16,33.72
010002187,BOIRON GELSEMIUM 4 CH GOCCE ORALI 30ML,Fitoterapia e Omeopatia,,35.29,35.77,35.44,37.22,36.11,35.82,36.21,36.57,36.66
010002190,BOIRON GELSEMIUM 4 CH FIALE ORALI 20 PEZZI,Fitoterapia e Omeopatia,,36.29,36.73,36.23,36.98,36.83,37.12,37.04,37.22,37.15
010002193,BOIRON GELSEMIUM 4 CH UNGUENTO 50G,Fitoterapia e Omeopatia,,40.23,41.13,39.99,40.74,41.68,41.53,40.37,42.19,40.53
010002196,BOIRON GELSEMIUM 4 CH SCIROPPO 150ML,Fitoterapia e Omeopatia,,18.01,17.65,16.85,15.99,17.40,17.23,17.96,15.76,15.97
010002199,BOIRON GELSEMIUM 5 CH GRANULI 4G,Fitoterapia e Omeopatia,,22.04,23.71,21.91,23.24,23.03,23.16,22.85,23.14,23.68
010002202,BOIRON GELSEMIUM 5 CH GLOBULI DOSA UNICA,Fitoterapia e Omeopatia,,29.16,29.07,30.66,28.95,29.08,29.10,30.84,30.16,29.76
010002205,BOIRON GELSEMIUM 5 CH GOCCE ORALI 30ML,Fitoterapia e Omeopatia,,17.48,18.36,17.23,17.64,17.95,18.41,17.87,16.64,17.02
010002208,BOIRON GELSEMIUM 5 CH FIALE ORALI 20 PEZZI,Fitoterapia e Omeopatia,,4.80,5.39,5.57,6.01,5.96,4.90,5.71,6.80,5.73
010002211,BOIRON GELSEMIUM 5 CH UNGUENTO 50G,Fitoterapia e Omeopatia,,21.42,21.42,23.10,21.88,22.91,22.94,21.52,21.60,21.95
010002214,BOIRON GELSEMIUM 5 CH SCIROPPO 150ML,Fitoterapia e Omeopatia,,29.86,29.24,29.29,29.24,28.11,29.66,28.34,28.73,28.99
010002217,BOIRON GELSEMIUM 7 CH GRANULI 4G,Fitoterapia e Omeopatia,,17.78,18.81,18.29,17.80,19.12,17.98,18.16,18.18,18.47
010002220,BOIRON GELSEMIUM 7 CH GLOBULI DOSA UNICA,Fitoterapia e Omeopatia,,26.43,25.54,27.53,27.47,27.35,27.25,26.79,27.46,26.49
010002223,BOIRON GELSEMIUM 7 CH GOCCE ORALI 30ML,Fitoterapia e Omeopatia,,4.89,4.25,5.46,5.86,3.73,4.00,5.44,5.93,5.84
010002226,BOIRON GELSEMIUM 7 CH FIALE ORALI 20 PEZZI,Fitoterapia e Omeopatia,,38.51,38.59,38.41,38.72,38.20,37.57,37.33,37.54,38.55
010002229,BOIRON GELSEMIUM 7 CH UNGUENTO 50G,Fitoterapia e Omeopatia,,9.13,8.90,10.29,10.38,9.72,9.50,11.09,8.95,8.80
010002232,BOIRON GELSEMIUM 7 CH SCIROPPO 150ML,Fitoterapia e Omeopatia,,28.43,26.41,27.89,27.78,26.84,26.92,27.85,27.46,27.37
010002235,BOIRON GELSEMIUM 9 CH GRANULI 4G,Fitoterapia e Omeopatia,,10.27,9.28,10.89,11.32,9.12,9.66,9.90,9.98,9.47
010002238,BOIRON GELSEMIUM 9 CH GLOBULI DOSA UNICA,Fitoterapia e Omeopatia,,22.67,22.99,22.82,22.60,23.38,21.74,24.07,23.94,22.27
010002241,BOIRON GELSEMIUM 9 CH GOCCE ORALI 30ML,Fitoterapia e Omeopatia,,13.96,14.33,13.42,14.39,14.39,14.15,13.30,13.63,14.29
010002244,BOIRON GELSEMIUM 9 CH FIALE ORALI 20 PEZZI,Fitoterapia e Omeopatia,,26.99,27.99,27.07,27.82,27.02,27.95,26.97,26.80,28.74
010002247,BOIRON GELSEMIUM 9 CH UNGUENTO 50G,Fitoterapia e Omeopatia,,44.31,43.92,44.04,44.40,44.01,44.73,45.32,45.09,44.61
010002250,BOIRON GELSEMIUM 9 CH SCIROPPO 150ML,Fitoterapia e Omeopatia,,11.23,10.84,12.56,10.75,11.90,12.24,12.40,11.56,11.36
010002253,BOIRON GELSEMIUM 12 CH GRANULI 4G,Fitoterapia e Omeopatia,,42.70,42.42,43.35,42.77,44.49,43.46,44.26,43.07,44.52
010002256,BOIRON GELSEMIUM 12 CH GLOBULI DOSA UNICA,Fitoterapia e Omeopatia,,18.13,17.99,17.79,18.39,18.08,16.76,18.55,16.46,18.28
010002259,BOIRON GELSEMIUM 12 CH GOCCE ORALI 30ML,Fitoterapia e Omeopatia,,8.88,8.03,7.83,8.76,9.12,9.89,9.77,9.92,9.95
010002262,BOIRON GELSEMIUM 12 CH FIALE ORALI 20 PEZZI,Fitoterapia e Omeopatia,,42.38,41.29,42.51,42.57,41.43,42.63,42.21,42.29,43.13
010002265,BOIRON GELSEMIUM 12 CH UNGUENTO 50G,Fitoterapia e Omeopatia,,7.73,9.09,8.08,7.94,8.14,8.78,9.13,8.91,7.90
010002268,BOIRON GELSEMIUM 12 CH SCIROPPO 150ML,Fitoterapia e Omeopatia,,6.02,5.28,7.14,7.37,7.15,7.37,6.70,7.09,5.87
010002271,BOIRON GELSEMIUM 15 CH GRANULI 4G,Fitoterapia e Omeopatia,,35.20,35.22,34.77,36.23,33.90,34.51,35.65,34.05,34.47
010002274,BOIRON GELSEMIUM 15 CH GLOBULI DOSA UNICA,Fitoterapia e Omeopatia,,33.83,34.74,33.50,35.03,35.14,34.36,33.89,34.85,34.10
010002277,BOIRON GELSEMIUM 15 CH GOCCE ORALI 30ML,Fitoterapia e Omeopatia,,28.15,27.42,27.54,28.10,29.49,27.93,29.57,28.98,28.60
010002280,BOIRON GELSEMIUM 15 CH FIALE ORALI 20 PEZZI,Fitoterapia e Omeopatia,,28.18,26.88,28.07,27.58,28.05,25.82,27.73,27.01,26.79
010002283,BOIRON GELSEMIUM 15 CH UNGUENTO 50G,Fitoterapia e Omeopatia,,24.86,23.30,24.69,25.04,24.01,24.19,24.37,23.75,24.35
010002286,BOIRON GELSEMIUM 15 CH SCIROPPO 150ML,Fitoterapia e Omeopatia,,41.31,41.99,40.75,42.30,40.54,41.93,40.46,42.23,40.30
010002289,BOIRON GELSEMIUM 30 CH GRANULI 4G,Fitoterapia e Omeopatia,,18.10,17.64,17.34,18.39,18.35,16.95,16.11,17.11,17.34
010002292,BOIRON GELSEMIUM 30 CH GLOBULI DOSA UNICA,Fitoterapia e Omeopatia,,36.26,36.74,37.09,36.08,36.94,35.31,36.02,37.08,36.82
010002295,BOIRON GELSEMIUM 30 CH GOCCE ORALI 30ML,Fitoterapia e Omeopatia,,16.93,17.28,17.31,17.10,18.78,17.21,18.57,17.14,17.84
010002298,BOIRON GELSEMIUM 30 CH FIALE ORALI 20 PEZZI,Fitoterapia e Omeopatia,,9.76,10.01,8.87,7.93,8.55,8.60,9.22,10.05,8.84
010002301,BOIRON GELSEMIUM 30 CH UNGUENTO 50G,Fitoterapia e Omeopatia,,30.34,28.97,30.16,28.79,30.34,28.86,28.80,29.87,29.25
010002304,BOIRON GELSEMIUM 30 CH SCIROPPO 150ML,Fitoterapia e Omeopatia,,26.32,24.56,24.37,25.13,25.04,25.25,25.69,25.60,24.34
010002307,BOIRON GELSEMIUM 200 CH GRANULI 4G,Fitoterapia e Omeopatia,,8.22,7.19,7.07,8.75,8.10,7.17,7.48,8.82,6.84
010002310,BOIRON GELSEMIUM 200 CH GLOBULI DOSA UNICA,Fitoterapia e Omeopatia,,19.02,18.01,18.83,19.31,20.08,18.75,19.86,18.28,17.80
010002313,BOIRON GELSEMIUM 200 CH GOCCE ORALI 30ML,Fitoterapia e Omeopatia,,22.23,22.02,20.89,20.26,21.45,20.55,19.90,22.24,21.19
010002316,BOIRON GELSEMIUM 200 CH FIALE ORALI 20 PEZZI,Fitoterapia e Omeopatia,,29.73,30.42,29.10,29.53,28.51,28.86,28.72,29.88,29.95
010002319,BOIRON GELSEMIUM 200 CH UNGUENTO 50G,Fitoterapia e Omeopatia,,41.91,40.62,39.96,41.17,41.82,39.83,41.56,41.63,40.17
010002322,BOIRON GELSEMIUM 200 CH SCIROPPO 150ML,Fitoterapia e Omeopatia,,21.80,21.36,21.96,20.79,22.13,21.31,22.02,21.31,20.91
010002325,BOIRON GELSEMIUM 1MK GRANULI 4G,Fitoterapia e Omeopatia,,9.55,8.83,9.41,9.30,7.94,9.24,9.63,8.40,7.85
010002328,BOIRON GELSEMIUM 1MK GLOBULI DOSA UNICA,Fitoterapia e Omeopatia,,9.67,9.87,10.47,9.77,9.81,10.93,10.83,10.78,9.14
010002331,BOIRON GELSEMIUM 1MK GOCCE ORALI 30ML,Fitoterapia e Omeopatia,,13.09,12.25,11.16,12.08,11.62,13.03,13.33,12.17,11.67
010002334,BOIRON GELSEMIUM 1MK FIALE ORALI 20 PEZZI,Fitoterapia e Omeopatia,,22.12,22.70,21.77,23.05,22.01,22.50,22.47,21.95,22.98
010002337,BOIRON GELSEMIUM 1MK UNGUENTO 50G,Fitoterapia e Omeopatia,,13.85,13.51,12.33,13.21,13.04,12.55,12.76,14.25,12.51
010002340,BOIRON GELSEMIUM 1MK SCIROPPO 150ML,Fitoterapia e Omeopatia,,35.08,36.31,34.87,34.95,36.00,35.42,36.55,35.06,35.71
010002343,BOIRON GELSEMIUM 6DH GRANULI 4G,Fitoterapia e Omeopatia,,22.31,22.35,23.02,21.38,22.18,21.49,22.90,21.56,22.55
010002346,BOIRON GELSEMIUM 6DH GLOBULI DOSA UNICA,Fitoterapia e Omeopatia,,28.81,28.84,29.44,28.30,27.90,29.21,28.73,27.99,27.99
010002349,BOIRON GELSEMIUM 6DH GOCCE ORALI 30ML,Fitoterapia e Omeopatia,,33.30,33.20,34.53,33.21,34.27,34.15,34.07,34.58,34.79
010002352,BOIRON GELSEMIUM 6DH FIALE ORALI 20 PEZZI,Fitoterapia e Omeopatia,,22.06,22.79,22.15,21.91,21.68,21.34,20.98,22.56,22.27
010002355,BOIRON GELSEMIUM 6DH UNGUENTO 50G,Fitoterapia e Omeopatia,,41.50,42.21,43.07,41.49,43.30,43.64,42.43,41.71,42.36
010002358,BOIRON GELSEMIUM 6DH SCIROPPO 150ML,Fitoterapia e Omeopatia,,36.43,37.44,37.31,36.72,36.49,37.51,36.02,37.68,37.69
010002361,BOIRON GELSEMIUM 12DH GRANULI 4G,Fitoterapia e Omeopatia,,32.70,31.28,32.15,31.82,31.12,32.84,30.70,32.02,30.89
010002364,BOIRON GELSEMIUM 12DH GLOBULI DOSA UNICA,Fitoterapia e Omeopatia,,38.69,38.42,40.46,40.07,38.82,39.76,40.36,39.65,38.87
010002367,BOIRON GELSEMIUM 12DH GOCCE ORALI 30ML,Fitoterapia e Omeopatia,,27.57,27.06,26.79,28.21,26.81,27.56,27.42,26.29,26.58
010002370,BOIRON GELSEMIUM 12DH FIALE ORALI 20 PEZZI,Fitoterapia e Omeopatia,,18.39,16.30,16.84,17.44,18.17,18.10,17.51,18.16,16.89
010002373,BOIRON GELSEMIUM 12DH UNGUENTO 50G,Fitoterapia e Omeopatia,,42.77,41.61,41.27,41.87,41.32,41.42,40.77,42.35,40.94
010002376,BOIRON GELSEMIUM 12DH SCIROPPO 150ML,Fitoterapia e Omeopatia,,22.71,21.00,20.46,22.59,20.93,22.58,20.99,21.63,21.27
010002379,BOIRON CALCAREA CARBONICA 4 CH GRANULI 4G,Fitoterapia e Omeopatia,,34.14,34.08,34.33,34.16,34.42,34.23,35.04,34.33,34.99
010002382,BOIRON CALCAREA CARBONICA 4 CH GLOBULI DOSA UNICA,Fitoterapia e Omeopatia,,38.93,37.36,39.06,37.66,37.77,38.56,39.31,38.67,38.15
010002385,BOIRON CALCAREA CARBONICA 4 CH GOCCE ORALI 30ML,Fitoterapia e Omeopatia,,7.45,8.82,7.71,8.36,8.59,6.74,7.60,8.26,8.04
010002388,BOIRON CALCAREA CARBONICA 4 CH FIALE ORALI 20 PEZZI,Fitoterapia e Omeopatia,,15.42,15.21,15.94,15.22,15.16,16.68,15.94,14.63,15.54
010002391,BOIRON CALCAREA CARBONICA 4 CH UNGUENTO 50G,Fitoterapia e Omeopatia,,31.54,32.95,31.29,31.27,31.32,32.75,32.43,32.16,32.44
010002394,BOIRON CALCAREA CARBONICA 4 CH SCIROPPO 150ML,Fitoterapia e Omeopatia,,35.91,37.24,37.74,37.53,36.02,37.09,36.33,36.51,36.57
010002397,BOIRON CALCAREA CARBONICA 5 CH GRANULI 4G,Fitoterapia e Omeopatia,,36.12,36.98,37.62,36.73,36.86,36.77,36.83,35.61,36.41
010002400,BOIRON CALCAREA CARBONICA 5 CH GLOBULI DOSA UNICA,Fitoterapia e Omeopatia,,18.13,16.39,16.17,18.02,16.29,18.18,17.98,16.66,16.32
010002403,BOIRON CALCAREA CARBONICA 5 CH GOCCE ORALI 30ML,Fitoterapia e Omeopatia,,43.57,45.09,45.40,44.98,45.11,45.10,43.86,44.81,44.36
010002406,BOIRON CALCAREA CARBONICA 5 CH FIALE ORALI 20 PEZZI,Fitoterapia e Omeopatia,,36.42,36.59,38.09,36.92,37.86,36.33,37.89,37.36,38.45
010002409,BOIRON CALCAREA CARBONICA 5 CH UNGUENTO 50G,Fitoterapia e Omeopatia,,41.70,39.93,39.90,41.39,40.01,40.70,40.01,41.30,40.45
010002412,BOIRON CALCAREA CARBONICA 5 CH SCIROPPO 150ML,Fitoterapia e Omeopatia,,10.74,11.59,11.12,11.97,10.21,12.04,11.83,10.86,12.00
010002415,BOIRON CALCAREA CARBONICA 7 CH GRANULI 4G,Fitoterapia e Omeopatia,,10.26,12.12,10.41,11.58,10.84,10.08,9.90,10.98,9.86
010002418,BOIRON CALCAREA CARBONICA 7 CH GLOBULI DOSA UNICA,Fitoterapia e Omeopatia,,7.21,6.69,7.58,6.38,5.68,5.71,7.69,6.07,6.05
010002421,BOIRON CALCAREA CARBONICA 7 CH GOCCE ORALI 30ML,Fitoterapia e Omeopatia,,9.11,8.27,9.79,8.74,8.62,8.55,7.84,8.38,8.94
010002424,BOIRON CALCAREA CARBONICA 7 CH FIALE ORALI 20 PEZZI,Fitoterapia e Omeopatia,,43.58,41.93,42.61,41.85,43.90,43.50,42.51,43.97,42.42
010002427,BOIRON CALCAREA CARBONICA 7 CH UNGUENTO 50G,Fitoterapia e Omeopatia,,41.98,41.68,43.22,43.51,43.19,42.66,42.86,43.41,43.06
010002430,BOIRON CALCAREA CARBONICA 7 CH SCIROPPO 150ML,Fitoterapia e Omeopatia,,12.62,13.60,12.15,13.78,13.03,12.17,11.83,13.08,13.77
010002433,BOIRON CALCAREA CARBONICA 9 CH GRANULI 4G,Fitoterapia e Omeopatia,,43.08,42.94,43.94,44.46,43.28,44.44,44.68,43.98,43.42
010002436,BOIRON CALCAREA CARBONICA 9 CH GLOBULI DOSA UNICA,Fitoterapia e Omeopatia,,25.47,25.08,23.47,24.50,23.47,25.13,23.79,24.33,24.22
010002439,BOIRON CALCAREA CARBONICA 9 CH GOCCE ORALI 30ML,Fitoterapia e Omeopatia,,31.11,30.74,29.33,29.65,29.67,29.58,29.26,30.22,30.02
010002442,BOIRON CALCAREA CARBONICA 9 CH FIALE ORALI 20 PEZZI,Fitoterapia e Omeopatia,,38.69,38.82,39.25,39.25,38.78,38.91,40.27,39.14,40.31
010002445,BOIRON CALCAREA CARBONICA 9 CH UNGUENTO 50G,Fitoterapia e Omeopatia,,30.82,30.17,31.87,29.66,30.39,29.89,31.79,29.96,30.53
010002448,BOIRON CALCAREA CARBONICA 9 CH SCIROPPO 150ML,Fitoterapia e Omeopatia,,38.29,38.32,38.53,37.33,38.71,36.59,37.60,37.86,36.41
010002451,BOIRON CALCAREA CARBONICA 12 CH GRANULI 4G,Fitoterapia e Omeopatia,,12.70,11.98,13.40,13.79,11.92,12.90,11.71,12.91,12.84
010002454,BOIRON CALCAREA CARBONICA 12 CH GLOBULI DOSA UNICA,Fitoterapia e Omeopatia,,6.29,7.26,6.25,6.17,6.93,5.07,5.92,5.95,7.25
010002457,BOIRON CALCAREA CARBONICA 12 CH GOCCE ORALI 30ML,Fitoterapia e Omeopatia,,28.14,27.39,27.58,26.36,27.83,28.31,28.35,28.07,27.60
010002460,BOIRON CALCAREA CARBONICA 12 CH FIALE ORALI 20 PEZZI,Fitoterapia e Omeopatia,,19.38,20.33,21.36,21.59,19.78,21.55,21.20,19.95,21.48
010002463,BOIRON CALCAREA CARBONICA 12 CH UNGUENTO 50G,Fitoterapia e Omeopatia,,29.20,29.81,29.89,30.62,29.85,30.51,28.65,29.48,30.34
010002466,BOIRON CALCAREA CARBONICA 12 CH SCIROPPO 150ML,Fitoterapia e Omeopatia,,37.87,36.62,38.49,37.15,38.48,37.04,36.75,36.41,36.80
010002469,BOIRON CALCAREA CARBONICA 15 CH GRANULI 4G,Fitoterapia e Omeopatia,,39.68,41.02,39.88,40.70,40.10,39.44,40.70,39.96,40.99
010002472,BOIRON CALCAREA CARBONICA 15 CH GLOBULI DOSA UNICA,Fitoterapia e Omeopatia,,17.25,18.81,18.64,18.08,18.40,16.87,17.24,17.87,18.42
010002475,BOIRON CALCAREA CARBONICA 15 CH GOCCE ORALI 30ML,Fitoterapia e Omeopatia,,29.31,30.36,29.75,29.42,30.17,30.04,30.54,29.48,29.60
010002478,BOIRON CALCAREA CARBONICA 15 CH FIALE ORALI 20 PEZZI,Fitoterapia e Omeopatia,,10.95,11.31,11.72,11.20,10.63,9.60,10.52,11.49,11.58
010002481,BOIRON CALCAREA CARBONICA 15 CH UNGUENTO 50G,Fitoterapia e Omeopatia,,40.74,39.71,40.62,40.18,39.83,40.53,40.42,40.82,41.00
010002484,BOIRON CALCAREA CARBONICA 15 CH SCIROPPO 150ML,Fitoterapia e Omeopatia,,13.09,13.23,13.20,13.14,13.91,13.69,12.65,12.42,13.79
010002487,BOIRON CALCAREA CARBONICA 30 CH GRANULI 4G,Fitoterapia e Omeopatia,,30.51,31.74,30.78,30.90,31.47,30.94,31.65,31.69,31.18
010002490,BOIRON CALCAREA CARBONICA 30 CH GLOBULI DOSA UNICA,Fitoterapia e Omeopatia,,34.16,34.27,33.32,33.17,34.01,34.11,35.15,34.35,34.84
010002493,BOIRON CALCAREA CARBONICA 30 CH GOCCE ORALI 30ML,Fitoterapia e Omeopatia,,38.13,37.66,36.89,36.87,36.83,37.92,35.94,36.16,38.01
010002496,BOIRON CALCAREA CARBONICA 30 CH FIALE ORALI 20 PEZZI,Fitoterapia e Omeopatia,,28.04,27.78,26.74,26.08,27.78,26.27,27.11,28.35,27.53
010002499,BOIRON CALCAREA CARBONICA 30 CH UNGUENTO 50G,Fitoterapia e Omeopatia,,31.22,30.39,29.77,29.01,29.04,29.17,31.30,30.79,30.75
010002502,BOIRON CALCAREA CARBONICA 30 CH SCIROPPO 150ML,Fitoterapia e Omeopatia,,6.72,8.09,6.75,8.31,7.03,6.43,7.25,8.41,8.11
010002505,BOIRON CALCAREA CARBONICA 200 CH GRANULI 4G,Fitoterapia e Omeopatia,,36.98,37.09,35.33,35.74,37.15,35.56,36.36,35.26,36.15
010002508,BOIRON CALCAREA CARBONICA 200 CH GLOBULI DOSA UNICA,Fitoterapia e Omeopatia,,25.25,25.38,24.83,26.47,25.90,26.03,25.82,26.81,27.06
010002511,BOIRON CALCAREA CARBONICA 200 CH GOCCE ORALI 30ML,Fitoterapia e Omeopatia,,15.25,13.25,13.17,14.05,14.61,13.07,13.86,14.14,14.66
010002514,BOIRON CALCAREA CARBONICA 200 CH FIALE ORALI 20 PEZZI,Fitoterapia e Omeopatia,,13.55,14.86,14.33,14.97,14.31,14.88,15.31,13.19,13.85
010002517,BOIRON CALCAREA CARBONICA 200 CH UNGUENTO 50G,Fitoterapia e Omeopatia,,5.04,5.88,5.00,4.98,5.74,4.13,4.41,6.08,5.24
010002520,BOIRON CALCAREA CARBONICA 200 CH SCIROPPO 150ML,Fitoterapia e Omeopatia,,36.12,36.93,36.13,35.07,35.08,35.88,35.73,36.03,35.75
010002523,BOIRON CALCAREA CARBONICA 1MK GRANULI 4G,Fitoterapia e Omeopatia,,43.04,44.49,44.58,43.92,44.83,44.09,43.82,44.55,44.68
010002526,BOIRON CALCAREA CARBONICA 1MK GLOBULI DOSA UNICA,Fitoterapia e Omeopatia,,27.58,28.94,27.24,27.89,29.08,28.20,27.28,27.40,28.32
010002529,BOIRON CALCAREA CARBONICA 1MK GOCCE ORALI 30ML,Fitoterapia e Omeopatia,,31.21,31.46,29.44,29.94,30.00,31.66,30.21,31.27,30.85
010002532,BOIRON CALCAREA CARBONICA 1MK FIALE ORALI 20 PEZZI,Fitoterapia e Omeopatia,,41.84,43.06,41.22,43.12,42.78,42.12,41.19,42.81,41.78
010002535,BOIRON CALCAREA CARBONICA 1MK UNGUENTO 50G,Fitoterapia e Omeopatia,,43.37,43.43,42.45,41.78,43.95,43.07,41.75,42.99,43.83
010002538,BOIRON CALCAREA CARBONICA 1MK SCIROPPO 150ML,Fitoterapia e Omeopatia,,12.98,11.69,12.94,12.41,12.88,13.57,12.87,11.48,11.37
010002541,BOIRON CALCAREA CARBONICA 6DH GRANULI 4G,Fitoterapia e Omeopatia,,21.91,22.09,21.41,22.14,21.00,21.41,22.12,21.92,21.31
010002544,BOIRON CALCAREA CARBONICA 6DH GLOBULI DOSA UNICA,Fitoterapia e Omeopatia,,28.98,29.15,29.47,29.36,27.54,28.49,28.57,29.61,28.30
010002547,BOIRON CALCAREA CARBONICA 6DH GOCCE ORALI 30ML,Fitoterapia e Omeopatia,,8.99,9.10,10.47,9.92,10.57,8.94,9.94,9.71,10.01
010002550,BOIRON CALCAREA CARBONICA 6DH FIALE ORALI 20 PEZZI,Fitoterapia e Omeopatia,,6.90,6.51,8.20,8.49,6.83,7.09,8.17,8.09,8.71
010002553,BOIRON CALCAREA CARBONICA 6DH UNGUENTO 50G,Fitoterapia e Omeopatia,,5.93,5.92,7.14,6.48,7.41,6.95,7.54,5.99,6.15
010002556,BOIRON CALCAREA CARBONICA 6DH SCIROPPO 150ML,Fitoterapia e Omeopatia,,24.81,25.00,22.89,23.26,23.86,24.45,22.96,23.82,23.31
010002559,BOIRON CALCAREA CARBONICA 12DH GRANULI 4G,Fitoterapia e Omeopatia,,22.34,21.83,23.24,23.50,23.79,22.61,21.80,23.73,21.68
010002562,BOIRON CALCAREA CARBONICA 12DH GLOBULI DOSA UNICA,Fitoterapia e Omeopatia,,44.37,45.21,45.51,44.53,44.91,45.01,43.98,45.40,43.44
010002565,BOIRON CALCAREA CARBONICA 12DH GOCCE ORALI 30ML,Fitoterapia e Omeopatia,,20.11,20.56,19.05,18.97,18.85,19.15,18.99,19.28,20.12
010002568,BOIRON CALCAREA CARBONICA 12DH FIALE ORALI 20 PEZZI,Fitoterapia e Omeopatia,,22.63,20.96,20.96,22.77,21.95,21.48,21.53,22.04,21.45
010002571,BOIRON CALCAREA CARBONICA 12DH UNGUENTO 50G,Fitoterapia e Omeopatia,,19.60,17.93,18.80,19.11,20.18,19.00,18.41,20.02,17.86
010002574,BOIRON CALCAREA CARBONICA 12DH SCIROPPO 150ML,Fitoterapia e Omeopatia,,25.22,25.50,25.79,24.93,25.03,24.14,25.86,25.44,23.60
010002577,BOIRON LYCOPODIUM 4 CH GRANULI 4G,Fitoterapia e Omeopatia,,23.37,23.60,24.64,25.12,25.65,23.64,25.24,25.69,23.44
010002580,BOIRON LYCOPODIUM 4 CH GLOBULI DOSA UNICA,Fitoterapia e Omeopatia,,29.47,30.62,30.64,30.01,29.82,30.78,29.56,30.25,30.00
010002583,BOIRON LYCOPODIUM 4 CH GOCCE ORALI 30ML,Fitoterapia e Omeopatia,,34.11,32.44,33.49,34.01,34.53,32.40,33.86,32.29,32.50
010002586,BOIRON LYCOPODIUM 4 CH FIALE ORALI 20 PEZZI,Fitoterapia e Omeopatia,,35.69,36.15,35.98,36.46,35.11,35.89,36.41,35.23,35.13
010002589,BOIRON LYCOPODIUM 4 CH UNGUENTO 50G,Fitoterapia e Omeopatia,,18.28,18.33,18.59,18.08,19.87,18.47,19.97,18.15,17.78
010002592,BOIRON LYCOPODIUM 4 CH SCIROPPO 150ML,Fitoterapia e Omeopatia,,6.34,7.43,7.12,6.41,7.65,6.55,6.02,7.35,6.16
010002595,BOIRON LYCOPODIUM 5 CH GRANULI 4G,Fitoterapia e Omeopatia,,11.54,11.69,13.72,13.84,12.17,12.69,13.18,13.05,12.99
010002598,BOIRON LYCOPODIUM 5 CH GLOBULI DOSA UNICA,Fitoterapia e Omeopatia,,21.73,21.70,21.57,22.01,21.14,21.49,22.46,22.59,20.84
010002601,BOIRON LYCOPODIUM 5 CH GOCCE ORALI 30ML,Fitoterapia e Omeopatia,,42.69,41.47,41.62,40.64,40.79,40.54,41.00,41.29,41.44
010002604,BOIRON LYCOPODIUM 5 CH FIALE ORALI 20 PEZZI,Fitoterapia e Omeopatia,,25.64,27.46,26.23,27.08,27.04,25.85,25.73,27.55,26.85
010002607,BOIRON LYCOPODIUM 5 CH UNGUENTO 50G,Fitoterapia e Omeopatia,,29.89,29.95,28.96,30.45,30.79,28.53,29.46,29.19,30.72
010002610,BOIRON LYCOPODIUM 5 CH SCIROPPO 150ML,Fitoterapia e Omeopatia,,39.12,39.39,37.33,38.34,38.87,38.82,38.92,37.32,37.40
010002613,BOIRON LYCOPODIUM 7 CH GRANULI 4G,Fitoterapia e Omeopatia,,42.36,41.55,41.98,41.50,42.87,42.34,43.75,41.63,42.24
010002616,BOIRON LYCOPODIUM 7 CH GLOBULI DOSA UNICA,Fitoterapia e Omeopatia,,8.64,8.11,8.81,9.17,9.55,7.46,7.99,7.60,8.18
010002619,BOIRON LYCOPODIUM 7 CH GOCCE ORALI 30ML,Fitoterapia e Omeopatia,,9.74,8.98,9.64,9.83,9.47,8.48,9.08,10.27,9.17
010002622,BOIRON LYCOPODIUM 7 CH FIALE ORALI 20 PEZZI,Fitoterapia e Omeopatia,,19.87,21.30,20.41,21.83,21.88,20.18,20.03,20.14,21.56
010002625,BOIRON LYCOPODIUM 7 CH UNGUENTO 50G,Fitoterapia e Omeopatia,,9.69,8.06,8.58,7.86,9.91,8.24,8.52,10.12,8.79
010002628,BOIRON LYCOPODIUM 7 CH SCIROPPO 150ML,Fitoterapia e Omeopatia,,20.40,22.28,21.30,20.92,20.71,20.00,20.78,20.10,20.17
010002631,BOIRON LYCOPODIUM 9 CH GRANULI 4G,Fitoterapia e Omeopatia,,22.86,22.98,23.64,23.82,23.24,22.33,22.75,24.59,22.84
010002634,BOIRON LYCOPODIUM 9 CH GLOBULI DOSA UNICA,Fitoterapia e Omeopatia,,15.72,13.67,14.15,15.34,14.92,14.09,13.51,15.22,14.88
010002637,BOIRON LYCOPODIUM 9 CH GOCCE ORALI 30ML,Fitoterapia e Omeopatia,,23.70,23.12,23.42,24.58,23.18,22.53,23.95,24.13,22.79
010002640,BOIRON LYCOPODIUM 9 CH FIALE ORALI 20 PEZZI,Fitoterapia e Omeopatia,,42.97,45.12,45.18,43.36,44.91,43.02,43.82,43.79,44.55
010002643,BOIRON LYCOPODIUM 9 CH UNGUENTO 50G,Fitoterapia e Omeopatia,,17.50,16.77,16.03,16.05,15.50,16.14,16.02,17.24,16.96
010002646,BOIRON LYCOPODIUM 9 CH SCIROPPO 150ML,Fitoterapia e Omeopatia,,11.90,13.75,12.15,12.73,12.65,12.71,12.37,12.30,12.33
010002649,BOIRON LYCOPODIUM 12 CH GRANULI 4G,Fitoterapia e Omeopatia,,39.67,38.46,39.71,40.29,38.62,39.23,38.21,40.01,40.19
010002652,BOIRON LYCOPODIUM 12 CH GLOBULI DOSA UNICA,Fitoterapia e Omeopatia,,31.00,32.16,32.61,30.83,30.69,31.90,31.84,32.24,32.07
010002655,BOIRON LYCOPODIUM 12 CH GOCCE ORALI 30ML,Fitoterapia e Omeopatia,,11.36,12.53,12.13,10.34,10.79,12.31,12.40,11.76,12.47
010002658,BOIRON LYCOPODIUM 12 CH FIALE ORALI 20 PEZZI,Fitoterapia e Omeopatia,,36.46,36.15,37.49,35.56,36.29,35.95,36.73,36.49,37.15
010002661,BOIRON LYCOPODIUM 12 CH UNGUENTO 50G,Fitoterapia e Omeopatia,,23.69,21.68,23.55,21.45,23.42,23.18,22.18,22.99,22.00
010002664,BOIRON LYCOPODIUM 12 CH SCIROPPO 150ML,Fitoterapia e Omeopatia,,30.92,30.58,30.91,30.31,30.81,29.40,31.24,30.20,30.69
010002667,BOIRON LYCOPODIUM 15 CH GRANULI 4G,Fitoterapia e Omeopatia,,42.78,41.09,42.64,42.14,41.98,42.02,40.91,41.93,41.90
010002670,BOIRON LYCOPODIUM 15 CH GLOBULI DOSA UNICA,Fitoterapia e Omeopatia,,12.10,11.79,11.81,11.07,11.53,12.49,10.68,11.48,11.81
010002673,BOIRON LYCOPODIUM 15 CH GOCCE ORALI 30ML,Fitoterapia e Omeopatia,,42.32,40.75,41.66,42.52,42.08,41.08,42.82,41.08,41.96
010002676,BOIRON LYCOPODIUM 15 CH FIALE ORALI 20 PEZZI,Fitoterapia e Omeopatia,,23.41,23.97,23.60,23.34,23.34,25.02,24.32,25.14,23.14
010002679,BOIRON LYCOPODIUM 15 CH UNGUENTO 50G,Fitoterapia e Omeopatia,,41.73,42.63,42.80,41.81,41.33,43.32,42.81,43.19,42.32
010002682,BOIRON LYCOPODIUM 15 CH SCIROPPO 150ML,Fitoterapia e Omeopatia,,40.63,39.78,40.62,39.81,39.06,39.83,40.16,39.98,39.22
010002685,BOIRON LYCOPODIUM 30 CH GRANULI 4G,Fitoterapia e Omeopatia,,25.54,24.63,24.99,25.72,26.12,24.48,25.81,26.57,25.92
010002688,BOIRON LYCOPODIUM 30 CH GLOBULI DOSA UNICA,Fitoterapia e Omeopatia,,32.27,30.68,31.29,31.80,30.67,30.67,31.19,32.04,30.88
010002691,BOIRON LYCOPODIUM 30 CH GOCCE ORALI 30ML,Fitoterapia e Omeopatia,,25.51,26.33,26.05,25.15,24.69,25.87,25.77,25.63,26.28
010002694,BOIRON LYCOPODIUM 30 CH FIALE ORALI 20 PEZZI,Fitoterapia e Omeopatia,,35.18,34.60,33.75,33.76,34.27,35.11,35.13,35.19,33.41
010002697,BOIRON LYCOPODIUM 30 CH UNGUENTO 50G,Fitoterapia e Omeopatia,,41.31,41.71,40.53,40.48,41.49,41.83,42.27,40.84,42.68
010002700,BOIRON LYCOPODIUM 30 CH SCIROPPO 150ML,Fitoterapia e Omeopatia,,45.34,44.49,45.63,44.44,45.60,43.55,44.70,44.03,45.49
010002703,BOIRON LYCOPODIUM 200 CH GRANULI 4G,Fitoterapia e Omeopatia,,14.88,15.90,14.97,16.58,15.77,16.18,16.11,14.77,15.93
010002706,BOIRON LYCOPODIUM 200 CH GLOBULI DOSA UNICA,Fitoterapia e Omeopatia,,14.62,13.85,13.96,15.36,14.27,14.53,13.62,15.24,14.53
010002709,BOIRON LYCOPODIUM 200 CH GOCCE ORALI 30ML,Fitoterapia e Omeopatia,,31.49,31.95,31.18,30.66,31.16,32.38,30.63,31.51,32.26
010002712,BOIRON LYCOPODIUM 200 CH FIALE ORALI 20 PEZZI,Fitoterapia e Omeopatia,,15.16,16.01,14.39,14.25,15.80,15.81,14.64,15.63,14.53
010002715,BOIRON LYCOPODIUM 200 CH UNGUENTO 50G,Fitoterapia e Omeopatia,,20.28,19.60,19.50,20.19,21.08,21.53,20.83,19.66,20.92
010002718,BOIRON LYCOPODIUM 200 CH SCIROPPO 150ML,Fitoterapia e Omeopatia,,18.15,16.86,18.16,18.09,16.83,16.99,16.54,18.21,17.95
010002721,BOIRON LYCOPODIUM 1MK GRANULI 4G,Fitoterapia e Omeopatia,,37.69,38.20,37.21,38.13,37.33,36.78,37.44,37.59,38.26
010002724,BOIRON LYCOPODIUM 1MK GLOBULI DOSA UNICA,Fitoterapia e Omeopatia,,20.04,20.80,20.94,21.22,20.15,20.37,20.07,20.84,20.68
010002727,BOIRON LYCOPODIUM 1MK GOCCE ORALI 30ML,Fitoterapia e Omeopatia,,12.29,12.22,13.98,13.30,13.45,13.48,12.47,13.48,12.06
010002730,BOIRON LYCOPODIUM 1MK FIALE ORALI 20 PEZZI,Fitoterapia e Omeopatia,,21.56,22.18,21.82,21.75,21.44,22.34,20.83,21.32,20.94
010002733,BOIRON LYCOPODIUM 1MK UNGUENTO 50G,Fitoterapia e Omeopatia,,41.24,39.46,40.28,41.21,39.12,39.56,39.64,41.23,41.25
010002736,BOIRON LYCOPODIUM 1MK SCIROPPO 150ML,Fitoterapia e Omeopatia,,31.69,31.87,30.28,30.88,31.22,31.55,31.04,31.23,30.44
010002739,BOIRON LYCOPODIUM 6DH GRANULI 4G,Fitoterapia e Omeopatia,,40.66,42.41,41.44,40.96,42.25,42.04,41.91,40.23,40.18
010002742,BOIRON LYCOPODIUM 6DH GLOBULI DOSA UNICA,Fitoterapia e Omeopatia,,30.79,30.97,32.42,32.31,31.07,32.79,31.37,33.13,32.23
010002745,BOIRON LYCOPODIUM 6DH GOCCE ORALI 30ML,Fitoterapia e Omeopatia,,26.76,27.64,26.57,27.76,27.41,26.45,26.53,28.16,26.66
010002748,BOIRON LYCOPODIUM 6DH FIALE ORALI 20 PEZZI,Fitoterapia e Omeopatia,,10.03,11.65,9.56,10.52,10.79,10.42,10.38,9.51,10.65
010002751,BOIRON LYCOPODIUM 6DH UNGUENTO 50G,Fitoterapia e Omeopatia,,24.53,24.86,23.50,23.49,24.58,25.15,25.50,23.84,24.58
010002754,BOIRON LYCOPODIUM 6DH SCIROPPO 150ML,Fitoterapia e Omeopatia,,12.99,11.85,11.53,11.75,12.23,11.90,12.88,12.69,12.39
010002757,BOIRON LYCOPODIUM 12DH GRANULI 4G,Fitoterapia e Omeopatia,,6.28,7.44,7.73,7.56,5.77,5.90,6.94,5.92,6.45
010002760,BOIRON LYCOPODIUM 12DH GLOBULI DOSA UNICA,Fitoterapia e Omeopatia,,11.05,12.13,12.35,11.42,12.28,12.07,11.11,11.17,11.58
010002763,BOIRON LYCOPODIUM 12DH GOCCE ORALI 30ML,Fitoterapia e Omeopatia,,37.44,37.83,38.57,36.95,37.47,36.97,37.68,38.76,38.03
010002766,BOIRON LYCOPODIUM 12DH FIALE ORALI 20 PEZZI,Fitoterapia e Omeopatia,,5.69,4.79,6.35,6.72,4.85,6.35,5.02,5.68,5.23
010002769,BOIRON LYCOPODIUM 12DH UNGUENTO 50G,Fitoterapia e Omeopatia,,26.34,26.75,27.65,26.87,26.61,27.32,27.22,27.61,27.49
010002772,BOIRON LYCOPODIUM 12DH SCIROPPO 150ML,Fitoterapia e Omeopatia,,19.36,19.24,19.39,18.27,18.79,18.40,19.80,19.09,20.25
010002775,BOIRON ACONITUM NAPELLUS 4 CH GRANULI 4G,Fitoterapia e Omeopatia,,21.80,21.28,20.30,21.48,21.80,19.74,19.73,20.41,20.31
010002778,BOIRON ACONITUM NAPELLUS 4 CH GLOBULI DOSA UNICA,Fitoterapia e Omeopatia,,28.69,29.43,29.65,28.97,30.36,29.37,29.09,29.05,29.39
010002781,BOIRON ACONITUM NAPELLUS 4 CH GOCCE ORALI 30ML,Fitoterapia e Omeopatia,,8.58,7.85,8.12,7.10,7.23,7.33,7.93,8.17,7.89
010002784,BOIRON ACONITUM NAPELLUS 4 CH FIALE ORALI 20 PEZZI,Fitoterapia e Omeopatia,,9.85,9.31,10.50,10.45,9.87,10.14,10.30,10.52,9.16
010002787,BOIRON ACONITUM NAPELLUS 4 CH UNGUENTO 50G,Fitoterapia e Omeopatia,,42.74,42.36,42.14,42.01,41.71,42.77,42.59,42.48,40.92
010002790,BOIRON ACONITUM NAPELLUS 4 CH SCIROPPO 150ML,Fitoterapia e Omeopatia,,33.13,32.73,31.11,31.95,33.10,32.88,31.52,32.69,31.65
010002793,BOIRON ACONITUM NAPELLUS 5 CH GRANULI 4G,Fitoterapia e Omeopatia,,29.69,28.80,28.65,28.06,30.08,29.61,29.10,30.00,29.37
010002796,BOIRON ACONITUM NAPELLUS 5 CH GLOBULI DOSA UNICA,Fitoterapia e Omeopatia,,43.84,43.11,45.09,44.48,43.62,44.28,43.28,43.70,43.34
010002799,BOIRON ACONITUM NAPELLUS 5 CH GOCCE ORALI 30ML,Fitoterapia e Omeopatia,,14.34,13.35,14.22,13.93,13.76,13.44,13.86,14.47,13.64
010002802,BOIRON ACONITUM NAPELLUS 5 CH FIALE ORALI 20 PEZZI,Fitoterapia e Omeopatia,,12.74,12.07,13.79,13.20,12.49,11.94,11.96,13.60,11.88
010002805,BOIRON ACONITUM NAPELLUS 5 CH UNGUENTO 50G,Fitoterapia e Omeopatia,,32.79,32.17,32.06,32.37,32.55,31.47,32.76,32.83,31.16
010002808,BOIRON ACONITUM NAPELLUS 5 CH SCIROPPO 150ML,Fitoterapia e Omeopatia,,31.84,31.61,31.27,31.22,30.92,32.19,31.11,31.08,30.18
010002811,BOIRON ACONITUM NAPELLUS 7 CH GRANULI 4G,Fitoterapia e Omeopatia,,40.70,41.53,41.52,40.37,40.53,41.90,40.16,41.99,40.90
010002814,BOIRON ACONITUM NAPELLUS 7 CH GLOBULI DOSA UNICA,Fitoterapia e Omeopatia,,22.71,20.81,20.66,22.56,22.18,21.06,21.64,22.17,21.01
010002817,BOIRON ACONITUM NAPELLUS 7 CH GOCCE ORALI 30ML,Fitoterapia e Omeopatia,,40.27,39.97,40.43,41.16,40.23,39.79,40.25,40.19,39.87
010002820,BOIRON ACONITUM NAPELLUS 7 CH FIALE ORALI 20 PEZZI,Fitoterapia e Omeopatia,,41.52,39.59,40.86,40.90,39.76,41.06,40.82,39.75,41.39
010002823,BOIRON ACONITUM NAPELLUS 7 CH UNGUENTO 50G,Fitoterapia e Omeopatia,,14.85,14.26,15.21,14.86,14.61,15.35,13.99,15.23,15.73
010002826,BOIRON ACONITUM NAPELLUS 7 CH SCIROPPO 150ML,Fitoterapia e Omeopatia,,9.11,10.10,7.92,7.99,9.77,9.11,8.98,8.15,7.87
010002829,BOIRON ACONITUM NAPELLUS 9 CH GRANULI 4G,Fitoterapia e Omeopatia,,16.75,15.53,15.70,16.10,16.28,17.73,15.58,16.74,16.60
010002832,BOIRON ACONITUM NAPELLUS 9 CH GLOBULI DOSA UNICA,Fitoterapia e Omeopatia,,30.32,30.71,30.87,30.17,30.91,31.02,30.82,29.75,31.04
010002835,BOIRON ACONITUM NAPELLUS 9 CH GOCCE ORALI 30ML,Fitoterapia e Omeopatia,,10.55,10.39,9.71,10.05,11.03,10.54,11.57,11.71,11.63
010002838,BOIRON ACONITUM NAPELLUS 9 CH FIALE ORALI 20 PEZZI,Fitoterapia e Omeopatia,,37.49,36.65,37.38,35.86,37.58,37.54,35.54,35.89,36.57
010002841,BOIRON ACONITUM NAPELLUS 9 CH UNGUENTO 50G,Fitoterapia e Omeopatia,,39.80,38.57,39.52,38.13,37.86,39.43,38.52,39.64,38.11
010002844,BOIRON ACONITUM NAPELLUS 9 CH SCIROPPO 150ML,Fitoterapia e Omeopatia,,28.35,29.31,29.67,27.98,27.68,29.37,27.63,28.80,28.14
010002847,BOIRON ACONITUM NAPELLUS 12 CH GRANULI 4G,Fitoterapia e Omeopatia,,40.83,40.59,41.87,41.39,41.22,42.88,40.92,41.79,42.10
010002850,BOIRON ACONITUM NAPELLUS 12 CH GLOBULI DOSA UNICA,Fitoterapia e Omeopatia,,23.69,23.50,23.27,24.48,23.46,23.35,23.06,24.75,24.80
010002853,BOIRON ACONITUM NAPELLUS 12 CH GOCCE ORALI 30ML,Fitoterapia e Omeopatia,,29.34,30.86,31.29,31.63,31.37,29.41,30.41,29.91,30.91
010002856,BOIRON ACONITUM NAPELLUS 12 CH FIALE ORALI 20 PEZZI,Fitoterapia e Omeopatia,,21.37,20.80,20.57,20.71,21.52,19.44,20.98,19.74,21.34
010002859,BOIRON ACONITUM NAPELLUS 12 CH UNGUENTO 50G,Fitoterapia e Omeopatia,,11.91,12.63,12.41,12.23,12.55,11.76,12.23,11.19,11.93
010002862,BOIRON ACONITUM NAPELLUS 12 CH SCIROPPO 150ML,Fitoterapia e Omeopatia,,30.98,33.03,31.88,32.64,33.10,32.57,31.41,33.04,32.76
010002865,BOIRON ACONITUM NAPELLUS 15 CH GRANULI 4G,Fitoterapia e Omeopatia,,16.93,16.81,15.74,15.84,17.24,16.33,16.96,15.27,16.07
010002868,BOIRON ACONITUM NAPELLUS 15 CH GLOBULI DOSA UNICA,Fitoterapia e Omeopatia,,15.26,16.12,16.59,15.46,16.45,16.53,16.21,16.72,15.37
010002871,BOIRON ACONITUM NAPELLUS 15 CH GOCCE ORALI 30ML,Fitoterapia e Omeopatia,,44.00,44.17,43.79,44.81,44.26,44.56,43.53,45.41,43.45
010002874,BOIRON ACONITUM NAPELLUS 15 CH FIALE ORALI 20 PEZZI,Fitoterapia e Omeopatia,,25.87,27.08,27.80,26.60,25.81,26.09,26.29,26.19,26.74
010002877,BOIRON ACONITUM NAPELLUS 15 CH UNGUENTO 50G,Fitoterapia e Omeopatia,,17.05,16.50,16.60,15.34,17.26,16.81,17.31,17.08,15.77
010002880,BOIRON ACONITUM NAPELLUS 15 CH SCIROPPO 150ML,Fitoterapia e Omeopatia,,10.27,11.63,11.05,10.46,11.93,11.84,10.87,11.60,11.56
010002883,BOIRON ACONITUM NAPELLUS 30 CH GRANULI 4G,Fitoterapia e Omeopatia,,33.64,32.58,32.70,31.93,32.08,32.82,33.71,33.00,34.14
010002886,BOIRON ACONITUM NAPELLUS 30 CH GLOBULI DOSA UNICA,Fitoterapia e Omeopatia,,38.04,37.86,37.92,35.94,38.26,37.22,37.17,36.37,36.86
010002889,BOIRON ACONITUM NAPELLUS 30 CH GOCCE ORALI 30ML,Fitoterapia e Omeopatia,,43.23,44.06,42.81,45.03,44.78,44.03,43.49,42.88,43.93
010002892,BOIRON ACONITUM NAPELLUS 30 CH FIALE ORALI 20 PEZZI,Fitoterapia e Omeopatia,,32.35,32.15,32.12,32.99,31.85,31.79,31.69,31.58,32.00
010002895,BOIRON ACONITUM NAPELLUS 30 CH UNGUENTO 50G,Fitoterapia e Omeopatia,,5.06,4.73,4.59,4.91,3.97,5.34,4.88,6.07,4.29
010002898,BOIRON ACONITUM NAPELLUS 30 CH SCIROPPO 150ML,Fitoterapia e Omeopatia,,15.26,15.52,14.80,13.38,13.87,14.43,14.92,15.54,14.42
010002901,BOIRON ACONITUM NAPELLUS 200 CH GRANULI 4G,Fitoterapia e Omeopatia,,37.69,38.27,38.15,36.72,36.74,38.45,37.59,36.41,38.43
010002904,BOIRON ACONITUM NAPELLUS 200 CH GLOBULI DOSA UNICA,Fitoterapia e Omeopatia,,35.48,35.21,34.97,36.47,35.94,35.61,36.02,34.50,34.49
010002907,BOIRON ACONITUM NAPELLUS 200 CH GOCCE ORALI 30ML,Fitoterapia e Omeopatia,,28.85,28.32,28.62,29.30,28.97,29.65,29.77,29.55,30.12
010002910,BOIRON ACONITUM NAPELLUS 200 CH FIALE ORALI 20 PEZZI,Fitoterapia e Omeopatia,,40.74,40.96,41.53,42.16,40.83,41.28,42.17,40.71,41.74
010002913,BOIRON ACONITUM NAPELLUS 200 CH UNGUENTO 50G,Fitoterapia e Omeopatia,,33.24,33.02,32.55,32.03,32.84,31.22,31.97,32.52,31.34
010002916,BOIRON ACONITUM NAPELLUS 200 CH SCIROPPO 150ML,Fitoterapia e Omeopatia,,21.44,21.08,21.60,21.49,20.56,21.41,20.36,20.45,19.55
010002919,BOIRON ACONITUM NAPELLUS 1MK GRANULI 4G,Fitoterapia e Omeopatia,,3.81,5.50,5.45,4.82,3.86,5.78,5.50,4.63,6.02
010002922,BOIRON ACONITUM NAPELLUS 1MK GLOBULI DOSA UNICA,Fitoterapia e Omeopatia,,42.92,42.85,42.93,44.49,44.10,44.78,43.90,43.59,44.64
010002925,BOIRON ACONITUM NAPELLUS 1MK GOCCE ORALI 30ML,Fitoterapia e Omeopatia,,23.45,24.00,24.58,23.05,23.34,24.76,24.04,23.17,24.28
010002928,BOIRON ACONITUM NAPELLUS 1MK FIALE ORALI 20 PEZZI,Fitoterapia e Omeopatia,,18.47,17.60,18.73,18.40,17.12,18.90,17.76,18.78,19.32
010002931,BOIRON ACONITUM NAPELLUS 1MK UNGUENTO 50G,Fitoterapia e Omeopatia,,33.27,34.49,34.20,33.34,34.88,35.30,34.94,33.26,33.15
010002934,BOIRON ACONITUM NAPELLUS 1MK SCIROPPO 150ML,Fitoterapia e Omeopatia,,38.67,39.03,39.08,39.66,40.22,40.43,40.22,38.55,40.49
010002937,BOIRON ACONITUM NAPELLUS 6DH GRANULI 4G,Fitoterapia e Omeopatia,,34.17,35.44,34.07,34.73,34.78,35.24,34.68,34.30,34.61
010002940,BOIRON ACONITUM NAPELLUS 6DH GLOBULI DOSA UNICA,Fitoterapia e Omeopatia,,29.16,27.44,28.29,27.16,28.87,29.30,27.85,28.26,27.33
010002943,BOIRON ACONITUM NAPELLUS 6DH GOCCE ORALI 30ML,Fitoterapia e Omeopatia,,5.39,6.60,5.23,7.20,6.81,6.95,5.41,6.85,5.67
010002946,BOIRON ACONITUM NAPELLUS 6DH FIALE ORALI 20 PEZZI,Fitoterapia e Omeopatia,,30.13,30.11,30.37,30.91,30.31,29.61,30.10,29.88,30.66
010002949,BOIRON ACONITUM NAPELLUS 6DH UNGUENTO 50G,Fitoterapia e Omeopatia,,38.46,39.05,37.64,37.46,37.61,36.91,38.26,37.66,37.43
010002952,BOIRON ACONITUM NAPELLUS 6DH SCIROPPO 150ML,Fitoterapia e Omeopatia,,39.34,40.93,41.08,40.47,40.82,38.99,41.02,39.86,38.96
010002955,BOIRON ACONITUM NAPELLUS 12DH GRANULI 4G,Fitoterapia e Omeopatia,,36.40,37.13,35.99,36.57,35.78,37.05,36.30,36.01,36.37
010002958,BOIRON ACONITUM NAPELLUS 12DH GLOBULI DOSA UNICA,Fitoterapia e Omeopatia,,11.80,11.15,11.32,12.54,13.20,13.07,12.53,12.66,12.34
010002961,BOIRON ACONITUM NAPELLUS 12DH GOCCE ORALI 30ML,Fitoterapia e Omeopatia,,29.92,28.73,30.24,28.43,30.55,29.57,28.80,29.53,30.03
010002964,BOIRON ACONITUM NAPELLUS 12DH FIALE ORALI 20 PEZZI,Fitoterapia e Omeopatia,,13.97,14.03,13.26,13.00,13.42,13.32,14.12,14.74,12.84
010002967,BOIRON ACONITUM NAPELLUS 12DH UNGUENTO 50G,Fitoterapia e Omeopatia,,6.16,6.23,5.61,6.28,7.44,5.51,6.40,6.16,6.07
010002970,BOIRON ACONITUM NAPELLUS 12DH SCIROPPO 150ML,Fitoterapia e Omeopatia,,13.24,14.33,14.06,12.77,13.39,14.27,13.86,13.11,14.08
010002973,BOIRON ALLIUM CEPA 4 CH GRANULI 4G,Fitoterapia e Omeopatia,,7.05,9.32,7.40,8.37,8.05,8.01,8.57,8.01,7.09
010002976,BOIRON ALLIUM CEPA 4 CH GLOBULI DOSA UNICA,Fitoterapia e Omeopatia,,24.29,22.81,24.64,23.77,23.48,24.48,23.93,24.78,25.07
010002979,BOIRON ALLIUM CEPA 4 CH GOCCE ORALI 30ML,Fitoterapia e Omeopatia,,28.36,29.21,27.24,29.20,27.68,27.13,27.85,29.12,29.18
010002982,BOIRON ALLIUM CEPA 4 CH FIALE ORALI 20 PEZZI,Fitoterapia e Omeopatia,,29.86,27.94,28.52,29.38,29.35,28.79,29.32,28.32,29.91
010002985,BOIRON ALLIUM CEPA 4 CH UNGUENTO 50G,Fitoterapia e Omeopatia,,8.30,9.65,9.47,8.35,7.71,7.99,7.87,8.22,7.59
010002988,BOIRON ALLIUM CEPA 4 CH SCIROPPO 150ML,Fitoterapia e Omeopatia,,39.97,39.69,40.00,38.88,39.27,39.21,39.44,38.58,39.97
010002991,BOIRON ALLIUM CEPA 5 CH GRANULI 4G,Fitoterapia e Omeopatia,,40.33,41.64,39.76,39.92,40.93,41.52,40.62,40.57,40.21
010002994,BOIRON ALLIUM CEPA 5 CH GLOBULI DOSA UNICA,Fitoterapia e Omeopatia,,12.98,11.81,13.88,12.30,13.66,12.43,12.33,12.66,11.59
010002997,BOIRON ALLIUM CEPA 5 CH GOCCE ORALI 30ML,Fitoterapia e Omeopatia,,28.37,28.15,26.44,27.72,27.26,26.96,27.90,27.78,28.18
010003000,BOIRON ALLIUM CEPA 5 CH FIALE ORALI 20 PEZZI,Fitoterapia e Omeopatia,,39.71,40.77,40.38,41.04,39.87,39.74,41.24,39.29,39.66
010003003,BOIRON ALLIUM CEPA 5 CH UNGUENTO 50G,Fitoterapia e Omeopatia,,35.08,35.78,34.57,36.18,35.31,34.16,35.03,36.30,34.65
010003006,BOIRON ALLIUM CEPA 5 CH SCIROPPO 150ML,Fitoterapia e Omeopatia,,20.25,20.05,19.50,20.15,20.61,19.72,18.86,19.92,19.39
010003009,BOIRON ALLIUM CEPA 7 CH GRANULI 4G,Fitoterapia e Omeopatia,,17.29,16.60,18.08,18.23,16.69,16.53,17.01,16.76,17.72
010003012,BOIRON ALLIUM CEPA 7 CH GLOBULI DOSA UNICA,Fitoterapia e Omeopatia,,5.29,5.45,5.53,5.81,4.69,5.74,4.10,5.97,4.72
010003015,BOIRON ALLIUM CEPA 7 CH GOCCE ORALI 30ML,Fitoterapia e Omeopatia,,42.47,41.27,43.47,42.23,41.42,41.77,42.28,41.15,42.36
010003018,BOIRON ALLIUM CEPA 7 CH FIALE ORALI 20 PEZZI,Fitoterapia e Omeopatia,,18.70,18.76,18.57,18.08,17.08,17.01,18.91,17.85,17.91
010003021,BOIRON ALLIUM CEPA 7 CH UNGUENTO 50G,Fitoterapia e Omeopatia,,27.15,26.59,27.01,27.54,26.37,27.00,25.46,25.77,25.59
010003024,BOIRON ALLIUM CEPA 7 CH SCIROPPO 150ML,Fitoterapia e Omeopatia,,43.73,42.94,42.12,43.91,42.47,42.18,43.58,42.51,43.53
010003027,BOIRON ALLIUM CEPA 9 CH GRANULI 4G,Fitoterapia e Omeopatia,,8.59,10.02,9.71,9.37,9.49,10.11,8.86,9.48,9.84
010003030,BOIRON ALLIUM CEPA 9 CH GLOBULI DOSA UNICA,Fitoterapia e Omeopatia,,27.41,28.04,26.72,26.40,27.61,28.37,26.64,27.16,27.86
010003033,BOIRON ALLIUM CEPA 9 CH GOCCE ORALI 30ML,Fitoterapia e Omeopatia,,16.15,17.56,15.95,15.34,17.16,15.62,15.87,17.03,16.49
010003036,BOIRON ALLIUM CEPA 9 CH FIALE ORALI 20 PEZZI,Fitoterapia e Omeopatia,,43.96,45.28,44.81,45.69,45.22,45.46,44.71,44.33,44.85
010003039,BOIRON ALLIUM CEPA 9 CH UNGUENTO 50G,Fitoterapia e Omeopatia,,16.76,16.62,16.05,15.92,15.46,15.77,14.53,15.75,16.86
010003042,BOIRON ALLIUM CEPA 9 CH SCIROPPO 150ML,Fitoterapia e Omeopatia,,27.49,28.28,28.59,26.84,28.49,28.41,27.24,27.50,26.86
010003045,BOIRON ALLIUM CEPA 12 CH GRANULI 4G,Fitoterapia e Omeopatia,,24.29,24.55,25.43,25.60,24.71,24.42,24.32,25.85,24.13
010003048,BOIRON ALLIUM CEPA 12 CH GLOBULI DOSA UNICA,Fitoterapia e Omeopatia,,26.43,26.40,24.54,25.54,26.47,25.18,25.04,26.31,25.28
010003051,BOIRON ALLIUM CEPA 12 CH GOCCE ORALI 30ML,Fitoterapia e Omeopatia,,32.58,33.66,33.51,34.42,33.56,33.60,34.04,34.37,33.54
010003054,BOIRON ALLIUM CEPA 12 CH FIALE ORALI 20 PEZZI,Fitoterapia e Omeopatia,,12.64,12.79,11.55,11.05,13.19,12.06,12.86,13.09,12.65
010003057,BOIRON ALLIUM CEPA 12 CH UNGUENTO 50G,Fitoterapia e Omeopatia,,6.31,6.87,4.94,5.98,4.82,5.15,5.51,5.54,6.36
010003060,BOIRON ALLIUM CEPA 12 CH SCIROPPO 150ML,Fitoterapia e Omeopatia,,12.70,12.77,12.58,11.40,13.07,12.25,12.21,11.73,12.83
010003063,BOIRON ALLIUM CEPA 15 CH GRANULI 4G,Fitoterapia e Omeopatia,,12.60,11.84,12.79,12.46,12.47,12.61,11.12,13.25,12.79
010003066,BOIRON ALLIUM CEPA 15 CH GLOBULI DOSA UNICA,Fitoterapia e Omeopatia,,18.66,20.74,18.54,19.58,19.27,20.76,19.20,20.57,18.98
010003069,BOIRON ALLIUM CEPA 15 CH GOCCE ORALI 30ML,Fitoterapia e Omeopatia,,5.11,4.71,4.04,5.59,4.88,5.51,4.18,4.37,4.21
010003072,BOIRON ALLIUM CEPA 15 CH FIALE ORALI 20 PEZZI,Fitoterapia e Omeopatia,,36.48,37.56,37.99,36.21,37.96,36.46,37.02,36.88,36.86
010003075,BOIRON ALLIUM CEPA 15 CH UNGUENTO 50G,Fitoterapia e Omeopatia,,17.02,16.58,16.19,16.17,17.98,16.73,17.08,17.68,18.32
010003078,BOIRON ALLIUM CEPA 15 CH SCIROPPO 150ML,Fitoterapia e Omeopatia,,39.68,38.04,38.68,39.79,39.29,38.95,39.59,38.03,40.14
010003081,BOIRON ALLIUM CEPA 30 CH GRANULI 4G,Fitoterapia e Omeopatia,,23.62,24.82,24.66,23.54,22.56,24.86,24.48,22.80,22.61
010003084,BOIRON ALLIUM CEPA 30 CH GLOBULI DOSA UNICA,Fitoterapia e Omeopatia,,32.78,32.16,32.26,32.75,32.55,30.56,31.50,32.62,31.39
010003087,BOIRON ALLIUM CEPA 30 CH GOCCE ORALI 30ML,Fitoterapia e Omeopatia,,32.59,30.66,30.99,32.12,31.84,30.50,32.32,30.80,32.60
010003090,BOIRON ALLIUM CEPA 30 CH FIALE ORALI 20 PEZZI,Fitoterapia e Omeopatia,,42.31,43.84,43.33,44.02,42.35,43.87,43.06,42.54,42.98
010003093,BOIRON ALLIUM CEPA 30 CH UNGUENTO 50G,Fitoterapia e Omeopatia,,41.14,41.01,39.81,40.16,39.57,39.59,41.18,40.44,41.22
010003096,BOIRON ALLIUM CEPA 30 CH SCIROPPO 150ML,Fitoterapia e Omeopatia,,34.45,35.41,34.48,35.20,34.55,33.76,35.57,34.97,34.02
010003099,BOIRON ALLIUM CEPA 200 CH GRANULI 4G,Fitoterapia e Omeopatia,,34.51,33.67,35.24,33.63,33.79,34.91,34.22,35.21,33.21
010003102,BOIRON ALLIUM CEPA 200 CH GLOBULI DOSA UNICA,Fitoterapia e Omeopatia,,25.16,24.67,25.82,25.65,24.69,26.50,25.04,26.17,26.91
010003105,BOIRON ALLIUM CEPA 200 CH GOCCE ORALI 30ML,Fitoterapia e Omeopatia,,24.01,25.03,25.21,23.00,24.00,24.93,23.03,23.41,24.54
010003108,BOIRON ALLIUM CEPA 200 CH FIALE ORALI 20 PEZZI,Fitoterapia e Omeopatia,,38.12,37.47,39.47,38.71,37.58,37.85,38.42,38.99,38.92
010003111,BOIRON ALLIUM CEPA 200 CH UNGUENTO 50G,Fitoterapia e Omeopatia,,39.54,41.79,40.49,41.31,40.45,40.05,41.29,40.61,39.60
010003114,BOIRON ALLIUM CEPA 200 CH SCIROPPO 150ML,Fitoterapia e Omeopatia,,41.65,40.44,40.61,40.15,41.65,40.79,40.63,41.29,39.51
010003117,BOIRON ALLIUM CEPA 1MK GRANULI 4G,Fitoterapia e Omeopatia,,17.32,16.23,16.40,16.28,16.84,17.29,16.20,17.26,17.01
010003120,BOIRON ALLIUM CEPA 1MK GLOBULI DOSA UNICA,Fitoterapia e Omeopatia,,31.81,32.37,31.04,31.78,30.51,32.49,30.94,31.57,32.00
010003123,BOIRON ALLIUM CEPA 1MK GOCCE ORALI 30ML,Fitoterapia e Omeopatia,,17.61,18.92,18.10,16.96,18.71,17.19,17.11,17.70,17.09
010003126,BOIRON ALLIUM CEPA 1MK FIALE ORALI 20 PEZZI,Fitoterapia e Omeopatia,,14.49,14.34,14.16,15.17,13.54,13.74,13.89,13.11,15.18
010003129,BOIRON ALLIUM CEPA 1MK UNGUENTO 50G,Fitoterapia e Omeopatia,,29.09,29.87,29.76,29.55,29.21,28.72,29.29,29.61,29.66
010003132,BOIRON ALLIUM CEPA 1MK SCIROPPO 150ML,Fitoterapia e Omeopatia,,15.50,15.48,14.39,14.26,14.61,13.49,15.23,15.02,14.18
010003135,BOIRON ALLIUM CEPA 6DH GRANULI 4G,Fitoterapia e Omeopatia,,13.25,14.47,14.99,14.85,13.13,14.05,15.15,14.51,15.41
010003138,BOIRON ALLIUM CEPA 6DH GLOBULI DOSA UNICA,Fitoterapia e Omeopatia,,22.41,22.07,22.28,23.40,22.29,22.58,22.79,22.51,23.04
010003141,BOIRON ALLIUM CEPA 6DH GOCCE ORALI 30ML,Fitoterapia e Omeopatia,,7.15,7.66,5.87,7.28,6.91,7.17,6.13,6.62,5.89
010003144,BOIRON ALLIUM CEPA 6DH FIALE ORALI 20 PEZZI,Fitoterapia e Omeopatia,,30.19,29.60,30.17,30.81,31.27,31.79,29.87,30.16,31.24
010003147,BOIRON ALLIUM CEPA 6DH UNGUENTO 50G,Fitoterapia e Omeopatia,,38.39,36.62,37.33,37.11,37.99,37.61,37.75,36.89,36.82
010003150,BOIRON ALLIUM CEPA 6DH SCIROPPO 150ML,Fitoterapia e Omeopatia,,10.96,13.03,11.18,12.72,13.07,11.84,13.05,11.89,10.98
010003153,BOIRON ALLIUM CEPA 12DH GRANULI 4G,Fitoterapia e Omeopatia,,9.89,9.99,10.06,8.98,8.49,8.91,8.66,8.51,10.20
010003156,BOIRON ALLIUM CEPA 12DH GLOBULI DOSA UNICA,Fitoterapia e Omeopatia,,40.08,38.58,38.93,38.42,38.39,40.53,38.45,38.51,39.45
010003159,BOIRON ALLIUM CEPA 12DH GOCCE ORALI 30ML,Fitoterapia e Omeopatia,,14.78,14.14,15.33,13.15,13.93,14.04,14.05,15.19,13.00
010003162,BOIRON ALLIUM CEPA 12DH FIALE ORALI 20 PEZZI,Fitoterapia e Omeopatia,,29.84,30.35,28.21,30.33,30.41,30.22,29.83,28.58,30.40
010003165,BOIRON ALLIUM CEPA 12DH UNGUENTO 50G,Fitoterapia e Omeopatia,,24.60,24.29,24.36,23.93,24.37,24.84,23.64,23.85,23.21
010003168,BOIRON ALLIUM CEPA 12DH SCIROPPO 150ML,Fitoterapia e Omeopatia,,14.18,12.99,14.13,14.04,13.80,12.51,14.55,13.81,13.83
010003171,BOIRON ARGENTUM NITRICUM 4 CH GRANULI 4G,Fitoterapia e Omeopatia,,8.09,7.41,6.92,7.17,8.16,8.93,8.08,6.98,8.34
010003174,BOIRON ARGENTUM NITRICUM 4 CH GLOBULI DOSA UNICA,Fitoterapia e Omeopatia,,43.37,43.73,43.22,43.06,44.52,42.93,43.07,44.58,43.42
010003177,BOIRON ARGENTUM NITRICUM 4 CH GOCCE ORALI 30ML,Fitoterapia e Omeopatia,,13.67,13.11,12.75,13.59,13.63,13.33,14.38,12.88,12.85
010003180,BOIRON ARGENTUM NITRICUM 4 CH FIALE ORALI 20 PEZZI,Fitoterapia e Omeopatia,,25.23,25.13,23.48,25.35,24.64,23.59,23.92,24.34,24.14
010003183,BOIRON ARGENTUM NITRICUM 4 CH UNGUENTO 50G,Fitoterapia e Omeopatia,,6.90,8.43,6.81,7.79,7.80,7.04,8.61,7.57,8.51
010003186,BOIRON ARGENTUM NITRICUM 4 CH SCIROPPO 150ML,Fitoterapia e Omeopatia,,37.69,37.07,35.52,36.25,36.79,35.50,36.61,36.09,36.53
010003189,BOIRON ARGENTUM NITRICUM 5 CH GRANULI 4G,Fitoterapia e Omeopatia,,18.70,17.96,17.40,17.06,18.25,18.75,16.87,18.93,17.85
010003192,BOIRON ARGENTUM NITRICUM 5 CH GLOBULI DOSA UNICA,Fitoterapia e Omeopatia,,44.47,43.13,43.52,43.69,43.56,44.57,44.44,43.99,43.73
010003195,BOIRON ARGENTUM NITRICUM 5 CH GOCCE ORALI 30ML,Fitoterapia e Omeopatia,,22.55,20.84,21.11,22.38,21.10,21.47,20.53,22.09,20.73
010003198,BOIRON ARGENTUM NITRICUM 5 CH FIALE ORALI 20 PEZZI,Fitoterapia e Omeopatia,,9.68,9.90,8.36,10.28,9.72,9.70,10.33,9.66,8.96
010003201,BOIRON ARGENTUM NITRICUM 5 CH UNGUENTO 50G,Fitoterapia e Omeopatia,,32.13,32.33,33.07,33.73,33.29,33.28,33.89,31.79,33.16
010003204,BOIRON ARGENTUM NITRICUM 5 CH SCIROPPO 150ML,Fitoterapia e Omeopatia,,5.45,5.87,5.97,5.92,4.54,4.52,4.53,4.70,5.85
010003207,BOIRON ARGENTUM NITRICUM 7 CH GRANULI 4G,Fitoterapia e Omeopatia,,28.55,28.25,28.16,28.13,28.51,30.34,28.78,29.35,28.19
010003210,BOIRON ARGENTUM NITRICUM 7 CH GLOBULI DOSA UNICA,Fitoterapia e Omeopatia,,17.91,17.94,18.38,18.28,19.46,19.93,17.83,18.89,19.73
010003213,BOIRON ARGENTUM NITRICUM 7 CH GOCCE ORALI 30ML,Fitoterapia e Omeopatia,,37.87,37.66,36.32,37.66,37.56,36.36,37.97,36.62,36.04
010003216,BOIRON ARGENTUM NITRICUM 7 CH FIALE ORALI 20 PEZZI,Fitoterapia e Omeopatia,,6.08,6.01,7.27,6.45,7.07,6.66,5.47,7.18,6.72
010003219,BOIRON ARGENTUM NITRICUM 7 CH UNGUENTO 50G,Fitoterapia e Omeopatia,,5.17,4.29,4.94,4.59,5.29,3.64,5.28,3.94,4.10
010003222,BOIRON ARGENTUM NITRICUM 7 CH SCIROPPO 150ML,Fitoterapia e Omeopatia,,7.31,7.02,8.49,8.91,7.02,8.58,7.65,7.97,7.57
010003225,BOIRON ARGENTUM NITRICUM 9 CH GRANULI 4G,Fitoterapia e Omeopatia,,10.13,10.79,10.30,9.77,9.91,10.09,10.36,11.32,10.88
010003228,BOIRON ARGENTUM NITRICUM 9 CH GLOBULI DOSA UNICA,Fitoterapia e Omeopatia,,41.32,42.18,40.93,42.42,42.79,41.70,41.59,41.79,42.31
010003231,BOIRON ARGENTUM NITRICUM 9 CH GOCCE ORALI 30ML,Fitoterapia e Omeopatia,,24.94,25.03,26.49,25.11,26.33,26.20,24.35,25.06,25.04
010003234,BOIRON ARGENTUM NITRICUM 9 CH FIALE ORALI 20 PEZZI,Fitoterapia e Omeopatia,,32.55,31.25,31.96,31.93,32.79,32.08,31.76,30.83,32.41
010003237,BOIRON ARGENTUM NITRICUM 9 CH UNGUENTO 50G,Fitoterapia e Omeopatia,,24.23,25.08,24.17,23.98,23.41,23.86,23.31,25.19,23.85
010003240,BOIRON ARGENTUM NITRICUM 9 CH SCIROPPO 150ML,Fitoterapia e Omeopatia,,11.13,10.07,10.39,10.95,11.52,10.26,10.92,10.15,11.66
010003243,BOIRON ARGENTUM NITRICUM 12 CH GRANULI 4G,Fitoterapia e Omeopatia,,12.18,13.51,11.61,12.42,12.84,13.55,11.84,12.18,13.27
010003246,BOIRON ARGENTUM NITRICUM 12 CH GLOBULI DOSA UNICA,Fitoterapia e Omeopatia,,23.40,23.16,23.71,24.18,23.72,24.09,23.61,23.71,24.86
010003249,BOIRON ARGENTUM NITRICUM 12 CH GOCCE ORALI 30ML,Fitoterapia e Omeopatia,,14.47,15.11,16.53,15.99,14.81,16.19,16.41,15.88,16.36
010003252,BOIRON ARGENTUM NITRICUM 12 CH FIALE ORALI 20 PEZZI,Fitoterapia e Omeopatia,,29.43,28.20,29.12,28.80,28.39,28.68,28.43,29.16,29.49
010003255,BOIRON ARGENTUM NITRICUM 12 CH UNGUENTO 50G,Fitoterapia e Omeopatia,,22.56,22.22,21.55,22.45,20.54,20.99,22.37,21.59,20.86
010003258,BOIRON ARGENTUM NITRICUM 12 CH SCIROPPO 150ML,Fitoterapia e Omeopatia,,33.05,32.76,32.85,31.02,32.14,31.62,32.40,31.30,32.67
010003261,BOIRON ARGENTUM NITRICUM 15 CH GRANULI 4G,Fitoterapia e Omeopatia,,29.29,29.99,30.24,31.17,30.90,30.26,31.44,30.83,30.64
010003264,BOIRON ARGENTUM NITRICUM 15 CH GLOBULI DOSA UNICA,Fitoterapia e Omeopatia,,40.36,40.38,40.15,40.44,40.96,40.03,39.94,41.04,42.18
010003267,BOIRON ARGENTUM NITRICUM 15 CH GOCCE ORALI 30ML,Fitoterapia e Omeopatia,,7.90,7.70,6.99,7.05,8.14,7.00,8.00,8.06,8.30
010003270,BOIRON ARGENTUM NITRICUM 15 CH FIALE ORALI 20 PEZZI,Fitoterapia e Omeopatia,,33.33,32.68,33.30,34.44,34.16,33.84,33.41,32.92,33.16
010003273,BOIRON ARGENTUM NITRICUM 15 CH UNGUENTO 50G,Fitoterapia e Omeopatia,,13.74,14.26,13.06,13.26,14.78,13.11,13.03,13.10,14.66
010003276,BOIRON ARGENTUM NITRICUM 15 CH SCIROPPO 150ML,Fitoterapia e Omeopatia,,39.74,38.30,38.68,40.29,39.87,38.45,40.00,39.84,38.37
010003279,BOIRON ARGENTUM NITRICUM 30 CH GRANULI 4G,Fitoterapia e Omeopatia,,18.98,18.89,17.18,17.93,17.65,19.33,19.34,17.38,18.06
010003282,BOIRON ARGENTUM NITRICUM 30 CH GLOBULI DOSA UNICA,Fitoterapia e Omeopatia,,12.97,12.90,12.96,11.83,11.07,11.88,11.00,12.63,12.04
010003285,BOIRON ARGENTUM NITRICUM 30 CH GOCCE ORALI 30ML,Fitoterapia e Omeopatia,,33.39,32.40,33.48,32.24,32.21,33.74,32.02,31.93,32.88
010003288,BOIRON ARGENTUM NITRICUM 30 CH FIALE ORALI 20 PEZZI,Fitoterapia e Omeopatia,,14.38,13.86,14.56,15.30,14.94,13.87,13.18,15.31,14.38
010003291,BOIRON ARGENTUM NITRICUM 30 CH UNGUENTO 50G,Fitoterapia e Omeopatia,,19.44,20.65,19.97,21.47,20.42,21.62,20.85,20.14,21.63
010003294,BOIRON ARGENTUM NITRICUM 30 CH SCIROPPO 150ML,Fitoterapia e Omeopatia,,8.11,8.21,7.75,8.02,8.94,8.57,8.79,7.47,9.00
010003297,BOIRON ARGENTUM NITRICUM 200 CH GRANULI 4G,Fitoterapia e Omeopatia,,9.24,9.05,7.83,9.75,8.11,8.04,9.04,7.47,8.29
010003300,BOIRON ARGENTUM NITRICUM 200 CH GLOBULI DOSA UNICA,Fitoterapia e Omeopatia,,15.18,14.63,15.44,16.44,14.66,15.66,15.48,14.99,15.75
010003303,BOIRON ARGENTUM NITRICUM 200 CH GOCCE ORALI 30ML,Fitoterapia e Omeopatia,,39.46,40.95,39.00,39.24,39.37,39.71,39.78,41.20,39.80
010003306,BOIRON ARGENTUM NITRICUM 200 CH FIALE ORALI 20 PEZZI,Fitoterapia e Omeopatia,,37.15,36.75,35.74,36.87,36.34,34.94,35.72,36.64,36.22
010003309,BOIRON ARGENTUM NITRICUM 200 CH UNGUENTO 50G,Fitoterapia e Omeopatia,,7.85,8.55,7.61,7.09,7.25,7.62,8.90,8.83,7.36
010003312,BOIRON ARGENTUM NITRICUM 200 CH SCIROPPO 150ML,Fitoterapia e Omeopatia,,15.37,15.24,16.35,15.53,17.07,16.29,15.83,16.02,15.16
010003315,BOIRON ARGENTUM NITRICUM 1MK GRANULI 4G,Fitoterapia e Omeopatia,,11.89,12.99,11.65,13.15,13.18,12.82,12.61,10.89,12.94
010003318,BOIRON ARGENTUM NITRICUM 1MK GLOBULI DOSA UNICA,Fitoterapia e Omeopatia,,3.78,5.76,5.07,4.23,3.94,4.24,4.32,4.24,5.70
010003321,BOIRON ARGENTUM NITRICUM 1MK GOCCE ORALI 30ML,Fitoterapia e Omeopatia,,17.72,17.54,17.10,17.44,16.52,16.78,17.84,16.95,16.12
010003324,BOIRON ARGENTUM NITRICUM 1MK FIALE ORALI 20 PEZZI,Fitoterapia e Omeopatia,,10.60,10.64,8.35,9.88,8.79,10.48,9.44,8.47,10.64
010003327,BOIRON ARGENTUM NITRICUM 1MK UNGUENTO 50G,Fitoterapia e Omeopatia,,44.54,43.50,44.00,45.50,43.43,44.63,44.58,44.24,44.46
010003330,BOIRON ARGENTUM NITRICUM 1MK SCIROPPO 150ML,Fitoterapia e Omeopatia,,40.65,39.78,40.25,38.75,39.84,40.67,40.03,39.04,39.51
010003333,BOIRON ARGENTUM NITRICUM 6DH GRANULI 4G,Fitoterapia e Omeopatia,,35.76,36.74,36.94,36.39,35.84,36.10,35.16,35.58,35.60
010003336,BOIRON ARGENTUM NITRICUM 6DH GLOBULI DOSA UNICA,Fitoterapia e Omeopatia,,5.45,4.36,4.96,4.30,5.42,5.05,4.60,4.85,3.56
010003339,BOIRON ARGENTUM NITRICUM 6DH GOCCE ORALI 30ML,Fitoterapia e Omeopatia,,13.73,14.89,13.31,14.25,14.40,12.93,13.41,14.22,14.67
010003342,BOIRON ARGENTUM NITRICUM 6DH FIALE ORALI 20 PEZZI,Fitoterapia e Omeopatia,,18.74,20.48,21.06,19.91,19.33,20.43,20.57,19.46,20.85
010003345,BOIRON ARGENTUM NITRICUM 6DH UNGUENTO 50G,Fitoterapia e Omeopatia,,21.81,22.05,20.82,20.60,20.35,22.36,22.13,20.90,22.26
010003348,BOIRON ARGENTUM NITRICUM 6DH SCIROPPO 150ML,Fitoterapia e Omeopatia,,12.78,11.28,12.97,11.64,13.12,12.34,12.37,12.77,11.56
010003351,BOIRON ARGENTUM NITRICUM 12DH GRANULI 4G,Fitoterapia e Omeopatia,,28.14,29.94,29.24,29.28,29.31,28.90,29.13,29.54,29.68
010003354,BOIRON ARGENTUM NITRICUM 12DH GLOBULI DOSA UNICA,Fitoterapia e Omeopatia,,15.64,15.49,16.91,17.32,15.40,17.15,16.04,16.39,15.07
010003357,BOIRON ARGENTUM NITRICUM 12DH GOCCE ORALI 30ML,Fitoterapia e Omeopatia,,42.07,42.14,43.54,43.29,43.00,43.66,42.94,43.32,42.62
010003360,BOIRON ARGENTUM NITRICUM 12DH FIALE ORALI 20 PEZZI,Fitoterapia e Omeopatia,,17.56,17.51,15.38,17.40,17.09,17.20,17.46,17.05,17.09
010003363,BOIRON ARGENTUM NITRICUM 12DH UNGUENTO 50G,Fitoterapia e Omeopatia,,38.71,37.77,39.23,37.53,37.35,37.77,39.26,38.14,38.77
010003366,BOIRON ARGENTUM NITRICUM 12DH SCIROPPO 150ML,Fitoterapia e Omeopatia,,27.69,28.99,27.89,27.26,28.67,28.41,27.52,27.99,28.36
010003369,BOIRON ARSENICUM ALBUM 4 CH GRANULI 4G,Fitoterapia e Omeopatia,,14.12,14.49,13.30,14.21,13.76,12.60,13.77,14.23,13.56
010003372,BOIRON ARSENICUM ALBUM 4 CH GLOBULI DOSA UNICA,Fitoterapia e Omeopatia,,30.32,30.53,30.68,31.86,30.45,32.05,32.01,30.20,30.35
010003375,BOIRON ARSENICUM ALBUM 4 CH GOCCE ORALI 30ML,Fitoterapia e Omeopatia,,23.75,22.44,22.41,22.65,22.64,23.34,23.05,23.50,23.28
010003378,BOIRON ARSENICUM ALBUM 4 CH FIALE ORALI 20 PEZZI,Fitoterapia e Omeopatia,,12.43,11.55,10.70,12.09,12.35,12.05,11.80,12.15,12.14
010003381,BOIRON ARSENICUM ALBUM 4 CH UNGUENTO 50G,Fitoterapia e Omeopatia,,18.62,17.50,18.76,18.45,17.53,17.61,18.10,17.84,18.67
010003384,BOIRON ARSENICUM ALBUM 4 CH SCIROPPO 150ML,Fitoterapia e Omeopatia,,39.66,38.18,39.01,40.53,39.93,38.30,40.07,40.40,39.96
010003387,BOIRON ARSENICUM ALBUM 5 CH GRANULI 4G,Fitoterapia e Omeopatia,,34.45,34.23,33.05,32.43,32.72,32.39,34.17,33.93,34.46
010003390,BOIRON ARSENICUM ALBUM 5 CH GLOBULI DOSA UNICA,Fitoterapia e Omeopatia,,13.54,13.14,12.94,13.17,13.52,13.32,13.29,14.05,13.80
010003393,BOIRON ARSENICUM ALBUM 5 CH GOCCE ORALI 30ML,Fitoterapia e Omeopatia,,23.57,22.05,23.97,23.04,23.22,23.13,23.44,21.77,24.08
010003396,BOIRON ARSENICUM ALBUM 5 CH FIALE ORALI 20 PEZZI,Fitoterapia e Omeopatia,,37.47,36.73,36.87,38.71,36.77,38.77,36.86,37.86,37.99
010003399,BOIRON ARSENICUM ALBUM 5 CH UNGUENTO 50G,Fitoterapia e Omeopatia,,42.10,42.07,41.82,42.40,42.76,42.00,42.19,40.67,42.36
010003402,BOIRON ARSENICUM ALBUM 5 CH SCIROPPO 150ML,Fitoterapia e Omeopatia,,42.93,42.19,43.16,41.88,42.37,41.70,42.24,42.14,41.61
010003405,BOIRON ARSENICUM ALBUM 7 CH GRANULI 4G,Fitoterapia e Omeopatia,,5.75,5.62,4.49,4.54,5.92,5.37,6.36,4.79,6.13
010003408,BOIRON ARSENICUM ALBUM 7 CH GLOBULI DOSA UNICA,Fitoterapia e Omeopatia,,14.34,13.72,12.37,14.25,14.14,13.99,13.67,14.05,14.03
010003411,BOIRON ARSENICUM ALBUM 7 CH GOCCE ORALI 30ML,Fitoterapia e Omeopatia,,43.93,43.79,42.17,43.84,43.12,44.05,43.95,42.76,43.48
010003414,BOIRON ARSENICUM ALBUM 7 CH FIALE ORALI 20 PEZZI,Fitoterapia e Omeopatia,,7.35,7.43,6.65,8.21,8.21,6.60,6.82,6.64,8.83
010003417,BOIRON ARSENICUM ALBUM 7 CH UNGUENTO 50G,Fitoterapia e Omeopatia,,33.10,32.84,32.32,32.40,32.67,33.73,32.74,32.25,33.05
010003420,BOIRON ARSENICUM ALBUM 7 CH SCIROPPO 150ML,Fitoterapia e Omeopatia,,37.63,37.69,36.53,38.06,37.04,36.70,37.75,37.97,36.53
010003423,BOIRON ARSENICUM ALBUM 9 CH GRANULI 4G,Fitoterapia e Omeopatia,,38.06,37.99,38.85,37.94,37.58,37.45,39.45,38.98,37.75
010003426,BOIRON ARSENICUM ALBUM 9 CH GLOBULI DOSA UNICA,Fitoterapia e Omeopatia,,22.56,23.00,22.24,22.81,23.50,23.10,22.19,22.02,22.73
010003429,BOIRON ARSENICUM ALBUM 9 CH GOCCE ORALI 30ML,Fitoterapia e Omeopatia,,11.71,11.94,12.47,11.55,11.24,12.52,12.13,11.87,10.77
010003432,BOIRON ARSENICUM ALBUM 9 CH FIALE ORALI 20 PEZZI,Fitoterapia e Omeopatia,,14.72,12.95,14.46,13.23,13.96,13.40,13.12,14.72,13.17
010003435,BOIRON ARSENICUM ALBUM 9 CH UNGUENTO 50G,Fitoterapia e Omeopatia,,44.85,44.77,43.20,42.97,42.56,44.42,43.90,44.00,43.57
010003438,BOIRON ARSENICUM ALBUM 9 CH SCIROPPO 150ML,Fitoterapia e Omeopatia,,10.89,12.17,11.07,10.62,12.33,10.10,10.04,11.78,10.13
010003441,BOIRON ARSENICUM ALBUM 12 CH GRANULI 4G,Fitoterapia e Omeopatia,,36.46,35.05,34.78,35.63,35.04,35.54,35.83,34.53,36.11
010003444,BOIRON ARSENICUM ALBUM 12 CH GLOBULI DOSA UNICA,Fitoterapia e Omeopatia,,32.83,30.86,31.71,31.10,32.30,31.34,31.75,31.74,31.24
010003447,BOIRON ARSENICUM ALBUM 12 CH GOCCE ORALI 30ML,Fitoterapia e Omeopatia,,25.90,25.79,27.32,25.99,25.91,26.26,26.42,25.99,27.30
010003450,BOIRON ARSENICUM ALBUM 12 CH FIALE ORALI 20 PEZZI,Fitoterapia e Omeopatia,,19.04,18.92,18.62,18.90,19.07,18.16,18.65,17.89,19.07
010003453,BOIRON ARSENICUM ALBUM 12 CH UNGUENTO 50G,Fitoterapia e Omeopatia,,6.22,5.39,5.84,5.26,4.91,5.22,5.86,4.47,5.09
010003456,BOIRON ARSENICUM ALBUM 12 CH SCIROPPO 150ML,Fitoterapia e Omeopatia,,44.39,42.90,42.57,44.43,42.80,44.23,44.46,44.42,42.75
010003459,BOIRON ARSENICUM ALBUM 15 CH GRANULI 4G,Fitoterapia e Omeopatia,,39.56,40.55,40.67,40.93,41.39,39.80,40.20,40.44,40.21
010003462,BOIRON ARSENICUM ALBUM 15 CH GLOBULI DOSA UNICA,Fitoterapia e Omeopatia,,39.93,39.08,39.60,39.65,40.63,40.27,40.90,41.08,40.97
010003465,BOIRON ARSENICUM ALBUM 15 CH GOCCE ORALI 30ML,Fitoterapia e Omeopatia,,13.61,12.77,13.60,12.23,12.63,11.91,13.06,13.47,12.32
010003468,BOIRON ARSENICUM ALBUM 15 CH FIALE ORALI 20 PEZZI,Fitoterapia e Omeopatia,,37.20,35.99,35.87,35.86,35.53,37.40,36.20,35.29,36.48
010003471,BOIRON ARSENICUM ALBUM 15 CH UNGUENTO 50G,Fitoterapia e Omeopatia,,30.13,28.78,30.40,29.69,28.59,28.82,28.63,29.06,28.85
010003474,BOIRON ARSENICUM ALBUM 15 CH SCIROPPO 150ML,Fitoterapia e Omeopatia,,23.12,23.79,24.01,22.77,22.95,24.11,22.39,24.11,24.19
010003477,BOIRON ARSENICUM ALBUM 30 CH GRANULI 4G,Fitoterapia e Omeopatia,,6.99,7.22,6.32,6.06,6.41,6.14,7.91,6.11,6.21
010003480,BOIRON ARSENICUM ALBUM 30 CH GLOBULI DOSA UNICA,Fitoterapia e Omeopatia,,14.69,15.16,15.26,15.78,13.95,15.37,15.12,15.01,16.04
010003483,BOIRON ARSENICUM ALBUM 30 CH GOCCE ORALI 30ML,Fitoterapia e Omeopatia,,25.21,25.80,26.42,24.49,25.97,26.38,25.27,25.81,24.77
010003486,BOIRON ARSENICUM ALBUM 30 CH FIALE ORALI 20 PEZZI,Fitoterapia e Omeopatia,,9.71,11.32,9.63,9.16,10.85,10.70,10.97,9.60,11.00
010003489,BOIRON ARSENICUM ALBUM 30 CH UNGUENTO 50G,Fitoterapia e Omeopatia,,8.29,9.97,9.19,8.19,8.98,9.30,10.19,8.83,9.54
010003492,BOIRON ARSENICUM ALBUM 30 CH SCIROPPO 150ML,Fitoterapia e Omeopatia,,35.64,33.80,35.26,34.13,34.98,34.12,34.05,35.42,33.45
010003495,BOIRON ARSENICUM ALBUM 200 CH GRANULI 4G,Fitoterapia e Omeopatia,,28.17,27.94,29.15,28.43,29.07,27.41,27.30,27.98,29.04
010003498,BOIRON ARSENICUM ALBUM 200 CH GLOBULI DOSA UNICA,Fitoterapia e Omeopatia,,18.51,20.72,19.49,20.29,19.33,19.21,19.03,20.23,18.88
010003501,BOIRON ARSENICUM ALBUM 200 CH GOCCE ORALI 30ML,Fitoterapia e Omeopatia,,19.89,20.12,18.60,18.45,20.41,18.74,18.82,19.35,18.96
010003504,BOIRON ARSENICUM ALBUM 200 CH FIALE ORALI 20 PEZZI,Fitoterapia e Omeopatia,,39.50,41.25,40.22,41.22,39.76,40.30,40.02,39.52,40.74
010003507,BOIRON ARSENICUM ALBUM 200 CH UNGUENTO 50G,Fitoterapia e Omeopatia,,24.13,25.01,24.60,24.88,24.30,23.59,23.86,23.08,25.04
010003510,BOIRON ARSENICUM ALBUM 200 CH SCIROPPO 150ML,Fitoterapia e Omeopatia,,28.40,28.76,29.59,29.28,28.97,28.15,28.21,29.95,29.87
010003513,BOIRON ARSENICUM ALBUM 1MK GRANULI 4G,Fitoterapia e Omeopatia,,36.72,38.47,38.15,37.83,37.12,38.47,37.98,38.45,37.51
010003516,BOIRON ARSENICUM ALBUM 1MK GLOBULI DOSA UNICA,Fitoterapia e Omeopatia,,44.02,44.18,42.11,43.57,43.55,42.76,43.17,43.05,44.14
010003519,BOIRON ARSENICUM ALBUM 1MK GOCCE ORALI 30ML,Fitoterapia e Omeopatia,,35.45,35.49,34.78,34.59,34.82,33.49,34.08,33.99,34.39
010003522,BOIRON ARSENICUM ALBUM 1MK FIALE ORALI 20 PEZZI,Fitoterapia e Omeopatia,,42.81,44.57,43.54,44.18,44.15,43.93,42.79,42.96,42.91
010003525,BOIRON ARSENICUM ALBUM 1MK UNGUENTO 50G,Fitoterapia e Omeopatia,,27.03,27.26,27.59,27.86,27.28,26.00,26.91,27.62,26.17
010003528,BOIRON ARSENICUM ALBUM 1MK SCIROPPO 150ML,Fitoterapia e Omeopatia,,32.98,32.21,32.91,31.93,31.87,32.40,31.56,31.73,33.54
010003531,BOIRON ARSENICUM ALBUM 6DH GRANULI 4G,Fitoterapia e Omeopatia,,23.06,23.17,23.17,22.47,24.04,23.13,22.95,22.61,23.31
010003534,BOIRON ARSENICUM ALBUM 6DH GLOBULI DOSA UNICA,Fitoterapia e Omeopatia,,13.56,13.89,12.68,14.59,14.05,13.21,12.73,12.75,13.06
010003537,BOIRON ARSENICUM ALBUM 6DH GOCCE ORALI 30ML,Fitoterapia e Omeopatia,,15.83,14.45,15.85,15.14,16.23,14.61,15.36,14.95,14.90
010003540,BOIRON ARSENICUM ALBUM 6DH FIALE ORALI 20 PEZZI,Fitoterapia e Omeopatia,,21.85,22.02,22.80,23.36,22.26,22.77,23.18,22.69,21.69
010003543,BOIRON ARSENICUM ALBUM 6DH UNGUENTO 50G,Fitoterapia e Omeopatia,,26.87,28.34,26.58,28.41,27.14,27.97,26.46,27.49,27.35
010003546,BOIRON ARSENICUM ALBUM 6DH SCIROPPO 150ML,Fitoterapia e Omeopatia,,15.38,14.10,15.09,14.08,14.20,14.49,13.85,14.70,14.36
010003549,BOIRON ARSENICUM ALBUM 12DH GRANULI 4G,Fitoterapia e Omeopatia,,38.45,37.54,37.44,37.77,38.25,36.99,39.05,39.13,38.43
010003552,BOIRON ARSENICUM ALBUM 12DH GLOBULI DOSA UNICA,Fitoterapia e Omeopatia,,25.14,26.25,25.11,24.68,24.75,26.34,25.08,26.21,25.99
010003555,BOIRON ARSENICUM ALBUM 12DH GOCCE ORALI 30ML,Fitoterapia e Omeopatia,,42.46,41.16,41.71,41.59,42.69,40.92,40.59,41.19,40.50
010003558,BOIRON ARSENICUM ALBUM 12DH FIALE ORALI 20 PEZZI,Fitoterapia e Omeopatia,,12.22,12.16,12.47,13.01,13.05,13.44,12.08,11.45,13.21
010003561,BOIRON ARSENICUM ALBUM 12DH UNGUENTO 50G,Fitoterapia e Omeopatia,,44.94,45.40,45.91,45.51,45.32,45.34,46.16,44.48,45.59
010003564,BOIRON ARSENICUM ALBUM 12DH SCIROPPO 150ML,Fitoterapia e Omeopatia,,12.16,12.83,12.33,12.57,12.63,12.64,13.06,13.34,12.31
010003567,BOIRON CHAMOMILLA 4 CH GRANULI 4G,Fitoterapia e Omeopatia,,26.77,25.21,25.35,25.64,24.72,26.36,25.94,26.07,26.49
010003570,BOIRON CHAMOMILLA 4 CH GLOBULI DOSA UNICA,Fitoterapia e Omeopatia,,17.75,18.07,18.01,17.82,18.00,17.21,17.72,17.26,18.31
010003573,BOIRON CHAMOMILLA 4 CH GOCCE ORALI 30ML,Fitoterapia e Omeopatia,,12.90,12.22,13.05,11.84,13.30,11.72,12.66,13.00,12.58
010003576,BOIRON CHAMOMILLA 4 CH FIALE ORALI 20 PEZZI,Fitoterapia e Omeopatia,,39.82,37.96,37.65,39.77,38.29,38.64,38.05,39.47,39.39
010003579,BOIRON CHAMOMILLA 4 CH UNGUENTO 50G,Fitoterapia e Omeopatia,,5.09,4.46,4.29,6.25,4.97,5.69,4.27,5.47,4.60
010003582,BOIRON CHAMOMILLA 4 CH SCIROPPO 150ML,Fitoterapia e Omeopatia,,14.44,16.14,15.71,14.62,14.49,14.93,15.19,14.50,15.96
010003585,BOIRON CHAMOMILLA 5 CH GRANULI 4G,Fitoterapia e Omeopatia,,24.99,26.05,25.87,25.03,25.67,26.98,25.02,26.00,25.42
010003588,BOIRON CHAMOMILLA 5 CH GLOBULI DOSA UNICA,Fitoterapia e Omeopatia,,25.77,25.39,23.68,24.14,24.97,23.69,24.75,24.83,25.27
010003591,BOIRON CHAMOMILLA 5 CH GOCCE ORALI 30ML,Fitoterapia e Omeopatia,,41.62,41.21,41.15,40.53,39.97,41.26,40.64,40.47,40.35
010003594,BOIRON CHAMOMILLA 5 CH FIALE ORALI 20 PEZZI,Fitoterapia e Omeopatia,,32.09,30.92,32.50,32.71,32.40,31.26,31.75,30.94,32.45
010003597,BOIRON CHAMOMILLA 5 CH UNGUENTO 50G,Fitoterapia e Omeopatia,,12.64,12.19,11.20,11.84,11.49,11.30,11.60,11.06,11.29
010003600,BOIRON CHAMOMILLA 5 CH SCIROPPO 150ML,Fitoterapia e Omeopatia,,32.72,32.55,32.85,33.77,34.88,33.69,33.17,34.14,33.31
010003603,BOIRON CHAMOMILLA 7 CH GRANULI 4G,Fitoterapia e Omeopatia,,25.26,24.84,23.77,24.73,24.33,24.85,24.27,23.70,25.02
010003606,BOIRON CHAMOMILLA 7 CH GLOBULI DOSA UNICA,Fitoterapia e Omeopatia,,9.12,8.74,7.77,7.33,8.19,7.32,9.26,8.83,8.43
010003609,BOIRON CHAMOMILLA 7 CH GOCCE ORALI 30ML,Fitoterapia e Omeopatia,,37.18,38.71,36.58,37.65,36.86,38.84,37.80,38.36,36.75
010003612,BOIRON CHAMOMILLA 7 CH FIALE ORALI 20 PEZZI,Fitoterapia e Omeopatia,,23.53,22.73,23.40,23.71,22.64,23.66,24.21,22.87,23.46
010003615,BOIRON CHAMOMILLA 7 CH UNGUENTO 50G,Fitoterapia e Omeopatia,,12.69,12.87,13.23,13.18,13.08,11.53,12.13,13.50,13.15
010003618,BOIRON CHAMOMILLA 7 CH SCIROPPO 150ML,Fitoterapia e Omeopatia,,35.78,35.48,34.51,34.97,35.84,34.73,35.44,33.95,35.73
010003621,BOIRON CHAMOMILLA 9 CH GRANULI 4G,Fitoterapia e Omeopatia,,35.03,35.59,34.50,35.20,36.13,35.61,36.12,34.40,35.38
010003624,BOIRON CHAMOMILLA 9 CH GLOBULI DOSA UNICA,Fitoterapia e Omeopatia,,22.27,20.22,20.30,20.81,21.93,21.30,20.09,20.41,20.64
010003627,BOIRON CHAMOMILLA 9 CH GOCCE ORALI 30ML,Fitoterapia e Omeopatia,,40.59,41.49,40.16,39.56,41.45,40.66,40.52,39.78,40.04
010003630,BOIRON CHAMOMILLA 9 CH FIALE ORALI 20 PEZZI,Fitoterapia e Omeopatia,,18.80,18.01,18.17,19.06,19.84,19.15,19.69,18.07,18.55
010003633,BOIRON CHAMOMILLA 9 CH UNGUENTO 50G,Fitoterapia e Omeopatia,,36.95,36.93,37.28,35.81,35.47,37.18,36.89,36.81,37.32
010003636,BOIRON CHAMOMILLA 9 CH SCIROPPO 150ML,Fitoterapia e Omeopatia,,34.08,32.42,33.00,33.36,32.39,33.93,33.68,33.25,33.96
010003639,BOIRON CHAMOMILLA 12 CH GRANULI 4G,Fitoterapia e Omeopatia,,32.19,32.18,31.25,30.70,31.23,32.25,32.43,31.46,31.71
010003642,BOIRON CHAMOMILLA 12 CH GLOBULI DOSA UNICA,Fitoterapia e Omeopatia,,23.75,23.13,23.37,24.90,24.53,23.37,24.23,23.00,23.86
010003645,BOIRON CHAMOMILLA 12 CH GOCCE ORALI 30ML,Fitoterapia e Omeopatia,,41.09,41.08,39.44,41.47,40.27,41.68,39.66,41.36,40.74
010003648,BOIRON CHAMOMILLA 12 CH FIALE ORALI 20 PEZZI,Fitoterapia e Omeopatia,,38.28,39.05,39.49,39.86,38.04,39.36,37.95,37.82,38.07
010003651,BOIRON CHAMOMILLA 12 CH UNGUENTO 50G,Fitoterapia e Omeopatia,,35.20,33.94,35.38,34.98,34.61,33.92,34.20,33.92,35.11
010003654,BOIRON CHAMOMILLA 12 CH SCIROPPO 150ML,Fitoterapia e Omeopatia,,8.31,8.02,6.83,8.36,8.61,7.33,8.81,8.65,7.96
010003657,BOIRON CHAMOMILLA 15 CH GRANULI 4G,Fitoterapia e Omeopatia,,7.38,9.48,7.64,8.91,8.62,9.27,7.74,8.53,7.61
010003660,BOIRON CHAMOMILLA 15 CH GLOBULI DOSA UNICA,Fitoterapia e Omeopatia,,12.76,13.63,14.27,12.26,13.60,13.23,12.45,12.55,12.98
010003663,BOIRON CHAMOMILLA 15 CH GOCCE ORALI 30ML,Fitoterapia e Omeopatia,,40.38,39.15,39.46,40.84,38.76,39.16,40.68,40.14,38.55
010003666,BOIRON CHAMOMILLA 15 CH FIALE ORALI 20 PEZZI,Fitoterapia e Omeopatia,,37.01,37.20,36.19,37.31,37.44,35.67,36.76,36.36,37.25
010003669,BOIRON CHAMOMILLA 15 CH UNGUENTO 50G,Fitoterapia e Omeopatia,,8.51,9.17,8.26,8.15,8.54,9.03,9.24,8.15,8.62
010003672,BOIRON CHAMOMILLA 15 CH SCIROPPO 150ML,Fitoterapia e Omeopatia,,19.89,21.56,21.65,19.92,22.03,20.13,20.38,21.64,20.08
010003675,BOIRON CHAMOMILLA 30 CH GRANULI 4G,Fitoterapia e Omeopatia,,40.05,40.55,40.87,39.98,39.15,38.89,38.94,39.99,39.37
010003678,BOIRON CHAMOMILLA 30 CH GLOBULI DOSA UNICA,Fitoterapia e Omeopatia,,32.14,32.88,31.60,31.94,31.87,33.32,31.15,31.50,32.99
010003681,BOIRON CHAMOMILLA 30 CH GOCCE ORALI 30ML,Fitoterapia e Omeopatia,,22.27,22.77,22.17,22.18,21.91,21.53,22.18,21.80,21.37
010003684,BOIRON CHAMOMILLA 30 CH FIALE ORALI 20 PEZZI,Fitoterapia e Omeopatia,,31.46,30.30,30.42,31.43,30.27,30.37,29.41,29.59,30.62
010003687,BOIRON CHAMOMILLA 30 CH UNGUENTO 50G,Fitoterapia e Omeopatia,,7.95,6.93,7.72,7.67,7.49,7.21,8.30,7.51,8.59
010003690,BOIRON CHAMOMILLA 30 CH SCIROPPO 150ML,Fitoterapia e Omeopatia,,37.38,36.92,36.49,36.85,38.25,36.63,37.84,38.48,36.62
010003693,BOIRON CHAMOMILLA 200 CH GRANULI 4G,Fitoterapia e Omeopatia,,18.06,16.84,17.87,17.68,16.84,18.23,16.51,17.40,16.39
010003696,BOIRON CHAMOMILLA 200 CH GLOBULI DOSA UNICA,Fitoterapia e Omeopatia,,35.65,35.78,36.02,36.32,34.68,35.45,36.20,36.26,35.84
010003699,BOIRON CHAMOMILLA 200 CH GOCCE ORALI 30ML,Fitoterapia e Omeopatia,,32.03,31.91,31.98,31.54,32.90,30.89,31.24,32.80,32.82
010003702,BOIRON CHAMOMILLA 200 CH FIALE ORALI 20 PEZZI,Fitoterapia e Omeopatia,,33.22,32.36,33.12,31.92,32.32,33.25,32.41,32.79,32.35
010003705,BOIRON CHAMOMILLA 200 CH UNGUENTO 50G,Fitoterapia e Omeopatia,,16.37,15.39,16.78,16.53,16.15,16.78,17.07,15.24,17.08
010003708,BOIRON CHAMOMILLA 200 CH SCIROPPO 150ML,Fitoterapia e Omeopatia,,4.96,4.92,5.60,5.45,6.61,4.65,5.75,5.60,5.29
010003711,BOIRON CHAMOMILLA 1MK GRANULI 4G,Fitoterapia e Omeopatia,,40.74,40.72,40.55,41.04,40.53,41.26,40.94,41.45,40.29
010003714,BOIRON CHAMOMILLA 1MK GLOBULI DOSA UNICA,Fitoterapia e Omeopatia,,18.37,19.36,18.53,19.17,18.27,17.56,17.43,19.50,17.37
010003717,BOIRON CHAMOMILLA 1MK GOCCE ORALI 30ML,Fitoterapia e Omeopatia,,23.16,22.26,22.46,22.95,23.42,23.97,22.72,23.01,22.57
010003720,BOIRON CHAMOMILLA 1MK FIALE ORALI 20 PEZZI,Fitoterapia e Omeopatia,,11.27,12.34,11.10,12.79,12.23,10.90,11.80,11.42,12.73
010003723,BOIRON CHAMOMILLA 1MK UNGUENTO 50G,Fitoterapia e Omeopatia,,23.16,22.55,22.82,23.38,21.31,21.78,21.47,23.29,23.45
010003726,BOIRON CHAMOMILLA 1MK SCIROPPO 150ML,Fitoterapia e Omeopatia,,42.40,42.50,42.95,43.89,43.42,43.75,43.22,43.25,41.91
010003729,BOIRON CHAMOMILLA 6DH GRANULI 4G,Fitoterapia e Omeopatia,,22.20,22.39,21.90,21.98,22.79,21.45,23.03,21.28,21.93
010003732,BOIRON CHAMOMILLA 6DH GLOBULI DOSA UNICA,Fitoterapia e Omeopatia,,41.92,41.79,43.17,42.75,42.97,43.50,41.78,42.44,43.27
010003735,BOIRON CHAMOMILLA 6DH GOCCE ORALI 30ML,Fitoterapia e Omeopatia,,40.65,39.81,39.15,40.89,38.72,40.41,40.54,40.39,41.00
010003738,BOIRON CHAMOMILLA 6DH FIALE ORALI 20 PEZZI,Fitoterapia e Omeopatia,,24.67,25.66,25.63,25.16,25.27,26.66,25.32,24.66,24.99
010003741,BOIRON CHAMOMILLA 6DH UNGUENTO 50G,Fitoterapia e Omeopatia,,22.65,24.08,23.98,23.79,23.98,22.82,22.71,23.68,24.31
010003744,BOIRON CHAMOMILLA 6DH SCIROPPO 150ML,Fitoterapia e Omeopatia,,25.15,23.18,23.45,24.36,23.33,24.39,24.05,24.78,23.10
010003747,BOIRON CHAMOMILLA 12DH GRANULI 4G,Fitoterapia e Omeopatia,,12.28,11.96,13.23,13.24,12.11,12.81,11.89,13.32,12.87
010003750,BOIRON CHAMOMILLA 12DH GLOBULI DOSA UNICA,Fitoterapia e Omeopatia,,38.97,38.79,38.67,40.74,39.96,39.43,39.04,40.07,40.36
010003753,BOIRON CHAMOMILLA 12DH GOCCE ORALI 30ML,Fitoterapia e Omeopatia,,21.37,20.45,21.32,20.85,19.78,21.46,20.08,21.25,20.74
010003756,BOIRON CHAMOMILLA 12DH FIALE ORALI 20 PEZZI,Fitoterapia e Omeopatia,,39.01,37.07,38.02,37.70,37.48,38.08,38.04,37.22,37.65
010003759,BOIRON CHAMOMILLA 12DH UNGUENTO 50G,Fitoterapia e Omeopatia,,5.50,5.63,5.75,4.90,5.10,4.72,5.75,5.02,4.37
010003762,BOIRON CHAMOMILLA 12DH SCIROPPO 150ML,Fitoterapia e Omeopatia,,17.73,19.80,19.87,19.44,18.06,20.05,18.72,19.08,19.07
010003765,BOIRON EUPATORIUM 4 CH GRANULI 4G,Fitoterapia e Omeopatia,,23.91,24.29,26.13,25.80,24.70,25.67,24.71,24.19,25.62
010003768,BOIRON EUPATORIUM 4 CH GLOBULI DOSA UNICA,Fitoterapia e Omeopatia,,36.34,36.67,36.65,35.25,36.30,35.29,36.33,35.76,36.50
010003771,BOIRON EUPATORIUM 4 CH GOCCE ORALI 30ML,Fitoterapia e Omeopatia,,40.31,39.62,39.34,40.54,40.48,40.05,38.97,38.39,38.68
010003774,BOIRON EUPATORIUM 4 CH FIALE ORALI 20 PEZZI,Fitoterapia e Omeopatia,,9.08,8.08,9.42,8.92,8.75,8.37,10.15,8.61,9.47
010003777,BOIRON EUPATORIUM 4 CH UNGUENTO 50G,Fitoterapia e Omeopatia,,37.99,38.33,39.13,37.93,38.30,37.03,38.57,38.88,37.02
010003780,BOIRON EUPATORIUM 4 CH SCIROPPO 150ML,Fitoterapia e Omeopatia,,42.03,41.83,42.39,43.41,41.81,42.80,41.82,42.14,41.61
010003783,BOIRON EUPATORIUM 5 CH GRANULI 4G,Fitoterapia e Omeopatia,,43.45,42.30,42.21,42.60,43.50,43.54,43.28,42.04,42.87
010003786,BOIRON EUPATORIUM 5 CH GLOBULI DOSA UNICA,Fitoterapia e Omeopatia,,5.50,6.54,6.91,5.12,5.21,6.93,5.50,6.02,6.57
010003789,BOIRON EUPATORIUM 5 CH GOCCE ORALI 30ML,Fitoterapia e Omeopatia,,26.81,26.04,25.12,25.25,26.45,25.21,25.55,27.26,26.84
010003792,BOIRON EUPATORIUM 5 CH FIALE ORALI 20 PEZZI,Fitoterapia e Omeopatia,,11.08,11.24,11.29,12.06,11.74,12.52,11.06,12.49,12.38
010003795,BOIRON EUPATORIUM 5 CH UNGUENTO 50G,Fitoterapia e Omeopatia,,25.72,27.99,27.46,26.14,27.90,26.82,27.04,27.69,27.28
010003798,BOIRON EUPATORIUM 5 CH SCIROPPO 150ML,Fitoterapia e Omeopatia,,20.03,19.51,19.97,18.92,19.47,19.82,18.00,18.34,18.48
010003801,BOIRON EUPATORIUM 7 CH GRANULI 4G,Fitoterapia e Omeopatia,,11.93,12.72,12.12,12.96,11.97,12.99,11.53,10.89,13.18
010003804,BOIRON EUPATORIUM 7 CH GLOBULI DOSA UNICA,Fitoterapia e Omeopatia,,35.45,36.52,34.34,35.61,35.15,35.95,34.55,36.28,35.26
010003807,BOIRON EUPATORIUM 7 CH GOCCE ORALI 30ML,Fitoterapia e Omeopatia,,33.67,34.35,35.14,35.01,33.65,34.87,33.34,34.29,34.75
010003810,BOIRON EUPATORIUM 7 CH FIALE ORALI 20 PEZZI,Fitoterapia e Omeopatia,,4.51,3.54,3.90,5.20,4.92,5.63,4.48,5.04,4.15
010003813,BOIRON EUPATORIUM 7 CH UNGUENTO 50G,Fitoterapia e Omeopatia,,9.27,8.69,10.02,7.91,10.22,8.25,8.05,8.51,8.06
010003816,BOIRON EUPATORIUM 7 CH SCIROPPO 150ML,Fitoterapia e Omeopatia,,43.62,44.96,43.77,44.48,45.05,44.41,43.81,44.82,43.00
010003819,BOIRON EUPATORIUM 9 CH GRANULI 4G,Fitoterapia e Omeopatia,,40.60,39.84,39.55,40.21,40.63,39.22,40.00,40.24,39.61
010003822,BOIRON EUPATORIUM 9 CH GLOBULI DOSA UNICA,Fitoterapia e Omeopatia,,24.42,23.35,23.12,23.76,24.42,24.50,23.64,23.23,24.94
010003825,BOIRON EUPATORIUM 9 CH GOCCE ORALI 30ML,Fitoterapia e Omeopatia,,23.04,23.89,23.21,23.24,22.79,24.35,24.15,24.69,22.91
010003828,BOIRON EUPATORIUM 9 CH FIALE ORALI 20 PEZZI,Fitoterapia e Omeopatia,,13.12,13.09,13.17,13.12,12.25,13.25,11.37,13.20,12.69
010003831,BOIRON EUPATORIUM 9 CH UNGUENTO 50G,Fitoterapia e Omeopatia,,10.85,8.64,9.21,8.79,10.22,10.61,9.77,10.15,9.05
010003834,BOIRON EUPATORIUM 9 CH SCIROPPO 150ML,Fitoterapia e Omeopatia,,11.60,10.35,11.05,11.47,10.58,9.47,11.26,10.83,9.57
010003837,BOIRON EUPATORIUM 12 CH GRANULI 4G,Fitoterapia e Omeopatia,,30.08,28.52,29.67,29.60,29.20,29.48,29.89,28.84,29.08
010003840,BOIRON EUPATORIUM 12 CH GLOBULI DOSA UNICA,Fitoterapia e Omeopatia,,5.18,3.69,4.05,5.38,4.95,5.24,4.77,5.50,5.70
010003843,BOIRON EUPATORIUM 12 CH GOCCE ORALI 30ML,Fitoterapia e Omeopatia,,12.75,12.37,11.18,11.92,12.29,11.47,11.53,13.37,11.44
010003846,BOIRON EUPATORIUM 12 CH FIALE ORALI 20 PEZZI,Fitoterapia e Omeopatia,,40.64,39.83,41.20,39.62,39.85,39.54,39.01,39.22,40.06
010003849,BOIRON EUPATORIUM 12 CH UNGUENTO 50G,Fitoterapia e Omeopatia,,39.55,41.69,41.41,40.62,41.56,39.44,39.75,41.21,41.23
010003852,BOIRON EUPATORIUM 12 CH SCIROPPO 150ML,Fitoterapia e Omeopatia,,9.87,10.19,11.68,10.66,10.86,10.57,10.37,10.00,11.06
010003855,BOIRON EUPATORIUM 15 CH GRANULI 4G,Fitoterapia e Omeopatia,,36.86,37.77,36.25,37.70,37.51,36.60,37.14,36.65,36.86
010003858,BOIRON EUPATORIUM 15 CH GLOBULI DOSA UNICA,Fitoterapia e Omeopatia,,16.74,14.94,16.44,15.78,15.90,15.74,15.32,15.40,16.69
010003861,BOIRON EUPATORIUM 15 CH GOCCE ORALI 30ML,Fitoterapia e Omeopatia,,11.19,10.79,10.55,11.72,9.64,10.59,11.64,11.55,9.73
010003864,BOIRON EUPATORIUM 15 CH FIALE ORALI 20 PEZZI,Fitoterapia e Omeopatia,,36.19,34.74,34.77,36.86,35.31,35.72,36.04,35.85,36.37
010003867,BOIRON EUPATORIUM 15 CH UNGUENTO 50G,Fitoterapia e Omeopatia,,37.87,37.49,37.91,38.10,37.27,37.88,37.21,37.77,37.66
010003870,BOIRON EUPATORIUM 15 CH SCIROPPO 150ML,Fitoterapia e Omeopatia,,15.52,14.68,15.38,13.79,14.20,15.46,15.00,15.58,14.11
010003873,BOIRON EUPATORIUM 30 CH GRANULI 4G,Fitoterapia e Omeopatia,,17.32,18.31,18.25,17.91,17.57,17.99,17.46,19.23,19.41
010003876,BOIRON EUPATORIUM 30 CH GLOBULI DOSA UNICA,Fitoterapia e Omeopatia,,13.40,13.36,14.61,14.86,14.41,12.68,13.01,14.15,12.67
010003879,BOIRON EUPATORIUM 30 CH GOCCE ORALI 30ML,Fitoterapia e Omeopatia,,16.31,17.89,16.92,16.43,17.31,16.84,18.00,17.71,16.62
010003882,BOIRON EUPATORIUM 30 CH FIALE ORALI 20 PEZZI,Fitoterapia e Omeopatia,,11.61,11.76,11.66,11.97,13.74,13.64,11.80,12.94,11.66
010003885,BOIRON EUPATORIUM 30 CH UNGUENTO 50G,Fitoterapia e Omeopatia,,5.84,6.19,6.92,7.48,7.13,7.12,6.08,7.10,7.15
010003888,BOIRON EUPATORIUM 30 CH SCIROPPO 150ML,Fitoterapia e Omeopatia,,20.04,20.82,19.86,21.15,20.98,19.35,21.07,20.36,20.30
010003891,BOIRON EUPATORIUM 200 CH GRANULI 4G,Fitoterapia e Omeopatia,,17.29,17.86,19.06,17.46,18.80,17.25,17.90,17.47,19.01
010003894,BOIRON EUPATORIUM 200 CH GLOBULI DOSA UNICA,Fitoterapia e Omeopatia,,40.50,38.91,40.57,39.40,39.42,39.33,38.39,39.13,38.88
010003897,BOIRON EUPATORIUM 200 CH GOCCE ORALI 30ML,Fitoterapia e Omeopatia,,34.33,33.70,33.80,34.52,34.29,34.72,35.52,34.34,34.94
010003900,BOIRON EUPATORIUM 200 CH FIALE ORALI 20 PEZZI,Fitoterapia e Omeopatia,,5.63,4.10,6.34,5.35,5.10,5.10,4.68,5.11,4.65
010003903,BOIRON EUPATORIUM 200 CH UNGUENTO 50G,Fitoterapia e Omeopatia,,35.03,35.10,35.14,35.44,33.61,33.42,33.43,34.71,33.82
010003906,BOIRON EUPATORIUM 200 CH SCIROPPO 150ML,Fitoterapia e Omeopatia,,21.80,20.78,20.44,20.70,21.36,21.71,20.99,21.80,21.07
010003909,BOIRON EUPATORIUM 1MK GRANULI 4G,Fitoterapia e Omeopatia,,25.81,24.71,24.37,24.03,25.34,23.59,25.48,23.71,24.52
010003912,BOIRON EUPATORIUM 1MK GLOBULI DOSA UNICA,Fitoterapia e Omeopatia,,43.27,43.76,42.73,44.37,42.88,44.69,43.68,43.86,43.60
010003915,BOIRON EUPATORIUM 1MK GOCCE ORALI 30ML,Fitoterapia e Omeopatia,,16.34,17.72,16.54,16.73,17.79,18.41,18.13,16.80,18.41
010003918,BOIRON EUPATORIUM 1MK FIALE ORALI 20 PEZZI,Fitoterapia e Omeopatia,,24.53,25.61,25.05,24.78,24.78,26.05,24.08,24.11,25.25
010003921,BOIRON EUPATORIUM 1MK UNGUENTO 50G,Fitoterapia e Omeopatia,,22.85,22.92,22.02,21.63,22.16,21.84,21.68,21.93,23.43
010003924,BOIRON EUPATORIUM 1MK SCIROPPO 150ML,Fitoterapia e Omeopatia,,40.65,39.51,39.19,39.50,40.36,39.70,41.32,41.45,39.49
010003927,BOIRON EUPATORIUM 6DH GRANULI 4G,Fitoterapia e Omeopatia,,28.68,28.72,28.46,28.53,27.66,28.82,27.62,27.80,27.98
010003930,BOIRON EUPATORIUM 6DH GLOBULI DOSA UNICA,Fitoterapia e Omeopatia,,21.91,22.34,21.78,21.66,20.40,21.45,20.70,21.59,21.65
010003933,BOIRON EUPATORIUM 6DH GOCCE ORALI 30ML,Fitoterapia e Omeopatia,,34.15,32.53,34.59,33.68,33.59,32.97,33.52,32.40,34.27
010003936,BOIRON EUPATORIUM 6DH FIALE ORALI 20 PEZZI,Fitoterapia e Omeopatia,,36.54,36.72,36.35,36.87,37.76,36.02,35.94,36.30,36.09
010003939,BOIRON EUPATORIUM 6DH UNGUENTO 50G,Fitoterapia e Omeopatia,,4.53,5.47,5.76,6.10,4.58,5.44,4.14,5.35,4.82
010003942,BOIRON EUPATORIUM 6DH SCIROPPO 150ML,Fitoterapia e Omeopatia,,14.58,14.06,15.49,14.79,14.63,13.93,14.27,14.43,14.81
010003945,BOIRON EUPATORIUM 12DH GRANULI 4G,Fitoterapia e Omeopatia,,4.50,4.89,5.98,4.68,5.70,4.55,4.47,6.80,5.73
010003948,BOIRON EUPATORIUM 12DH GLOBULI DOSA UNICA,Fitoterapia e Omeopatia,,40.58,40.16,40.61,41.81,41.15,40.46,41.11,40.85,41.17
010003951,BOIRON EUPATORIUM 12DH GOCCE ORALI 30ML,Fitoterapia e Omeopatia,,41.02,39.94,40.31,40.68,41.00,41.11,42.00,39.75,41.50
010003954,BOIRON EUPATORIUM 12DH FIALE ORALI 20 PEZZI,Fitoterapia e Omeopatia,,27.99,28.97,27.95,29.48,28.22,27.73,28.33,28.80,28.38
010003957,BOIRON EUPATORIUM 12DH UNGUENTO 50G,Fitoterapia e Omeopatia,,19.84,19.77,19.89,18.61,19.18,18.82,20.26,17.95,19.94
010003960,BOIRON EUPATORIUM 12DH SCIROPPO 150ML,Fitoterapia e Omeopatia,,6.88,6.77,6.91,5.68,5.54,6.54,6.17,6.33,5.76
010003963,BOIRON FERRUM PHOSPHORICUM 4 CH GRANULI 4G,Fitoterapia e Omeopatia,,39.35,40.44,38.63,38.90,40.63,39.16,39.74,38.57,39.95
010003966,BOIRON FERRUM PHOSPHORICUM 4 CH GLOBULI DOSA UNICA,Fitoterapia e Omeopatia,,17.06,18.22,16.29,17.67,16.52,16.81,16.39,17.80,16.14
010003969,BOIRON FERRUM PHOSPHORICUM 4 CH GOCCE ORALI 30ML,Fitoterapia e Omeopatia,,41.00,41.86,42.26,41.20,41.29,42.25,42.40,41.43,41.12
010003972,BOIRON FERRUM PHOSPHORICUM 4 CH FIALE ORALI 20 PEZZI,Fitoterapia e Omeopatia,,29.19,27.62,29.01,28.34,28.20,28.83,28.12,27.37,28.27
010003975,BOIRON FERRUM PHOSPHORICUM 4 CH UNGUENTO 50G,Fitoterapia e Omeopatia,,6.64,6.31,6.30,7.58,8.65,6.55,7.87,7.86,7.67
010003978,BOIRON FERRUM PHOSPHORICUM 4 CH SCIROPPO 150ML,Fitoterapia e Omeopatia,,41.70,40.34,40.27,40.43,40.02,41.12,40.73,41.56,39.72
010003981,BOIRON FERRUM PHOSPHORICUM 5 CH GRANULI 4G,Fitoterapia e Omeopatia,,16.22,16.18,16.79,17.63,16.22,16.12,16.57,17.91,16.24
010003984,BOIRON FERRUM PHOSPHORICUM 5 CH GLOBULI DOSA UNICA,Fitoterapia e Omeopatia,,37.10,37.08,37.44,37.75,37.02,37.95,37.21,36.69,38.15
010003987,BOIRON FERRUM PHOSPHORICUM 5 CH GOCCE ORALI 30ML,Fitoterapia e Omeopatia,,25.35,24.13,23.63,25.41,24.04,25.55,24.92,23.80,25.88
010003990,BOIRON FERRUM PHOSPHORICUM 5 CH FIALE ORALI 20 PEZZI,Fitoterapia e Omeopatia,,19.22,19.28,19.72,18.09,17.87,17.78,17.91,18.83,18.92
010003993,BOIRON FERRUM PHOSPHORICUM 5 CH UNGUENTO 50G,Fitoterapia e Omeopatia,,13.32,12.29,12.95,13.31,12.94,13.27,13.11,12.78,12.93
010003996,BOIRON FERRUM PHOSPHORICUM 5 CH SCIROPPO 150ML,Fitoterapia e Omeopatia,,5.64,6.52,5.37,6.42,4.44,6.06,4.56,5.96,5.28
010003999,BOIRON FERRUM PHOSPHORICUM 7 CH GRANULI 4G,Fitoterapia e Omeopatia,,42.76,41.53,41.77,41.04,42.30,41.78,43.16,41.49,41.97
010004002,BOIRON FERRUM PHOSPHORICUM 7 CH GLOBULI DOSA UNICA,Fitoterapia e Omeopatia,,17.74,17.79,16.16,18.34,16.33,18.16,16.23,17.38,17.47
010004005,BOIRON FERRUM PHOSPHORICUM 7 CH GOCCE ORALI 30ML,Fitoterapia e Omeopatia,,18.59,18.34,18.46,18.16,18.74,19.55,17.73,18.39,18.14
010004008,BOIRON FERRUM PHOSPHORICUM 7 CH FIALE ORALI 20 PEZZI,Fitoterapia e Omeopatia,,21.17,19.91,20.17,21.31,19.64,19.86,21.11,20.73,20.17
010004011,BOIRON FERRUM PHOSPHORICUM 7 CH UNGUENTO 50G,Fitoterapia e Omeopatia,,23.85,23.64,23.19,22.17,22.59,23.35,22.65,22.74,23.59
010004014,BOIRON FERRUM PHOSPHORICUM 7 CH SCIROPPO 150ML,Fitoterapia e Omeopatia,,18.73,18.33,20.07,20.09,18.82,18.83,19.46,19.26,19.30
010004017,BOIRON FERRUM PHOSPHORICUM 9 CH GRANULI 4G,Fitoterapia e Omeopatia,,19.30,19.46,19.82,18.37,18.03,17.96,18.99,19.70,19.64
010004020,BOIRON FERRUM PHOSPHORICUM 9 CH GLOBULI DOSA UNICA,Fitoterapia e Omeopatia,,21.21,21.68,21.01,20.75,21.16,21.69,20.46,19.56,19.64
010004023,BOIRON FERRUM PHOSPHORICUM 9 CH GOCCE ORALI 30ML,Fitoterapia e Omeopatia,,33.95,32.83,33.30,33.83,32.61,33.24,33.15,33.04,33.91
010004026,BOIRON FERRUM PHOSPHORICUM 9 CH FIALE ORALI 20 PEZZI,Fitoterapia e Omeopatia,,33.61,33.47,32.57,32.56,32.95,34.33,32.31,32.37,33.21
010004029,BOIRON FERRUM PHOSPHORICUM 9 CH UNGUENTO 50G,Fitoterapia e Omeopatia,,32.65,30.80,30.69,32.62,30.51,31.62,32.53,32.37,31.23
010004032,BOIRON FERRUM PHOSPHORICUM 9 CH SCIROPPO 150ML,Fitoterapia e Omeopatia,,14.45,14.73,14.88,12.84,13.89,13.37,14.42,13.00,12.76
010004035,BOIRON FERRUM PHOSPHORICUM 12 CH GRANULI 4G,Fitoterapia e Omeopatia,,21.22,21.27,21.41,20.59,20.53,21.16,19.63,21.29,20.39
010004038,BOIRON FERRUM PHOSPHORICUM 12 CH GLOBULI DOSA UNICA,Fitoterapia e Omeopatia,,8.12,8.94,9.03,9.60,8.01,9.16,7.74,8.63,9.09
010004041,BOIRON FERRUM PHOSPHORICUM 12 CH GOCCE ORALI 30ML,Fitoterapia e Omeopatia,,36.49,35.17,36.19,35.68,36.72,36.52,35.43,36.16,35.90
010004044,BOIRON FERRUM PHOSPHORICUM 12 CH FIALE ORALI 20 PEZZI,Fitoterapia e Omeopatia,,14.04,13.10,14.62,13.08,13.05,12.89,13.07,14.92,13.81
010004047,BOIRON FERRUM PHOSPHORICUM 12 CH UNGUENTO 50G,Fitoterapia e Omeopatia,,42.38,42.91,43.16,42.27,43.19,41.09,41.43,43.25,42.63
010004050,BOIRON FERRUM PHOSPHORICUM 12 CH SCIROPPO 150ML,Fitoterapia e Omeopatia,,23.91,22.85,22.93,24.26,24.13,23.51,23.34,24.27,23.56
010004053,BOIRON FERRUM PHOSPHORICUM 15 CH GRANULI 4G,Fitoterapia e Omeopatia,,42.60,44.80,44.61,43.81,44.57,43.29,43.25,43.72,43.50
010004056,BOIRON FERRUM PHOSPHORICUM 15 CH GLOBULI DOSA UNICA,Fitoterapia e Omeopatia,,31.36,31.31,32.19,32.14,32.21,31.22,31.28,31.20,31.08
010004059,BOIRON FERRUM PHOSPHORICUM 15 CH GOCCE ORALI 30ML,Fitoterapia e Omeopatia,,27.76,27.88,27.18,27.60,27.32,27.33,28.00,26.44,27.38
010004062,BOIRON FERRUM PHOSPHORICUM 15 CH FIALE ORALI 20 PEZZI,Fitoterapia e Omeopatia,,12.21,12.54,11.08,11.06,10.83,12.39,11.53,11.97,11.73
010004065,BOIRON FERRUM PHOSPHORICUM 15 CH UNGUENTO 50G,Fitoterapia e Omeopatia,,23.62,22.66,23.25,21.77,21.82,21.95,21.92,23.43,23.61
010004068,BOIRON FERRUM PHOSPHORICUM 15 CH SCIROPPO 150ML,Fitoterapia e Omeopatia,,22.88,23.03,23.23,24.10,24.64,24.07,23.71,22.74,22.90
010004071,BOIRON FERRUM PHOSPHORICUM 30 CH GRANULI 4G,Fitoterapia e Omeopatia,,13.83,12.88,12.99,13.25,13.32,14.18,13.44,13.29,15.11
010004074,BOIRON FERRUM PHOSPHORICUM 30 CH GLOBULI DOSA UNICA,Fitoterapia e Omeopatia,,19.00,17.47,17.34,18.62,18.83,18.73,18.23,17.60,17.57
010004077,BOIRON FERRUM PHOSPHORICUM 30 CH GOCCE ORALI 30ML,Fitoterapia e Omeopatia,,5.18,5.31,5.12,5.02,5.51,4.48,5.71,6.01,4.57
010004080,BOIRON FERRUM PHOSPHORICUM 30 CH FIALE ORALI 20 PEZZI,Fitoterapia e Omeopatia,,8.40,8.76,10.26,9.02,8.44,9.32,8.97,9.77,10.45
010004083,BOIRON FERRUM PHOSPHORICUM 30 CH UNGUENTO 50G,Fitoterapia e Omeopatia,,32.25,33.01,31.54,32.20,33.56,33.33,33.16,33.01,32.90
010004086,BOIRON FERRUM PHOSPHORICUM 30 CH SCIROPPO 150ML,Fitoterapia e Omeopatia,,30.95,32.62,32.91,32.70,31.30,31.50,31.90,31.53,31.67
010004089,BOIRON FERRUM PHOSPHORICUM 200 CH GRANULI 4G,Fitoterapia e Omeopatia,,5.75,7.22,5.75,7.37,6.57,7.85,6.13,6.94,6.62
010004092,BOIRON FERRUM PHOSPHORICUM 200 CH GLOBULI DOSA UNICA,Fitoterapia e Omeopatia,,21.54,21.75,23.23,22.60,21.56,22.10,22.23,22.69,22.72
010004095,BOIRON FERRUM PHOSPHORICUM 200 CH GOCCE ORALI 30ML,Fitoterapia e Omeopatia,,42.27,42.85,43.06,41.45,43.59,43.58,41.59,41.75,41.91
010004098,BOIRON FERRUM PHOSPHORICUM 200 CH FIALE ORALI 20 PEZZI,Fitoterapia e Omeopatia,,34.11,32.85,32.23,33.54,32.41,32.23,32.54,32.09,32.23
010004101,BOIRON FERRUM PHOSPHORICUM 200 CH UNGUENTO 50G,Fitoterapia e Omeopatia,,18.17,18.19,17.91,16.13,16.53,18.33,16.41,17.94,17.88
010004104,BOIRON FERRUM PHOSPHORICUM 200 CH SCIROPPO 150ML,Fitoterapia e Omeopatia,,15.54,15.67,17.12,15.75,16.18,16.83,16.15,14.97,16.14
010004107,BOIRON FERRUM PHOSPHORICUM 1MK GRANULI 4G,Fitoterapia e Omeopatia,,41.55,41.68,40.05,40.07,41.86,41.05,39.99,41.58,40.39
010004110,BOIRON FERRUM PHOSPHORICUM 1MK GLOBULI DOSA UNICA,Fitoterapia e Omeopatia,,41.15,39.34,39.04,40.19,40.87,40.58,40.13,40.88,39.81
010004113,BOIRON FERRUM PHOSPHORICUM 1MK GOCCE ORALI 30ML,Fitoterapia e Omeopatia,,9.67,9.50,9.46,7.99,9.17,9.58,9.94,8.30,8.34
010004116,BOIRON FERRUM PHOSPHORICUM 1MK FIALE ORALI 20 PEZZI,Fitoterapia e Omeopatia,,39.07,39.11,39.95,38.49,39.68,38.62,38.78,39.21,37.58
010004119,BOIRON FERRUM PHOSPHORICUM 1MK UNGUENTO 50G,Fitoterapia e Omeopatia,,7.49,7.20,6.04,8.03,6.32,6.03,6.12,6.88,7.50
010004122,BOIRON FERRUM PHOSPHORICUM 1MK SCIROPPO 150ML,Fitoterapia e Omeopatia,,32.49,32.91,34.23,32.73,34.06,32.54,32.85,34.02,34.23
010004125,BOIRON FERRUM PHOSPHORICUM 6DH GRANULI 4G,Fitoterapia e Omeopatia,,40.84,39.26,39.29,40.05,40.50,38.55,40.59,39.33,40.22
010004128,BOIRON FERRUM PHOSPHORICUM 6DH GLOBULI DOSA UNICA,Fitoterapia e Omeopatia,,27.89,26.85,27.42,26.84,26.37,28.65,28.49,28.18,26.72
010004131,BOIRON FERRUM PHOSPHORICUM 6DH GOCCE ORALI 30ML,Fitoterapia e Omeopatia,,16.40,15.01,15.72,16.52,14.53,15.58,16.33,16.09,14.65
010004134,BOIRON FERRUM PHOSPHORICUM 6DH FIALE ORALI 20 PEZZI,Fitoterapia e Omeopatia,,40.25,40.99,42.33,40.61,40.29,41.03,40.58,41.76,42.10
010004137,BOIRON FERRUM PHOSPHORICUM 6DH UNGUENTO 50G,Fitoterapia e Omeopatia,,21.52,20.26,21.71,20.23,20.35,21.77,19.64,21.01,20.13
010004140,BOIRON FERRUM PHOSPHORICUM 6DH SCIROPPO 150ML,Fitoterapia e Omeopatia,,31.06,31.32,30.25,30.67,31.23,31.55,31.67,31.85,30.59
010004143,BOIRON FERRUM PHOSPHORICUM 12DH GRANULI 4G,Fitoterapia e Omeopatia,,18.10,17.63,19.63,19.60,17.70,18.02,18.14,19.38,19.22
010004146,BOIRON FERRUM PHOSPHORICUM 12DH GLOBULI DOSA UNICA,Fitoterapia e Omeopatia,,23.54,23.24,24.90,25.12,25.00,25.21,24.21,24.40,25.40
010004149,BOIRON FERRUM PHOSPHORICUM 12DH GOCCE ORALI 30ML,Fitoterapia e Omeopatia,,31.42,31.56,30.27,30.90,30.29,30.03,30.71,30.49,30.32
010004152,BOIRON FERRUM PHOSPHORICUM 12DH FIALE ORALI 20 PEZZI,Fitoterapia e Omeopatia,,26.26,26.79,27.44,26.38,27.18,27.84,26.89,26.79,26.71
010004155,BOIRON FERRUM PHOSPHORICUM 12DH UNGUENTO 50G,Fitoterapia e Omeopatia,,43.83,44.56,43.41,44.40,44.02,42.59,44.94,44.97,43.32
010004158,BOIRON FERRUM PHOSPHORICUM 12DH SCIROPPO 150ML,Fitoterapia e Omeopatia,,30.80,30.28,31.56,30.80,30.96,30.93,30.04,30.62,30.70
010004161,BOIRON HYPERICUM 4 CH GRANULI 4G,Fitoterapia e Omeopatia,,34.97,34.87,36.99,36.08,36.92,36.98,34.71,35.06,36.99
010004164,BOIRON HYPERICUM 4 CH GLOBULI DOSA UNICA,Fitoterapia e Omeopatia,,9.70,8.05,8.36,9.42,9.92,9.29,8.31,10.12,7.88
010004167,BOIRON HYPERICUM 4 CH GOCCE ORALI 30ML,Fitoterapia e Omeopatia,,22.73,21.40,22.43,21.35,22.70,21.20,21.19,22.18,22.69
010004170,BOIRON HYPERICUM 4 CH FIALE ORALI 20 PEZZI,Fitoterapia e Omeopatia,,24.42,23.98,23.71,24.37,24.17,22.93,24.54,24.22,23.35
010004173,BOIRON HYPERICUM 4 CH UNGUENTO 50G,Fitoterapia e Omeopatia,,24.33,23.24,24.21,23.84,23.10,23.57,23.80,24.13,22.33
010004176,BOIRON HYPERICUM 4 CH SCIROPPO 150ML,Fitoterapia e Omeopatia,,28.97,29.65,28.58,28.53,29.45,29.36,29.59,27.86,28.54
010004179,BOIRON HYPERICUM 5 CH GRANULI 4G,Fitoterapia e Omeopatia,,27.21,28.83,27.71,28.14,26.93,26.99,28.41,27.64,28.48
010004182,BOIRON HYPERICUM 5 CH GLOBULI DOSA UNICA,Fitoterapia e Omeopatia,,5.06,5.88,5.61,4.82,6.23,5.50,5.83,5.40,4.86
010004185,BOIRON HYPERICUM 5 CH GOCCE ORALI 30ML,Fitoterapia e Omeopatia,,18.02,18.70,18.34,18.10,18.53,19.06,19.05,19.88,18.01
010004188,BOIRON HYPERICUM 5 CH FIALE ORALI 20 PEZZI,Fitoterapia e Omeopatia,,11.91,12.37,12.71,12.60,11.14,12.68,11.60,12.55,11.76
010004191,BOIRON HYPERICUM 5 CH UNGUENTO 50G,Fitoterapia e Omeopatia,,10.34,9.39,9.88,9.00,9.96,9.61,10.84,8.75,10.81
010004194,BOIRON HYPERICUM 5 CH SCIROPPO 150ML,Fitoterapia e Omeopatia,,31.03,31.74,32.47,31.69,31.88,32.08,32.39,32.73,32.37
010004197,BOIRON HYPERICUM 7 CH GRANULI 4G,Fitoterapia e Omeopatia,,36.56,35.64,37.59,36.55,37.00,36.94,37.82,35.99,36.49
010004200,BOIRON HYPERICUM 7 CH GLOBULI DOSA UNICA,Fitoterapia e Omeopatia,,22.41,23.84,23.62,24.25,22.56,22.43,22.18,22.45,23.16
010004203,BOIRON HYPERICUM 7 CH GOCCE ORALI 30ML,Fitoterapia e Omeopatia,,22.20,21.65,22.79,21.27,22.20,21.18,22.49,22.49,22.87
010004206,BOIRON HYPERICUM 7 CH FIALE ORALI 20 PEZZI,Fitoterapia e Omeopatia,,12.50,14.06,12.96,13.55,14.60,14.44,12.64,12.90,14.03
010004209,BOIRON HYPERICUM 7 CH UNGUENTO 50G,Fitoterapia e Omeopatia,,15.77,14.91,16.37,16.01,16.24,15.44,15.50,14.86,16.25
010004212,BOIRON HYPERICUM 7 CH SCIROPPO 150ML,Fitoterapia e Omeopatia,,27.17,26.05,26.73,27.50,26.06,26.10,25.88,27.60,26.85
010004215,BOIRON HYPERICUM 9 CH GRANULI 4G,Fitoterapia e Omeopatia,,13.48,14.14,13.15,14.38,15.09,14.28,13.05,14.77,13.28
010004218,BOIRON HYPERICUM 9 CH GLOBULI DOSA UNICA,Fitoterapia e Omeopatia,,19.10,17.96,19.25,19.19,18.60,18.88,19.59,19.59,18.67
010004221,BOIRON HYPERICUM 9 CH GOCCE ORALI 30ML,Fitoterapia e Omeopatia,,8.53,8.21,8.81,9.61,8.79,8.82,8.67,9.67,9.47
010004224,BOIRON HYPERICUM 9 CH FIALE ORALI 20 PEZZI,Fitoterapia e Omeopatia,,26.97,26.01,27.32,25.83,26.51,26.49,26.22,27.50,27.82
010004227,BOIRON HYPERICUM 9 CH UNGUENTO 50G,Fitoterapia e Omeopatia,,39.99,41.07,39.98,41.15,40.77,40.25,41.06,41.24,40.78
010004230,BOIRON HYPERICUM 9 CH SCIROPPO 150ML,Fitoterapia e Omeopatia,,27.32,28.18,27.20,27.44,27.07,29.29,27.94,27.97,27.69
010004233,BOIRON HYPERICUM 12 CH GRANULI 4G,Fitoterapia e Omeopatia,,11.20,11.03,10.21,12.28,11.66,10.68,11.78,11.94,11.12
010004236,BOIRON HYPERICUM 12 CH GLOBULI DOSA UNICA,Fitoterapia e Omeopatia,,36.23,35.08,35.58,36.36,36.25,36.33,36.38,35.03,36.66
010004239,BOIRON HYPERICUM 12 CH GOCCE ORALI 30ML,Fitoterapia e Omeopatia,,9.29,7.56,8.52,7.59,7.90,8.58,7.16,8.64,8.28
010004242,BOIRON HYPERICUM 12 CH FIALE ORALI 20 PEZZI,Fitoterapia e Omeopatia,,6.85,6.31,6.78,6.78,8.10,7.13,8.32,8.17,7.08
010004245,BOIRON HYPERICUM 12 CH UNGUENTO 50G,Fitoterapia e Omeopatia,,10.76,10.74,11.30,10.78,11.41,9.72,9.23,10.82,10.87
010004248,BOIRON HYPERICUM 12 CH SCIROPPO 150ML,Fitoterapia e Omeopatia,,5.78,4.00,5.71,6.17,4.70,4.86,4.51,4.17,5.03
010004251,BOIRON HYPERICUM 15 CH GRANULI 4G,Fitoterapia e Omeopatia,,40.09,39.36,40.69,39.02,38.63,39.88,40.21,38.53,40.49
010004254,BOIRON HYPERICUM 15 CH GLOBULI DOSA UNICA,Fitoterapia e Omeopatia,,15.71,14.42,16.29,14.46,15.03,15.30,16.27,15.55,15.80
010004257,BOIRON HYPERICUM 15 CH GOCCE ORALI 30ML,Fitoterapia e Omeopatia,,19.23,18.86,19.15,19.16,18.64,17.94,19.02,18.47,17.63
010004260,BOIRON HYPERICUM 15 CH FIALE ORALI 20 PEZZI,Fitoterapia e Omeopatia,,35.18,35.59,34.77,36.62,36.28,34.71,35.64,36.12,35.95
010004263,BOIRON HYPERICUM 15 CH UNGUENTO 50G,Fitoterapia e Omeopatia,,44.97,45.79,45.43,44.92,43.84,44.24,45.84,45.93,45.26
010004266,BOIRON HYPERICUM 15 CH SCIROPPO 150ML,Fitoterapia e Omeopatia,,35.36,34.91,34.89,34.68,35.23,35.54,34.26,35.03,35.53
010004269,BOIRON HYPERICUM 30 CH GRANULI 4G,Fitoterapia e Omeopatia,,31.99,30.83,30.61,31.98,32.48,31.65,31.24,30.70,31.47
010004272,BOIRON HYPERICUM 30 CH GLOBULI DOSA UNICA,Fitoterapia e Omeopatia,,11.00,9.96,11.81,9.78,11.54,10.42,10.39,11.26,11.95
010004275,BOIRON HYPERICUM 30 CH GOCCE ORALI 30ML,Fitoterapia e Omeopatia,,8.50,8.99,8.65,7.64,6.98,8.38,7.54,8.31,8.39
010004278,BOIRON HYPERICUM 30 CH FIALE ORALI 20 PEZZI,Fitoterapia e Omeopatia,,14.05,13.52,13.73,12.66,13.48,13.30,14.33,14.15,12.69
010004281,BOIRON HYPERICUM 30 CH UNGUENTO 50G,Fitoterapia e Omeopatia,,26.46,25.67,26.41,25.25,26.35,27.03,26.21,25.64,25.08
010004284,BOIRON HYPERICUM 30 CH SCIROPPO 150ML,Fitoterapia e Omeopatia,,26.00,26.32,25.78,27.34,27.47,26.21,25.10,27.26,26.34
010004287,BOIRON HYPERICUM 200 CH GRANULI 4G,Fitoterapia e Omeopatia,,21.87,22.49,21.70,23.15,23.74,22.20,22.55,23.27,22.42
010004290,BOIRON HYPERICUM 200 CH GLOBULI DOSA UNICA,Fitoterapia e Omeopatia,,12.30,13.74,13.85,13.37,13.63,13.86,12.19,13.77,13.25
010004293,BOIRON HYPERICUM 200 CH GOCCE ORALI 30ML,Fitoterapia e Omeopatia,,27.15,26.75,27.46,27.26,27.64,26.62,26.91,26.38,27.61
010004296,BOIRON HYPERICUM 200 CH FIALE ORALI 20 PEZZI,Fitoterapia e Omeopatia,,21.05,21.53,21.44,20.58,21.21,20.83,21.57,20.63,20.86
010004299,BOIRON HYPERICUM 200 CH UNGUENTO 50G,Fitoterapia e Omeopatia,,27.91,26.73,27.16,26.47,27.07,28.51,27.32,26.86,28.37
010004302,BOIRON HYPERICUM 200 CH SCIROPPO 150ML,Fitoterapia e Omeopatia,,41.22,41.65,41.41,39.96,40.01,41.84,39.88,41.90,40.57
010004305,BOIRON HYPERICUM 1MK GRANULI 4G,Fitoterapia e Omeopatia,,42.12,40.92,41.28,42.07,41.43,40.55,42.71,42.11,41.33
010004308,BOIRON HYPERICUM 1MK GLOBULI DOSA UNICA,Fitoterapia e Omeopatia,,8.29,8.32,10.23,9.19,9.58,9.27,9.61,8.42,8.23
010004311,BOIRON HYPERICUM 1MK GOCCE ORALI 30ML,Fitoterapia e Omeopatia,,45.35,45.33,44.98,43.92,45.73,43.92,43.63,45.11,45.79
010004314,BOIRON HYPERICUM 1MK FIALE ORALI 20 PEZZI,Fitoterapia e Omeopatia,,42.74,42.65,42.60,42.23,41.46,41.88,42.20,42.12,41.02
010004317,BOIRON HYPERICUM 1MK UNGUENTO 50G,Fitoterapia e Omeopatia,,6.50,6.48,7.63,7.77,8.04,8.01,7.67,7.57,6.79
010004320,BOIRON HYPERICUM 1MK SCIROPPO 150ML,Fitoterapia e Omeopatia,,27.06,24.82,25.38,25.15,26.15,25.19,24.85,26.61,25.79
010004323,BOIRON HYPERICUM 6DH GRANULI 4G,Fitoterapia e Omeopatia,,17.53,16.31,16.92,17.98,16.47,17.33,17.76,15.84,16.64
010004326,BOIRON HYPERICUM 6DH GLOBULI DOSA UNICA,Fitoterapia e Omeopatia,,24.54,23.76,23.94,23.06,23.12,22.99,23.77,23.79,24.48
010004329,BOIRON HYPERICUM 6DH GOCCE ORALI 30ML,Fitoterapia e Omeopatia,,14.99,14.33,14.21,14.98,15.22,13.25,15.23,14.08,14.92
010004332,BOIRON HYPERICUM 6DH FIALE ORALI 20 PEZZI,Fitoterapia e Omeopatia,,24.30,26.15,25.89,25.42,25.79,24.47,25.28,25.05,24.99
010004335,BOIRON HYPERICUM 6DH UNGUENTO 50G,Fitoterapia e Omeopatia,,23.40,24.10,23.89,22.74,23.17,22.15,22.93,22.64,21.92
010004338,BOIRON HYPERICUM 6DH SCIROPPO 150ML,Fitoterapia e Omeopatia,,33.16,32.96,33.26,33.17,34.83,34.58,34.83,34.80,35.00
010004341,BOIRON HYPERICUM 12DH GRANULI 4G,Fitoterapia e Omeopatia,,12.33,12.59,11.55,10.69,11.27,11.12,10.83,10.52,12.34
010004344,BOIRON HYPERICUM 12DH GLOBULI DOSA UNICA,Fitoterapia e Omeopatia,,14.23,15.44,14.95,15.57,15.08,15.44,15.80,15.00,15.34
010004347,BOIRON HYPERICUM 12DH GOCCE ORALI 30ML,Fitoterapia e Omeopatia,,44.42,45.54,45.09,44.49,45.38,44.40,45.26,44.00,44.51
010004350,BOIRON HYPERICUM 12DH FIALE ORALI 20 PEZZI,Fitoterapia e Omeopatia,,18.68,18.46,17.48,18.55,17.52,19.57,17.95,17.95,17.28
010004353,BOIRON HYPERICUM 12DH UNGUENTO 50G,Fitoterapia e Omeopatia,,16.76,15.30,16.67,16.35,14.63,15.54,16.79,16.50,15.48
010004356,BOIRON HYPERICUM 12DH SCIROPPO 150ML,Fitoterapia e Omeopatia,,34.29,34.27,32.53,32.16,34.02,33.94,33.69,34.36,33.73
010004359,BOIRON LEDUM PALUSTRE 4 CH GRANULI 4G,Fitoterapia e Omeopatia,,31.46,31.02,31.67,31.38,32.35,32.59,32.40,30.81,33.07
010004362,BOIRON LEDUM PALUSTRE 4 CH GLOBULI DOSA UNICA,Fitoterapia e Omeopatia,,24.48,24.70,25.18,24.58,24.25,24.36,25.72,24.59,24.30
010004365,BOIRON LEDUM PALUSTRE 4 CH GOCCE ORALI 30ML,Fitoterapia e Omeopatia,,41.81,41.40,41.64,40.36,41.07,41.81,41.75,41.38,40.47
010004368,BOIRON LEDUM PALUSTRE 4 CH FIALE ORALI 20 PEZZI,Fitoterapia e Omeopatia,,29.31,30.84,30.37,30.28,31.41,29.42,30.87,29.40,30.96
010004371,BOIRON LEDUM PALUSTRE 4 CH UNGUENTO 50G,Fitoterapia e Omeopatia,,41.11,40.24,39.32,39.59,40.43,40.63,39.35,40.91,39.52
010004374,BOIRON LEDUM PALUSTRE 4 CH SCIROPPO 150ML,Fitoterapia e Omeopatia,,20.77,18.75,20.46,19.42,19.84,20.35,19.58,19.24,19.21
010004377,BOIRON LEDUM PALUSTRE 5 CH GRANULI 4G,Fitoterapia e Omeopatia,,22.83,24.65,23.88,22.72,23.44,23.71,23.48,23.20,24.79
010004380,BOIRON LEDUM PALUSTRE 5 CH GLOBULI DOSA UNICA,Fitoterapia e Omeopatia,,44.24,44.14,42.76,42.04,42.49,42.24,43.91,42.83,42.29
010004383,BOIRON LEDUM PALUSTRE 5 CH GOCCE ORALI 30ML,Fitoterapia e Omeopatia,,21.82,21.36,20.87,21.96,22.08,21.72,22.86,22.79,22.73
010004386,BOIRON LEDUM PALUSTRE 5 CH FIALE ORALI 20 PEZZI,Fitoterapia e Omeopatia,,40.15,38.46,40.68,39.43,39.01,38.36,40.69,38.33,40.46
010004389,BOIRON LEDUM PALUSTRE 5 CH UNGUENTO 50G,Fitoterapia e Omeopatia,,43.20,42.59,43.16,43.97,43.41,44.85,42.94,44.57,42.86
010004392,BOIRON LEDUM PALUSTRE 5 CH SCIROPPO 150ML,Fitoterapia e Omeopatia,,18.44,19.54,17.72,17.79,18.52,17.70,19.37,19.38,18.63
010004395,BOIRON LEDUM PALUSTRE 7 CH GRANULI 4G,Fitoterapia e Omeopatia,,27.59,27.07,26.05,26.45,27.82,27.99,26.93,27.20,26.77
010004398,BOIRON LEDUM PALUSTRE 7 CH GLOBULI DOSA UNICA,Fitoterapia e Omeopatia,,28.51,27.78,28.29,27.58,27.86,28.27,28.86,27.74,28.95
010004401,BOIRON LEDUM PALUSTRE 7 CH GOCCE ORALI 30ML,Fitoterapia e Omeopatia,,14.11,14.44,13.11,14.62,14.56,13.08,12.61,14.83,14.65
010004404,BOIRON LEDUM PALUSTRE 7 CH FIALE ORALI 20 PEZZI,Fitoterapia e Omeopatia,,34.94,33.23,33.15,33.89,32.82,33.94,34.09,33.24,33.42
010004407,BOIRON LEDUM PALUSTRE 7 CH UNGUENTO 50G,Fitoterapia e Omeopatia,,12.97,14.21,12.90,13.59,13.32,14.65,14.85,14.18,13.68
010004410,BOIRON LEDUM PALUSTRE 7 CH SCIROPPO 150ML,Fitoterapia e Omeopatia,,18.88,18.39,17.23,18.08,18.18,17.84,18.71,18.35,17.07
010004413,BOIRON LEDUM PALUSTRE 9 CH GRANULI 4G,Fitoterapia e Omeopatia,,21.66,21.38,21.01,20.84,22.65,22.19,22.38,21.05,22.29
010004416,BOIRON LEDUM PALUSTRE 9 CH GLOBULI DOSA UNICA,Fitoterapia e Omeopatia,,6.49,6.34,6.54,7.34,6.83,6.99,7.58,6.75,6.75
010004419,BOIRON LEDUM PALUSTRE 9 CH GOCCE ORALI 30ML,Fitoterapia e Omeopatia,,27.69,25.66,27.76,26.44,25.63,26.75,25.77,27.57,27.62
010004422,BOIRON LEDUM PALUSTRE 9 CH FIALE ORALI 20 PEZZI,Fitoterapia e Omeopatia,,6.81,8.70,8.90,7.96,8.73,7.13,6.97,8.49,7.64
010004425,BOIRON LEDUM PALUSTRE 9 CH UNGUENTO 50G,Fitoterapia e Omeopatia,,18.21,17.25,16.76,17.36,16.53,17.55,16.32,16.89,17.87
010004428,BOIRON LEDUM PALUSTRE 9 CH SCIROPPO 150ML,Fitoterapia e Omeopatia,,7.99,6.97,7.83,6.38,7.10,5.88,7.89,7.15,6.18
010004431,BOIRON LEDUM PALUSTRE 12 CH GRANULI 4G,Fitoterapia e Omeopatia,,45.67,44.79,43.57,43.98,43.88,45.25,44.02,43.31,44.78
010004434,BOIRON LEDUM PALUSTRE 12 CH GLOBULI DOSA UNICA,Fitoterapia e Omeopatia,,38.54,38.86,37.60,38.17,38.12,38.04,37.71,39.53,37.67
010004437,BOIRON LEDUM PALUSTRE 12 CH GOCCE ORALI 30ML,Fitoterapia e Omeopatia,,41.94,42.29,42.83,43.59,43.20,43.00,44.15,41.96,42.18
010004440,BOIRON LEDUM PALUSTRE 12 CH FIALE ORALI 20 PEZZI,Fitoterapia e Omeopatia,,39.27,38.44,37.84,39.11,39.36,38.85,37.94,38.02,38.16
010004443,BOIRON LEDUM PALUSTRE 12 CH UNGUENTO 50G,Fitoterapia e Omeopatia,,12.23,12.89,11.94,11.61,13.63,12.56,13.57,12.67,12.76
010004446,BOIRON LEDUM PALUSTRE 12 CH SCIROPPO 150ML,Fitoterapia e Omeopatia,,10.49,9.37,11.07,11.32,10.26,9.34,10.77,10.11,11.05
010004449,BOIRON LEDUM PALUSTRE 15 CH GRANULI 4G,Fitoterapia e Omeopatia,,44.22,43.87,43.78,44.31,43.51,44.06,44.91,45.07,43.44
010004452,BOIRON LEDUM PALUSTRE 15 CH GLOBULI DOSA UNICA,Fitoterapia e Omeopatia,,9.10,8.40,9.01,8.96,7.33,8.57,7.60,7.71,7.33
010004455,BOIRON LEDUM PALUSTRE 15 CH GOCCE ORALI 30ML,Fitoterapia e Omeopatia,,26.33,27.97,26.76,27.58,27.75,26.79,27.75,26.55,27.15
010004458,BOIRON LEDUM PALUSTRE 15 CH FIALE ORALI 20 PEZZI,Fitoterapia e Omeopatia,,9.72,8.00,9.55,8.64,7.63,8.08,8.19,9.11,8.69
010004461,BOIRON LEDUM PALUSTRE 15 CH UNGUENTO 50G,Fitoterapia e Omeopatia,,13.17,12.42,12.52,12.05,12.87,13.58,13.43,13.93,12.27
010004464,BOIRON LEDUM PALUSTRE 15 CH SCIROPPO 150ML,Fitoterapia e Omeopatia,,4.60,5.94,5.94,4.71,5.18,4.93,5.86,4.41,6.21
010004467,BOIRON LEDUM PALUSTRE 30 CH GRANULI 4G,Fitoterapia e Omeopatia,,18.78,19.98,18.78,19.36,17.86,19.94,19.71,17.78,19.66
010004470,BOIRON LEDUM PALUSTRE 30 CH GLOBULI DOSA UNICA,Fitoterapia e Omeopatia,,41.33,42.05,42.47,42.46,41.97,42.74,41.34,42.83,41.07
010004473,BOIRON LEDUM PALUSTRE 30 CH GOCCE ORALI 30ML,Fitoterapia e Omeopatia,,42.22,42.84,44.02,43.36,44.09,43.16,43.70,43.42,42.26
010004476,BOIRON LEDUM PALUSTRE 30 CH FIALE ORALI 20 PEZZI,Fitoterapia e Omeopatia,,22.32,22.13,21.00,20.60,20.73,21.23,21.11,21.09,21.86
010004479,BOIRON LEDUM PALUSTRE 30 CH UNGUENTO 50G,Fitoterapia e Omeopatia,,9.92,11.27,10.10,11.33,9.40,10.39,9.08,9.35,9.20
010004482,BOIRON LEDUM PALUSTRE 30 CH SCIROPPO 150ML,Fitoterapia e Omeopatia,,16.77,14.61,14.84,16.18,16.70,15.74,16.82,16.08,16.00
010004485,BOIRON LEDUM PALUSTRE 200 CH GRANULI 4G,Fitoterapia e Omeopatia,,14.02,14.53,13.82,14.22,14.30,14.53,14.95,14.47,14.78
010004488,BOIRON LEDUM PALUSTRE 200 CH GLOBULI DOSA UNICA,Fitoterapia e Omeopatia,,24.27,23.64,24.98,23.66,24.18,25.84,25.53,24.48,24.33
010004491,BOIRON LEDUM PALUSTRE 200 CH GOCCE ORALI 30ML,Fitoterapia e Omeopatia,,38.90,41.13,39.67,39.67,39.54,40.96,39.83,40.11,39.69
010004494,BOIRON LEDUM PALUSTRE 200 CH FIALE ORALI 20 PEZZI,Fitoterapia e Omeopatia,,27.86,29.22,30.14,28.40,28.78,29.42,28.43,30.13,30.20
010004497,BOIRON LEDUM PALUSTRE 200 CH UNGUENTO 50G,Fitoterapia e Omeopatia,,38.81,39.13,39.87,38.78,38.62,38.67,38.35,38.86,38.58
010004500,BOIRON LEDUM PALUSTRE 200 CH SCIROPPO 150ML,Fitoterapia e Omeopatia,,21.62,22.26,22.03,22.78,23.02,23.04,21.23,22.31,20.99
010004503,BOIRON LEDUM PALUSTRE 1MK GRANULI 4G,Fitoterapia e Omeopatia,,11.50,12.88,12.35,11.55,12.65,12.74,13.00,13.68,12.30
010004506,BOIRON LEDUM PALUSTRE 1MK GLOBULI DOSA UNICA,Fitoterapia e Omeopatia,,27.46,28.23,27.30,28.05,29.07,27.12,28.50,28.23,27.43
010004509,BOIRON LEDUM PALUSTRE 1MK GOCCE ORALI 30ML,Fitoterapia e Omeopatia,,35.06,34.31,34.22,35.87,34.61,35.96,35.05,34.45,35.91
010004512,BOIRON LEDUM PALUSTRE 1MK FIALE ORALI 20 PEZZI,Fitoterapia e Omeopatia,,31.29,29.97,29.20,30.85,31.32,29.27,29.52,30.87,30.22
010004515,BOIRON LEDUM PALUSTRE 1MK UNGUENTO 50G,Fitoterapia e Omeopatia,,20.84,20.56,21.04,20.36,20.86,19.62,20.37,19.43,21.08
010004518,BOIRON LEDUM PALUSTRE 1MK SCIROPPO 150ML,Fitoterapia e Omeopatia,,27.34,29.25,28.28,28.98,27.75,28.22,28.29,27.54,27.90
010004521,BOIRON LEDUM PALUSTRE 6DH GRANULI 4G,Fitoterapia e Omeopatia,,42.43,41.04,41.38,42.97,40.71,42.33,41.96,43.02,43.03
010004524,BOIRON LEDUM PALUSTRE 6DH GLOBULI DOSA UNICA,Fitoterapia e Omeopatia,,17.02,16.49,16.59,14.91,15.27,14.95,16.28,15.21,16.19
010004527,BOIRON LEDUM PALUSTRE 6DH GOCCE ORALI 30ML,Fitoterapia e Omeopatia,,40.88,41.47,39.30,39.44,41.51,39.42,39.62,39.89,40.89
010004530,BOIRON LEDUM PALUSTRE 6DH FIALE ORALI 20 PEZZI,Fitoterapia e Omeopatia,,18.47,17.28,16.77,17.98,17.16,16.72,17.24,17.06,18.18
010004533,BOIRON LEDUM PALUSTRE 6DH UNGUENTO 50G,Fitoterapia e Omeopatia,,14.88,14.77,15.19,15.14,14.84,14.64,13.33,14.42,14.97
010004536,BOIRON LEDUM PALUSTRE 6DH SCIROPPO 150ML,Fitoterapia e Omeopatia,,11.18,9.39,8.88,10.60,11.22,11.17,9.75,9.78,9.10
010004539,BOIRON LEDUM PALUSTRE 12DH GRANULI 4G,Fitoterapia e Omeopatia,,30.13,30.48,29.12,30.01,29.97,29.02,29.44,30.22,30.79
010004542,BOIRON LEDUM PALUSTRE 12DH GLOBULI DOSA UNICA,Fitoterapia e Omeopatia,,8.44,8.62,8.71,8.32,7.86,8.75,6.72,8.36,7.75
010004545,BOIRON LEDUM PALUSTRE 12DH GOCCE ORALI 30ML,Fitoterapia e Omeopatia,,21.94,21.85,22.41,21.93,22.64,22.22,22.46,21.86,20.70
010004548,BOIRON LEDUM PALUSTRE 12DH FIALE ORALI 20 PEZZI,Fitoterapia e Omeopatia,,27.99,28.90,29.63,28.60,28.33,27.29,28.14,27.66,28.05
010004551,BOIRON LEDUM PALUSTRE 12DH UNGUENTO 50G,Fitoterapia e Omeopatia,,39.43,40.77,39.26,39.47,38.78,39.20,39.79,39.52,40.09
010004554,BOIRON LEDUM PALUSTRE 12DH SCIROPPO 150ML,Fitoterapia e Omeopatia,,15.74,16.10,15.95,16.77,16.05,17.02,16.60,17.60,15.86
010004557,BOIRON MERCURIUS SOLUBILIS 4 CH GRANULI 4G,Fitoterapia e Omeopatia,,13.70,12.36,13.58,13.54,13.70,12.83,13.91,13.02,12.39
010004560,BOIRON MERCURIUS SOLUBILIS 4 CH GLOBULI DOSA UNICA,Fitoterapia e Omeopatia,,16.94,17.35,16.49,17.10,17.15,17.26,17.06,17.23,16.72
010004563,BOIRON MERCURIUS SOLUBILIS 4 CH GOCCE ORALI 30ML,Fitoterapia e Omeopatia,,6.93,6.31,5.96,6.49,5.94,7.99,5.96,5.97,8.08
010004566,BOIRON MERCURIUS SOLUBILIS 4 CH FIALE ORALI 20 PEZZI,Fitoterapia e Omeopatia,,29.77,30.42,30.04,29.19,30.51,30.33,30.38,28.20,30.30
010004569,BOIRON MERCURIUS SOLUBILIS 4 CH UNGUENTO 50G,Fitoterapia e Omeopatia,,21.93,21.18,22.13,20.94,22.46,21.12,21.47,20.34,22.52
010004572,BOIRON MERCURIUS SOLUBILIS 4 CH SCIROPPO 150ML,Fitoterapia e Omeopatia,,16.31,15.87,16.27,16.67,16.89,16.67,16.93,15.29,15.57
010004575,BOIRON MERCURIUS SOLUBILIS 5 CH GRANULI 4G,Fitoterapia e Omeopatia,,10.94,10.42,10.17,10.08,10.15,9.27,9.57,10.76,10.65
010004578,BOIRON MERCURIUS SOLUBILIS 5 CH GLOBULI DOSA UNICA,Fitoterapia e Omeopatia,,33.85,32.89,33.27,32.08,32.54,33.76,32.49,32.27,33.44
010004581,BOIRON MERCURIUS SOLUBILIS 5 CH GOCCE ORALI 30ML,Fitoterapia e Omeopatia,,12.50,13.83,14.35,14.66,12.58,14.84,14.56,13.33,12.93
010004584,BOIRON MERCURIUS SOLUBILIS 5 CH FIALE ORALI 20 PEZZI,Fitoterapia e Omeopatia,,23.66,23.44,22.93,22.61,24.16,23.37,24.09,22.05,23.67
010004587,BOIRON MERCURIUS SOLUBILIS 5 CH UNGUENTO 50G,Fitoterapia e Omeopatia,,40.80,40.63,38.68,39.43,40.38,38.79,39.66,39.82,38.84
010004590,BOIRON MERCURIUS SOLUBILIS 5 CH SCIROPPO 150ML,Fitoterapia e Omeopatia,,11.37,9.84,11.73,9.93,9.86,9.85,10.40,11.00,11.14
010004593,BOIRON MERCURIUS SOLUBILIS 7 CH GRANULI 4G,Fitoterapia e Omeopatia,,24.97,24.87,23.98,26.09,24.69,24.71,25.41,24.45,24.84
010004596,BOIRON MERCURIUS SOLUBILIS 7 CH GLOBULI DOSA UNICA,Fitoterapia e Omeopatia,,36.02,36.98,36.08,36.42,35.77,36.12,35.17,35.67,34.98
010004599,BOIRON MERCURIUS SOLUBILIS 7 CH GOCCE ORALI 30ML,Fitoterapia e Omeopatia,,41.99,41.71,42.29,42.37,42.29,41.30,41.89,42.42,41.37
010004602,BOIRON MERCURIUS SOLUBILIS 7 CH FIALE ORALI 20 PEZZI,Fitoterapia e Omeopatia,,39.25,39.41,39.99,38.50,39.64,39.44,39.50,37.91,38.93
010004605,BOIRON MERCURIUS SOLUBILIS 7 CH UNGUENTO 50G,Fitoterapia e Omeopatia,,27.41,28.68,27.28,29.06,27.35,28.96,29.07,28.98,27.83
010004608,BOIRON MERCURIUS SOLUBILIS 7 CH SCIROPPO 150ML,Fitoterapia e Omeopatia,,5.83,6.37,5.74,6.30,5.67,6.04,5.32,6.96,6.77
010004611,BOIRON MERCURIUS SOLUBILIS 9 CH GRANULI 4G,Fitoterapia e Omeopatia,,32.84,33.28,31.99,32.92,33.21,32.53,33.04,32.76,31.84
010004614,BOIRON MERCURIUS SOLUBILIS 9 CH GLOBULI DOSA UNICA,Fitoterapia e Omeopatia,,40.55,40.53,42.86,42.73,42.36,41.91,41.23,41.42,41.14
010004617,BOIRON MERCURIUS SOLUBILIS 9 CH GOCCE ORALI 30ML,Fitoterapia e Omeopatia,,38.88,37.90,39.38,39.02,39.56,37.92,38.93,38.58,39.49
010004620,BOIRON MERCURIUS SOLUBILIS 9 CH FIALE ORALI 20 PEZZI,Fitoterapia e Omeopatia,,7.08,5.45,6.29,7.27,6.34,5.73,5.71,6.58,7.37
010004623,BOIRON MERCURIUS SOLUBILIS 9 CH UNGUENTO 50G,Fitoterapia e Omeopatia,,28.76,29.74,30.41,30.59,29.82,30.61,30.87,30.13,30.61
010004626,BOIRON MERCURIUS SOLUBILIS 9 CH SCIROPPO 150ML,Fitoterapia e Omeopatia,,27.01,27.32,26.18,27.47,25.29,26.45,26.17,26.53,26.04
010004629,BOIRON MERCURIUS SOLUBILIS 12 CH GRANULI 4G,Fitoterapia e Omeopatia,,33.16,34.02,32.57,32.58,33.07,34.39,32.91,33.25,33.34
010004632,BOIRON MERCURIUS SOLUBILIS 12 CH GLOBULI DOSA UNICA,Fitoterapia e Omeopatia,,25.08,24.49,23.16,25.01,23.94,23.75,23.57,24.41,23.88
010004635,BOIRON MERCURIUS SOLUBILIS 12 CH GOCCE ORALI 30ML,Fitoterapia e Omeopatia,,42.75,44.63,42.60,43.24,43.73,44.22,43.80,44.60,42.31
010004638,BOIRON MERCURIUS SOLUBILIS 12 CH FIALE ORALI 20 PEZZI,Fitoterapia e Omeopatia,,36.99,37.72,37.23,37.86,36.72,38.42,37.45,36.76,36.75
010004641,BOIRON MERCURIUS SOLUBILIS 12 CH UNGUENTO 50G,Fitoterapia e Omeopatia,,42.53,43.99,43.43,43.92,43.64,44.24,43.12,44.30,43.82
010004644,BOIRON MERCURIUS SOLUBILIS 12 CH SCIROPPO 150ML,Fitoterapia e Omeopatia,,38.25,38.18,38.89,39.51,38.83,38.45,39.63,39.23,39.73
010004647,BOIRON MERCURIUS SOLUBILIS 15 CH GRANULI 4G,Fitoterapia e Omeopatia,,15.37,15.77,15.83,15.73,15.91,15.12,15.38,16.81,16.53
010004650,BOIRON MERCURIUS SOLUBILIS 15 CH GLOBULI DOSA UNICA,Fitoterapia e Omeopatia,,41.24,39.39,40.15,40.00,39.63,39.19,40.23,41.21,40.36
010004653,BOIRON MERCURIUS SOLUBILIS 15 CH GOCCE ORALI 30ML,Fitoterapia e Omeopatia,,11.53,11.15,9.91,11.57,11.60,9.41,10.18,11.62,11.47
010004656,BOIRON MERCURIUS SOLUBILIS 15 CH FIALE ORALI 20 PEZZI,Fitoterapia e Omeopatia,,18.93,17.59,18.25,16.98,17.68,16.81,16.95,17.54,17.30
010004659,BOIRON MERCURIUS SOLUBILIS 15 CH UNGUENTO 50G,Fitoterapia e Omeopatia,,40.24,39.21,39.89,38.57,39.27,40.28,39.67,38.42,38.24
010004662,BOIRON MERCURIUS SOLUBILIS 15 CH SCIROPPO 150ML,Fitoterapia e Omeopatia,,15.52,14.52,15.37,14.40,15.14,14.65,14.00,15.87,15.55
010004665,BOIRON MERCURIUS SOLUBILIS 30 CH GRANULI 4G,Fitoterapia e Omeopatia,,13.59,13.09,12.55,13.77,13.65,13.60,13.20,14.38,14.07
010004668,BOIRON MERCURIUS SOLUBILIS 30 CH GLOBULI DOSA UNICA,Fitoterapia e Omeopatia,,23.26,22.73,23.31,21.36,21.41,22.26,21.66,23.29,22.49
010004671,BOIRON MERCURIUS SOLUBILIS 30 CH GOCCE ORALI 30ML,Fitoterapia e Omeopatia,,13.93,14.12,13.14,11.97,14.00,14.13,12.52,13.95,14.04
010004674,BOIRON MERCURIUS SOLUBILIS 30 CH FIALE ORALI 20 PEZZI,Fitoterapia e Omeopatia,,30.20,31.03,30.63,31.35,31.27,32.14,32.21,30.42,32.34
010004677,BOIRON MERCURIUS SOLUBILIS 30 CH UNGUENTO 50G,Fitoterapia e Omeopatia,,24.25,24.80,25.23,24.94,24.36,24.58,25.62,24.24,23.37
010004680,BOIRON MERCURIUS SOLUBILIS 30 CH SCIROPPO 150ML,Fitoterapia e Omeopatia,,12.10,11.73,11.75,11.65,13.26,13.38,11.97,11.85,11.46
010004683,BOIRON MERCURIUS SOLUBILIS 200 CH GRANULI 4G,Fitoterapia e Omeopatia,,23.68,24.81,23.23,23.40,24.57,23.74,23.46,24.02,24.44
010004686,BOIRON MERCURIUS SOLUBILIS 200 CH GLOBULI DOSA UNICA,Fitoterapia e Omeopatia,,18.97,21.06,19.47,19.29,20.42,20.10,20.95,20.41,19.35
010004689,BOIRON MERCURIUS SOLUBILIS 200 CH GOCCE ORALI 30ML,Fitoterapia e Omeopatia,,40.23,41.47,41.40,40.48,41.00,41.52,41.23,42.09,41.68
010004692,BOIRON MERCURIUS SOLUBILIS 200 CH FIALE ORALI 20 PEZZI,Fitoterapia e Omeopatia,,14.68,14.28,16.34,14.48,15.14,14.10,15.83,15.59,14.36
010004695,BOIRON MERCURIUS SOLUBILIS 200 CH UNGUENTO 50G,Fitoterapia e Omeopatia,,31.10,30.23,30.74,30.52,29.96,30.11,29.79,30.45,31.39
010004698,BOIRON MERCURIUS SOLUBILIS 200 CH SCIROPPO 150ML,Fitoterapia e Omeopatia,,10.18,8.92,9.27,10.20,9.47,9.71,8.69,9.11,9.59
010004701,BOIRON MERCURIUS SOLUBILIS 1MK GRANULI 4G,Fitoterapia e Omeopatia,,19.68,20.71,21.24,20.16,19.23,19.55,21.29,19.12,20.52
010004704,BOIRON MERCURIUS SOLUBILIS 1MK GLOBULI DOSA UNICA,Fitoterapia e Omeopatia,,7.90,9.17,8.38,8.26,8.61,7.79,8.90,9.13,9.59
010004707,BOIRON MERCURIUS SOLUBILIS 1MK GOCCE ORALI 30ML,Fitoterapia e Omeopatia,,24.88,24.57,26.31,24.47,25.12,26.37,26.33,25.90,26.53
010004710,BOIRON MERCURIUS SOLUBILIS 1MK FIALE ORALI 20 PEZZI,Fitoterapia e Omeopatia,,26.75,27.96,26.74,25.95,26.20,27.70,26.81,25.88,26.41
010004713,BOIRON MERCURIUS SOLUBILIS 1MK UNGUENTO 50G,Fitoterapia e Omeopatia,,43.33,44.05,44.51,43.09,44.50,43.59,44.36,43.12,43.67
010004716,BOIRON MERCURIUS SOLUBILIS 1MK SCIROPPO 150ML,Fitoterapia e Omeopatia,,28.47,28.52,27.10,28.02,27.18,27.53,28.90,28.22,28.59
010004719,BOIRON MERCURIUS SOLUBILIS 6DH GRANULI 4G,Fitoterapia e Omeopatia,,44.61,43.90,43.36,44.52,43.54,43.36,43.23,44.19,44.25
010004722,BOIRON MERCURIUS SOLUBILIS 6DH GLOBULI DOSA UNICA,Fitoterapia e Omeopatia,,36.29,38.01,36.31,38.18,36.39,37.37,36.72,36.68,36.37
010004725,BOIRON MERCURIUS SOLUBILIS 6DH GOCCE ORALI 30ML,Fitoterapia e Omeopatia,,17.07,17.37,18.04,17.24,18.25,18.20,17.92,18.63,17.65
010004728,BOIRON MERCURIUS SOLUBILIS 6DH FIALE ORALI 20 PEZZI,Fitoterapia e Omeopatia,,8.57,8.99,10.00,8.04,8.91,7.78,9.60,8.33,9.88
010004731,BOIRON MERCURIUS SOLUBILIS 6DH UNGUENTO 50G,Fitoterapia e Omeopatia,,5.91,6.33,5.56,5.71,6.07,4.63,4.10,4.40,4.87
010004734,BOIRON MERCURIUS SOLUBILIS 6DH SCIROPPO 150ML,Fitoterapia e Omeopatia,,20.21,21.26,21.48,21.37,21.71,21.59,20.96,19.80,20.48
010004737,BOIRON MERCURIUS SOLUBILIS 12DH GRANULI 4G,Fitoterapia e Omeopatia,,5.84,6.18,5.98,7.71,6.40,7.43,7.40,6.54,7.50
010004740,BOIRON MERCURIUS SOLUBILIS 12DH GLOBULI DOSA UNICA,Fitoterapia e Omeopatia,,42.13,43.05,41.76,41.09,41.77,42.75,41.59,41.38,41.04
010004743,BOIRON MERCURIUS SOLUBILIS 12DH GOCCE ORALI 30ML,Fitoterapia e Omeopatia,,44.23,43.96,44.78,44.09,44.54,44.39,43.42,44.61,44.12
010004746,BOIRON MERCURIUS SOLUBILIS 12DH FIALE ORALI 20 PEZZI,Fitoterapia e Omeopatia,,38.21,39.74,39.71,40.15,40.22,40.25,39.31,38.59,39.63
010004749,BOIRON MERCURIUS SOLUBILIS 12DH UNGUENTO 50G,Fitoterapia e Omeopatia,,26.13,25.68,25.71,25.65,26.07,26.16,26.86,25.63,26.32
010004752,BOIRON MERCURIUS SOLUBILIS 12DH SCIROPPO 150ML,Fitoterapia e Omeopatia,,13.98,14.00,14.45,12.91,12.38,13.36,13.10,12.36,14.62
010004755,BOIRON NATRUM MURIATICUM 4 CH GRANULI 4G,Fitoterapia e Omeopatia,,14.45,16.18,14.74,15.27,15.82,14.75,14.58,14.21,16.22
010004758,BOIRON NATRUM MURIATICUM 4 CH GLOBULI DOSA UNICA,Fitoterapia e Omeopatia,,17.08,16.90,18.10,17.50,18.74,19.06,17.63,18.71,19.06
010004761,BOIRON NATRUM MURIATICUM 4 CH GOCCE ORALI 30ML,Fitoterapia e Omeopatia,,20.03,20.39,19.01,19.84,19.28,18.62,18.83,19.21,19.03
010004764,BOIRON NATRUM MURIATICUM 4 CH FIALE ORALI 20 PEZZI,Fitoterapia e Omeopatia,,42.61,43.85,42.65,42.35,44.55,42.57,44.00,43.91,43.47
010004767,BOIRON NATRUM MURIATICUM 4 CH UNGUENTO 50G,Fitoterapia e Omeopatia,,18.64,17.63,17.62,18.18,16.98,18.49,16.75,16.69,17.46
010004770,BOIRON NATRUM MURIATICUM 4 CH SCIROPPO 150ML,Fitoterapia e Omeopatia,,29.23,30.81,30.71,30.05,29.84,31.29,29.82,29.27,31.12
010004773,BOIRON NATRUM MURIATICUM 5 CH GRANULI 4G,Fitoterapia e Omeopatia,,18.14,19.57,18.66,18.00,17.95,19.61,17.98,19.60,17.99
010004776,BOIRON NATRUM MURIATICUM 5 CH GLOBULI DOSA UNICA,Fitoterapia e Omeopatia,,45.36,45.61,45.62,44.12,44.08,43.77,44.39,43.50,44.28
010004779,BOIRON NATRUM MURIATICUM 5 CH GOCCE ORALI 30ML,Fitoterapia e Omeopatia,,8.42,9.27,8.01,8.83,9.00,8.04,8.30,8.58,10.08
010004782,BOIRON NATRUM MURIATICUM 5 CH FIALE ORALI 20 PEZZI,Fitoterapia e Omeopatia,,13.94,14.67,13.55,14.15,14.26,12.82,13.48,13.27,14.16
010004785,BOIRON NATRUM MURIATICUM 5 CH UNGUENTO 50G,Fitoterapia e Omeopatia,,24.25,24.59,23.05,23.74,23.15,22.92,24.13,24.39,23.84
010004788,BOIRON NATRUM MURIATICUM 5 CH SCIROPPO 150ML,Fitoterapia e Omeopatia,,23.67,22.61,23.25,23.10,22.12,22.33,22.36,23.94,22.84
010004791,BOIRON NATRUM MURIATICUM 7 CH GRANULI 4G,Fitoterapia e Omeopatia,,39.10,40.69,40.81,40.34,39.25,39.06,40.61,40.33,38.78
010004794,BOIRON NATRUM MURIATICUM 7 CH GLOBULI DOSA UNICA,Fitoterapia e Omeopatia,,40.84,40.40,39.96,38.77,39.27,41.04,39.20,39.89,39.92
010004797,BOIRON NATRUM MURIATICUM 7 CH GOCCE ORALI 30ML,Fitoterapia e Omeopatia,,12.80,11.66,13.20,11.85,13.95,13.66,13.05,13.42,13.41
010004800,BOIRON NATRUM MURIATICUM 7 CH FIALE ORALI 20 PEZZI,Fitoterapia e Omeopatia,,15.30,14.80,14.36,13.97,14.31,15.47,14.58,15.81,14.06
010004803,BOIRON NATRUM MURIATICUM 7 CH UNGUENTO 50G,Fitoterapia e Omeopatia,,28.60,28.61,29.68,28.08,28.01,28.75,29.43,28.20,28.37
010004806,BOIRON NATRUM MURIATICUM 7 CH SCIROPPO 150ML,Fitoterapia e Omeopatia,,42.39,41.34,40.14,40.31,40.17,40.38,41.83,41.36,41.71
010004809,BOIRON NATRUM MURIATICUM 9 CH GRANULI 4G,Fitoterapia e Omeopatia,,29.11,31.06,29.98,29.54,29.78,29.50,29.23,30.15,29.01
010004812,BOIRON NATRUM MURIATICUM 9 CH GLOBULI DOSA UNICA,Fitoterapia e Omeopatia,,17.96,17.62,16.62,16.46,16.12,17.57,15.91,16.50,15.74
010004815,BOIRON NATRUM MURIATICUM 9 CH GOCCE ORALI 30ML,Fitoterapia e Omeopatia,,7.95,9.46,8.41,9.59,8.05,8.04,8.48,9.86,9.22
010004818,BOIRON NATRUM MURIATICUM 9 CH FIALE ORALI 20 PEZZI,Fitoterapia e Omeopatia,,25.20,24.97,25.99,25.72,24.41,25.45,25.18,25.03,24.86
010004821,BOIRON NATRUM MURIATICUM 9 CH UNGUENTO 50G,Fitoterapia e Omeopatia,,26.59,25.93,25.21,25.13,24.71,24.83,26.53,27.06,26.68
010004824,BOIRON NATRUM MURIATICUM 9 CH SCIROPPO 150ML,Fitoterapia e Omeopatia,,27.50,25.94,26.67,27.12,27.29,27.57,27.81,26.07,25.99
010004827,BOIRON NATRUM MURIATICUM 12 CH GRANULI 4G,Fitoterapia e Omeopatia,,39.52,37.74,39.44,40.12,37.79,38.59,38.11,38.58,39.39
010004830,BOIRON NATRUM MURIATICUM 12 CH GLOBULI DOSA UNICA,Fitoterapia e Omeopatia,,28.36,29.57,28.12,29.48,27.45,28.41,28.73,28.18,29.11
010004833,BOIRON NATRUM MURIATICUM 12 CH GOCCE ORALI 30ML,Fitoterapia e Omeopatia,,32.98,33.03,34.38,32.70,33.51,32.93,33.63,32.97,32.44
010004836,BOIRON NATRUM MURIATICUM 12 CH FIALE ORALI 20 PEZZI,Fitoterapia e Omeopatia,,36.30,34.69,34.77,35.57,34.85,34.70,36.37,35.01,34.85
010004839,BOIRON NATRUM MURIATICUM 12 CH UNGUENTO 50G,Fitoterapia e Omeopatia,,10.93,9.28,8.88,9.56,11.01,10.01,10.00,10.65,11.14
010004842,BOIRON NATRUM MURIATICUM 12 CH SCIROPPO 150ML,Fitoterapia e Omeopatia,,11.09,10.65,12.59,10.62,11.89,12.51,12.32,12.29,11.24
010004845,BOIRON NATRUM MURIATICUM 15 CH GRANULI 4G,Fitoterapia e Omeopatia,,12.15,13.25,12.22,12.87,12.23,13.59,12.55,11.75,11.96
010004848,BOIRON NATRUM MURIATICUM 15 CH GLOBULI DOSA UNICA,Fitoterapia e Omeopatia,,22.03,23.64,23.36,23.20,22.37,22.45,23.27,22.70,23.82
010004851,BOIRON NATRUM MURIATICUM 15 CH GOCCE ORALI 30ML,Fitoterapia e Omeopatia,,9.06,8.43,7.43,6.90,8.88,7.85,8.96,8.20,8.04
010004854,BOIRON NATRUM MURIATICUM 15 CH FIALE ORALI 20 PEZZI,Fitoterapia e Omeopatia,,41.91,41.27,41.36,40.84,41.86,42.42,40.74,41.64,41.64
010004857,BOIRON NATRUM MURIATICUM 15 CH UNGUENTO 50G,Fitoterapia e Omeopatia,,11.16,9.75,9.63,11.62,9.82,11.56,11.98,9.80,10.08
010004860,BOIRON NATRUM MURIATICUM 15 CH SCIROPPO 150ML,Fitoterapia e Omeopatia,,22.60,23.30,23.78,23.07,21.95,23.24,23.35,22.53,22.25
010004863,BOIRON NATRUM MURIATICUM 30 CH GRANULI 4G,Fitoterapia e Omeopatia,,36.01,37.44,37.29,37.49,36.68,36.33,36.57,36.35,36.31
010004866,BOIRON NATRUM MURIATICUM 30 CH GLOBULI DOSA UNICA,Fitoterapia e Omeopatia,,31.93,31.99,30.96,31.01,30.88,32.97,32.05,31.49,30.95
010004869,BOIRON NATRUM MURIATICUM 30 CH GOCCE ORALI 30ML,Fitoterapia e Omeopatia,,33.90,32.77,33.02,33.42,33.48,33.03,33.38,34.69,32.30
010004872,BOIRON NATRUM MURIATICUM 30 CH FIALE ORALI 20 PEZZI,Fitoterapia e Omeopatia,,16.47,16.01,15.37,16.35,16.81,17.43,15.76,15.97,16.16
010004875,BOIRON NATRUM MURIATICUM 30 CH UNGUENTO 50G,Fitoterapia e Omeopatia,,10.50,10.48,10.56,8.68,10.36,8.51,9.31,8.66,8.63
010004878,BOIRON NATRUM MURIATICUM 30 CH SCIROPPO 150ML,Fitoterapia e Omeopatia,,29.72,29.31,30.86,29.57,30.01,30.54,30.91,29.50,30.23
010004881,BOIRON NATRUM MURIATICUM 200 CH GRANULI 4G,Fitoterapia e Omeopatia,,12.00,12.15,10.94,12.05,10.44,12.20,10.52,10.45,10.77
010004884,BOIRON NATRUM MURIATICUM 200 CH GLOBULI DOSA UNICA,Fitoterapia e Omeopatia,,39.92,39.42,39.92,41.03,40.26,39.80,39.32,39.94,38.90
010004887,BOIRON NATRUM MURIATICUM 200 CH GOCCE ORALI 30ML,Fitoterapia e Omeopatia,,31.52,31.21,33.21,32.47,33.09,32.24,31.39,32.53,33.03
010004890,BOIRON NATRUM MURIATICUM 200 CH FIALE ORALI 20 PEZZI,Fitoterapia e Omeopatia,,12.76,11.20,11.57,11.87,12.11,13.05,12.10,13.05,11.10
010004893,BOIRON NATRUM MURIATICUM 200 CH UNGUENTO 50G,Fitoterapia e Omeopatia,,13.80,14.08,13.46,13.78,14.15,14.81,14.71,13.58,15.50
010004896,BOIRON NATRUM MURIATICUM 200 CH SCIROPPO 150ML,Fitoterapia e Omeopatia,,9.10,9.80,9.88,9.79,9.01,9.47,9.12,9.06,8.40
010004899,BOIRON NATRUM MURIATICUM 1MK GRANULI 4G,Fitoterapia e Omeopatia,,11.21,11.65,11.85,10.76,10.74,10.47,10.80,11.35,11.79
010004902,BOIRON NATRUM MURIATICUM 1MK GLOBULI DOSA UNICA,Fitoterapia e Omeopatia,,32.86,33.27,32.89,31.40,33.14,31.51,32.89,31.57,31.59
010004905,BOIRON NATRUM MURIATICUM 1MK GOCCE ORALI 30ML,Fitoterapia e Omeopatia,,42.28,41.20,42.12,40.37,41.91,42.08,41.66,40.34,41.98
010004908,BOIRON NATRUM MURIATICUM 1MK FIALE ORALI 20 PEZZI,Fitoterapia e Omeopatia,,34.89,35.16,33.98,34.74,33.84,33.68,34.50,33.72,33.73
010004911,BOIRON NATRUM MURIATICUM 1MK UNGUENTO 50G,Fitoterapia e Omeopatia,,25.47,26.56,27.68,26.51,27.10,25.96,25.48,25.91,25.75
010004914,BOIRON NATRUM MURIATICUM 1MK SCIROPPO 150ML,Fitoterapia e Omeopatia,,17.52,17.33,18.01,17.04,17.20,17.61,19.15,18.03,18.02
010004917,BOIRON NATRUM MURIATICUM 6DH GRANULI 4G,Fitoterapia e Omeopatia,,35.65,35.47,33.87,35.45,34.67,34.42,35.13,33.42,34.87
010004920,BOIRON NATRUM MURIATICUM 6DH GLOBULI DOSA UNICA,Fitoterapia e Omeopatia,,33.24,34.62,34.19,33.36,34.51,33.30,34.91,34.57,33.87
010004923,BOIRON NATRUM MURIATICUM 6DH GOCCE ORALI 30ML,Fitoterapia e Omeopatia,,32.53,33.59,33.38,34.20,34.41,34.75,33.51,32.50,34.52
010004926,BOIRON NATRUM MURIATICUM 6DH FIALE ORALI 20 PEZZI,Fitoterapia e Omeopatia,,38.03,37.30,38.82,38.11,38.66,38.25,38.04,37.92,38.59
010004929,BOIRON NATRUM MURIATICUM 6DH UNGUENTO 50G,Fitoterapia e Omeopatia,,40.15,39.79,38.46,38.42,38.55,40.00,38.16,39.60,38.54
010004932,BOIRON NATRUM MURIATICUM 6DH SCIROPPO 150ML,Fitoterapia e Omeopatia,,17.78,17.80,16.18,16.93,16.93,17.20,16.18,17.80,17.28
010004935,BOIRON NATRUM MURIATICUM 12DH GRANULI 4G,Fitoterapia e Omeopatia,,44.77,44.79,43.12,44.51,43.94,44.09,44.73,43.33,43.59
010004938,BOIRON NATRUM MURIATICUM 12DH GLOBULI DOSA UNICA,Fitoterapia e Omeopatia,,23.01,23.22,23.57,24.63,22.82,25.08,23.37,23.98,23.54
010004941,BOIRON NATRUM MURIATICUM 12DH GOCCE ORALI 30ML,Fitoterapia e Omeopatia,,7.24,7.94,8.00,6.26,7.84,6.05,8.14,6.33,7.73
010004944,BOIRON NATRUM MURIATICUM 12DH FIALE ORALI 20 PEZZI,Fitoterapia e Omeopatia,,24.41,23.56,24.59,23.49,23.88,24.74,25.42,25.52,24.43
010004947,BOIRON NATRUM MURIATICUM 12DH UNGUENTO 50G,Fitoterapia e Omeopatia,,17.82,16.87,17.10,17.06,17.99,19.15,17.11,18.02,17.89
010004950,BOIRON NATRUM MURIATICUM 12DH SCIROPPO 150ML,Fitoterapia e Omeopatia,,7.50,7.12,7.57,6.27,7.98,7.68,8.10,7.87,8.14
010004953,BOIRON PHOSPHORUS 4 CH GRANULI 4G,Fitoterapia e Omeopatia,,39.73,38.77,38.77,38.31,38.69,38.10,39.74,39.10,38.68
010004956,BOIRON PHOSPHORUS 4 CH GLOBULI DOSA UNICA,Fitoterapia e Omeopatia,,28.47,30.27,29.82,29.84,30.06,28.52,28.28,28.43,27.99
010004959,BOIRON PHOSPHORUS 4 CH GOCCE ORALI 30ML,Fitoterapia e Omeopatia,,45.10,44.40,45.33,44.95,45.04,45.25,45.12,44.99,43.88
010004962,BOIRON PHOSPHORUS 4 CH FIALE ORALI 20 PEZZI,Fitoterapia e Omeopatia,,30.81,29.55,31.31,30.35,30.70,30.62,30.00,29.99,29.60
010004965,BOIRON PHOSPHORUS 4 CH UNGUENTO 50G,Fitoterapia e Omeopatia,,34.00,34.60,33.53,34.15,33.05,35.01,34.44,33.90,35.30
010004968,BOIRON PHOSPHORUS 4 CH SCIROPPO 150ML,Fitoterapia e Omeopatia,,34.94,34.12,35.93,35.30,35.51,34.91,35.71,35.00,36.20
010004971,BOIRON PHOSPHORUS 5 CH GRANULI 4G,Fitoterapia e Omeopatia,,39.09,37.60,38.49,39.73,37.89,38.67,38.02,38.45,39.77
010004974,BOIRON PHOSPHORUS 5 CH GLOBULI DOSA UNICA,Fitoterapia e Omeopatia,,31.80,30.67,30.62,30.49,30.86,30.73,31.13,29.75,30.48
010004977,BOIRON PHOSPHORUS 5 CH GOCCE ORALI 30ML,Fitoterapia e Omeopatia,,39.26,41.07,39.27,40.52,40.52,41.07,40.53,40.13,39.62
010004980,BOIRON PHOSPHORUS 5 CH FIALE ORALI 20 PEZZI,Fitoterapia e Omeopatia,,5.48,5.86,5.12,5.23,6.72,6.15,7.26,6.00,5.65
010004983,BOIRON PHOSPHORUS 5 CH UNGUENTO 50G,Fitoterapia e Omeopatia,,7.67,9.25,7.21,8.91,8.24,8.54,7.82,7.41,8.07
010004986,BOIRON PHOSPHORUS 5 CH SCIROPPO 150ML,Fitoterapia e Omeopatia,,39.49,39.33,38.61,38.54,39.99,39.93,39.17,40.08,38.45
010004989,BOIRON PHOSPHORUS 7 CH GRANULI 4G,Fitoterapia e Omeopatia,,32.67,31.14,31.92,31.62,31.20,31.76,32.02,33.18,31.06
010004992,BOIRON PHOSPHORUS 7 CH GLOBULI DOSA UNICA,Fitoterapia e Omeopatia,,15.96,16.18,16.71,16.78,15.11,15.04,16.88,16.04,14.91
010004995,BOIRON PHOSPHORUS 7 CH GOCCE ORALI 30ML,Fitoterapia e Omeopatia,,11.39,12.24,11.19,13.09,11.15,12.61,12.49,12.61,11.35
010004998,BOIRON PHOSPHORUS 7 CH FIALE ORALI 20 PEZZI,Fitoterapia e Omeopatia,,29.52,29.16,29.59,27.42,28.84,29.61,27.58,29.14,29.51
010005001,BOIRON PHOSPHORUS 7 CH UNGUENTO 50G,Fitoterapia e Omeopatia,,10.66,10.15,11.71,11.27,10.09,9.92,11.65,11.95,11.15
010005004,BOIRON PHOSPHORUS 7 CH SCIROPPO 150ML,Fitoterapia e Omeopatia,,7.58,7.04,8.40,6.52,7.37,7.57,8.44,6.78,8.11
010005007,BOIRON PHOSPHORUS 9 CH GRANULI 4G,Fitoterapia e Omeopatia,,23.12,22.77,25.10,24.17,24.70,23.37,22.83,24.68,23.62
010005010,BOIRON PHOSPHORUS 9 CH GLOBULI DOSA UNICA,Fitoterapia e Omeopatia,,18.41,18.99,17.67,17.10,18.68,18.92,18.93,19.23,19.06
010005013,BOIRON PHOSPHORUS 9 CH GOCCE ORALI 30ML,Fitoterapia e Omeopatia,,21.56,21.40,21.41,23.06,22.43,23.21,23.10,23.64,22.07
010005016,BOIRON PHOSPHORUS 9 CH FIALE ORALI 20 PEZZI,Fitoterapia e Omeopatia,,30.19,29.98,30.65,31.73,31.42,31.26,31.88,31.36,31.83
010005019,BOIRON PHOSPHORUS 9 CH UNGUENTO 50G,Fitoterapia e Omeopatia,,8.39,8.91,7.50,9.48,8.05,7.95,9.48,7.46,8.93
010005022,BOIRON PHOSPHORUS 9 CH SCIROPPO 150ML,Fitoterapia e Omeopatia,,31.01,33.20,31.38,32.02,31.86,33.29,33.00,33.27,31.98
010005025,BOIRON PHOSPHORUS 12 CH GRANULI 4G,Fitoterapia e Omeopatia,,7.01,7.17,8.61,6.25,7.22,6.33,6.91,6.27,7.19
010005028,BOIRON PHOSPHORUS 12 CH GLOBULI DOSA UNICA,Fitoterapia e Omeopatia,,40.61,41.30,41.22,42.31,41.96,40.96,41.09,42.10,41.08
010005031,BOIRON PHOSPHORUS 12 CH GOCCE ORALI 30ML,Fitoterapia e Omeopatia,,31.25,32.38,32.11,32.77,30.99,31.20,31.41,31.18,31.79
010005034,BOIRON PHOSPHORUS 12 CH FIALE ORALI 20 PEZZI,Fitoterapia e Omeopatia,,6.01,6.21,6.70,6.81,6.37,7.02,6.40,5.76,6.32
010005037,BOIRON PHOSPHORUS 12 CH UNGUENTO 50G,Fitoterapia e Omeopatia,,8.92,8.71,7.52,8.57,7.60,8.36,9.90,8.94,9.55
010005040,BOIRON PHOSPHORUS 12 CH SCIROPPO 150ML,Fitoterapia e Omeopatia,,39.41,40.69,40.92,40.93,39.52,41.67,39.62,40.32,41.68
010005043,BOIRON PHOSPHORUS 15 CH GRANULI 4G,Fitoterapia e Omeopatia,,26.08,25.48,25.87,26.87,26.47,27.28,26.15,25.94,26.77
010005046,BOIRON PHOSPHORUS 15 CH GLOBULI DOSA UNICA,Fitoterapia e Omeopatia,,11.51,12.33,13.34,12.36,11.66,12.81,12.23,13.31,11.31
010005049,BOIRON PHOSPHORUS 15 CH GOCCE ORALI 30ML,Fitoterapia e Omeopatia,,35.74,36.01,36.84,35.53,36.17,37.52,35.47,35.69,35.83
010005052,BOIRON PHOSPHORUS 15 CH FIALE ORALI 20 PEZZI,Fitoterapia e Omeopatia,,5.66,6.31,5.94,5.73,7.35,5.37,6.97,5.86,7.12
010005055,BOIRON PHOSPHORUS 15 CH UNGUENTO 50G,Fitoterapia e Omeopatia,,39.59,41.52,39.38,41.10,39.29,40.20,39.31,41.39,39.65
010005058,BOIRON PHOSPHORUS 15 CH SCIROPPO 150ML,Fitoterapia e Omeopatia,,28.88,29.41,28.02,29.58,28.90,29.55,30.25,28.24,29.95
010005061,BOIRON PHOSPHORUS 30 CH GRANULI 4G,Fitoterapia e Omeopatia,,31.82,32.48,32.45,31.62,33.88,32.33,32.58,33.16,33.75
010005064,BOIRON PHOSPHORUS 30 CH GLOBULI DOSA UNICA,Fitoterapia e Omeopatia,,9.36,10.23,9.02,8.64,9.06,10.04,9.82,9.22,8.13
010005067,BOIRON PHOSPHORUS 30 CH GOCCE ORALI 30ML,Fitoterapia e Omeopatia,,17.49,16.51,15.68,17.68,15.62,16.80,15.83,15.70,15.79
010005070,BOIRON PHOSPHORUS 30 CH FIALE ORALI 20 PEZZI,Fitoterapia e Omeopatia,,11.32,12.65,10.50,12.53,11.31,11.92,11.82,10.66,11.62
010005073,BOIRON PHOSPHORUS 30 CH UNGUENTO 50G,Fitoterapia e Omeopatia,,26.09,26.84,25.89,25.89,27.22,27.51,26.05,27.23,25.98
010005076,BOIRON PHOSPHORUS 30 CH SCIROPPO 150ML,Fitoterapia e Omeopatia,,22.29,22.77,21.56,21.97,21.09,22.46,21.61,22.83,22.34
010005079,BOIRON PHOSPHORUS 200 CH GRANULI 4G,Fitoterapia e Omeopatia,,26.46,28.64,26.80,28.24,26.74,26.51,27.67,28.11,26.61
010005082,BOIRON PHOSPHORUS 200 CH GLOBULI DOSA UNICA,Fitoterapia e Omeopatia,,32.53,31.40,32.80,32.34,32.89,33.01,30.96,32.66,32.01
010005085,BOIRON PHOSPHORUS 200 CH GOCCE ORALI 30ML,Fitoterapia e Omeopatia,,36.54,36.42,37.16,36.99,37.84,38.22,37.05,38.32,37.85
010005088,BOIRON PHOSPHORUS 200 CH FIALE ORALI 20 PEZZI,Fitoterapia e Omeopatia,,23.42,21.62,22.65,22.89,22.40,21.69,22.93,22.55,23.07
010005091,BOIRON PHOSPHORUS 200 CH UNGUENTO 50G,Fitoterapia e Omeopatia,,39.58,40.21,39.74,38.46,39.24,39.00,39.22,38.57,39.58
010005094,BOIRON PHOSPHORUS 200 CH SCIROPPO 150ML,Fitoterapia e Omeopatia,,12.59,11.03,13.15,11.96,12.08,11.01,11.17,12.81,11.19
010005097,BOIRON PHOSPHORUS 1MK GRANULI 4G,Fitoterapia e Omeopatia,,31.71,31.15,30.55,31.36,30.95,30.54,30.69,32.70,32.02
010005100,BOIRON PHOSPHORUS 1MK GLOBULI DOSA UNICA,Fitoterapia e Omeopatia,,32.48,31.18,31.25,30.50,32.49,31.54,30.21,30.74,30.78
010005103,BOIRON PHOSPHORUS 1MK GOCCE ORALI 30ML,Fitoterapia e Omeopatia,,44.95,44.28,43.73,45.23,44.85,43.18,44.51,44.36,45.29
010005106,BOIRON PHOSPHORUS 1MK FIALE ORALI 20 PEZZI,Fitoterapia e Omeopatia,,44.48,45.21,43.20,44.52,43.79,44.73,43.41,43.44,43.93
010005109,BOIRON PHOSPHORUS 1MK UNGUENTO 50G,Fitoterapia e Omeopatia,,31.49,31.38,32.95,31.21,31.27,31.67,32.57,31.73,32.26
010005112,BOIRON PHOSPHORUS 1MK SCIROPPO 150ML,Fitoterapia e Omeopatia,,43.32,41.60,43.19,42.55,42.77,41.63,42.18,42.20,41.52
010005115,BOIRON PHOSPHORUS 6DH GRANULI 4G,Fitoterapia e Omeopatia,,38.59,40.10,39.70,40.34,40.63,38.92,39.97,39.59,39.92
010005118,BOIRON PHOSPHORUS 6DH GLOBULI DOSA UNICA,Fitoterapia e Omeopatia,,30.49,32.41,32.76,30.71,32.50,30.53,31.26,30.47,31.71
010005121,BOIRON PHOSPHORUS 6DH GOCCE ORALI 30ML,Fitoterapia e Omeopatia,,42.25,43.58,42.47,42.35,42.22,43.06,42.73,43.43,42.90
010005124,BOIRON PHOSPHORUS 6DH FIALE ORALI 20 PEZZI,Fitoterapia e Omeopatia,,41.77,40.95,41.44,42.30,41.46,42.73,42.95,41.83,41.33
010005127,BOIRON PHOSPHORUS 6DH UNGUENTO 50G,Fitoterapia e Omeopatia,,29.90,28.62,29.29,28.79,29.37,29.23,28.13,28.28,28.92
010005130,BOIRON PHOSPHORUS 6DH SCIROPPO 150ML,Fitoterapia e Omeopatia,,16.82,18.29,16.93,17.27,17.72,18.53,18.25,17.58,17.06
010005133,BOIRON PHOSPHORUS 12DH GRANULI 4G,Fitoterapia e Omeopatia,,26.14,26.60,27.48,28.18,26.88,28.38,27.14,27.65,28.04
010005136,BOIRON PHOSPHORUS 12DH GLOBULI DOSA UNICA,Fitoterapia e Omeopatia,,42.40,41.27,42.06,41.26,42.68,42.61,41.79,41.04,42.80
010005139,BOIRON PHOSPHORUS 12DH GOCCE ORALI 30ML,Fitoterapia e Omeopatia,,44.41,43.57,42.68,44.66,44.27,43.26,43.57,43.50,42.72
010005142,BOIRON PHOSPHORUS 12DH FIALE ORALI 20 PEZZI,Fitoterapia e Omeopatia,,44.06,44.45,43.73,43.85,43.79,44.63,44.54,43.54,44.35
010005145,BOIRON PHOSPHORUS 12DH UNGUENTO 50G,Fitoterapia e Omeopatia,,5.44,5.86,5.60,6.13,7.14,7.32,6.70,7.16,5.86
010005148,BOIRON PHOSPHORUS 12DH SCIROPPO 150ML,Fitoterapia e Omeopatia,,38.86,38.35,39.69,39.57,39.66,39.71,38.20,38.82,39.68
010005151,BOIRON SULPHUR 4 CH GRANULI 4G,Fitoterapia e Omeopatia,,4.34,4.73,5.18,5.03,5.20,3.78,5.10,3.53,4.87
010005154,BOIRON SULPHUR 4 CH GLOBULI DOSA UNICA,Fitoterapia e Omeopatia,,29.26,31.33,29.18,30.68,29.27,29.02,31.23,31.20,31.03
010005157,BOIRON SULPHUR 4 CH GOCCE ORALI 30ML,Fitoterapia e Omeopatia,,7.19,7.10,7.08,7.26,8.63,6.77,8.73,7.50,8.06
010005160,BOIRON SULPHUR 4 CH FIALE ORALI 20 PEZZI,Fitoterapia e Omeopatia,,27.62,25.94,26.46,27.00,25.96,27.76,27.26,26.19,26.01
010005163,BOIRON SULPHUR 4 CH UNGUENTO 50G,Fitoterapia e Omeopatia,,26.52,25.93,25.90,26.95,27.74,26.09,26.81,27.55,26.78
010005166,BOIRON SULPHUR 4 CH SCIROPPO 150ML,Fitoterapia e Omeopatia,,24.48,24.81,25.22,25.88,25.38,24.26,26.43,26.22,24.94
010005169,BOIRON SULPHUR 5 CH GRANULI 4G,Fitoterapia e Omeopatia,,28.85,30.98,30.65,29.29,28.91,30.08,30.38,30.22,30.56
010005172,BOIRON SULPHUR 5 CH GLOBULI DOSA UNICA,Fitoterapia e Omeopatia,,20.24,19.96,20.95,19.89,19.07,19.23,19.00,20.49,20.82
010005175,BOIRON SULPHUR 5 CH GOCCE ORALI 30ML,Fitoterapia e Omeopatia,,22.86,23.36,23.97,23.86,24.39,23.67,24.08,23.11,24.66
010005178,BOIRON SULPHUR 5 CH FIALE ORALI 20 PEZZI,Fitoterapia e Omeopatia,,43.72,43.24,43.02,44.59,43.60,44.24,44.41,43.30,43.35
010005181,BOIRON SULPHUR 5 CH UNGUENTO 50G,Fitoterapia e Omeopatia,,19.91,19.04,18.57,19.77,18.36,19.95,18.24,20.18,19.27
010005184,BOIRON SULPHUR 5 CH SCIROPPO 150ML,Fitoterapia e Omeopatia,,19.45,20.05,19.54,19.54,18.64,19.96,18.92,18.90,19.26
010005187,BOIRON SULPHUR 7 CH GRANULI 4G,Fitoterapia e Omeopatia,,18.22,16.56,18.21,16.53,16.92,16.74,17.70,17.81,18.40
010005190,BOIRON SULPHUR 7 CH GLOBULI DOSA UNICA,Fitoterapia e Omeopatia,,24.33,24.95,23.99,25.33,24.93,23.82,24.56,23.49,23.64
010005193,BOIRON SULPHUR 7 CH GOCCE ORALI 30ML,Fitoterapia e Omeopatia,,16.20,16.71,16.72,16.70,16.95,15.70,16.02,15.90,14.70
010005196,BOIRON SULPHUR 7 CH FIALE ORALI 20 PEZZI,Fitoterapia e Omeopatia,,32.33,32.71,31.26,31.81,32.64,31.24,31.12,31.44,31.75
010005199,BOIRON SULPHUR 7 CH UNGUENTO 50G,Fitoterapia e Omeopatia,,20.23,19.46,18.90,18.19,18.24,19.68,20.13,19.31,19.16
010005202,BOIRON SULPHUR 7 CH SCIROPPO 150ML,Fitoterapia e Omeopatia,,36.67,37.51,36.83,38.11,37.18,36.40,37.39,36.96,36.45
010005205,BOIRON SULPHUR 9 CH GRANULI 4G,Fitoterapia e Omeopatia,,26.54,27.05,27.80,25.74,27.76,25.84,25.83,27.85,27.86
010005208,BOIRON SULPHUR 9 CH GLOBULI DOSA UNICA,Fitoterapia e Omeopatia,,25.76,26.53,25.98,25.91,27.23,25.91,26.16,25.09,25.60
010005211,BOIRON SULPHUR 9 CH GOCCE ORALI 30ML,Fitoterapia e Omeopatia,,8.31,9.41,9.76,8.76,9.52,10.28,8.57,8.87,9.44
010005214,BOIRON SULPHUR 9 CH FIALE ORALI 20 PEZZI,Fitoterapia e Omeopatia,,15.36,15.55,14.64,14.18,14.93,15.63,13.79,13.85,13.61
010005217,BOIRON SULPHUR 9 CH UNGUENTO 50G,Fitoterapia e Omeopatia,,25.18,26.88,26.42,25.79,25.38,25.92,25.86,26.42,26.87
010005220,BOIRON SULPHUR 9 CH SCIROPPO 150ML,Fitoterapia e Omeopatia,,41.12,42.33,42.62,41.44,41.30,42.75,40.59,42.48,42.42
010005223,BOIRON SULPHUR 12 CH GRANULI 4G,Fitoterapia e Omeopatia,,16.57,16.63,16.80,17.41,16.79,18.53,17.35,18.18,16.92
010005226,BOIRON SULPHUR 12 CH GLOBULI DOSA UNICA,Fitoterapia e Omeopatia,,11.03,10.35,11.36,9.86,10.78,9.87,9.79,10.83,11.33
010005229,BOIRON SULPHUR 12 CH GOCCE ORALI 30ML,Fitoterapia e Omeopatia,,36.18,35.34,34.63,35.34,35.84,34.92,35.25,34.90,35.55
010005232,BOIRON SULPHUR 12 CH FIALE ORALI 20 PEZZI,Fitoterapia e Omeopatia,,15.64,15.75,15.69,16.95,16.26,17.31,17.38,16.63,16.69
010005235,BOIRON SULPHUR 12 CH UNGUENTO 50G,Fitoterapia e Omeopatia,,35.00,34.27,36.54,35.86,34.58,36.21,35.94,34.79,34.50
010005238,BOIRON SULPHUR 12 CH SCIROPPO 150ML,Fitoterapia e Omeopatia,,32.08,33.20,32.68,31.49,31.84,31.65,31.62,31.42,33.26
010005241,BOIRON SULPHUR 15 CH GRANULI 4G,Fitoterapia e Omeopatia,,16.66,16.98,16.20,16.16,16.43,14.96,15.78,16.68,16.90
010005244,BOIRON SULPHUR 15 CH GLOBULI DOSA UNICA,Fitoterapia e Omeopatia,,36.83,36.56,37.17,38.53,37.48,38.69,38.68,37.73,37.39
010005247,BOIRON SULPHUR 15 CH GOCCE ORALI 30ML,Fitoterapia e Omeopatia,,17.25,16.96,17.79,16.66,18.40,16.62,18.21,18.15,18.23
010005250,BOIRON SULPHUR 15 CH FIALE ORALI 20 PEZZI,Fitoterapia e Omeopatia,,16.74,15.45,16.38,15.31,16.89,17.37,16.23,16.61,15.96
010005253,BOIRON SULPHUR 15 CH UNGUENTO 50G,Fitoterapia e Omeopatia,,33.54,34.07,34.57,32.87,34.97,34.61,34.81,34.05,33.30
010005256,BOIRON SULPHUR 15 CH SCIROPPO 150ML,Fitoterapia e Omeopatia,,12.72,12.64,13.08,11.01,12.50,11.49,13.30,11.85,11.58
010005259,BOIRON SULPHUR 30 CH GRANULI 4G,Fitoterapia e Omeopatia,,17.92,18.85,18.93,19.63,19.30,17.98,18.00,19.03,19.15
010005262,BOIRON SULPHUR 30 CH GLOBULI DOSA UNICA,Fitoterapia e Omeopatia,,34.16,33.71,33.90,33.65,34.61,33.39,34.59,34.01,33.19
010005265,BOIRON SULPHUR 30 CH GOCCE ORALI 30ML,Fitoterapia e Omeopatia,,10.22,8.30,9.23,8.56,9.97,9.06,10.19,9.37,10.16
010005268,BOIRON SULPHUR 30 CH FIALE ORALI 20 PEZZI,Fitoterapia e Omeopatia,,41.08,41.65,39.98,40.07,41.49,39.95,39.68,40.00,40.79
010005271,BOIRON SULPHUR 30 CH UNGUENTO 50G,Fitoterapia e Omeopatia,,39.66,41.03,39.26,40.68,40.96,40.30,39.54,40.38,39.25
010005274,BOIRON SULPHUR 30 CH SCIROPPO 150ML,Fitoterapia e Omeopatia,,27.78,26.77,25.93,27.63,25.85,26.88,26.63,26.58,25.77
010005277,BOIRON SULPHUR 200 CH GRANULI 4G,Fitoterapia e Omeopatia,,10.18,10.37,9.07,8.93,11.21,9.64,10.34,10.19,9.14
010005280,BOIRON SULPHUR 200 CH GLOBULI DOSA UNICA,Fitoterapia e Omeopatia,,24.12,24.01,24.44,25.36,25.23,25.62,24.22,25.80,25.11
010005283,BOIRON SULPHUR 200 CH GOCCE ORALI 30ML,Fitoterapia e Omeopatia,,12.03,12.19,12.68,13.72,12.89,12.57,12.93,11.79,12.18
010005286,BOIRON SULPHUR 200 CH FIALE ORALI 20 PEZZI,Fitoterapia e Omeopatia,,39.92,40.58,39.91,39.68,39.88,40.92,40.72,39.26,40.68
010005289,BOIRON SULPHUR 200 CH UNGUENTO 50G,Fitoterapia e Omeopatia,,41.57,42.24,41.49,42.30,42.88,42.51,42.62,42.08,42.01
010005292,BOIRON SULPHUR 200 CH SCIROPPO 150ML,Fitoterapia e Omeopatia,,22.56,23.81,23.59,22.37,22.01,22.72,23.82,23.26,23.91
010005295,BOIRON SULPHUR 1MK GRANULI 4G,Fitoterapia e Omeopatia,,23.56,25.09,23.42,23.56,25.06,24.63,24.44,24.59,24.39
010005298,BOIRON SULPHUR 1MK GLOBULI DOSA UNICA,Fitoterapia e Omeopatia,,20.24,20.55,21.10,21.20,21.28,20.22,21.36,21.58,20.14
010005301,BOIRON SULPHUR 1MK GOCCE ORALI 30ML,Fitoterapia e Omeopatia,,9.34,7.71,8.40,8.46,7.75,8.25,9.13,8.39,7.17
010005304,BOIRON SULPHUR 1MK FIALE ORALI 20 PEZZI,Fitoterapia e Omeopatia,,34.20,34.44,33.43,33.52,33.63,34.04,32.84,33.75,34.89
010005307,BOIRON SULPHUR 1MK UNGUENTO 50G,Fitoterapia e Omeopatia,,45.84,45.37,44.13,44.34,45.00,44.52,44.65,44.52,45.91
010005310,BOIRON SULPHUR 1MK SCIROPPO 150ML,Fitoterapia e Omeopatia,,29.81,29.48,28.77,28.72,27.83,28.72,28.32,29.86,28.88
010005313,BOIRON SULPHUR 6DH GRANULI 4G,Fitoterapia e Omeopatia,,21.26,20.58,21.72,20.00,21.78,20.80,21.61,22.17,20.70
010005316,BOIRON SULPHUR 6DH GLOBULI DOSA UNICA,Fitoterapia e Omeopatia,,37.79,37.59,38.56,36.85,37.36,36.99,37.73,37.62,37.00
010005319,BOIRON SULPHUR 6DH GOCCE ORALI 30ML,Fitoterapia e Omeopatia,,17.57,19.75,18.44,17.91,19.07,18.38,18.55,17.97,18.75
010005322,BOIRON SULPHUR 6DH FIALE ORALI 20 PEZZI,Fitoterapia e Omeopatia,,13.49,13.42,13.56,14.18,13.79,14.35,13.67,13.91,14.50
010005325,BOIRON SULPHUR 6DH UNGUENTO 50G,Fitoterapia e Omeopatia,,12.81,11.34,13.18,12.01,13.30,12.01,11.62,12.49,11.69
010005328,BOIRON SULPHUR 6DH SCIROPPO 150ML,Fitoterapia e Omeopatia,,10.36,10.88,10.72,9.52,11.69,10.49,11.64,11.52,10.69
010005331,BOIRON SULPHUR 12DH GRANULI 4G,Fitoterapia e Omeopatia,,31.62,31.55,32.01,32.50,32.98,32.01,32.38,31.52,31.39
010005334,BOIRON SULPHUR 12DH GLOBULI DOSA UNICA,Fitoterapia e Omeopatia,,26.92,25.90,26.93,25.64,26.84,26.30,25.59,25.94,26.17
010005337,BOIRON SULPHUR 12DH GOCCE ORALI 30ML,Fitoterapia e Omeopatia,,9.16,10.25,9.93,8.92,8.25,8.37,9.21,8.66,9.49
010005340,BOIRON SULPHUR 12DH FIALE ORALI 20 PEZZI,Fitoterapia e Omeopatia,,15.82,15.37,15.97,15.68,16.50,15.07,16.54,15.86,15.71
010005343,BOIRON SULPHUR 12DH UNGUENTO 50G,Fitoterapia e Omeopatia,,12.08,12.44,11.07,11.28,11.58,11.63,11.88,12.37,12.82
010005346,BOIRON SULPHUR 12DH SCIROPPO 150ML,Fitoterapia e Omeopatia,,33.16,33.43,33.16,32.23,33.44,33.03,31.70,34.01,32.71
010005349,BOIRON STAPHYSAGRIA 4 CH GRANULI 4G,Fitoterapia e Omeopatia,,20.64,20.60,21.44,21.27,20.78,21.54,22.44,21.64,21.45
010005352,BOIRON STAPHYSAGRIA 4 CH GLOBULI DOSA UNICA,Fitoterapia e Omeopatia,,5.06,6.05,4.52,5.67,6.12,6.73,6.02,4.57,5.56
010005355,BOIRON STAPHYSAGRIA 4 CH GOCCE ORALI 30ML,Fitoterapia e Omeopatia,,8.84,8.83,10.42,9.58,8.96,8.12,8.96,9.11,8.33
010005358,BOIRON STAPHYSAGRIA 4 CH FIALE ORALI 20 PEZZI,Fitoterapia e Omeopatia,,22.11,22.86,21.25,23.09,22.71,22.87,21.19,22.72,21.62
010005361,BOIRON STAPHYSAGRIA 4 CH UNGUENTO 50G,Fitoterapia e Omeopatia,,36.16,36.03,37.18,37.58,37.72,37.21,37.09,36.74,37.45
010005364,BOIRON STAPHYSAGRIA 4 CH SCIROPPO 150ML,Fitoterapia e Omeopatia,,42.37,41.78,43.09,42.93,41.32,41.70,42.95,43.67,42.38
010005367,BOIRON STAPHYSAGRIA 5 CH GRANULI 4G,Fitoterapia e Omeopatia,,16.85,18.16,17.88,18.60,17.93,17.45,17.79,17.92,17.83
010005370,BOIRON STAPHYSAGRIA 5 CH GLOBULI DOSA UNICA,Fitoterapia e Omeopatia,,15.48,14.68,14.26,15.43,14.09,14.70,14.62,14.24,15.11
010005373,BOIRON STAPHYSAGRIA 5 CH GOCCE ORALI 30ML,Fitoterapia e Omeopatia,,35.15,35.42,34.67,35.04,34.73,34.40,35.98,35.70,34.74
010005376,BOIRON STAPHYSAGRIA 5 CH FIALE ORALI 20 PEZZI,Fitoterapia e Omeopatia,,23.05,22.36,22.90,22.95,22.93,22.61,22.46,22.27,23.19
010005379,BOIRON STAPHYSAGRIA 5 CH UNGUENTO 50G,Fitoterapia e Omeopatia,,31.69,32.54,33.67,33.36,32.45,32.56,33.81,31.78,32.09
010005382,BOIRON STAPHYSAGRIA 5 CH SCIROPPO 150ML,Fitoterapia e Omeopatia,,14.53,14.15,13.49,14.70,14.92,14.12,15.64,14.53,15.15
010005385,BOIRON STAPHYSAGRIA 7 CH GRANULI 4G,Fitoterapia e Omeopatia,,13.56,14.64,14.77,12.98,12.65,13.71,13.95,13.25,14.39
010005388,BOIRON STAPHYSAGRIA 7 CH GLOBULI DOSA UNICA,Fitoterapia e Omeopatia,,5.60,4.63,5.21,5.05,5.65,5.15,6.66,5.20,5.80
010005391,BOIRON STAPHYSAGRIA 7 CH GOCCE ORALI 30ML,Fitoterapia e Omeopatia,,12.32,11.96,12.70,12.14,11.25,11.12,12.02,12.36,13.31
010005394,BOIRON STAPHYSAGRIA 7 CH FIALE ORALI 20 PEZZI,Fitoterapia e Omeopatia,,33.06,33.03,33.35,34.39,33.17,34.17,34.05,34.70,34.80
010005397,BOIRON STAPHYSAGRIA 7 CH UNGUENTO 50G,Fitoterapia e Omeopatia,,20.55,19.55,20.93,19.97,19.78,19.80,18.93,19.59,20.96
010005400,BOIRON STAPHYSAGRIA 7 CH SCIROPPO 150ML,Fitoterapia e Omeopatia,,16.02,15.68,15.85,16.40,16.30,17.66,16.33,16.54,16.91
010005403,BOIRON STAPHYSAGRIA 9 CH GRANULI 4G,Fitoterapia e Omeopatia,,9.55,9.60,7.40,8.28,8.58,9.28,8.96,8.75,8.73
010005406,BOIRON STAPHYSAGRIA 9 CH GLOBULI DOSA UNICA,Fitoterapia e Omeopatia,,8.26,6.81,7.62,7.44,8.49,7.02,7.53,6.83,8.26
010005409,BOIRON STAPHYSAGRIA 9 CH GOCCE ORALI 30ML,Fitoterapia e Omeopatia,,36.64,36.40,37.04,36.19,37.08,37.25,37.67,36.56,37.30
010005412,BOIRON STAPHYSAGRIA 9 CH FIALE ORALI 20 PEZZI,Fitoterapia e Omeopatia,,34.21,32.98,32.64,33.20,34.06,33.19,32.91,32.71,33.39
010005415,BOIRON STAPHYSAGRIA 9 CH UNGUENTO 50G,Fitoterapia e Omeopatia,,40.49,40.30,40.50,41.34,41.83,41.34,41.69,42.35,42.22
010005418,BOIRON STAPHYSAGRIA 9 CH SCIROPPO 150ML,Fitoterapia e Omeopatia,,21.43,22.14,20.22,21.45,20.20,21.99,21.22,22.00,20.59
010005421,BOIRON STAPHYSAGRIA 12 CH GRANULI 4G,Fitoterapia e Omeopatia,,43.28,41.36,41.22,43.38,42.13,42.58,42.12,43.33,42.60
010005424,BOIRON STAPHYSAGRIA 12 CH GLOBULI DOSA UNICA,Fitoterapia e Omeopatia,,30.71,30.37,29.47,30.72,29.10,30.27,29.84,29.45,29.07
010005427,BOIRON STAPHYSAGRIA 12 CH GOCCE ORALI 30ML,Fitoterapia e Omeopatia,,18.41,19.16,20.02,18.49,18.23,19.00,17.98,19.98,18.24
010005430,BOIRON STAPHYSAGRIA 12 CH FIALE ORALI 20 PEZZI,Fitoterapia e Omeopatia,,10.52,8.28,10.14,9.43,9.93,9.72,8.93,9.97,9.92
010005433,BOIRON STAPHYSAGRIA 12 CH UNGUENTO 50G,Fitoterapia e Omeopatia,,42.95,43.45,44.09,43.20,43.07,43.77,43.41,44.24,43.68
010005436,BOIRON STAPHYSAGRIA 12 CH SCIROPPO 150ML,Fitoterapia e Omeopatia,,20.75,20.18,21.94,20.98,22.39,21.05,20.13,20.31,21.83
010005439,BOIRON STAPHYSAGRIA 15 CH GRANULI 4G,Fitoterapia e Omeopatia,,44.10,45.67,45.74,43.99,44.76,44.25,43.66,45.68,44.96
010005442,BOIRON STAPHYSAGRIA 15 CH GLOBULI DOSA UNICA,Fitoterapia e Omeopatia,,26.99,28.57,26.87,27.82,28.95,28.92,27.37,28.79,28.01
010005445,BOIRON STAPHYSAGRIA 15 CH GOCCE ORALI 30ML,Fitoterapia e Omeopatia,,29.73,29.22,28.75,30.64,30.94,29.77,30.52,29.01,29.94
010005448,BOIRON STAPHYSAGRIA 15 CH FIALE ORALI 20 PEZZI,Fitoterapia e Omeopatia,,23.72,23.94,23.69,23.29,24.16,23.24,23.24,25.37,23.85
010005451,BOIRON STAPHYSAGRIA 15 CH UNGUENTO 50G,Fitoterapia e Omeopatia,,42.56,43.87,42.08,41.92,41.89,42.99,43.44,42.25,43.01
010005454,BOIRON STAPHYSAGRIA 15 CH SCIROPPO 150ML,Fitoterapia e Omeopatia,,6.38,5.91,5.87,6.96,5.75,6.50,6.95,6.71,6.01
010005457,BOIRON STAPHYSAGRIA 30 CH GRANULI 4G,Fitoterapia e Omeopatia,,38.92,37.81,39.66,39.10,38.42,38.72,38.66,39.75,39.39
010005460,BOIRON STAPHYSAGRIA 30 CH GLOBULI DOSA UNICA,Fitoterapia e Omeopatia,,4.08,5.03,6.12,6.04,4.97,6.40,5.10,4.15,4.84
010005463,BOIRON STAPHYSAGRIA 30 CH GOCCE ORALI 30ML,Fitoterapia e Omeopatia,,31.63,30.92,30.62,31.54,30.77,31.22,30.77,30.39,31.26
010005466,BOIRON STAPHYSAGRIA 30 CH FIALE ORALI 20 PEZZI,Fitoterapia e Omeopatia,,30.02,30.24,31.76,31.96,30.04,30.40,31.95,30.39,30.15
010005469,BOIRON STAPHYSAGRIA 30 CH UNGUENTO 50G,Fitoterapia e Omeopatia,,6.82,6.87,6.53,7.23,6.71,5.88,7.54,7.03,7.76
010005472,BOIRON STAPHYSAGRIA 30 CH SCIROPPO 150ML,Fitoterapia e Omeopatia,,13.94,14.16,13.33,12.11,12.81,13.65,12.81,13.13,13.28
010005475,BOIRON STAPHYSAGRIA 200 CH GRANULI 4G,Fitoterapia e Omeopatia,,17.88,17.98,18.68,19.21,17.35,19.03,17.61,18.18,18.20
010005478,BOIRON STAPHYSAGRIA 200 CH GLOBULI DOSA UNICA,Fitoterapia e Omeopatia,,45.47,45.42,43.19,44.27,43.45,44.61,45.13,43.50,43.49
010005481,BOIRON STAPHYSAGRIA 200 CH GOCCE ORALI 30ML,Fitoterapia e Omeopatia,,28.02,29.83,28.61,29.18,28.88,28.43,28.81,28.86,28.29
010005484,BOIRON STAPHYSAGRIA 200 CH FIALE ORALI 20 PEZZI,Fitoterapia e Omeopatia,,27.75,25.80,26.22,27.67,27.55,26.18,26.87,25.67,27.60
010005487,BOIRON STAPHYSAGRIA 200 CH UNGUENTO 50G,Fitoterapia e Omeopatia,,6.54,8.07,8.29,7.26,7.15,7.19,7.71,6.36,8.34
010005490,BOIRON STAPHYSAGRIA 200 CH SCIROPPO 150ML,Fitoterapia e Omeopatia,,34.49,35.23,33.90,33.94,34.82,34.10,35.12,34.97,33.45
010005493,BOIRON STAPHYSAGRIA 1MK GRANULI 4G,Fitoterapia e Omeopatia,,36.89,37.52,37.12,36.51,37.30,37.96,38.50,37.54,37.70
010005496,BOIRON STAPHYSAGRIA 1MK GLOBULI DOSA UNICA,Fitoterapia e Omeopatia,,39.06,39.26,39.20,40.53,38.91,39.92,38.82,38.95,38.46
010005499,BOIRON STAPHYSAGRIA 1MK GOCCE ORALI 30ML,Fitoterapia e Omeopatia,,6.43,6.90,7.05,6.98,6.32,6.61,6.10,7.23,5.95
010005502,BOIRON STAPHYSAGRIA 1MK FIALE ORALI 20 PEZZI,Fitoterapia e Omeopatia,,6.01,6.44,5.55,5.90,5.37,5.93,6.54,6.86,5.82
010005505,BOIRON STAPHYSAGRIA 1MK UNGUENTO 50G,Fitoterapia e Omeopatia,,24.34,24.93,24.96,24.34,24.98,24.75,24.78,25.79,25.16
010005508,BOIRON STAPHYSAGRIA 1MK SCIROPPO 150ML,Fitoterapia e Omeopatia,,37.26,37.40,38.82,37.53,38.52,39.29,39.33,38.16,38.79
010005511,BOIRON STAPHYSAGRIA 6DH GRANULI 4G,Fitoterapia e Omeopatia,,5.80,6.97,5.36,5.75,5.35,6.66,6.53,4.91,5.84
010005514,BOIRON STAPHYSAGRIA 6DH GLOBULI DOSA UNICA,Fitoterapia e Omeopatia,,18.84,18.52,17.90,18.72,16.99,17.03,17.85,18.36,17.66
010005517,BOIRON STAPHYSAGRIA 6DH GOCCE ORALI 30ML,Fitoterapia e Omeopatia,,21.55,21.90,22.36,20.89,20.67,22.40,22.09,21.50,21.48
010005520,BOIRON STAPHYSAGRIA 6DH FIALE ORALI 20 PEZZI,Fitoterapia e Omeopatia,,24.11,24.32,23.25,23.96,22.92,23.42,23.94,23.04,22.94
010005523,BOIRON STAPHYSAGRIA 6DH UNGUENTO 50G,Fitoterapia e Omeopatia,,38.11,38.58,39.45,38.48,37.97,37.90,39.02,38.77,39.53
010005526,BOIRON STAPHYSAGRIA 6DH SCIROPPO 150ML,Fitoterapia e Omeopatia,,24.95,22.81,23.84,23.13,24.25,24.02,24.84,23.13,24.22
010005529,BOIRON STAPHYSAGRIA 12DH GRANULI 4G,Fitoterapia e Omeopatia,,11.58,12.44,11.55,12.35,12.09,12.14,11.99,13.10,12.09
010005532,BOIRON STAPHYSAGRIA 12DH GLOBULI DOSA UNICA,Fitoterapia e Omeopatia,,30.26,29.84,30.25,31.47,30.29,31.78,31.62,30.37,30.34
010005535,BOIRON STAPHYSAGRIA 12DH GOCCE ORALI 30ML,Fitoterapia e Omeopatia,,45.69,44.37,44.16,45.18,44.74,43.90,45.40,43.71,43.58
010005538,BOIRON STAPHYSAGRIA 12DH FIALE ORALI 20 PEZZI,Fitoterapia e Omeopatia,,20.84,20.66,22.22,21.95,20.97,22.38,21.07,22.18,21.09
010005541,BOIRON STAPHYSAGRIA 12DH UNGUENTO 50G,Fitoterapia e Omeopatia,,21.59,20.37,20.91,21.65,21.49,22.19,20.93,20.19,20.60
010005544,BOIRON STAPHYSAGRIA 12DH SCIROPPO 150ML,Fitoterapia e Omeopatia,,14.18,15.28,14.41,14.88,14.89,14.50,13.95,13.59,14.85
010005547,BOIRON CARBO VEGETABILIS 4 CH GRANULI 4G,Fitoterapia e Omeopatia,,28.65,29.21,27.63,29.07,28.71,27.51,28.46,27.90,29.34
010005550,BOIRON CARBO VEGETABILIS 4 CH GLOBULI DOSA UNICA,Fitoterapia e Omeopatia,,25.18,25.10,26.61,26.27,24.70,25.82,26.88,26.63,25.02
010005553,BOIRON CARBO VEGETABILIS 4 CH GOCCE ORALI 30ML,Fitoterapia e Omeopatia,,37.85,36.96,36.95,38.94,38.20,39.04,37.60,38.24,37.41
010005556,BOIRON CARBO VEGETABILIS 4 CH FIALE ORALI 20 PEZZI,Fitoterapia e Omeopatia,,17.10,18.43,17.63,17.38,17.18,17.04,18.78,17.06,18.10
010005559,BOIRON CARBO VEGETABILIS 4 CH UNGUENTO 50G,Fitoterapia e Omeopatia,,32.65,32.59,32.43,33.04,32.24,32.94,32.18,32.35,32.53
010005562,BOIRON CARBO VEGETABILIS 4 CH SCIROPPO 150ML,Fitoterapia e Omeopatia,,24.45,25.61,24.21,24.55,25.36,24.31,26.17,24.12,25.40
010005565,BOIRON CARBO VEGETABILIS 5 CH GRANULI 4G,Fitoterapia e Omeopatia,,39.86,39.53,39.92,39.50,40.04,40.75,39.60,41.00,39.20
010005568,BOIRON CARBO VEGETABILIS 5 CH GLOBULI DOSA UNICA,Fitoterapia e Omeopatia,,31.12,30.69,29.89,29.43,29.20,30.31,31.44,31.09,30.86
010005571,BOIRON CARBO VEGETABILIS 5 CH GOCCE ORALI 30ML,Fitoterapia e Omeopatia,,25.14,24.05,25.23,24.15,26.04,25.10,23.82,25.72,25.47
010005574,BOIRON CARBO VEGETABILIS 5 CH FIALE ORALI 20 PEZZI,Fitoterapia e Omeopatia,,5.63,5.47,5.15,5.26,5.46,5.08,5.45,4.73,4.36
010005577,BOIRON CARBO VEGETABILIS 5 CH UNGUENTO 50G,Fitoterapia e Omeopatia,,9.43,10.99,11.47,11.36,11.27,9.49,11.60,10.69,9.39
010005580,BOIRON CARBO VEGETABILIS 5 CH SCIROPPO 150ML,Fitoterapia e Omeopatia,,16.47,17.34,16.66,15.42,16.45,17.23,16.76,17.63,16.60
010005583,BOIRON CARBO VEGETABILIS 7 CH GRANULI 4G,Fitoterapia e Omeopatia,,19.81,19.78,20.49,19.45,20.67,20.93,20.05,21.00,19.47
010005586,BOIRON CARBO VEGETABILIS 7 CH GLOBULI DOSA UNICA,Fitoterapia e Omeopatia,,35.63,34.65,34.91,34.83,35.71,33.80,35.47,34.49,35.48
010005589,BOIRON CARBO VEGETABILIS 7 CH GOCCE ORALI 30ML,Fitoterapia e Omeopatia,,4.32,5.37,5.76,4.49,6.03,6.34,4.50,4.54,5.57
010005592,BOIRON CARBO VEGETABILIS 7 CH FIALE ORALI 20 PEZZI,Fitoterapia e Omeopatia,,12.36,13.30,11.92,11.94,13.75,12.84,13.52,12.04,12.29
010005595,BOIRON CARBO VEGETABILIS 7 CH UNGUENTO 50G,Fitoterapia e Omeopatia,,11.52,11.79,11.00,10.74,9.98,10.33,10.09,11.04,9.63
010005598,BOIRON CARBO VEGETABILIS 7 CH SCIROPPO 150ML,Fitoterapia e Omeopatia,,24.01,23.88,25.38,24.88,24.60,24.01,25.22,23.79,24.82
010005601,BOIRON CARBO VEGETABILIS 9 CH GRANULI 4G,Fitoterapia e Omeopatia,,29.00,30.68,30.02,28.44,29.94,28.31,28.44,30.22,30.27
010005604,BOIRON CARBO VEGETABILIS 9 CH GLOBULI DOSA UNICA,Fitoterapia e Omeopatia,,5.51,5.36,5.68,5.44,6.97,6.84,5.72,6.36,6.98
010005607,BOIRON CARBO VEGETABILIS 9 CH GOCCE ORALI 30ML,Fitoterapia e Omeopatia,,29.50,30.80,28.80,29.71,30.18,28.73,28.62,28.82,29.99
010005610,BOIRON CARBO VEGETABILIS 9 CH FIALE ORALI 20 PEZZI,Fitoterapia e Omeopatia,,12.95,12.34,12.59,11.88,11.02,11.32,11.41,12.41,12.29
010005613,BOIRON CARBO VEGETABILIS 9 CH UNGUENTO 50G,Fitoterapia e Omeopatia,,41.24,41.07,39.72,41.20,41.30,39.81,39.20,40.93,39.60
010005616,BOIRON CARBO VEGETABILIS 9 CH SCIROPPO 150ML,Fitoterapia e Omeopatia,,17.47,16.51,17.91,17.63,16.95,17.95,16.96,17.00,16.75
010005619,BOIRON CARBO VEGETABILIS 12 CH GRANULI 4G,Fitoterapia e Omeopatia,,29.18,29.27,28.62,29.31,29.41,29.57,29.60,30.23,28.76
010005622,BOIRON CARBO VEGETABILIS 12 CH GLOBULI DOSA UNICA,Fitoterapia e Omeopatia,,41.29,42.31,42.69,41.04,42.89,42.45,41.87,41.52,41.76
010005625,BOIRON CARBO VEGETABILIS 12 CH GOCCE ORALI 30ML,Fitoterapia e Omeopatia,,38.70,40.23,39.52,39.30,40.74,38.87,39.85,40.18,39.72
010005628,BOIRON CARBO VEGETABILIS 12 CH FIALE ORALI 20 PEZZI,Fitoterapia e Omeopatia,,37.92,38.67,39.87,38.36,37.91,38.72,39.88,38.10,38.45
010005631,BOIRON CARBO VEGETABILIS 12 CH UNGUENTO 50G,Fitoterapia e Omeopatia,,33.07,34.10,32.61,34.52,33.86,32.96,33.50,32.54,34.11
010005634,BOIRON CARBO VEGETABILIS 12 CH SCIROPPO 150ML,Fitoterapia e Omeopatia,,43.59,42.96,42.41,42.97,44.05,42.39,43.50,42.62,41.95
010005637,BOIRON CARBO VEGETABILIS 15 CH GRANULI 4G,Fitoterapia e Omeopatia,,14.58,16.15,15.34,15.83,14.34,14.08,14.14,14.31,15.82
010005640,BOIRON CARBO VEGETABILIS 15 CH GLOBULI DOSA UNICA,Fitoterapia e Omeopatia,,21.02,20.26,21.99,20.77,20.90,20.14,20.41,20.10,20.86
010005643,BOIRON CARBO VEGETABILIS 15 CH GOCCE ORALI 30ML,Fitoterapia e Omeopatia,,32.64,33.32,32.52,34.17,33.19,33.78,33.79,32.30,32.06
010005646,BOIRON CARBO VEGETABILIS 15 CH FIALE ORALI 20 PEZZI,Fitoterapia e Omeopatia,,43.03,43.71,42.87,42.97,44.25,43.54,44.80,42.77,44.72
010005649,BOIRON CARBO VEGETABILIS 15 CH UNGUENTO 50G,Fitoterapia e Omeopatia,,8.43,9.52,8.60,10.52,8.26,9.74,9.77,9.42,9.50
010005652,BOIRON CARBO VEGETABILIS 15 CH SCIROPPO 150ML,Fitoterapia e Omeopatia,,27.72,29.45,29.33,28.47,28.17,29.07,28.72,29.86,29.01
010005655,BOIRON CARBO VEGETABILIS 30 CH GRANULI 4G,Fitoterapia e Omeopatia,,16.43,16.67,15.55,15.77,17.50,15.52,17.23,16.30,15.51
010005658,BOIRON CARBO VEGETABILIS 30 CH GLOBULI DOSA UNICA,Fitoterapia e Omeopatia,,25.48,26.86,26.93,25.19,24.94,25.89,25.21,25.14,25.07
010005661,BOIRON CARBO VEGETABILIS 30 CH GOCCE ORALI 30ML,Fitoterapia e Omeopatia,,24.56,24.60,25.44,23.49,24.41,23.65,24.71,23.70,24.74
010005664,BOIRON CARBO VEGETABILIS 30 CH FIALE ORALI 20 PEZZI,Fitoterapia e Omeopatia,,43.86,43.11,43.89,43.03,43.53,43.96,44.33,43.17,44.71
010005667,BOIRON CARBO VEGETABILIS 30 CH UNGUENTO 50G,Fitoterapia e Omeopatia,,43.73,43.06,45.01,43.02,43.29,44.15,44.75,44.23,43.27
010005670,BOIRON CARBO VEGETABILIS 30 CH SCIROPPO 150ML,Fitoterapia e Omeopatia,,24.41,24.52,23.79,24.46,23.40,25.47,24.23,23.47,25.58
010005673,BOIRON CARBO VEGETABILIS 200 CH GRANULI 4G,Fitoterapia e Omeopatia,,13.47,12.07,12.80,14.02,11.92,13.60,12.78,13.41,13.31
010005676,BOIRON CARBO VEGETABILIS 200 CH GLOBULI DOSA UNICA,Fitoterapia e Omeopatia,,7.49,5.92,6.25,6.48,6.15,7.80,6.46,5.86,6.17
010005679,BOIRON CARBO VEGETABILIS 200 CH GOCCE ORALI 30ML,Fitoterapia e Omeopatia,,17.54,18.99,17.52,18.73,16.92,18.70,18.98,19.16,16.95
010005682,BOIRON CARBO VEGETABILIS 200 CH FIALE ORALI 20 PEZZI,Fitoterapia e Omeopatia,,7.21,7.67,6.27,6.69,7.33,6.77,7.58,7.03,6.96
010005685,BOIRON CARBO VEGETABILIS 200 CH UNGUENTO 50G,Fitoterapia e Omeopatia,,42.96,43.51,43.35,43.86,43.49,43.94,44.51,43.12,42.87
010005688,BOIRON CARBO VEGETABILIS 200 CH SCIROPPO 150ML,Fitoterapia e Omeopatia,,31.33,31.32,33.48,32.38,32.68,32.67,32.07,31.72,32.28
010005691,BOIRON CARBO VEGETABILIS 1MK GRANULI 4G,Fitoterapia e Omeopatia,,6.87,6.60,8.15,7.81,7.04,7.21,8.26,8.55,7.95
010005694,BOIRON CARBO VEGETABILIS 1MK GLOBULI DOSA UNICA,Fitoterapia e Omeopatia,,12.68,13.28,11.75,12.87,12.03,12.69,13.31,12.68,11.59
010005697,BOIRON CARBO VEGETABILIS 1MK GOCCE ORALI 30ML,Fitoterapia e Omeopatia,,35.62,36.40,36.10,37.27,36.69,35.16,35.30,35.14,35.91
010005700,BOIRON CARBO VEGETABILIS 1MK FIALE ORALI 20 PEZZI,Fitoterapia e Omeopatia,,25.70,27.45,25.45,27.10,25.21,26.67,26.69,26.75,25.66
010005703,BOIRON CARBO VEGETABILIS 1MK UNGUENTO 50G,Fitoterapia e Omeopatia,,4.35,5.58,6.13,5.00,5.87,5.62,5.62,4.14,4.25
010005706,BOIRON CARBO VEGETABILIS 1MK SCIROPPO 150ML,Fitoterapia e Omeopatia,,12.69,13.44,13.41,12.77,13.32,12.35,14.15,11.89,13.34
010005709,BOIRON CARBO VEGETABILIS 6DH GRANULI 4G,Fitoterapia e Omeopatia,,27.49,29.50,29.49,29.45,29.29,28.46,29.30,29.50,29.02
010005712,BOIRON CARBO VEGETABILIS 6DH GLOBULI DOSA UNICA,Fitoterapia e Omeopatia,,24.66,23.69,22.59,23.41,23.51,23.28,22.77,23.63,23.33
010005715,BOIRON CARBO VEGETABILIS 6DH GOCCE ORALI 30ML,Fitoterapia e Omeopatia,,28.37,26.98,28.48,26.85,28.75,28.77,27.70,27.30,26.85
010005718,BOIRON CARBO VEGETABILIS 6DH FIALE ORALI 20 PEZZI,Fitoterapia e Omeopatia,,12.40,12.35,12.69,10.66,10.61,12.43,12.17,11.41,12.30
010005721,BOIRON CARBO VEGETABILIS 6DH UNGUENTO 50G,Fitoterapia e Omeopatia,,5.37,6.13,6.98,7.47,7.49,5.29,7.50,5.30,7.22
010005724,BOIRON CARBO VEGETABILIS 6DH SCIROPPO 150ML,Fitoterapia e Omeopatia,,21.41,21.88,21.48,22.93,22.50,20.91,22.33,21.17,21.67
010005727,BOIRON CARBO VEGETABILIS 12DH GRANULI 4G,Fitoterapia e Omeopatia,,34.30,34.61,35.89,34.57,34.79,33.83,35.38,34.36,35.68
010005730,BOIRON CARBO VEGETABILIS 12DH GLOBULI DOSA UNICA,Fitoterapia e Omeopatia,,6.61,7.25,7.20,6.07,6.32,6.40,7.52,6.13,6.51
010005733,BOIRON CARBO VEGETABILIS 12DH GOCCE ORALI 30ML,Fitoterapia e Omeopatia,,6.83,6.99,6.05,6.16,5.75,5.80,6.28,5.16,5.83
010005736,BOIRON CARBO VEGETABILIS 12DH FIALE ORALI 20 PEZZI,Fitoterapia e Omeopatia,,5.05,4.91,5.58,5.64,4.34,4.94,4.60,4.29,4.52
010005739,BOIRON CARBO VEGETABILIS 12DH UNGUENTO 50G,Fitoterapia e Omeopatia,,27.98,27.95,29.85,29.59,30.02,28.05,27.81,29.36,30.06
010005742,BOIRON CARBO VEGETABILIS 12DH SCIROPPO 150ML,Fitoterapia e Omeopatia,,42.47,41.97,42.92,41.47,43.24,42.09,42.55,42.34,42.38
010005745,BOIRON CAUSTICUM 4 CH GRANULI 4G,Fitoterapia e Omeopatia,,22.65,23.30,24.10,22.77,24.18,23.55,23.72,23.51,24.63
010005748,BOIRON CAUSTICUM 4 CH GLOBULI DOSA UNICA,Fitoterapia e Omeopatia,,15.11,15.98,17.02,17.03,14.98,16.79,15.35,15.54,15.26
010005751,BOIRON CAUSTICUM 4 CH GOCCE ORALI 30ML,Fitoterapia e Omeopatia,,37.13,36.84,37.13,35.92,37.00,37.58,35.82,36.66,37.27
010005754,BOIRON CAUSTICUM 4 CH FIALE ORALI 20 PEZZI,Fitoterapia e Omeopatia,,31.78,30.52,30.79,31.81,31.87,30.91,31.52,29.93,31.30
010005757,BOIRON CAUSTICUM 4 CH UNGUENTO 50G,Fitoterapia e Omeopatia,,30.66,32.18,32.43,31.74,31.70,32.64,30.65,31.63,31.15
010005760,BOIRON CAUSTICUM 4 CH SCIROPPO 150ML,Fitoterapia e Omeopatia,,41.03,41.99,41.71,40.81,40.15,39.89,40.24,41.12,40.30
010005763,BOIRON CAUSTICUM 5 CH GRANULI 4G,Fitoterapia e Omeopatia,,17.55,15.70,17.11,17.84,15.84,16.99,17.04,17.82,16.22
010005766,BOIRON CAUSTICUM 5 CH GLOBULI DOSA UNICA,Fitoterapia e Omeopatia,,32.47,31.89,32.62,32.35,32.55,32.98,32.04,31.42,33.15
010005769,BOIRON CAUSTICUM 5 CH GOCCE ORALI 30ML,Fitoterapia e Omeopatia,,36.79,36.85,36.27,35.90,37.37,36.62,37.39,37.57,35.75
010005772,BOIRON CAUSTICUM 5 CH FIALE ORALI 20 PEZZI,Fitoterapia e Omeopatia,,32.96,33.91,33.98,33.59,33.01,33.21,33.99,33.17,33.08
010005775,BOIRON CAUSTICUM 5 CH UNGUENTO 50G,Fitoterapia e Omeopatia,,21.16,19.97,20.01,22.07,21.67,21.08,21.83,19.87,20.31
010005778,BOIRON CAUSTICUM 5 CH SCIROPPO 150ML,Fitoterapia e Omeopatia,,38.85,39.76,38.61,39.79,39.34,39.32,39.94,38.85,39.39
010005781,BOIRON CAUSTICUM 7 CH GRANULI 4G,Fitoterapia e Omeopatia,,28.60,27.41,29.32,29.19,28.36,29.39,27.25,27.76,28.02
010005784,BOIRON CAUSTICUM 7 CH GLOBULI DOSA UNICA,Fitoterapia e Omeopatia,,36.18,36.48,36.90,37.33,38.29,36.43,37.39,36.38,37.34
010005787,BOIRON CAUSTICUM 7 CH GOCCE ORALI 30ML,Fitoterapia e Omeopatia,,8.10,7.62,8.52,8.32,7.58,9.57,9.05,8.64,7.29
010005790,BOIRON CAUSTICUM 7 CH FIALE ORALI 20 PEZZI,Fitoterapia e Omeopatia,,30.01,28.78,30.84,29.56,30.50,30.43,28.83,30.70,28.67
010005793,BOIRON CAUSTICUM 7 CH UNGUENTO 50G,Fitoterapia e Omeopatia,,35.80,35.04,35.09,36.40,36.20,36.00,36.01,36.51,36.22
010005796,BOIRON CAUSTICUM 7 CH SCIROPPO 150ML,Fitoterapia e Omeopatia,,34.98,35.44,34.83,36.21,36.27,35.96,35.63,35.30,34.47
010005799,BOIRON CAUSTICUM 9 CH GRANULI 4G,Fitoterapia e Omeopatia,,23.16,23.40,24.33,24.53,25.30,24.60,23.41,24.35,25.10
010005802,BOIRON CAUSTICUM 9 CH GLOBULI DOSA UNICA,Fitoterapia e Omeopatia,,21.77,22.34,22.69,22.71,23.24,23.64,23.38,22.37,23.27
010005805,BOIRON CAUSTICUM 9 CH GOCCE ORALI 30ML,Fitoterapia e Omeopatia,,36.59,37.31,37.57,37.17,37.42,37.06,37.43,36.63,35.93
010005808,BOIRON CAUSTICUM 9 CH FIALE ORALI 20 PEZZI,Fitoterapia e Omeopatia,,39.66,39.57,41.18,41.15,39.15,39.94,40.73,39.52,40.82
010005811,BOIRON CAUSTICUM 9 CH UNGUENTO 50G,Fitoterapia e Omeopatia,,22.18,21.28,21.63,21.81,22.48,22.45,20.97,20.62,20.65
010005814,BOIRON CAUSTICUM 9 CH SCIROPPO 150ML,Fitoterapia e Omeopatia,,12.40,11.48,13.84,12.88,13.79,13.19,13.70,13.21,12.00
010005817,BOIRON CAUSTICUM 12 CH GRANULI 4G,Fitoterapia e Omeopatia,,36.43,36.01,34.64,34.34,35.47,36.18,36.38,35.01,34.47
010005820,BOIRON CAUSTICUM 12 CH GLOBULI DOSA UNICA,Fitoterapia e Omeopatia,,18.37,18.22,18.23,18.10,18.20,17.87,18.26,18.52,17.96
010005823,BOIRON CAUSTICUM 12 CH GOCCE ORALI 30ML,Fitoterapia e Omeopatia,,26.11,26.21,28.01,28.20,26.84,27.71,27.43,26.55,28.28
010005826,BOIRON CAUSTICUM 12 CH FIALE ORALI 20 PEZZI,Fitoterapia e Omeopatia,,27.14,27.07,26.30,26.92,25.61,27.25,25.95,26.24,27.49
010005829,BOIRON CAUSTICUM 12 CH UNGUENTO 50G,Fitoterapia e Omeopatia,,43.54,42.57,42.14,42.23,43.82,42.12,42.30,42.25,42.27
010005832,BOIRON CAUSTICUM 12 CH SCIROPPO 150ML,Fitoterapia e Omeopatia,,14.02,13.11,13.19,12.21,11.98,13.26,14.24,14.01,14.35
010005835,BOIRON CAUSTICUM 15 CH GRANULI 4G,Fitoterapia e Omeopatia,,19.66,20.54,19.72,19.18,18.64,20.27,20.54,20.42,18.57
010005838,BOIRON CAUSTICUM 15 CH GLOBULI DOSA UNICA,Fitoterapia e Omeopatia,,11.39,11.62,10.21,9.71,11.00,10.17,10.24,11.35,10.59
010005841,BOIRON CAUSTICUM 15 CH GOCCE ORALI 30ML,Fitoterapia e Omeopatia,,38.28,37.63,37.67,38.78,38.58,38.42,38.64,37.11,37.33
010005844,BOIRON CAUSTICUM 15 CH FIALE ORALI 20 PEZZI,Fitoterapia e Omeopatia,,10.23,10.56,8.90,10.57,8.54,10.23,9.07,9.68,8.85
010005847,BOIRON CAUSTICUM 15 CH UNGUENTO 50G,Fitoterapia e Omeopatia,,21.29,19.88,21.16,20.27,19.23,19.07,20.24,19.37,20.73
010005850,BOIRON CAUSTICUM 15 CH SCIROPPO 150ML,Fitoterapia e Omeopatia,,29.05,28.38,28.71,28.59,30.25,28.60,29.50,29.69,28.76
010005853,BOIRON CAUSTICUM 30 CH GRANULI 4G,Fitoterapia e Omeopatia,,35.48,35.42,37.73,37.42,36.28,36.89,36.23,35.78,37.17
010005856,BOIRON CAUSTICUM 30 CH GLOBULI DOSA UNICA,Fitoterapia e Omeopatia,,5.86,5.28,6.97,7.00,5.34,7.38,5.33,6.62,7.16
010005859,BOIRON CAUSTICUM 30 CH GOCCE ORALI 30ML,Fitoterapia e Omeopatia,,11.15,11.04,10.83,11.04,10.08,10.10,11.38,10.60,11.62
010005862,BOIRON CAUSTICUM 30 CH FIALE ORALI 20 PEZZI,Fitoterapia e Omeopatia,,20.88,20.64,19.87,19.92,18.85,20.02,19.30,19.40,20.71
010005865,BOIRON CAUSTICUM 30 CH UNGUENTO 50G,Fitoterapia e Omeopatia,,24.79,23.06,22.56,22.72,23.48,23.64,23.61,22.69,24.70
010005868,BOIRON CAUSTICUM 30 CH SCIROPPO 150ML,Fitoterapia e Omeopatia,,32.09,33.06,33.71,33.14,32.76,33.97,33.59,34.28,32.35
010005871,BOIRON CAUSTICUM 200 CH GRANULI 4G,Fitoterapia e Omeopatia,,16.41,15.40,17.30,16.57,15.99,17.49,15.89,16.01,15.90
010005874,BOIRON CAUSTICUM 200 CH GLOBULI DOSA UNICA,Fitoterapia e Omeopatia,,40.16,41.57,41.11,40.89,41.10,41.94,42.03,39.82,41.18
010005877,BOIRON CAUSTICUM 200 CH GOCCE ORALI 30ML,Fitoterapia e Omeopatia,,34.37,35.79,35.40,35.24,36.45,35.23,34.69,34.81,35.83
010005880,BOIRON CAUSTICUM 200 CH FIALE ORALI 20 PEZZI,Fitoterapia e Omeopatia,,27.24,26.85,26.29,27.38,27.19,27.58,27.30,26.50,27.32
010005883,BOIRON CAUSTICUM 200 CH UNGUENTO 50G,Fitoterapia e Omeopatia,,43.23,42.78,43.48,43.64,41.89,43.18,42.72,42.70,41.65
010005886,BOIRON CAUSTICUM 200 CH SCIROPPO 150ML,Fitoterapia e Omeopatia,,10.59,11.03,10.62,11.92,10.28,10.83,10.56,10.45,11.86
010005889,BOIRON CAUSTICUM 1MK GRANULI 4G,Fitoterapia e Omeopatia,,10.63,8.68,9.39,10.55,9.03,9.18,9.96,8.94,10.61
010005892,BOIRON CAUSTICUM 1MK GLOBULI DOSA UNICA,Fitoterapia e Omeopatia,,14.90,14.97,15.34,14.79,14.25,15.28,14.76,14.03,14.35
010005895,BOIRON CAUSTICUM 1MK GOCCE ORALI 30ML,Fitoterapia e Omeopatia,,7.09,7.53,6.15,7.53,5.67,5.66,7.64,5.69,6.37
010005898,BOIRON CAUSTICUM 1MK FIALE ORALI 20 PEZZI,Fitoterapia e Omeopatia,,21.54,21.91,21.97,23.22,21.84,21.60,22.98,22.11,22.15
010005901,BOIRON CAUSTICUM 1MK UNGUENTO 50G,Fitoterapia e Omeopatia,,16.33,17.53,15.97,15.99,15.84,17.80,17.03,17.52,17.07
010005904,BOIRON CAUSTICUM 1MK SCIROPPO 150ML,Fitoterapia e Omeopatia,,37.91,38.05,37.73,37.88,37.71,39.58,39.11,38.05,38.39
010005907,BOIRON CAUSTICUM 6DH GRANULI 4G,Fitoterapia e Omeopatia,,44.37,45.31,43.49,44.15,44.07,44.25,43.91,43.33,43.30
010005910,BOIRON CAUSTICUM 6DH GLOBULI DOSA UNICA,Fitoterapia e Omeopatia,,15.47,15.55,16.24,16.17,14.96,16.22,16.24,16.30,15.05
010005913,BOIRON CAUSTICUM 6DH GOCCE ORALI 30ML,Fitoterapia e Omeopatia,,19.54,19.79,19.77,18.70,18.60,19.12,20.16,19.26,19.42
010005916,BOIRON CAUSTICUM 6DH FIALE ORALI 20 PEZZI,Fitoterapia e Omeopatia,,32.92,33.94,32.80,32.41,34.28,33.61,33.15,32.98,34.31
010005919,BOIRON CAUSTICUM 6DH UNGUENTO 50G,Fitoterapia e Omeopatia,,41.26,42.04,43.09,42.69,42.39,41.97,42.57,41.29,41.12
010005922,BOIRON CAUSTICUM 6DH SCIROPPO 150ML,Fitoterapia e Omeopatia,,35.46,35.73,35.77,35.66,35.57,34.83,35.29,34.65,35.24
010005925,BOIRON CAUSTICUM 12DH GRANULI 4G,Fitoterapia e Omeopatia,,22.62,22.35,22.20,21.20,22.34,21.64,20.95,21.39,21.87
010005928,BOIRON CAUSTICUM 12DH GLOBULI DOSA UNICA,Fitoterapia e Omeopatia,,30.03,30.94,31.91,30.83,31.52,30.81,30.86,30.30,30.42
010005931,BOIRON CAUSTICUM 12DH GOCCE ORALI 30ML,Fitoterapia e Omeopatia,,19.18,19.83,19.63,19.22,20.54,19.34,19.20,19.33,19.33
010005934,BOIRON CAUSTICUM 12DH FIALE ORALI 20 PEZZI,Fitoterapia e Omeopatia,,19.79,20.28,21.39,21.29,19.73,20.60,21.64,20.33,19.86
010005937,BOIRON CAUSTICUM 12DH UNGUENTO 50G,Fitoterapia e Omeopatia,,42.73,42.10,43.14,43.27,43.27,44.31,42.78,43.43,43.06
010005940,BOIRON CAUSTICUM 12DH SCIROPPO 150ML,Fitoterapia e Omeopatia,,37.93,37.85,37.46,38.87,39.36,38.54,39.22,38.67,37.51
010005943,BOIRON CHINA RUBRA 4 CH GRANULI 4G,Fitoterapia e Omeopatia,,20.50,19.90,20.59,19.94,21.11,20.52,20.05,21.78,21.01
010005946,BOIRON CHINA RUBRA 4 CH GLOBULI DOSA UNICA,Fitoterapia e Omeopatia,,39.12,39.02,39.25,38.28,39.10,38.33,37.60,37.36,37.36
010005949,BOIRON CHINA RUBRA 4 CH GOCCE ORALI 30ML,Fitoterapia e Omeopatia,,26.31,26.35,24.65,24.80,26.78,26.63,25.23,26.40,24.64
010005952,BOIRON CHINA RUBRA 4 CH FIALE ORALI 20 PEZZI,Fitoterapia e Omeopatia,,19.00,18.51,18.49,17.23,19.08,18.21,17.07,18.54,18.66
010005955,BOIRON CHINA RUBRA 4 CH UNGUENTO 50G,Fitoterapia e Omeopatia,,27.15,27.68,28.10,28.55,27.82,28.31,27.13,26.63,27.84
010005958,BOIRON CHINA RUBRA 4 CH SCIROPPO 150ML,Fitoterapia e Omeopatia,,17.12,16.02,16.54,17.84,17.50,16.54,17.50,17.79,15.94
010005961,BOIRON CHINA RUBRA 5 CH GRANULI 4G,Fitoterapia e Omeopatia,,37.69,38.00,37.91,37.94,37.70,38.23,37.01,36.76,36.83
010005964,BOIRON CHINA RUBRA 5 CH GLOBULI DOSA UNICA,Fitoterapia e Omeopatia,,36.79,37.62,37.38,36.86,36.22,36.77,36.79,37.96,37.03
010005967,BOIRON CHINA RUBRA 5 CH GOCCE ORALI 30ML,Fitoterapia e Omeopatia,,34.39,32.60,34.45,32.76,33.05,34.27,34.59,34.14,34.45
010005970,BOIRON CHINA RUBRA 5 CH FIALE ORALI 20 PEZZI,Fitoterapia e Omeopatia,,8.52,8.85,8.23,7.44,9.00,8.73,8.05,8.37,7.83
010005973,BOIRON CHINA RUBRA 5 CH UNGUENTO 50G,Fitoterapia e Omeopatia,,35.89,37.62,37.33,36.07,36.62,35.32,36.25,35.79,35.67
010005976,BOIRON CHINA RUBRA 5 CH SCIROPPO 150ML,Fitoterapia e Omeopatia,,8.26,9.05,7.42,7.75,8.02,8.79,7.82,7.99,7.42
010005979,BOIRON CHINA RUBRA 7 CH GRANULI 4G,Fitoterapia e Omeopatia,,36.77,36.58,34.60,35.34,35.34,36.48,34.71,34.95,36.86
010005982,BOIRON CHINA RUBRA 7 CH GLOBULI DOSA UNICA,Fitoterapia e Omeopatia,,44.60,43.27,45.30,45.02,43.39,43.74,44.04,43.74,45.38
010005985,BOIRON CHINA RUBRA 7 CH GOCCE ORALI 30ML,Fitoterapia e Omeopatia,,10.12,9.05,9.53,8.39,9.77,9.76,9.83,9.00,8.91
010005988,BOIRON CHINA RUBRA 7 CH FIALE ORALI 20 PEZZI,Fitoterapia e Omeopatia,,7.89,9.66,9.09,9.01,7.64,7.58,9.14,7.46,8.11
010005991,BOIRON CHINA RUBRA 7 CH UNGUENTO 50G,Fitoterapia e Omeopatia,,30.46,30.73,29.58,30.41,29.56,30.08,30.05,30.92,31.33
010005994,BOIRON CHINA RUBRA 7 CH SCIROPPO 150ML,Fitoterapia e Omeopatia,,22.88,23.09,22.29,23.20,23.36,23.71,22.33,23.59,23.28
010005997,BOIRON CHINA RUBRA 9 CH GRANULI 4G,Fitoterapia e Omeopatia,,41.28,39.77,41.37,40.01,41.66,40.76,39.99,40.31,41.62
010006000,BOIRON CHINA RUBRA 9 CH GLOBULI DOSA UNICA,Fitoterapia e Omeopatia,,7.82,6.55,7.52,8.65,8.26,8.37,6.62,6.64,6.68
010006003,BOIRON CHINA RUBRA 9 CH GOCCE ORALI 30ML,Fitoterapia e Omeopatia,,18.75,17.94,17.50,18.02,17.88,18.25,18.35,18.72,17.02
010006006,BOIRON CHINA RUBRA 9 CH FIALE ORALI 20 PEZZI,Fitoterapia e Omeopatia,,38.80,37.93,37.93,38.89,37.61,38.95,38.25,38.28,36.87
010006009,BOIRON CHINA RUBRA 9 CH UNGUENTO 50G,Fitoterapia e Omeopatia,,31.50,30.19,30.29,31.96,31.26,29.77,29.60,31.62,29.90
010006012,BOIRON CHINA RUBRA 9 CH SCIROPPO 150ML,Fitoterapia e Omeopatia,,11.72,11.42,11.75,12.35,11.42,13.05,11.47,11.57,13.45
010006015,BOIRON CHINA RUBRA 12 CH GRANULI 4G,Fitoterapia e Omeopatia,,16.96,18.43,17.56,19.10,18.19,18.88,19.06,18.37,17.02
010006018,BOIRON CHINA RUBRA 12 CH GLOBULI DOSA UNICA,Fitoterapia e Omeopatia,,36.88,35.17,36.99,35.64,36.97,36.13,35.31,35.99,36.89
010006021,BOIRON CHINA RUBRA 12 CH GOCCE ORALI 30ML,Fitoterapia e Omeopatia,,42.72,41.25,42.78,42.79,42.51,41.43,43.00,42.64,42.20
010006024,BOIRON CHINA RUBRA 12 CH FIALE ORALI 20 PEZZI,Fitoterapia e Omeopatia,,16.41,16.78,16.01,16.87,16.25,16.76,16.41,15.54,17.10
010006027,BOIRON CHINA RUBRA 12 CH UNGUENTO 50G,Fitoterapia e Omeopatia,,28.09,28.01,29.87,28.81,27.80,30.02,29.34,28.80,28.68
010006030,BOIRON CHINA RUBRA 12 CH SCIROPPO 150ML,Fitoterapia e Omeopatia,,34.07,32.82,34.02,32.72,33.14,34.23,33.49,34.04,33.03
010006033,BOIRON CHINA RUBRA 15 CH GRANULI 4G,Fitoterapia e Omeopatia,,33.98,35.16,35.16,35.05,35.18,35.80,35.26,35.85,34.33
010006036,BOIRON CHINA RUBRA 15 CH GLOBULI DOSA UNICA,Fitoterapia e Omeopatia,,20.10,19.60,20.00,20.44,21.64,21.76,20.43,20.83,20.06
010006039,BOIRON CHINA RUBRA 15 CH GOCCE ORALI 30ML,Fitoterapia e Omeopatia,,9.27,10.29,9.79,11.47,10.55,10.43,10.40,9.99,9.53
010006042,BOIRON CHINA RUBRA 15 CH FIALE ORALI 20 PEZZI,Fitoterapia e Omeopatia,,10.00,10.16,8.09,9.54,8.66,8.57,8.98,10.09,10.21
010006045,BOIRON CHINA RUBRA 15 CH UNGUENTO 50G,Fitoterapia e Omeopatia,,9.40,10.55,9.86,9.26,9.24,10.11,10.80,11.08,9.62
010006048,BOIRON CHINA RUBRA 15 CH SCIROPPO 150ML,Fitoterapia e Omeopatia,,25.93,24.69,25.86,24.86,26.34,25.50,26.01,25.18,25.73
010006051,BOIRON CHINA RUBRA 30 CH GRANULI 4G,Fitoterapia e Omeopatia,,36.42,35.98,36.04,36.45,36.98,36.40,37.58,35.62,35.54
010006054,BOIRON CHINA RUBRA 30 CH GLOBULI DOSA UNICA,Fitoterapia e Omeopatia,,41.71,39.74,40.54,40.11,40.13,40.59,40.65,41.59,41.30
010006057,BOIRON CHINA RUBRA 30 CH GOCCE ORALI 30ML,Fitoterapia e Omeopatia,,8.77,6.91,7.38,7.93,6.44,8.41,6.98,7.07,7.49
010006060,BOIRON CHINA RUBRA 30 CH FIALE ORALI 20 PEZZI,Fitoterapia e Omeopatia,,42.45,40.56,40.42,40.89,40.72,42.27,41.16,41.00,42.56
010006063,BOIRON CHINA RUBRA 30 CH UNGUENTO 50G,Fitoterapia e Omeopatia,,15.84,14.36,15.16,14.36,15.49,14.79,15.53,16.14,15.57
010006066,BOIRON CHINA RUBRA 30 CH SCIROPPO 150ML,Fitoterapia e Omeopatia,,9.71,10.88,9.78,10.28,9.65,9.15,11.12,10.99,11.21
010006069,BOIRON CHINA RUBRA 200 CH GRANULI 4G,Fitoterapia e Omeopatia,,33.76,33.07,34.63,33.47,34.80,33.27,33.59,33.37,33.19
010006072,BOIRON CHINA RUBRA 200 CH GLOBULI DOSA UNICA,Fitoterapia e Omeopatia,,29.28,30.27,30.29,28.08,29.06,30.04,29.07,29.52,29.98
010006075,BOIRON CHINA RUBRA 200 CH GOCCE ORALI 30ML,Fitoterapia e Omeopatia,,17.08,17.68,18.22,16.53,17.34,17.70,16.57,18.64,16.74
010006078,BOIRON CHINA RUBRA 200 CH FIALE ORALI 20 PEZZI,Fitoterapia e Omeopatia,,33.36,33.34,32.81,33.50,32.39,33.32,33.21,32.24,32.54
010006081,BOIRON CHINA RUBRA 200 CH UNGUENTO 50G,Fitoterapia e Omeopatia,,39.81,40.73,40.90,39.34,40.88,39.19,39.65,39.82,39.81
010006084,BOIRON CHINA RUBRA 200 CH SCIROPPO 150ML,Fitoterapia e Omeopatia,,7.54,5.50,5.94,5.73,6.10,7.11,6.07,5.86,6.40
010006087,BOIRON CHINA RUBRA 1MK GRANULI 4G,Fitoterapia e Omeopatia,,17.97,18.68,19.95,19.32,19.01,19.08,17.87,19.19,19.02
010006090,BOIRON CHINA RUBRA 1MK GLOBULI DOSA UNICA,Fitoterapia e Omeopatia,,26.72,25.68,25.70,25.13,26.39,26.71,25.79,25.29,24.48
010006093,BOIRON CHINA RUBRA 1MK GOCCE ORALI 30ML,Fitoterapia e Omeopatia,,19.02,19.30,18.86,18.80,19.11,20.54,20.17,19.45,20.18
010006096,BOIRON CHINA RUBRA 1MK FIALE ORALI 20 PEZZI,Fitoterapia e Omeopatia,,23.52,24.07,23.69,23.47,23.11,25.18,23.24,23.24,24.04
010006099,BOIRON CHINA RUBRA 1MK UNGUENTO 50G,Fitoterapia e Omeopatia,,34.58,35.72,36.21,35.75,35.57,36.71,34.69,36.67,34.98
010006102,BOIRON CHINA RUBRA 1MK SCIROPPO 150ML,Fitoterapia e Omeopatia,,24.15,23.57,22.80,23.39,23.79,24.39,23.08,23.88,24.01
010006105,BOIRON CHINA RUBRA 6DH GRANULI 4G,Fitoterapia e Omeopatia,,41.95,42.90,42.28,43.58,41.99,42.10,41.89,42.37,43.09
010006108,BOIRON CHINA RUBRA 6DH GLOBULI DOSA UNICA,Fitoterapia e Omeopatia,,5.69,6.55,4.94,4.71,5.03,5.29,5.13,6.52,6.47
010006111,BOIRON CHINA RUBRA 6DH GOCCE ORALI 30ML,Fitoterapia e Omeopatia,,30.09,30.16,31.53,31.23,30.63,30.00,30.19,29.96,30.06
010006114,BOIRON CHINA RUBRA 6DH FIALE ORALI 20 PEZZI,Fitoterapia e Omeopatia,,27.52,28.03,27.90,28.72,29.22,27.83,27.12,29.16,29.17
010006117,BOIRON CHINA RUBRA 6DH UNGUENTO 50G,Fitoterapia e Omeopatia,,35.50,36.44,34.86,35.70,36.95,35.80,36.03,35.27,36.43
010006120,BOIRON CHINA RUBRA 6DH SCIROPPO 150ML,Fitoterapia e Omeopatia,,9.67,9.24,9.05,10.31,10.77,10.85,10.08,10.58,10.72
010006123,BOIRON CHINA RUBRA 12DH GRANULI 4G,Fitoterapia e Omeopatia,,29.20,29.34,29.80,29.11,30.34,29.47,29.23,30.23,28.29
010006126,BOIRON CHINA RUBRA 12DH GLOBULI DOSA UNICA,Fitoterapia e Omeopatia,,16.73,16.39,15.83,15.73,15.74,16.42,16.92,15.92,15.38
010006129,BOIRON CHINA RUBRA 12DH GOCCE ORALI 30ML,Fitoterapia e Omeopatia,,34.13,32.12,32.54,34.32,33.56,33.96,34.38,32.58,32.72
010006132,BOIRON CHINA RUBRA 12DH FIALE ORALI 20 PEZZI,Fitoterapia e Omeopatia,,30.40,29.16,30.50,29.44,28.65,29.16,30.09,29.45,29.20
010006135,BOIRON CHINA RUBRA 12DH UNGUENTO 50G,Fitoterapia e Omeopatia,,15.94,15.46,15.52,15.03,15.54,13.77,14.05,13.79,15.72
010006138,BOIRON CHINA RUBRA 12DH SCIROPPO 150ML,Fitoterapia e Omeopatia,,6.66,7.21,7.50,7.85,7.50,6.00,8.32,7.77,7.59
010006141,BOIRON COCCULUS 4 CH GRANULI 4G,Fitoterapia e Omeopatia,,8.34,7.31,8.34,6.17,6.92,8.40,6.35,7.35,6.74
010006144,BOIRON COCCULUS 4 CH GLOBULI DOSA UNICA,Fitoterapia e Omeopatia,,22.11,22.67,21.25,20.53,22.70,22.30,21.61,22.52,22.68
010006147,BOIRON COCCULUS 4 CH GOCCE ORALI 30ML,Fitoterapia e Omeopatia,,25.07,23.65,23.53,24.49,22.90,23.67,24.09,23.65,23.78
010006150,BOIRON COCCULUS 4 CH FIALE ORALI 20 PEZZI,Fitoterapia e Omeopatia,,18.13,18.07,18.18,16.13,17.66,18.35,16.84,17.11,16.87
010006153,BOIRON COCCULUS 4 CH UNGUENTO 50G,Fitoterapia e Omeopatia,,40.69,41.34,41.10,40.60,41.88,40.81,41.83,40.63,41.05
010006156,BOIRON COCCULUS 4 CH SCIROPPO 150ML,Fitoterapia e Omeopatia,,8.63,9.97,8.36,10.14,8.63,9.34,10.36,8.68,8.70
010006159,BOIRON COCCULUS 5 CH GRANULI 4G,Fitoterapia e Omeopatia,,9.71,9.62,9.78,9.50,8.82,10.39,8.86,9.36,8.19
010006162,BOIRON COCCULUS 5 CH GLOBULI DOSA UNICA,Fitoterapia e Omeopatia,,21.67,21.87,21.57,21.60,22.40,21.26,21.17,23.16,20.95
010006165,BOIRON COCCULUS 5 CH GOCCE ORALI 30ML,Fitoterapia e Omeopatia,,20.50,18.13,20.20,19.22,19.02,19.33,19.96,19.97,19.44
010006168,BOIRON COCCULUS 5 CH FIALE ORALI 20 PEZZI,Fitoterapia e Omeopatia,,10.09,9.49,9.93,10.35,9.51,10.25,10.83,9.34,8.60
010006171,BOIRON COCCULUS 5 CH UNGUENTO 50G,Fitoterapia e Omeopatia,,16.62,16.77,15.43,15.34,15.10,16.28,15.19,14.73,15.16
010006174,BOIRON COCCULUS 5 CH SCIROPPO 150ML,Fitoterapia e Omeopatia,,12.85,14.10,14.32,12.13,13.60,13.41,13.10,14.29,12.59
010006177,BOIRON COCCULUS 7 CH GRANULI 4G,Fitoterapia e Omeopatia,,39.91,40.14,40.67,40.86,38.78,39.19,38.99,39.20,39.18
010006180,BOIRON COCCULUS 7 CH GLOBULI DOSA UNICA,Fitoterapia e Omeopatia,,14.58,12.43,13.09,13.43,13.70,13.91,12.69,14.46,13.28
010006183,BOIRON COCCULUS 7 CH GOCCE ORALI 30ML,Fitoterapia e Omeopatia,,21.80,21.68,23.01,22.69,21.37,21.38,21.34,22.27,22.72
010006186,BOIRON COCCULUS 7 CH FIALE ORALI 20 PEZZI,Fitoterapia e Omeopatia,,36.11,36.36,36.10,36.29,36.83,37.57,36.09,37.63,37.22
010006189,BOIRON COCCULUS 7 CH UNGUENTO 50G,Fitoterapia e Omeopatia,,33.30,32.90,33.41,34.13,34.02,33.88,33.04,32.17,32.14
010006192,BOIRON COCCULUS 7 CH SCIROPPO 150ML,Fitoterapia e Omeopatia,,23.20,21.62,23.01,22.98,22.96,22.05,22.85,21.10,21.64
010006195,BOIRON COCCULUS 9 CH GRANULI 4G,Fitoterapia e Omeopatia,,23.97,26.16,24.80,26.29,24.85,24.80,25.29,25.25,25.09
010006198,BOIRON COCCULUS 9 CH GLOBULI DOSA UNICA,Fitoterapia e Omeopatia,,4.20,3.96,4.87,4.37,4.96,4.18,4.12,5.15,5.74
010006201,BOIRON COCCULUS 9 CH GOCCE ORALI 30ML,Fitoterapia e Omeopatia,,34.02,34.39,32.51,33.84,32.28,32.59,32.94,32.35,34.34
010006204,BOIRON COCCULUS 9 CH FIALE ORALI 20 PEZZI,Fitoterapia e Omeopatia,,20.76,20.60,20.61,19.66,19.77,19.43,20.56,19.69,19.69
010006207,BOIRON COCCULUS 9 CH UNGUENTO 50G,Fitoterapia e Omeopatia,,22.27,20.79,21.50,21.82,22.47,20.96,22.74,20.77,21.59
010006210,BOIRON COCCULUS 9 CH SCIROPPO 150ML,Fitoterapia e Omeopatia,,5.05,6.89,5.55,4.83,6.15,4.95,6.65,6.54,4.76
010006213,BOIRON COCCULUS 12 CH GRANULI 4G,Fitoterapia e Omeopatia,,30.00,30.89,31.00,30.40,30.21,30.63,30.33,31.50,30.27
010006216,BOIRON COCCULUS 12 CH GLOBULI DOSA UNICA,Fitoterapia e Omeopatia,,16.42,16.65,16.79,16.06,17.42,17.56,18.11,16.76,16.93
010006219,BOIRON COCCULUS 12 CH GOCCE ORALI 30ML,Fitoterapia e Omeopatia,,41.66,41.74,42.18,41.84,41.94,41.32,43.03,41.71,43.16
010006222,BOIRON COCCULUS 12 CH FIALE ORALI 20 PEZZI,Fitoterapia e Omeopatia,,25.91,26.70,26.47,25.85,26.09,25.77,27.07,26.34,27.69
010006225,BOIRON COCCULUS 12 CH UNGUENTO 50G,Fitoterapia e Omeopatia,,34.13,34.06,36.27,34.79,35.39,36.04,35.90,35.77,35.22
010006228,BOIRON COCCULUS 12 CH SCIROPPO 150ML,Fitoterapia e Omeopatia,,13.99,15.88,15.85,14.76,14.18,15.06,14.72,15.25,13.78
010006231,BOIRON COCCULUS 15 CH GRANULI 4G,Fitoterapia e Omeopatia,,9.68,10.62,11.17,11.08,9.68,11.12,10.93,10.27,11.53
010006234,BOIRON COCCULUS 15 CH GLOBULI DOSA UNICA,Fitoterapia e Omeopatia,,9.48,10.24,9.29,10.85,9.02,9.50,9.85,10.24,9.42
010006237,BOIRON COCCULUS 15 CH GOCCE ORALI 30ML,Fitoterapia e Omeopatia,,20.01,20.01,19.73,19.18,19.06,19.89,18.04,19.62,19.89
010006240,BOIRON COCCULUS 15 CH FIALE ORALI 20 PEZZI,Fitoterapia e Omeopatia,,17.04,17.18,17.87,15.94,16.20,16.66,17.23,15.94,16.98
010006243,BOIRON COCCULUS 15 CH UNGUENTO 50G,Fitoterapia e Omeopatia,,41.38,43.30,41.44,42.15,41.24,41.79,41.62,42.98,42.51
010006246,BOIRON COCCULUS 15 CH SCIROPPO 150ML,Fitoterapia e Omeopatia,,14.80,15.40,16.32,15.19,15.00,14.65,14.56,15.50,14.95
010006249,BOIRON COCCULUS 30 CH GRANULI 4G,Fitoterapia e Omeopatia,,14.84,14.49,15.06,14.11,14.27,14.48,14.13,13.78,13.79
010006252,BOIRON COCCULUS 30 CH GLOBULI DOSA UNICA,Fitoterapia e Omeopatia,,29.36,27.43,27.93,27.64,28.36,29.19,27.19,29.50,28.01
010006255,BOIRON COCCULUS 30 CH GOCCE ORALI 30ML,Fitoterapia e Omeopatia,,15.28,14.48,15.04,15.62,16.04,15.22,14.78,16.22,16.58
010006258,BOIRON COCCULUS 30 CH FIALE ORALI 20 PEZZI,Fitoterapia e Omeopatia,,13.72,13.46,13.23,14.70,15.06,14.09,13.33,14.64,14.36
010006261,BOIRON COCCULUS 30 CH UNGUENTO 50G,Fitoterapia e Omeopatia,,5.00,4.16,4.83,3.97,4.78,3.40,5.04,5.55,3.88
010006264,BOIRON COCCULUS 30 CH SCIROPPO 150ML,Fitoterapia e Omeopatia,,22.23,20.11,19.99,21.11,20.71,21.32,20.75,20.76,20.61
010006267,BOIRON COCCULUS 200 CH GRANULI 4G,Fitoterapia e Omeopatia,,31.90,32.67,33.34,33.01,33.27,32.42,33.16,31.65,32.83
010006270,BOIRON COCCULUS 200 CH GLOBULI DOSA UNICA,Fitoterapia e Omeopatia,,31.83,32.92,31.57,30.85,31.24,32.10,32.30,32.76,30.75
010006273,BOIRON COCCULUS 200 CH GOCCE ORALI 30ML,Fitoterapia e Omeopatia,,25.88,26.89,27.80,26.35,26.58,27.79,26.26,26.11,26.22
010006276,BOIRON COCCULUS 200 CH FIALE ORALI 20 PEZZI,Fitoterapia e Omeopatia,,42.38,42.20,40.94,41.86,41.41,42.14,42.28,42.38,41.62
010006279,BOIRON COCCULUS 200 CH UNGUENTO 50G,Fitoterapia e Omeopatia,,38.37,39.93,40.09,38.70,38.76,38.23,39.59,38.07,37.86
010006282,BOIRON COCCULUS 200 CH SCIROPPO 150ML,Fitoterapia e Omeopatia,,35.28,35.71,34.18,33.89,35.21,34.81,33.54,33.84,34.19
010006285,BOIRON COCCULUS 1MK GRANULI 4G,Fitoterapia e Omeopatia,,21.20,19.54,19.03,21.18,20.87,19.88,19.82,21.04,19.32
010006288,BOIRON COCCULUS 1MK GLOBULI DOSA UNICA,Fitoterapia e Omeopatia,,17.81,18.72,17.68,18.52,18.55,18.35,18.21,18.84,19.02
010006291,BOIRON COCCULUS 1MK GOCCE ORALI 30ML,Fitoterapia e Omeopatia,,40.77,40.52,39.71,41.52,41.36,41.17,41.04,41.78,41.58
010006294,BOIRON COCCULUS 1MK FIALE ORALI 20 PEZZI,Fitoterapia e Omeopatia,,14.29,13.22,13.59,12.60,14.19,14.03,14.55,14.75,13.20
010006297,BOIRON COCCULUS 1MK UNGUENTO 50G,Fitoterapia e Omeopatia,,30.16,30.20,30.22,32.49,30.44,30.60,31.91,31.89,31.99
010006300,BOIRON COCCULUS 1MK SCIROPPO 150ML,Fitoterapia e Omeopatia,,42.14,42.17,43.99,42.35,43.08,41.77,43.48,41.93,43.26
010006303,BOIRON COCCULUS 6DH GRANULI 4G,Fitoterapia e Omeopatia,,12.96,14.57,14.20,14.83,13.07,13.43,13.18,13.44,14.00
010006306,BOIRON COCCULUS 6DH GLOBULI DOSA UNICA,Fitoterapia e Omeopatia,,17.44,17.65,18.55,18.67,17.56,18.55,18.65,17.60,17.74
010006309,BOIRON COCCULUS 6DH GOCCE ORALI 30ML,Fitoterapia e Omeopatia,,17.29,16.95,17.15,18.52,16.96,18.69,17.80,17.77,16.74
010006312,BOIRON COCCULUS 6DH FIALE ORALI 20 PEZZI,Fitoterapia e Omeopatia,,22.07,22.17,22.59,21.84,20.63,21.46,22.44,21.01,20.66
010006315,BOIRON COCCULUS 6DH UNGUENTO 50G,Fitoterapia e Omeopatia,,34.98,34.82,32.86,32.80,34.51,34.48,34.46,34.59,33.28
010006318,BOIRON COCCULUS 6DH SCIROPPO 150ML,Fitoterapia e Omeopatia,,10.46,9.01,8.36,10.25,8.98,10.11,10.10,8.41,8.19
010006321,BOIRON COCCULUS 12DH GRANULI 4G,Fitoterapia e Omeopatia,,28.62,29.31,28.94,27.50,29.53,29.24,29.77,29.75,27.45
010006324,BOIRON COCCULUS 12DH GLOBULI DOSA UNICA,Fitoterapia e Omeopatia,,39.81,39.94,39.15,39.83,39.22,38.29,38.65,40.26,40.25
010006327,BOIRON COCCULUS 12DH GOCCE ORALI 30ML,Fitoterapia e Omeopatia,,43.40,43.59,43.60,43.28,42.84,43.26,42.77,42.98,42.28
010006330,BOIRON COCCULUS 12DH FIALE ORALI 20 PEZZI,Fitoterapia e Omeopatia,,8.28,6.43,6.83,8.21,6.22,6.27,7.91,7.20,6.21
010006333,BOIRON COCCULUS 12DH UNGUENTO 50G,Fitoterapia e Omeopatia,,39.80,39.70,39.77,41.21,41.09,39.16,40.73,39.04,39.44
010006336,BOIRON COCCULUS 12DH SCIROPPO 150ML,Fitoterapia e Omeopatia,,26.27,26.06,27.08,27.28,27.94,26.81,26.59,26.44,27.60
010006339,BOIRON COLOCYNTHIS 4 CH GRANULI 4G,Fitoterapia e Omeopatia,,39.33,39.18,40.08,38.91,39.95,39.42,40.91,39.34,38.97
010006342,BOIRON COLOCYNTHIS 4 CH GLOBULI DOSA UNICA,Fitoterapia e Omeopatia,,41.88,42.14,42.80,40.77,42.31,40.66,40.71,40.64,41.13
010006345,BOIRON COLOCYNTHIS 4 CH GOCCE ORALI 30ML,Fitoterapia e Omeopatia,,20.20,20.34,19.72,18.90,19.35,19.18,20.11,19.42,19.63
010006348,BOIRON COLOCYNTHIS 4 CH FIALE ORALI 20 PEZZI,Fitoterapia e Omeopatia,,38.33,38.68,39.67,39.42,38.55,40.54,39.74,38.37,38.51
010006351,BOIRON COLOCYNTHIS 4 CH UNGUENTO 50G,Fitoterapia e Omeopatia,,42.78,41.22,42.57,42.36,40.88,42.38,41.91,42.57,41.49
010006354,BOIRON COLOCYNTHIS 4 CH SCIROPPO 150ML,Fitoterapia e Omeopatia,,25.37,26.05,25.65,24.67,25.15,26.70,26.15,25.75,24.60
010006357,BOIRON COLOCYNTHIS 5 CH GRANULI 4G,Fitoterapia e Omeopatia,,37.45,39.16,38.66,39.32,37.77,37.24,39.37,37.45,37.94
010006360,BOIRON COLOCYNTHIS 5 CH GLOBULI DOSA UNICA,Fitoterapia e Omeopatia,,25.81,24.03,25.37,25.22,25.38,25.56,25.51,25.82,24.19
010006363,BOIRON COLOCYNTHIS 5 CH GOCCE ORALI 30ML,Fitoterapia e Omeopatia,,9.77,9.21,8.68,9.35,8.51,9.17,9.63,8.99,10.28
010006366,BOIRON COLOCYNTHIS 5 CH FIALE ORALI 20 PEZZI,Fitoterapia e Omeopatia,,22.86,22.63,22.45,22.36,23.11,22.71,21.50,21.37,22.93
010006369,BOIRON COLOCYNTHIS 5 CH UNGUENTO 50G,Fitoterapia e Omeopatia,,43.83,44.01,45.66,44.27,45.64,45.95,44.23,45.99,44.21
010006372,BOIRON COLOCYNTHIS 5 CH SCIROPPO 150ML,Fitoterapia e Omeopatia,,20.78,20.25,21.45,21.81,22.22,21.97,22.22,21.41,21.02
010006375,BOIRON COLOCYNTHIS 7 CH GRANULI 4G,Fitoterapia e Omeopatia,,22.52,22.25,22.88,22.94,23.24,23.06,23.29,23.47,21.80
010006378,BOIRON COLOCYNTHIS 7 CH GLOBULI DOSA UNICA,Fitoterapia e Omeopatia,,36.31,35.23,35.30,35.05,36.32,35.73,36.03,36.30,37.36
010006381,BOIRON COLOCYNTHIS 7 CH GOCCE ORALI 30ML,Fitoterapia e Omeopatia,,24.17,24.43,25.18,25.30,23.83,26.07,25.59,23.80,25.47
010006384,BOIRON COLOCYNTHIS 7 CH FIALE ORALI 20 PEZZI,Fitoterapia e Omeopatia,,36.48,34.92,34.53,34.91,36.06,35.14,36.62,35.54,36.60
010006387,BOIRON COLOCYNTHIS 7 CH UNGUENTO 50G,Fitoterapia e Omeopatia,,9.39,8.86,7.98,9.30,10.02,9.18,8.43,9.59,9.60
010006390,BOIRON COLOCYNTHIS 7 CH SCIROPPO 150ML,Fitoterapia e Omeopatia,,14.33,14.94,14.06,13.45,14.75,15.31,15.23,15.00,13.22
010006393,BOIRON COLOCYNTHIS 9 CH GRANULI 4G,Fitoterapia e Omeopatia,,10.93,11.92,11.07,11.80,13.18,12.65,12.82,11.85,13.10
010006396,BOIRON COLOCYNTHIS 9 CH GLOBULI DOSA UNICA,Fitoterapia e Omeopatia,,37.53,36.04,35.70,35.79,37.66,35.88,36.88,36.82,36.76
010006399,BOIRON COLOCYNTHIS 9 CH GOCCE ORALI 30ML,Fitoterapia e Omeopatia,,32.98,33.29,32.34,33.98,32.73,33.32,33.10,33.26,33.18
010006402,BOIRON COLOCYNTHIS 9 CH FIALE ORALI 20 PEZZI,Fitoterapia e Omeopatia,,21.60,23.89,21.93,21.97,21.98,22.02,23.81,22.65,22.32
010006405,BOIRON COLOCYNTHIS 9 CH UNGUENTO 50G,Fitoterapia e Omeopatia,,4.43,3.96,3.87,4.77,3.85,3.63,5.26,4.38,4.24
010006408,BOIRON COLOCYNTHIS 9 CH SCIROPPO 150ML,Fitoterapia e Omeopatia,,13.28,12.84,12.83,12.42,11.16,11.55,12.02,11.77,13.16
010006411,BOIRON COLOCYNTHIS 12 CH GRANULI 4G,Fitoterapia e Omeopatia,,10.43,11.73,9.40,9.78,11.44,10.07,11.02,10.03,10.20
010006414,BOIRON COLOCYNTHIS 12 CH GLOBULI DOSA UNICA,Fitoterapia e Omeopatia,,25.15,26.77,26.75,25.01,25.87,26.49,26.87,25.52,26.68
010006417,BOIRON COLOCYNTHIS 12 CH GOCCE ORALI 30ML,Fitoterapia e Omeopatia,,32.61,33.14,32.82,32.81,32.55,34.04,33.20,34.36,33.41
010006420,BOIRON COLOCYNTHIS 12 CH FIALE ORALI 20 PEZZI,Fitoterapia e Omeopatia,,23.15,24.20,22.75,22.77,23.90,23.86,22.52,23.31,23.98
010006423,BOIRON COLOCYNTHIS 12 CH UNGUENTO 50G,Fitoterapia e Omeopatia,,26.48,26.49,27.45,25.91,26.35,26.52,27.95,27.12,26.59
010006426,BOIRON COLOCYNTHIS 12 CH SCIROPPO 150ML,Fitoterapia e Omeopatia,,20.59,22.13,20.68,22.11,22.29,20.35,22.35,20.54,20.39
010006429,BOIRON COLOCYNTHIS 15 CH GRANULI 4G,Fitoterapia e Omeopatia,,29.17,29.68,30.94,29.98,28.99,30.51,30.02,30.49,30.18
010006432,BOIRON COLOCYNTHIS 15 CH GLOBULI DOSA UNICA,Fitoterapia e Omeopatia,,9.25,9.15,8.73,8.57,10.71,10.09,9.85,9.52,9.16
010006435,BOIRON COLOCYNTHIS 15 CH GOCCE ORALI 30ML,Fitoterapia e Omeopatia,,25.51,25.88,25.59,25.16,25.06,23.91,24.96,25.69,25.56
010006438,BOIRON COLOCYNTHIS 15 CH FIALE ORALI 20 PEZZI,Fitoterapia e Omeopatia,,44.12,44.53,44.08,45.67,44.79,44.36,45.36,45.07,43.39
010006441,BOIRON COLOCYNTHIS 15 CH UNGUENTO 50G,Fitoterapia e Omeopatia,,16.78,15.74,16.30,15.88,16.22,16.69,15.47,16.66,15.78
010006444,BOIRON COLOCYNTHIS 15 CH SCIROPPO 150ML,Fitoterapia e Omeopatia,,13.26,11.55,12.62,11.59,12.69,11.98,12.09,13.60,11.37
010006447,BOIRON COLOCYNTHIS 30 CH GRANULI 4G,Fitoterapia e Omeopatia,,6.37,6.09,7.12,6.22,6.11,6.51,6.04,7.32,7.26
010006450,BOIRON COLOCYNTHIS 30 CH GLOBULI DOSA UNICA,Fitoterapia e Omeopatia,,22.56,22.72,20.69,21.09,22.78,20.42,21.17,21.34,21.87
010006453,BOIRON COLOCYNTHIS 30 CH GOCCE ORALI 30ML,Fitoterapia e Omeopatia,,30.13,29.28,29.64,29.18,29.93,29.36,28.69,29.94,28.01
010006456,BOIRON COLOCYNTHIS 30 CH FIALE ORALI 20 PEZZI,Fitoterapia e Omeopatia,,44.37,43.80,42.64,44.48,43.22,43.09,43.02,44.60,44.61
010006459,BOIRON COLOCYNTHIS 30 CH UNGUENTO 50G,Fitoterapia e Omeopatia,,6.73,6.92,8.71,7.94,7.91,7.87,7.07,7.62,7.40
010006462,BOIRON COLOCYNTHIS 30 CH SCIROPPO 150ML,Fitoterapia e Omeopatia,,41.33,40.55,40.53,41.24,41.30,41.36,41.34,39.22,41.45
010006465,BOIRON COLOCYNTHIS 200 CH GRANULI 4G,Fitoterapia e Omeopatia,,23.16,22.24,22.52,21.75,23.24,21.57,21.05,21.48,22.27
010006468,BOIRON COLOCYNTHIS 200 CH GLOBULI DOSA UNICA,Fitoterapia e Omeopatia,,27.31,28.67,29.40,27.28,27.38,27.79,28.36,28.05,27.66
010006471,BOIRON COLOCYNTHIS 200 CH GOCCE ORALI 30ML,Fitoterapia e Omeopatia,,3.48,5.15,3.77,5.49,3.92,4.01,5.49,5.42,3.34
010006474,BOIRON COLOCYNTHIS 200 CH FIALE ORALI 20 PEZZI,Fitoterapia e Omeopatia,,8.03,8.34,6.77,7.86,6.61,7.14,8.24,8.00,7.34
010006477,BOIRON COLOCYNTHIS 200 CH UNGUENTO 50G,Fitoterapia e Omeopatia,,38.96,38.24,37.11,37.88,39.14,38.86,37.46,38.54,37.13
010006480,BOIRON COLOCYNTHIS 200 CH SCIROPPO 150ML,Fitoterapia e Omeopatia,,32.99,33.59,31.99,32.72,32.78,32.53,33.46,32.21,33.27
010006483,BOIRON COLOCYNTHIS 1MK GRANULI 4G,Fitoterapia e Omeopatia,,42.25,43.07,43.32,43.48,42.98,42.77,42.29,42.51,44.50
010006486,BOIRON COLOCYNTHIS 1MK GLOBULI DOSA UNICA,Fitoterapia e Omeopatia,,21.69,22.53,20.21,21.46,20.44,21.78,21.16,21.28,22.24
010006489,BOIRON COLOCYNTHIS 1MK GOCCE ORALI 30ML,Fitoterapia e Omeopatia,,6.82,5.39,6.09,6.49,6.36,7.10,6.50,5.85,7.55
010006492,BOIRON COLOCYNTHIS 1MK FIALE ORALI 20 PEZZI,Fitoterapia e Omeopatia,,32.32,30.67,32.05,32.19,31.84,31.73,31.50,32.44,32.13
010006495,BOIRON COLOCYNTHIS 1MK UNGUENTO 50G,Fitoterapia e Omeopatia,,35.27,35.63,36.39,34.10,35.89,36.32,36.45,35.73,35.85
010006498,BOIRON COLOCYNTHIS 1MK SCIROPPO 150ML,Fitoterapia e Omeopatia,,43.07,44.41,42.81,44.84,43.39,43.96,44.37,43.61,44.51
010006501,BOIRON COLOCYNTHIS 6DH GRANULI 4G,Fitoterapia e Omeopatia,,39.66,40.28,39.43,39.89,40.00,38.55,40.65,39.80,40.10
010006504,BOIRON COLOCYNTHIS 6DH GLOBULI DOSA UNICA,Fitoterapia e Omeopatia,,24.43,24.97,26.01,25.21,25.50,23.93,25.35,23.70,23.74
010006507,BOIRON COLOCYNTHIS 6DH GOCCE ORALI 30ML,Fitoterapia e Omeopatia,,5.83,7.78,7.41,6.20,6.22,6.12,7.37,7.51,6.10
010006510,BOIRON COLOCYNTHIS 6DH FIALE ORALI 20 PEZZI,Fitoterapia e Omeopatia,,43.18,44.03,43.58,42.01,43.78,43.98,43.22,42.70,42.68
010006513,BOIRON COLOCYNTHIS 6DH UNGUENTO 50G,Fitoterapia e Omeopatia,,33.76,33.81,32.82,34.53,33.14,33.39,33.54,34.81,32.46
010006516,BOIRON COLOCYNTHIS 6DH SCIROPPO 150ML,Fitoterapia e Omeopatia,,33.37,34.98,32.66,33.46,33.68,33.46,32.97,34.34,33.61
010006519,BOIRON COLOCYNTHIS 12DH GRANULI 4G,Fitoterapia e Omeopatia,,10.25,9.93,8.79,10.14,8.35,9.48,9.11,9.58,9.62
010006522,BOIRON COLOCYNTHIS 12DH GLOBULI DOSA UNICA,Fitoterapia e Omeopatia,,14.76,14.58,15.36,14.78,13.16,15.06,14.07,13.08,14.29
010006525,BOIRON COLOCYNTHIS 12DH GOCCE ORALI 30ML,Fitoterapia e Omeopatia,,7.06,6.41,5.87,5.47,6.31,5.20,5.38,6.70,6.40
010006528,BOIRON COLOCYNTHIS 12DH FIALE ORALI 20 PEZZI,Fitoterapia e Omeopatia,,40.76,40.49,40.17,41.47,40.25,39.90,41.58,39.62,40.69
010006531,BOIRON COLOCYNTHIS 12DH UNGUENTO 50G,Fitoterapia e Omeopatia,,35.20,34.03,36.37,34.24,35.54,34.65,36.11,34.99,34.56
010006534,BOIRON COLOCYNTHIS 12DH SCIROPPO 150ML,Fitoterapia e Omeopatia,,26.90,26.47,26.60,25.06,25.72,24.94,25.88,25.07,25.38
010006537,BOIRON DROSERA 4 CH GRANULI 4G,Fitoterapia e Omeopatia,,35.64,36.90,36.15,35.48,35.32,35.09,36.41,35.21,36.66
010006540,BOIRON DROSERA 4 CH GLOBULI DOSA UNICA,Fitoterapia e Omeopatia,,12.19,11.62,12.14,11.72,11.00,12.62,12.04,11.67,12.71
010006543,BOIRON DROSERA 4 CH GOCCE ORALI 30ML,Fitoterapia e Omeopatia,,42.01,42.39,43.65,42.96,41.62,43.99,43.06,43.43,43.88
010006546,BOIRON DROSERA 4 CH FIALE ORALI 20 PEZZI,Fitoterapia e Omeopatia,,21.57,22.08,22.69,23.26,21.32,23.27,23.13,21.27,21.66
010006549,BOIRON DROSERA 4 CH UNGUENTO 50G,Fitoterapia e Omeopatia,,14.20,15.33,14.93,15.12,14.07,13.92,15.60,15.09,14.36
010006552,BOIRON DROSERA 4 CH SCIROPPO 150ML,Fitoterapia e Omeopatia,,29.86,30.10,30.52,28.55,29.97,29.37,28.37,29.07,30.32
010006555,BOIRON DROSERA 5 CH GRANULI 4G,Fitoterapia e Omeopatia,,44.30,43.67,43.01,44.71,43.15,44.14,43.89,44.15,44.22
010006558,BOIRON DROSERA 5 CH GLOBULI DOSA UNICA,Fitoterapia e Omeopatia,,32.36,34.06,32.15,32.19,32.35,32.38,33.19,33.54,33.23
010006561,BOIRON DROSERA 5 CH GOCCE ORALI 30ML,Fitoterapia e Omeopatia,,21.31,22.94,22.49,22.82,21.42,22.39,21.73,22.88,21.13
010006564,BOIRON DROSERA 5 CH FIALE ORALI 20 PEZZI,Fitoterapia e Omeopatia,,37.16,36.56,36.68,38.70,37.05,37.98,38.39,38.24,37.19
010006567,BOIRON DROSERA 5 CH UNGUENTO 50G,Fitoterapia e Omeopatia,,21.80,21.67,20.30,21.28,21.46,20.80,20.15,20.53,20.10
010006570,BOIRON DROSERA 5 CH SCIROPPO 150ML,Fitoterapia e Omeopatia,,19.54,19.68,18.95,19.31,18.58,20.39,18.93,20.27,19.08
010006573,BOIRON DROSERA 7 CH GRANULI 4G,Fitoterapia e Omeopatia,,6.59,5.92,5.76,6.81,5.94,6.75,5.48,4.61,6.81
010006576,BOIRON DROSERA 7 CH GLOBULI DOSA UNICA,Fitoterapia e Omeopatia,,28.84,28.85,27.77,29.11,28.51,29.32,27.95,28.88,28.34
010006579,BOIRON DROSERA 7 CH GOCCE ORALI 30ML,Fitoterapia e Omeopatia,,33.48,33.36,32.16,31.83,33.11,32.43,33.15,33.49,32.31
010006582,BOIRON DROSERA 7 CH FIALE ORALI 20 PEZZI,Fitoterapia e Omeopatia,,23.16,24.94,24.64,22.84,23.64,23.57,23.77,23.11,23.41
010006585,BOIRON DROSERA 7 CH UNGUENTO 50G,Fitoterapia e Omeopatia,,26.63,25.57,26.49,26.51,25.99,25.27,24.68,25.86,25.58
010006588,BOIRON DROSERA 7 CH SCIROPPO 150ML,Fitoterapia e Omeopatia,,14.38,14.57,15.64,14.24,15.10,14.11,15.09,16.07,14.80
010006591,BOIRON DROSERA 9 CH GRANULI 4G,Fitoterapia e Omeopatia,,10.83,10.43,11.15,11.19,10.13,10.15,11.24,10.66,10.33
010006594,BOIRON DROSERA 9 CH GLOBULI DOSA UNICA,Fitoterapia e Omeopatia,,28.54,28.65,27.42,28.57,27.13,28.11,26.64,27.23,27.10
010006597,BOIRON DROSERA 9 CH GOCCE ORALI 30ML,Fitoterapia e Omeopatia,,29.74,30.46,30.06,29.24,28.79,29.24,28.70,29.84,30.49
010006600,BOIRON DROSERA 9 CH FIALE ORALI 20 PEZZI,Fitoterapia e Omeopatia,,28.60,29.48,28.54,27.85,29.42,28.66,29.00,29.42,28.65
010006603,BOIRON DROSERA 9 CH UNGUENTO 50G,Fitoterapia e Omeopatia,,27.50,27.97,28.54,28.43,27.56,29.07,29.76,29.18,29.52
010006606,BOIRON DROSERA 9 CH SCIROPPO 150ML,Fitoterapia e Omeopatia,,29.17,30.94,30.09,29.52,30.31,28.88,29.69,28.89,30.66
010006609,BOIRON DROSERA 12 CH GRANULI 4G,Fitoterapia e Omeopatia,,43.32,43.45,44.91,44.52,43.88,44.36,43.72,45.71,45.43
010006612,BOIRON DROSERA 12 CH GLOBULI DOSA UNICA,Fitoterapia e Omeopatia,,22.99,23.58,22.97,23.13,22.45,22.81,22.26,21.95,21.73
010006615,BOIRON DROSERA 12 CH GOCCE ORALI 30ML,Fitoterapia e Omeopatia,,23.22,24.01,23.91,23.69,23.44,25.17,24.89,24.19,25.31
010006618,BOIRON DROSERA 12 CH FIALE ORALI 20 PEZZI,Fitoterapia e Omeopatia,,27.28,28.60,28.25,27.64,27.88,28.11,28.03,28.79,27.07
010006621,BOIRON DROSERA 12 CH UNGUENTO 50G,Fitoterapia e Omeopatia,,14.22,12.63,12.55,13.07,13.62,12.69,13.66,14.37,13.66
010006624,BOIRON DROSERA 12 CH SCIROPPO 150ML,Fitoterapia e Omeopatia,,21.43,23.32,23.43,21.99,23.35,23.18,22.61,22.68,23.61
010006627,BOIRON DROSERA 15 CH GRANULI 4G,Fitoterapia e Omeopatia,,5.41,4.76,5.10,5.59,3.95,4.65,5.78,5.72,5.39
010006630,BOIRON DROSERA 15 CH GLOBULI DOSA UNICA,Fitoterapia e Omeopatia,,3.85,5.58,5.83,5.50,6.05,5.23,4.84,3.83,4.92
010006633,BOIRON DROSERA 15 CH GOCCE ORALI 30ML,Fitoterapia e Omeopatia,,29.18,27.61,29.25,28.44,27.49,29.16,29.03,28.94,27.56
010006636,BOIRON DROSERA 15 CH FIALE ORALI 20 PEZZI,Fitoterapia e Omeopatia,,34.34,34.16,33.41,32.88,32.89,32.38,32.11,33.83,34.45
010006639,BOIRON DROSERA 15 CH UNGUENTO 50G,Fitoterapia e Omeopatia,,30.45,31.35,30.24,32.18,31.48,31.35,31.85,30.19,30.92
010006642,BOIRON DROSERA 15 CH SCIROPPO 150ML,Fitoterapia e Omeopatia,,16.28,14.28,15.61,15.74,14.75,15.09,16.22,14.20,14.82
010006645,BOIRON DROSERA 30 CH GRANULI 4G,Fitoterapia e Omeopatia,,23.59,22.64,22.35,22.04,22.80,23.63,22.47,21.47,22.34
010006648,BOIRON DROSERA 30 CH GLOBULI DOSA UNICA,Fitoterapia e Omeopatia,,17.66,19.69,17.91,17.97,19.92,19.52,17.88,18.82,18.21
010006651,BOIRON DROSERA 30 CH GOCCE ORALI 30ML,Fitoterapia e Omeopatia,,15.08,13.61,14.16,15.82,15.26,14.44,15.56,14.83,14.90
010006654,BOIRON DROSERA 30 CH FIALE ORALI 20 PEZZI,Fitoterapia e Omeopatia,,42.61,41.52,43.47,41.57,42.51,43.29,43.30,43.29,42.93
010006657,BOIRON DROSERA 30 CH UNGUENTO 50G,Fitoterapia e Omeopatia,,11.75,12.67,12.74,13.55,12.71,12.89,13.32,13.44,12.15
010006660,BOIRON DROSERA 30 CH SCIROPPO 150ML,Fitoterapia e Omeopatia,,20.04,18.87,20.68,18.73,19.06,20.39,19.24,19.68,20.34
010006663,BOIRON DROSERA 200 CH GRANULI 4G,Fitoterapia e Omeopatia,,42.78,42.47,43.28,44.29,44.46,43.66,44.08,42.26,42.61
010006666,BOIRON DROSERA 200 CH GLOBULI DOSA UNICA,Fitoterapia e Omeopatia,,12.87,12.35,12.81,13.20,13.71,12.45,12.78,13.41,12.30
010006669,BOIRON DROSERA 200 CH GOCCE ORALI 30ML,Fitoterapia e Omeopatia,,28.20,26.12,26.69,26.16,26.65,26.44,27.00,27.57,26.76
010006672,BOIRON DROSERA 200 CH FIALE ORALI 20 PEZZI,Fitoterapia e Omeopatia,,16.00,17.42,17.55,17.95,16.02,16.87,16.22,16.24,16.18
010006675,BOIRON DROSERA 200 CH UNGUENTO 50G,Fitoterapia e Omeopatia,,27.30,26.38,27.55,27.09,28.28,27.02,26.91,27.55,27.57
010006678,BOIRON DROSERA 200 CH SCIROPPO 150ML,Fitoterapia e Omeopatia,,15.61,16.47,15.78,16.27,15.50,17.51,16.42,17.33,16.06
010006681,BOIRON DROSERA 1MK GRANULI 4G,Fitoterapia e Omeopatia,,36.11,35.10,35.83,36.07,35.61,36.19,35.85,35.78,34.22
010006684,BOIRON DROSERA 1MK GLOBULI DOSA UNICA,Fitoterapia e Omeopatia,,14.52,13.22,13.05,14.47,14.21,13.38,13.54,14.45,12.71
010006687,BOIRON DROSERA 1MK GOCCE ORALI 30ML,Fitoterapia e Omeopatia,,34.80,35.47,36.05,34.73,35.68,36.07,34.39,34.94,34.44
010006690,BOIRON DROSERA 1MK FIALE ORALI 20 PEZZI,Fitoterapia e Omeopatia,,18.42,17.39,16.38,16.46,17.75,17.22,17.72,16.11,16.47
010006693,BOIRON DROSERA 1MK UNGUENTO 50G,Fitoterapia e Omeopatia,,5.50,6.04,5.04,4.44,5.08,5.68,3.76,3.97,3.96
010006696,BOIRON DROSERA 1MK SCIROPPO 150ML,Fitoterapia e Omeopatia,,8.96,8.75,9.83,10.79,10.14,10.96,10.30,9.46,9.45
010006699,BOIRON DROSERA 6DH GRANULI 4G,Fitoterapia e Omeopatia,,7.24,6.04,6.71,6.44,6.43,6.14,6.31,6.92,7.46
010006702,BOIRON DROSERA 6DH GLOBULI DOSA UNICA,Fitoterapia e Omeopatia,,12.57,11.12,11.11,11.31,12.40,11.37,11.71,12.07,11.20
010006705,BOIRON DROSERA 6DH GOCCE ORALI 30ML,Fitoterapia e Omeopatia,,26.12,24.64,26.15,26.06,24.54,24.94,25.73,24.90,24.38
010006708,BOIRON DROSERA 6DH FIALE ORALI 20 PEZZI,Fitoterapia e Omeopatia,,39.09,38.17,39.55,38.57,37.94,38.88,37.70,38.18,38.26
010006711,BOIRON DROSERA 6DH UNGUENTO 50G,Fitoterapia e Omeopatia,,44.54,43.80,42.48,43.76,42.89,43.34,44.12,43.18,43.33
010006714,BOIRON DROSERA 6DH SCIROPPO 150ML,Fitoterapia e Omeopatia,,38.65,39.16,37.97,38.78,39.09,39.01,39.53,39.84,39.09
010006717,BOIRON DROSERA 12DH GRANULI 4G,Fitoterapia e Omeopatia,,19.00,18.71,18.42,18.63,20.27,18.87,19.20,19.88,18.96
010006720,BOIRON DROSERA 12DH GLOBULI DOSA UNICA,Fitoterapia e Omeopatia,,26.32,26.28,25.58,27.16,25.88,26.35,26.31,27.31,25.11
010006723,BOIRON DROSERA 12DH GOCCE ORALI 30ML,Fitoterapia e Omeopatia,,27.80,27.65,29.03,28.74,27.38,28.66,27.74,28.62,27.40
010006726,BOIRON DROSERA 12DH FIALE ORALI 20 PEZZI,Fitoterapia e Omeopatia,,42.82,41.46,42.45,42.36,42.46,42.23,42.82,43.20,42.46
010006729,BOIRON DROSERA 12DH UNGUENTO 50G,Fitoterapia e Omeopatia,,12.86,12.39,12.48,12.40,13.77,12.52,12.59,12.24,13.78
010006732,BOIRON DROSERA 12DH SCIROPPO 150ML,Fitoterapia e Omeopatia,,15.15,15.81,16.77,16.49,15.38,15.63,14.61,16.09,14.97
010006735,BOIRON HEPAR SULPHUR 4 CH GRANULI 4G,Fitoterapia e Omeopatia,,7.35,8.41,7.00,8.26,7.11,7.55,7.79,8.34,8.11
010006738,BOIRON HEPAR SULPHUR 4 CH GLOBULI DOSA UNICA,Fitoterapia e Omeopatia,,31.85,31.64,31.53,32.27,31.48,31.48,32.72,31.96,31.43
010006741,BOIRON HEPAR SULPHUR 4 CH GOCCE ORALI 30ML,Fitoterapia e Omeopatia,,13.54,13.89,11.98,12.55,12.23,13.49,13.32,13.83,13.33
010006744,BOIRON HEPAR SULPHUR 4 CH FIALE ORALI 20 PEZZI,Fitoterapia e Omeopatia,,6.91,5.09,7.02,7.09,5.45,5.03,6.32,5.87,5.51
010006747,BOIRON HEPAR SULPHUR 4 CH UNGUENTO 50G,Fitoterapia e Omeopatia,,39.45,40.57,39.76,40.70,41.70,39.64,40.05,41.74,41.54
010006750,BOIRON HEPAR SULPHUR 4 CH SCIROPPO 150ML,Fitoterapia e Omeopatia,,10.28,10.62,10.72,10.08,9.97,11.05,9.34,9.51,10.88
010006753,BOIRON HEPAR SULPHUR 5 CH GRANULI 4G,Fitoterapia e Omeopatia,,5.41,5.88,3.76,5.58,4.67,3.99,3.65,5.69,4.73
010006756,BOIRON HEPAR SULPHUR 5 CH GLOBULI DOSA UNICA,Fitoterapia e Omeopatia,,39.91,39.53,40.34,39.58,40.15,38.65,40.51,40.19,38.50
010006759,BOIRON HEPAR SULPHUR 5 CH GOCCE ORALI 30ML,Fitoterapia e Omeopatia,,25.91,26.59,26.09,26.65,26.11,26.45,26.43,25.23,26.84
010006762,BOIRON HEPAR SULPHUR 5 CH FIALE ORALI 20 PEZZI,Fitoterapia e Omeopatia,,41.05,41.27,40.80,40.47,40.02,40.69,40.60,39.81,38.98
010006765,BOIRON HEPAR SULPHUR 5 CH UNGUENTO 50G,Fitoterapia e Omeopatia,,14.71,12.72,12.94,12.99,14.21,13.93,12.77,13.94,14.95
010006768,BOIRON HEPAR SULPHUR 5 CH SCIROPPO 150ML,Fitoterapia e Omeopatia,,24.79,24.95,25.52,25.24,26.17,26.09,25.38,25.82,26.94
010006771,BOIRON HEPAR SULPHUR 7 CH GRANULI 4G,Fitoterapia e Omeopatia,,24.18,23.97,25.70,23.70,25.63,23.70,24.54,24.14,24.89
010006774,BOIRON HEPAR SULPHUR 7 CH GLOBULI DOSA UNICA,Fitoterapia e Omeopatia,,39.31,40.66,39.74,39.13,40.71,39.64,39.52,41.02,40.84
010006777,BOIRON HEPAR SULPHUR 7 CH GOCCE ORALI 30ML,Fitoterapia e Omeopatia,,26.10,25.00,26.28,26.01,26.41,25.66,26.43,24.19,25.51
010006780,BOIRON HEPAR SULPHUR 7 CH FIALE ORALI 20 PEZZI,Fitoterapia e Omeopatia,,12.63,12.02,13.09,13.62,11.93,13.26,13.19,12.63,12.65
010006783,BOIRON HEPAR SULPHUR 7 CH UNGUENTO 50G,Fitoterapia e Omeopatia,,20.09,20.52,22.16,21.73,21.31,20.49,20.87,20.25,21.22
010006786,BOIRON HEPAR SULPHUR 7 CH SCIROPPO 150ML,Fitoterapia e Omeopatia,,31.99,31.74,30.79,31.74,31.00,30.84,32.09,31.91,31.65
010006789,BOIRON HEPAR SULPHUR 9 CH GRANULI 4G,Fitoterapia e Omeopatia,,37.32,36.23,35.83,37.27,36.17,36.13,36.91,35.94,36.85
010006792,BOIRON HEPAR SULPHUR 9 CH GLOBULI DOSA UNICA,Fitoterapia e Omeopatia,,42.76,41.81,43.29,41.55,41.40,41.37,42.70,41.91,41.86
010006795,BOIRON HEPAR SULPHUR 9 CH GOCCE ORALI 30ML,Fitoterapia e Omeopatia,,9.39,10.66,10.06,10.75,11.16,10.56,11.45,9.54,9.60
010006798,BOIRON HEPAR SULPHUR 9 CH FIALE ORALI 20 PEZZI,Fitoterapia e Omeopatia,,22.02,22.28,23.52,22.58,22.23,22.04,22.17,23.18,22.11
010006801,BOIRON HEPAR SULPHUR 9 CH UNGUENTO 50G,Fitoterapia e Omeopatia,,33.76,34.36,34.21,33.65,34.28,35.27,33.49,33.47,34.78
010006804,BOIRON HEPAR SULPHUR 9 CH SCIROPPO 150ML,Fitoterapia e Omeopatia,,14.07,15.95,15.51,14.35,15.29,15.42,15.47,14.06,15.58
010006807,BOIRON HEPAR SULPHUR 12 CH GRANULI 4G,Fitoterapia e Omeopatia,,7.73,9.64,7.93,8.03,7.88,8.05,7.92,8.53,9.71
010006810,BOIRON HEPAR SULPHUR 12 CH GLOBULI DOSA UNICA,Fitoterapia e Omeopatia,,38.47,40.40,38.17,40.27,38.66,40.18,38.59,40.02,39.05
010006813,BOIRON HEPAR SULPHUR 12 CH GOCCE ORALI 30ML,Fitoterapia e Omeopatia,,40.23,41.47,40.57,39.98,39.93,41.01,39.78,39.73,39.34
010006816,BOIRON HEPAR SULPHUR 12 CH FIALE ORALI 20 PEZZI,Fitoterapia e Omeopatia,,8.58,9.61,10.62,8.74,9.02,10.37,9.37,9.38,10.36
010006819,BOIRON HEPAR SULPHUR 12 CH UNGUENTO 50G,Fitoterapia e Omeopatia,,19.40,19.92,18.66,19.88,19.03,18.97,18.54,19.19,20.69
010006822,BOIRON HEPAR SULPHUR 12 CH SCIROPPO 150ML,Fitoterapia e Omeopatia,,27.11,26.28,25.82,27.68,27.01,25.76,27.45,26.58,25.42
010006825,BOIRON HEPAR SULPHUR 15 CH GRANULI 4G,Fitoterapia e Omeopatia,,19.59,19.85,19.86,19.84,19.25,18.86,18.66,18.98,19.89
010006828,BOIRON HEPAR SULPHUR 15 CH GLOBULI DOSA UNICA,Fitoterapia e Omeopatia,,5.53,4.50,5.69,5.04,4.94,4.35,6.31,5.85,6.51
010006831,BOIRON HEPAR SULPHUR 15 CH GOCCE ORALI 30ML,Fitoterapia e Omeopatia,,12.65,13.65,13.46,14.25,12.54,14.61,13.12,12.81,14.19
010006834,BOIRON HEPAR SULPHUR 15 CH FIALE ORALI 20 PEZZI,Fitoterapia e Omeopatia,,16.97,16.80,15.21,15.36,15.84,16.03,16.61,15.90,16.96
010006837,BOIRON HEPAR SULPHUR 15 CH UNGUENTO 50G,Fitoterapia e Omeopatia,,41.09,41.72,41.97,40.80,41.40,41.50,42.42,42.47,42.91
010006840,BOIRON HEPAR SULPHUR 15 CH SCIROPPO 150ML,Fitoterapia e Omeopatia,,40.67,40.41,40.62,41.10,41.32,40.03,40.29,41.13,41.31
010006843,BOIRON HEPAR SULPHUR 30 CH GRANULI 4G,Fitoterapia e Omeopatia,,13.86,13.54,13.10,13.28,14.56,14.94,14.46,14.91,15.41
010006846,BOIRON HEPAR SULPHUR 30 CH GLOBULI DOSA UNICA,Fitoterapia e Omeopatia,,31.72,33.71,32.68,31.76,31.91,32.68,31.83,32.44,33.02
010006849,BOIRON HEPAR SULPHUR 30 CH GOCCE ORALI 30ML,Fitoterapia e Omeopatia,,31.52,32.34,31.73,32.62,32.78,31.70,32.52,31.24,33.16
010006852,BOIRON HEPAR SULPHUR 30 CH FIALE ORALI 20 PEZZI,Fitoterapia e Omeopatia,,7.85,7.60,8.65,6.90,8.85,7.64,7.89,7.74,8.55
010006855,BOIRON HEPAR SULPHUR 30 CH UNGUENTO 50G,Fitoterapia e Omeopatia,,26.69,26.34,26.10,25.91,25.20,24.64,25.06,26.56,26.88
010006858,BOIRON HEPAR SULPHUR 30 CH SCIROPPO 150ML,Fitoterapia e Omeopatia,,6.62,6.80,6.40,4.97,6.36,6.77,5.10,6.22,6.20
010006861,BOIRON HEPAR SULPHUR 200 CH GRANULI 4G,Fitoterapia e Omeopatia,,10.74,11.41,11.16,12.11,12.74,10.64,12.47,11.99,12.53
010006864,BOIRON HEPAR SULPHUR 200 CH GLOBULI DOSA UNICA,Fitoterapia e Omeopatia,,7.04,5.99,6.54,7.91,6.59,7.33,7.27,5.90,7.40
010006867,BOIRON HEPAR SULPHUR 200 CH GOCCE ORALI 30ML,Fitoterapia e Omeopatia,,42.06,41.91,41.52,40.80,40.79,41.79,40.71,42.27,40.80
010006870,BOIRON HEPAR SULPHUR 200 CH FIALE ORALI 20 PEZZI,Fitoterapia e Omeopatia,,23.12,23.89,22.44,23.69,23.31,23.64,22.67,23.45,21.85
010006873,BOIRON HEPAR SULPHUR 200 CH UNGUENTO 50G,Fitoterapia e Omeopatia,,20.63,19.70,20.08,20.45,19.26,19.88,18.92,20.43,20.75
010006876,BOIRON HEPAR SULPHUR 200 CH SCIROPPO 150ML,Fitoterapia e Omeopatia,,15.69,15.65,16.35,16.39,17.29,15.62,15.70,17.32,15.58
010006879,BOIRON HEPAR SULPHUR 1MK GRANULI 4G,Fitoterapia e Omeopatia,,39.86,39.29,39.45,40.58,41.30,39.60,41.18,40.10,40.40
010006882,BOIRON HEPAR SULPHUR 1MK GLOBULI DOSA UNICA,Fitoterapia e Omeopatia,,12.93,13.34,13.08,12.62,13.41,13.26,14.65,13.52,12.37
010006885,BOIRON HEPAR SULPHUR 1MK GOCCE ORALI 30ML,Fitoterapia e Omeopatia,,38.37,38.36,38.90,37.27,38.33,37.72,38.93,38.90,39.34
010006888,BOIRON HEPAR SULPHUR 1MK FIALE ORALI 20 PEZZI,Fitoterapia e Omeopatia,,42.79,44.01,44.41,43.26,44.23,42.75,43.74,44.41,43.00
010006891,BOIRON HEPAR SULPHUR 1MK UNGUENTO 50G,Fitoterapia e Omeopatia,,18.29,19.28,20.36,18.65,20.58,19.17,19.45,18.72,18.69
010006894,BOIRON HEPAR SULPHUR 1MK SCIROPPO 150ML,Fitoterapia e Omeopatia,,8.82,9.00,7.28,8.14,9.18,8.80,8.08,7.33,8.58
010006897,BOIRON HEPAR SULPHUR 6DH GRANULI 4G,Fitoterapia e Omeopatia,,17.21,16.88,18.10,16.77,17.65,18.30,17.57,17.51,17.64
010006900,BOIRON HEPAR SULPHUR 6DH GLOBULI DOSA UNICA,Fitoterapia e Omeopatia,,17.02,17.56,15.97,17.99,16.07,16.30,17.25,16.35,17.99
010006903,BOIRON HEPAR SULPHUR 6DH GOCCE ORALI 30ML,Fitoterapia e Omeopatia,,37.59,36.37,36.43,35.97,37.16,37.20,37.32,37.24,36.18
010006906,BOIRON HEPAR SULPHUR 6DH FIALE ORALI 20 PEZZI,Fitoterapia e Omeopatia,,40.59,40.83,40.79,39.41,39.76,40.71,41.07,40.38,39.07
010006909,BOIRON HEPAR SULPHUR 6DH UNGUENTO 50G,Fitoterapia e Omeopatia,,37.50,38.72,38.86,39.52,39.20,37.72,38.59,37.61,39.03
010006912,BOIRON HEPAR SULPHUR 6DH SCIROPPO 150ML,Fitoterapia e Omeopatia,,13.45,12.45,11.36,11.18,11.30,11.54,12.91,11.88,12.21
010006915,BOIRON HEPAR SULPHUR 12DH GRANULI 4G,Fitoterapia e Omeopatia,,31.58,31.73,30.45,31.63,31.10,31.46,30.37,32.13,29.93
010006918,BOIRON HEPAR SULPHUR 12DH GLOBULI DOSA UNICA,Fitoterapia e Omeopatia,,18.36,18.76,19.92,20.52,20.39,19.02,20.14,19.51,19.06
010006921,BOIRON HEPAR SULPHUR 12DH GOCCE ORALI 30ML,Fitoterapia e Omeopatia,,36.72,35.96,36.41,35.70,37.13,35.23,36.40,36.22,35.51
010006924,BOIRON HEPAR SULPHUR 12DH FIALE ORALI 20 PEZZI,Fitoterapia e Omeopatia,,19.98,21.45,20.10,20.44,21.39,21.17,21.64,19.77,20.88
010006927,BOIRON HEPAR SULPHUR 12DH UNGUENTO 50G,Fitoterapia e Omeopatia,,17.57,18.11,19.10,17.89,19.40,19.51,17.81,18.32,19.41
010006930,BOIRON HEPAR SULPHUR 12DH SCIROPPO 150ML,Fitoterapia e Omeopatia,,25.27,26.38,25.17,26.05,25.83,25.23,25.54,24.57,24.67
010006933,BOIRON LACHESIS 4 CH GRANULI 4G,Fitoterapia e Omeopatia,,30.12,28.99,29.80,29.09,30.27,28.66,29.56,30.52,29.48
010006936,BOIRON LACHESIS 4 CH GLOBULI DOSA UNICA,Fitoterapia e Omeopatia,,22.97,24.54,22.92,24.30,24.72,23.73,24.28,23.74,24.89
010006939,BOIRON LACHESIS 4 CH GOCCE ORALI 30ML,Fitoterapia e Omeopatia,,37.21,39.25,38.44,37.86,37.44,38.89,39.12,39.51,37.78
010006942,BOIRON LACHESIS 4 CH FIALE ORALI 20 PEZZI,Fitoterapia e Omeopatia,,26.25,26.95,26.28,26.58,26.97,26.46,27.11,25.91,25.92
010006945,BOIRON LACHESIS 4 CH UNGUENTO 50G,Fitoterapia e Omeopatia,,40.51,41.06,41.33,40.49,39.80,39.82,41.59,41.57,39.93
010006948,BOIRON LACHESIS 4 CH SCIROPPO 150ML,Fitoterapia e Omeopatia,,4.28,6.05,5.73,4.84,4.19,5.49,4.01,6.12,6.22
010006951,BOIRON LACHESIS 5 CH GRANULI 4G,Fitoterapia e Omeopatia,,23.07,23.26,23.38,22.88,22.63,23.01,23.54,22.88,22.55
010006954,BOIRON LACHESIS 5 CH GLOBULI DOSA UNICA,Fitoterapia e Omeopatia,,8.61,8.95,9.90,10.21,10.00,10.28,9.41,9.18,10.52
010006957,BOIRON LACHESIS 5 CH GOCCE ORALI 30ML,Fitoterapia e Omeopatia,,7.63,8.98,8.92,8.35,7.45,8.53,8.11,7.59,6.99
010006960,BOIRON LACHESIS 5 CH FIALE ORALI 20 PEZZI,Fitoterapia e Omeopatia,,39.87,41.42,41.68,41.52,40.70,41.35,40.74,40.14,40.73
010006963,BOIRON LACHESIS 5 CH UNGUENTO 50G,Fitoterapia e Omeopatia,,6.13,4.53,6.25,5.39,5.67,5.33,4.20,6.33,4.50
010006966,BOIRON LACHESIS 5 CH SCIROPPO 150ML,Fitoterapia e Omeopatia,,14.44,13.65,12.61,14.80,12.65,14.68,14.66,13.81,13.67
010006969,BOIRON LACHESIS 7 CH GRANULI 4G,Fitoterapia e Omeopatia,,13.27,13.51,12.90,14.37,13.37,14.93,14.30,14.26,15.23
010006972,BOIRON LACHESIS 7 CH GLOBULI DOSA UNICA,Fitoterapia e Omeopatia,,30.29,28.50,28.79,28.55,30.05,30.44,28.62,30.28,28.49
010006975,BOIRON LACHESIS 7 CH GOCCE ORALI 30ML,Fitoterapia e Omeopatia,,15.69,15.29,13.77,15.45,14.81,15.85,15.14,14.47,15.76
010006978,BOIRON LACHESIS 7 CH FIALE ORALI 20 PEZZI,Fitoterapia e Omeopatia,,15.95,17.97,17.14,17.82,17.36,16.15,17.11,17.25,18.16
010006981,BOIRON LACHESIS 7 CH UNGUENTO 50G,Fitoterapia e Omeopatia,,35.71,34.77,34.91,35.33,34.27,34.43,36.13,36.43,35.46
010006984,BOIRON LACHESIS 7 CH SCIROPPO 150ML,Fitoterapia e Omeopatia,,28.15,28.80,27.65,28.16,28.31,27.11,27.84,27.97,28.32
010006987,BOIRON LACHESIS 9 CH GRANULI 4G,Fitoterapia e Omeopatia,,33.66,31.89,31.67,33.94,33.36,32.57,33.75,32.40,32.75
010006990,BOIRON LACHESIS 9 CH GLOBULI DOSA UNICA,Fitoterapia e Omeopatia,,29.86,30.19,30.39,30.07,29.71,28.55,28.68,28.84,28.25
010006993,BOIRON LACHESIS 9 CH GOCCE ORALI 30ML,Fitoterapia e Omeopatia,,33.51,34.45,33.62,33.66,34.40,35.02,34.54,34.53,34.86
010006996,BOIRON LACHESIS 9 CH FIALE ORALI 20 PEZZI,Fitoterapia e Omeopatia,,27.94,27.59,28.20,27.15,28.66,28.04,28.79,27.76,26.98
010006999,BOIRON LACHESIS 9 CH UNGUENTO 50G,Fitoterapia e Omeopatia,,14.93,15.24,13.94,14.32,15.02,15.61,15.19,15.41,15.90
010007002,BOIRON LACHESIS 9 CH SCIROPPO 150ML,Fitoterapia e Omeopatia,,22.21,24.02,22.29,22.07,23.79,22.93,22.79,24.22,24.05
010007005,BOIRON LACHESIS 12 CH GRANULI 4G,Fitoterapia e Omeopatia,,39.38,41.35,39.80,40.42,41.33,41.03,40.56,39.77,40.98
010007008,BOIRON LACHESIS 12 CH GLOBULI DOSA UNICA,Fitoterapia e Omeopatia,,19.26,17.81,18.41,19.57,19.06,17.47,17.51,18.84,17.47
010007011,BOIRON LACHESIS 12 CH GOCCE ORALI 30ML,Fitoterapia e Omeopatia,,31.14,33.03,31.33,32.22,33.23,32.85,30.86,31.95,32.18
010007014,BOIRON LACHESIS 12 CH FIALE ORALI 20 PEZZI,Fitoterapia e Omeopatia,,14.64,14.46,13.96,14.35,13.17,13.35,14.38,12.89,14.60
010007017,BOIRON LACHESIS 12 CH UNGUENTO 50G,Fitoterapia e Omeopatia,,23.79,24.38,25.21,24.20,23.62,23.86,24.72,24.90,25.28
010007020,BOIRON LACHESIS 12 CH SCIROPPO 150ML,Fitoterapia e Omeopatia,,35.29,36.35,35.83,35.06,36.46,37.11,34.91,36.41,35.21
010007023,BOIRON LACHESIS 15 CH GRANULI 4G,Fitoterapia e Omeopatia,,38.13,37.32,37.33,36.65,38.10,37.36,36.53,37.26,37.68
010007026,BOIRON LACHESIS 15 CH GLOBULI DOSA UNICA,Fitoterapia e Omeopatia,,45.16,43.57,44.42,43.97,43.97,45.17,43.40,43.73,44.17
010007029,BOIRON LACHESIS 15 CH GOCCE ORALI 30ML,Fitoterapia e Omeopatia,,10.77,10.00,11.88,10.25,10.70,10.37,10.89,10.23,11.80
010007032,BOIRON LACHESIS 15 CH FIALE ORALI 20 PEZZI,Fitoterapia e Omeopatia,,6.68,5.81,6.16,5.86,5.61,6.31,5.38,5.01,6.22
010007035,BOIRON LACHESIS 15 CH UNGUENTO 50G,Fitoterapia e Omeopatia,,29.64,30.16,30.11,29.55,29.65,30.43,30.69,29.06,30.83
010007038,BOIRON LACHESIS 15 CH SCIROPPO 150ML,Fitoterapia e Omeopatia,,12.05,10.06,11.50,10.60,10.50,10.18,9.95,9.90,11.77
010007041,BOIRON LACHESIS 30 CH GRANULI 4G,Fitoterapia e Omeopatia,,5.79,5.83,4.28,5.54,3.93,5.03,4.06,4.43,5.25
010007044,BOIRON LACHESIS 30 CH GLOBULI DOSA UNICA,Fitoterapia e Omeopatia,,44.72,44.56,45.38,45.57,43.78,44.86,44.19,44.14,43.87
010007047,BOIRON LACHESIS 30 CH GOCCE ORALI 30ML,Fitoterapia e Omeopatia,,16.81,16.24,17.96,16.04,17.91,16.58,17.23,16.48,16.92
010007050,BOIRON LACHESIS 30 CH FIALE ORALI 20 PEZZI,Fitoterapia e Omeopatia,,14.23,15.01,14.61,16.14,15.15,14.71,15.85,13.90,15.33
010007053,BOIRON LACHESIS 30 CH UNGUENTO 50G,Fitoterapia e Omeopatia,,43.83,42.05,42.94,42.70,42.71,43.74,42.45,42.63,43.25
010007056,BOIRON LACHESIS 30 CH SCIROPPO 150ML,Fitoterapia e Omeopatia,,13.23,14.61,13.74,13.16,14.39,13.63,14.98,14.72,14.91
010007059,BOIRON LACHESIS 200 CH GRANULI 4G,Fitoterapia e Omeopatia,,5.82,5.73,6.50,7.14,5.66,6.06,6.53,7.10,6.21
010007062,BOIRON LACHESIS 200 CH GLOBULI DOSA UNICA,Fitoterapia e Omeopatia,,13.76,14.56,12.98,13.42,12.58,13.41,12.86,12.35,12.54
010007065,BOIRON LACHESIS 200 CH GOCCE ORALI 30ML,Fitoterapia e Omeopatia,,30.64,29.80,29.74,31.94,29.83,30.02,30.36,31.91,31.41
010007068,BOIRON LACHESIS 200 CH FIALE ORALI 20 PEZZI,Fitoterapia e Omeopatia,,31.10,30.19,29.70,29.25,29.31,30.30,29.29,30.64,29.43
010007071,BOIRON LACHESIS 200 CH UNGUENTO 50G,Fitoterapia e Omeopatia,,11.00,10.32,8.87,10.20,9.50,9.97,8.71,9.16,9.57
010007074,BOIRON LACHESIS 200 CH SCIROPPO 150ML,Fitoterapia e Omeopatia,,18.22,17.97,18.05,17.98,17.73,17.89,16.94,16.15,18.03
010007077,BOIRON LACHESIS 1MK GRANULI 4G,Fitoterapia e Omeopatia,,9.70,10.72,11.55,10.99,11.17,9.64,9.91,11.15,10.83
010007080,BOIRON LACHESIS 1MK GLOBULI DOSA UNICA,Fitoterapia e Omeopatia,,27.16,28.10,28.25,28.23,26.76,27.61,27.82,26.30,27.01
010007083,BOIRON LACHESIS 1MK GOCCE ORALI 30ML,Fitoterapia e Omeopatia,,28.34,30.26,29.26,28.48,29.66,28.93,29.61,30.18,30.34
010007086,BOIRON LACHESIS 1MK FIALE ORALI 20 PEZZI,Fitoterapia e Omeopatia,,31.46,30.99,31.31,30.36,30.64,30.85,29.90,30.13,30.97
010007089,BOIRON LACHESIS 1MK UNGUENTO 50G,Fitoterapia e Omeopatia,,36.04,36.60,37.59,35.63,36.17,36.50,36.58,36.55,35.75
010007092,BOIRON LACHESIS 1MK SCIROPPO 150ML,Fitoterapia e Omeopatia,,15.17,16.57,16.77,15.33,16.08,15.07,15.58,15.25,16.24
010007095,BOIRON LACHESIS 6DH GRANULI 4G,Fitoterapia e Omeopatia,,31.61,32.29,29.95,32.02,30.74,31.37,30.33,31.40,31.44
010007098,BOIRON LACHESIS 6DH GLOBULI DOSA UNICA,Fitoterapia e Omeopatia,,10.33,9.75,9.50,9.55,9.86,10.12,10.93,9.81,8.93
010007101,BOIRON LACHESIS 6DH GOCCE ORALI 30ML,Fitoterapia e Omeopatia,,14.29,15.34,13.31,14.80,13.31,14.18,13.85,15.20,14.85
010007104,BOIRON LACHESIS 6DH FIALE ORALI 20 PEZZI,Fitoterapia e Omeopatia,,39.73,40.50,41.77,40.79,39.79,40.07,41.01,41.84,40.85
010007107,BOIRON LACHESIS 6DH UNGUENTO 50G,Fitoterapia e Omeopatia,,23.95,23.52,23.26,23.90,22.40,22.36,22.13,22.23,22.23
010007110,BOIRON LACHESIS 6DH SCIROPPO 150ML,Fitoterapia e Omeopatia,,32.22,32.53,32.75,33.94,32.46,32.40,31.77,32.73,32.03
010007113,BOIRON LACHESIS 12DH GRANULI 4G,Fitoterapia e Omeopatia,,22.79,24.26,23.81,23.71,24.74,23.53,24.84,24.78,22.78
010007116,BOIRON LACHESIS 12DH GLOBULI DOSA UNICA,Fitoterapia e Omeopatia,,12.47,13.95,12.42,12.45,13.33,12.38,12.99,12.46,12.57
010007119,BOIRON LACHESIS 12DH GOCCE ORALI 30ML,Fitoterapia e Omeopatia,,40.34,40.18,41.01,39.03,41.03,40.49,39.95,40.42,40.94
010007122,BOIRON LACHESIS 12DH FIALE ORALI 20 PEZZI,Fitoterapia e Omeopatia,,20.22,19.11,19.20,20.04,20.38,20.52,19.27,20.51,20.28
010007125,BOIRON LACHESIS 12DH UNGUENTO 50G,Fitoterapia e Omeopatia,,5.96,5.58,6.55,6.69,5.72,6.48,6.06,5.86,5.99
010007128,BOIRON LACHESIS 12DH SCIROPPO 150ML,Fitoterapia e Omeopatia,,34.90,35.15,35.93,35.60,34.72,35.35,34.00,34.57,35.73
010007131,BOIRON PETROLEUM 4 CH GRANULI 4G,Fitoterapia e Omeopatia,,31.94,30.42,30.61,30.70,31.12,30.94,30.58,30.91,32.60
010007134,BOIRON PETROLEUM 4 CH GLOBULI DOSA UNICA,Fitoterapia e Omeopatia,,28.82,28.42,27.33,29.19,27.10,29.35,28.42,28.41,27.84
010007137,BOIRON PETROLEUM 4 CH GOCCE ORALI 30ML,Fitoterapia e Omeopatia,,14.25,13.81,12.57,14.39,14.73,12.51,13.58,12.89,12.54
010007140,BOIRON PETROLEUM 4 CH FIALE ORALI 20 PEZZI,Fitoterapia e Omeopatia,,27.01,25.74,27.13,26.35,26.25,25.74,26.75,26.14,26.78
010007143,BOIRON PETROLEUM 4 CH UNGUENTO 50G,Fitoterapia e Omeopatia,,16.36,16.24,18.17,16.95,16.62,17.75,16.50,17.80,17.49
010007146,BOIRON PETROLEUM 4 CH SCIROPPO 150ML,Fitoterapia e Omeopatia,,25.88,25.75,25.43,25.86,25.22,25.50,25.34,25.95,25.96
010007149,BOIRON PETROLEUM 5 CH GRANULI 4G,Fitoterapia e Omeopatia,,9.27,10.90,9.20,9.20,9.78,10.67,11.25,9.21,11.28
010007152,BOIRON PETROLEUM 5 CH GLOBULI DOSA UNICA,Fitoterapia e Omeopatia,,41.20,39.93,41.15,41.17,41.11,39.05,41.25,40.18,39.07
010007155,BOIRON PETROLEUM 5 CH GOCCE ORALI 30ML,Fitoterapia e Omeopatia,,22.41,22.15,20.61,20.29,21.78,20.61,21.64,21.65,20.95
010007158,BOIRON PETROLEUM 5 CH FIALE ORALI 20 PEZZI,Fitoterapia e Omeopatia,,8.53,9.59,9.10,8.74,8.49,9.28,8.57,10.79,10.13
010007161,BOIRON PETROLEUM 5 CH UNGUENTO 50G,Fitoterapia e Omeopatia,,31.48,31.24,29.84,29.79,31.08,31.57,31.59,31.67,30.31
010007164,BOIRON PETROLEUM 5 CH SCIROPPO 150ML,Fitoterapia e Omeopatia,,4.48,4.92,3.78,4.63,5.72,4.08,5.54,4.31,5.60
010007167,BOIRON PETROLEUM 7 CH GRANULI 4G,Fitoterapia e Omeopatia,,17.45,16.75,17.60,18.63,16.59,17.01,16.94,18.60,18.24
010007170,BOIRON PETROLEUM 7 CH GLOBULI DOSA UNICA,Fitoterapia e Omeopatia,,18.03,18.44,17.74,17.80,17.68,18.18,18.76,18.89,19.10
010007173,BOIRON PETROLEUM 7 CH GOCCE ORALI 30ML,Fitoterapia e Omeopatia,,37.38,38.14,38.60,38.32,39.39,38.71,39.60,37.65,39.32
010007176,BOIRON PETROLEUM 7 CH FIALE ORALI 20 PEZZI,Fitoterapia e Omeopatia,,14.77,14.61,13.06,13.29,14.04,13.53,14.28,13.50,12.80
010007179,BOIRON PETROLEUM 7 CH UNGUENTO 50G,Fitoterapia e Omeopatia,,18.18,17.69,18.15,18.56,18.15,18.05,16.76,18.88,19.05
010007182,BOIRON PETROLEUM 7 CH SCIROPPO 150ML,Fitoterapia e Omeopatia,,15.30,16.53,16.92,16.31,15.47,15.07,17.01,14.99,16.42
010007185,BOIRON PETROLEUM 9 CH GRANULI 4G,Fitoterapia e Omeopatia,,32.10,32.14,31.93,31.94,32.54,32.54,33.52,33.72,33.16
010007188,BOIRON PETROLEUM 9 CH GLOBULI DOSA UNICA,Fitoterapia e Omeopatia,,28.02,27.99,28.77,29.53,28.76,29.10,29.34,29.01,29.68
010007191,BOIRON PETROLEUM 9 CH GOCCE ORALI 30ML,Fitoterapia e Omeopatia,,26.69,27.04,27.29,25.44,25.40,25.82,25.92,26.05,25.70
010007194,BOIRON PETROLEUM 9 CH FIALE ORALI 20 PEZZI,Fitoterapia e Omeopatia,,17.85,18.26,16.93,18.52,19.18,17.78,18.80,17.55,17.80
010007197,BOIRON PETROLEUM 9 CH UNGUENTO 50G,Fitoterapia e Omeopatia,,31.76,33.01,32.27,31.49,32.43,32.09,32.33,31.88,32.64
010007200,BOIRON PETROLEUM 9 CH SCIROPPO 150ML,Fitoterapia e Omeopatia,,23.00,21.88,23.31,21.16,23.32,22.72,22.40,21.86,22.52
010007203,BOIRON PETROLEUM 12 CH GRANULI 4G,Fitoterapia e Omeopatia,,31.04,29.61,31.52,31.41,30.51,30.48,30.82,31.30,29.77
010007206,BOIRON PETROLEUM 12 CH GLOBULI DOSA UNICA,Fitoterapia e Omeopatia,,17.66,17.01,16.74,16.82,18.63,18.62,18.48,18.03,16.97
010007209,BOIRON PETROLEUM 12 CH GOCCE ORALI 30ML,Fitoterapia e Omeopatia,,31.46,29.42,30.84,30.18,31.61,30.63,30.42,31.52,30.13
010007212,BOIRON PETROLEUM 12 CH FIALE ORALI 20 PEZZI,Fitoterapia e Omeopatia,,5.66,4.87,5.75,4.71,5.93,6.01,6.47,5.07,5.38
010007215,BOIRON PETROLEUM 12 CH UNGUENTO 50G,Fitoterapia e Omeopatia,,45.72,45.90,44.58,44.13,45.00,45.69,44.97,45.46,44.17
010007218,BOIRON PETROLEUM 12 CH SCIROPPO 150ML,Fitoterapia e Omeopatia,,24.90,26.60,26.62,26.74,25.14,25.16,27.01,26.57,25.41
010007221,BOIRON PETROLEUM 15 CH GRANULI 4G,Fitoterapia e Omeopatia,,32.32,32.80,32.88,31.16,32.77,31.94,31.64,30.82,31.79
010007224,BOIRON PETROLEUM 15 CH GLOBULI DOSA UNICA,Fitoterapia e Omeopatia,,16.34,17.95,17.18,16.95,18.11,17.14,16.62,17.90,16.90
010007227,BOIRON PETROLEUM 15 CH GOCCE ORALI 30ML,Fitoterapia e Omeopatia,,27.34,27.67,28.04,27.37,28.06,29.44,28.09,29.28,29.28
010007230,BOIRON PETROLEUM 15 CH FIALE ORALI 20 PEZZI,Fitoterapia e Omeopatia,,12.07,13.66,12.65,12.61,12.69,11.96,13.07,12.21,12.38
010007233,BOIRON PETROLEUM 15 CH UNGUENTO 50G,Fitoterapia e Omeopatia,,16.50,16.56,17.84,16.14,15.96,17.83,15.71,17.10,16.16
010007236,BOIRON PETROLEUM 15 CH SCIROPPO 150ML,Fitoterapia e Omeopatia,,37.19,35.47,37.44,37.12,35.66,36.52,35.93,36.98,35.78
010007239,BOIRON PETROLEUM 30 CH GRANULI 4G,Fitoterapia e Omeopatia,,10.10,9.48,10.55,9.13,8.57,10.87,9.02,9.29,9.46
010007242,BOIRON PETROLEUM 30 CH GLOBULI DOSA UNICA,Fitoterapia e Omeopatia,,39.82,40.03,40.59,41.22,40.10,40.30,40.04,40.50,41.19
010007245,BOIRON PETROLEUM 30 CH GOCCE ORALI 30ML,Fitoterapia e Omeopatia,,19.15,17.79,17.67,19.53,17.36,18.26,17.43,17.44,18.28
010007248,BOIRON PETROLEUM 30 CH FIALE ORALI 20 PEZZI,Fitoterapia e Omeopatia,,13.29,14.60,14.67,15.19,13.36,13.42,13.65,15.16,14.57
010007251,BOIRON PETROLEUM 30 CH UNGUENTO 50G,Fitoterapia e Omeopatia,,9.74,9.79,9.52,10.69,9.28,10.29,8.85,9.26,9.55
010007254,BOIRON PETROLEUM 30 CH SCIROPPO 150ML,Fitoterapia e Omeopatia,,23.94,23.07,22.83,24.25,24.10,24.87,24.48,24.23,24.21
010007257,BOIRON PETROLEUM 200 CH GRANULI 4G,Fitoterapia e Omeopatia,,22.13,23.08,22.46,22.23,23.32,24.22,22.93,23.11,23.13
010007260,BOIRON PETROLEUM 200 CH GLOBULI DOSA UNICA,Fitoterapia e Omeopatia,,19.61,19.94,19.90,20.01,18.67,19.71,18.78,18.35,18.40
010007263,BOIRON PETROLEUM 200 CH GOCCE ORALI 30ML,Fitoterapia e Omeopatia,,17.17,18.10,16.49,17.07,17.37,18.08,17.33,17.05,16.45
010007266,BOIRON PETROLEUM 200 CH FIALE ORALI 20 PEZZI,Fitoterapia e Omeopatia,,39.69,39.92,38.80,39.73,40.25,39.89,38.57,39.95,39.42
010007269,BOIRON PETROLEUM 200 CH UNGUENTO 50G,Fitoterapia e Omeopatia,,15.15,15.34,13.94,14.43,14.50,13.84,14.08,13.78,15.16
010007272,BOIRON PETROLEUM 200 CH SCIROPPO 150ML,Fitoterapia e Omeopatia,,43.10,41.44,43.33,43.38,42.44,43.57,41.47,43.29,43.61
010007275,BOIRON PETROLEUM 1MK GRANULI 4G,Fitoterapia e Omeopatia,,28.00,28.17,28.79,28.64,27.58,26.67,27.11,26.93,27.14
010007278,BOIRON PETROLEUM 1MK GLOBULI DOSA UNICA,Fitoterapia e Omeopatia,,6.37,7.63,5.76,7.31,7.52,5.71,6.19,6.63,6.66
010007281,BOIRON PETROLEUM 1MK GOCCE ORALI 30ML,Fitoterapia e Omeopatia,,43.18,42.42,42.09,42.00,42.89,43.43,42.92,42.12,41.27
010007284,BOIRON PETROLEUM 1MK FIALE ORALI 20 PEZZI,Fitoterapia e Omeopatia,,12.28,12.38,12.34,12.85,13.42,13.32,11.41,12.48,12.47
010007287,BOIRON PETROLEUM 1MK UNGUENTO 50G,Fitoterapia e Omeopatia,,35.28,35.71,36.12,36.21,36.50,35.85,35.56,34.62,35.64
010007290,BOIRON PETROLEUM 1MK SCIROPPO 150ML,Fitoterapia e Omeopatia,,17.75,17.17,17.66,18.20,17.75,17.52,17.28,19.29,17.33
010007293,BOIRON PETROLEUM 6DH GRANULI 4G,Fitoterapia e Omeopatia,,28.01,26.19,28.24,26.13,26.39,28.40,26.94,26.13,28.39
010007296,BOIRON PETROLEUM 6DH GLOBULI DOSA UNICA,Fitoterapia e Omeopatia,,34.55,32.89,34.40,34.39,35.08,34.31,35.00,33.37,32.89
010007299,BOIRON PETROLEUM 6DH GOCCE ORALI 30ML,Fitoterapia e Omeopatia,,8.60,8.29,8.24,7.26,8.42,8.06,8.13,8.29,7.99
010007302,BOIRON PETROLEUM 6DH FIALE ORALI 20 PEZZI,Fitoterapia e Omeopatia,,24.39,24.39,24.93,25.61,25.11,24.68,25.15,25.76,25.77
010007305,BOIRON PETROLEUM 6DH UNGUENTO 50G,Fitoterapia e Omeopatia,,4.95,7.11,5.98,6.50,6.28,6.76,4.97,5.85,6.33
010007308,BOIRON PETROLEUM 6DH SCIROPPO 150ML,Fitoterapia e Omeopatia,,39.08,38.98,38.28,39.31,38.55,39.37,40.33,39.64,38.34
010007311,BOIRON PETROLEUM 12DH GRANULI 4G,Fitoterapia e Omeopatia,,31.67,31.42,31.25,30.62,30.32,30.36,31.53,31.89,31.81
010007314,BOIRON PETROLEUM 12DH GLOBULI DOSA UNICA,Fitoterapia e Omeopatia,,9.12,7.97,9.99,9.10,9.14,7.85,8.83,9.87,9.57
010007317,BOIRON PETROLEUM 12DH GOCCE ORALI 30ML,Fitoterapia e Omeopatia,,7.55,5.47,6.71,6.27,6.03,6.14,5.70,7.29,7.37
010007320,BOIRON PETROLEUM 12DH FIALE ORALI 20 PEZZI,Fitoterapia e Omeopatia,,29.39,28.86,28.78,30.01,30.81,28.46,30.09,30.69,29.25
010007323,BOIRON PETROLEUM 12DH UNGUENTO 50G,Fitoterapia e Omeopatia,,19.48,19.81,19.34,20.52,19.05,20.61,19.42,19.43,20.23
010007326,BOIRON PETROLEUM 12DH SCIROPPO 150ML,Fitoterapia e Omeopatia,,13.06,13.12,13.94,12.91,14.14,12.99,11.83,13.62,13.48
010007329,ABOCA ABETE TINTURA MADRE 50ML,Fitoterapia e Omeopatia,,34.09,36.34,35.33,36.40,35.44,34.18,36.13,35.10,35.14
010007332,ERBA VITA ABETE TINTURA MADRE 50ML,Fitoterapia e Omeopatia,,6.64,6.57,6.70,8.35,6.58,8.36,7.82,8.10,8.35
010007335,SPECCHIASOL ABETE TINTURA MADRE 50ML,Fitoterapia e Omeopatia,,34.51,33.90,34.31,34.52,34.94,34.90,34.08,33.58,33.50
010007338,ABOCA ABETE MACERATO 50ML,Fitoterapia e Omeopatia,,21.23,20.89,20.81,20.75,19.09,19.18,19.83,20.98,20.18
010007341,ERBA VITA ABETE MACERATO 50ML,Fitoterapia e Omeopatia,,23.09,22.84,22.54,23.26,22.98,22.86,22.97,23.34,22.84
010007344,SPECCHIASOL ABETE MACERATO 50ML,Fitoterapia e Omeopatia,,39.31,38.68,38.05,39.01,38.76,37.88,38.04,39.60,38.13
010007347,ABOCA ABETE ESTRATTO SECCO 60 OPERCOLI,Fitoterapia e Omeopatia,,29.00,30.48,29.67,28.66,28.45,28.73,28.63,28.94,29.54
010007350,ERBA VITA ABETE ESTRATTO SECCO 60 OPERCOLI,Fitoterapia e Omeopatia,,26.69,26.15,26.66,26.87,26.21,27.40,25.94,27.13,26.08
010007353,SPECCHIASOL ABETE ESTRATTO SECCO 60 OPERCOLI,Fitoterapia e Omeopatia,,18.97,18.46,17.82,18.97,18.46,17.57,17.93,19.68,18.05
010007356,ABOCA ABETE TISANA 20 BUSTINE,Fitoterapia e Omeopatia,,32.72,31.98,31.95,33.79,32.44,33.39,32.49,32.19,33.11
010007359,ERBA VITA ABETE TISANA 20 BUSTINE,Fitoterapia e Omeopatia,,39.79,39.17,38.15,40.02,39.92,39.29,39.29,38.21,38.36
010007362,SPECCHIASOL ABETE TISANA 20 BUSTINE,Fitoterapia e Omeopatia,,34.40,34.75,36.06,35.34,36.42,34.91,34.93,35.01,36.07
010007365,ABOCA ABETE GOCCE 30ML,Fitoterapia e Omeopatia,,32.55,32.36,33.36,33.24,32.19,32.32,34.07,33.39,33.03
010007368,ERBA VITA ABETE GOCCE 30ML,Fitoterapia e Omeopatia,,13.08,12.59,12.05,13.47,11.46,13.44,12.04,12.41,12.74
010007371,SPECCHIASOL ABETE GOCCE 30ML,Fitoterapia e Omeopatia,,39.15,40.12,38.50,40.27,40.56,39.66,40.69,39.01,39.45
010007374,ABOCA ABETE SCiroppo 200ML,Fitoterapia e Omeopatia,,17.67,15.84,16.75,16.45,16.02,17.16,15.81,16.50,17.59
010007377,ERBA VITA ABETE SCiroppo 200ML,Fitoterapia e Omeopatia,,29.69,30.51,30.55,30.82,29.74,30.83,29.03,29.53,30.61
010007380,SPECCHIASOL ABETE SCiroppo 200ML,Fitoterapia e Omeopatia,,32.83,34.91,33.61,33.67,32.82,34.78,33.75,34.90,34.00
010007383,ABOCA AGLIO TINTURA MADRE 50ML,Fitoterapia e Omeopatia,,31.68,31.34,31.98,30.05,31.83,31.65,29.65,30.72,31.80
010007386,ERBA VITA AGLIO TINTURA MADRE 50ML,Fitoterapia e Omeopatia,,43.13,41.33,43.25,42.11,42.36,42.68,43.54,42.47,41.38
010007389,SPECCHIASOL AGLIO TINTURA MADRE 50ML,Fitoterapia e Omeopatia,,38.06,39.93,37.97,38.03,39.84,38.49,39.15,39.26,40.05
010007392,ABOCA AGLIO MACERATO 50ML,Fitoterapia e Omeopatia,,44.13,45.14,45.25,45.28,45.76,44.53,44.85,45.14,44.91
010007395,ERBA VITA AGLIO MACERATO 50ML,Fitoterapia e Omeopatia,,15.43,14.89,16.18,15.73,15.85,15.72,16.85,15.66,15.50
010007398,SPECCHIASOL AGLIO MACERATO 50ML,Fitoterapia e Omeopatia,,32.55,30.87,32.54,32.97,31.59,31.81,32.55,33.16,32.27
010007401,ABOCA AGLIO ESTRATTO SECCO 60 OPERCOLI,Fitoterapia e Omeopatia,,5.61,4.54,4.94,5.93,5.74,4.60,6.33,5.28,5.80
010007404,ERBA VITA AGLIO ESTRATTO SECCO 60 OPERCOLI,Fitoterapia e Omeopatia,,17.76,17.75,18.66,16.89,18.04,17.19,18.69,18.23,18.29
010007407,SPECCHIASOL AGLIO ESTRATTO SECCO 60 OPERCOLI,Fitoterapia e Omeopatia,,40.54,42.52,41.59,40.89,40.88,40.31,41.26,41.00,41.03
010007410,ABOCA AGLIO TISANA 20 BUSTINE,Fitoterapia e Omeopatia,,27.58,28.62,27.44,27.89,27.34,28.19,27.69,27.23,27.50
010007413,ERBA VITA AGLIO TISANA 20 BUSTINE,Fitoterapia e Omeopatia,,40.00,40.67,40.09,39.54,39.21,40.54,39.97,38.75,39.48
010007416,SPECCHIASOL AGLIO TISANA 20 BUSTINE,Fitoterapia e Omeopatia,,42.15,42.96,43.61,42.72,42.25,43.12,43.71,42.25,43.69
010007419,ABOCA AGLIO GOCCE 30ML,Fitoterapia e Omeopatia,,22.24,21.22,21.95,22.90,21.39,21.57,23.41,21.97,21.91
010007422,ERBA VITA AGLIO GOCCE 30ML,Fitoterapia e Omeopatia,,23.30,23.86,22.50,24.38,22.20,22.96,22.24,23.70,22.46
010007425,SPECCHIASOL AGLIO GOCCE 30ML,Fitoterapia e Omeopatia,,26.00,26.16,26.13,25.96,25.51,25.77,27.04,25.83,27.16
010007428,ABOCA AGLIO SCiroppo 200ML,Fitoterapia e Omeopatia,,6.17,5.63,6.05,6.74,5.55,6.48,5.21,5.77,5.78
010007431,ERBA VITA AGLIO SCiroppo 200ML,Fitoterapia e Omeopatia,,23.49,24.66,23.42,25.15,23.99,25.30,24.22,25.34,25.11
010007434,SPECCHIASOL AGLIO SCiroppo 200ML,Fitoterapia e Omeopatia,,23.05,22.15,23.61,23.06,21.45,22.26,22.46,23.63,22.50
010007437,ABOCA AGNOCASTO TINTURA MADRE 50ML,Fitoterapia e Omeopatia,,17.00,15.59,15.68,15.22,15.38,17.00,15.31,15.02,16.41
010007440,ERBA VITA AGNOCASTO TINTURA MADRE 50ML,Fitoterapia e Omeopatia,,4.73,4.28,5.61,5.01,5.85,5.73,5.96,3.70,5.02
010007443,SPECCHIASOL AGNOCASTO TINTURA MADRE 50ML,Fitoterapia e Omeopatia,,23.17,21.13,23.17,22.58,21.00,21.40,22.82,21.37,21.05
010007446,ABOCA AGNOCASTO MACERATO 50ML,Fitoterapia e Omeopatia,,33.77,34.69,35.49,34.17,33.90,34.79,34.02,35.47,35.15
010007449,ERBA VITA AGNOCASTO MACERATO 50ML,Fitoterapia e Omeopatia,,33.44,34.94,33.78,34.40,34.43,33.61,33.49,33.31,34.87
010007452,SPECCHIASOL AGNOCASTO MACERATO 50ML,Fitoterapia e Omeopatia,,22.01,21.55,22.10,21.86,22.53,21.22,21.90,22.76,22.60
010007455,ABOCA AGNOCASTO ESTRATTO SECCO 60 OPERCOLI,Fitoterapia e Omeopatia,,11.92,13.48,13.35,12.53,13.03,12.63,13.98,11.84,14.10
010007458,ERBA VITA AGNOCASTO ESTRATTO SECCO 60 OPERCOLI,Fitoterapia e Omeopatia,,30.92,30.04,30.56,31.40,29.81,30.56,29.39,31.63,30.29
010007461,SPECCHIASOL AGNOCASTO ESTRATTO SECCO 60 OPERCOLI,Fitoterapia e Omeopatia,,10.63,10.87,11.26,8.96,8.88,10.80,10.90,11.07,9.21
010007464,ABOCA AGNOCASTO TISANA 20 BUSTINE,Fitoterapia e Omeopatia,,44.50,43.49,42.96,43.62,45.04,44.08,44.38,43.71,44.74
010007467,ERBA VITA AGNOCASTO TISANA 20 BUSTINE,Fitoterapia e Omeopatia,,19.06,20.12,20.16,20.27,19.30,19.55,20.21,18.98,18.34
010007470,SPECCHIASOL AGNOCASTO TISANA 20 BUSTINE,Fitoterapia e Omeopatia,,44.31,43.95,43.42,43.68,42.33,42.26,43.21,42.14,42.68
010007473,ABOCA AGNOCASTO GOCCE 30ML,Fitoterapia e Omeopatia,,41.14,40.70,40.45,39.31,40.26,40.25,41.14,39.70,39.71
010007476,ERBA VITA AGNOCASTO GOCCE 30ML,Fitoterapia e Omeopatia,,33.46,32.58,32.80,31.96,32.49,33.28,33.14,32.92,31.73
010007479,SPECCHIASOL AGNOCASTO GOCCE 30ML,Fitoterapia e Omeopatia,,5.46,5.93,4.17,5.64,4.42,5.40,3.89,4.10,5.50
010007482,ABOCA AGNOCASTO SCiroppo 200ML,Fitoterapia e Omeopatia,,26.85,24.93,24.72,25.05,26.50,25.58,24.84,27.06,25.74
010007485,ERBA VITA AGNOCASTO SCiroppo 200ML,Fitoterapia e Omeopatia,,21.63,21.36,21.73,21.59,21.47,20.71,21.93,21.44,20.21
010007488,SPECCHIASOL AGNOCASTO SCiroppo 200ML,Fitoterapia e Omeopatia,,32.64,32.61,32.02,32.10,32.58,32.47,32.58,32.67,31.46
010007491,ABOCA ALTEA TINTURA MADRE 50ML,Fitoterapia e Omeopatia,,22.19,22.13,22.65,21.27,20.82,21.55,22.05,22.54,22.12
010007494,ERBA VITA ALTEA TINTURA MADRE 50ML,Fitoterapia e Omeopatia,,19.19,18.19,19.57,17.38,18.69,19.55,18.84,19.34,17.71
010007497,SPECCHIASOL ALTEA TINTURA MADRE 50ML,Fitoterapia e Omeopatia,,23.74,24.97,24.35,24.72,25.44,25.33,25.28,24.01,24.36
010007500,ABOCA ALTEA MACERATO 50ML,Fitoterapia e Omeopatia,,11.91,11.93,10.43,11.82,10.95,10.49,10.42,10.50,10.50
010007503,ERBA VITA ALTEA MACERATO 50ML,Fitoterapia e Omeopatia,,6.42,6.50,4.94,5.01,4.70,6.43,5.98,5.44,6.70
010007506,SPECCHIASOL ALTEA MACERATO 50ML,Fitoterapia e Omeopatia,,15.31,17.08,16.64,16.49,16.16,17.42,17.14,15.37,16.91
010007509,ABOCA ALTEA ESTRATTO SECCO 60 OPERCOLI,Fitoterapia e Omeopatia,,6.65,6.33,7.06,6.65,6.60,6.32,6.04,7.82,6.80
010007512,ERBA VITA ALTEA ESTRATTO SECCO 60 OPERCOLI,Fitoterapia e Omeopatia,,11.29,11.85,11.97,12.65,12.62,11.54,10.58,10.86,12.36
010007515,SPECCHIASOL ALTEA ESTRATTO SECCO 60 OPERCOLI,Fitoterapia e Omeopatia,,14.83,15.54,16.92,17.10,15.70,17.10,16.90,16.20,15.01
010007518,ABOCA ALTEA TISANA 20 BUSTINE,Fitoterapia e Omeopatia,,4.79,6.62,5.97,7.06,6.59,6.15,5.17,7.04,6.63
010007521,ERBA VITA ALTEA TISANA 20 BUSTINE,Fitoterapia e Omeopatia,,26.29,24.66,26.05,25.24,25.04,25.75,26.69,26.26,25.81
010007524,SPECCHIASOL ALTEA TISANA 20 BUSTINE,Fitoterapia e Omeopatia,,27.13,28.64,28.62,27.68,26.93,28.61,28.17,28.42,26.87
010007527,ABOCA ALTEA GOCCE 30ML,Fitoterapia e Omeopatia,,38.35,37.63,38.94,38.09,37.77,37.56,38.17,37.71,37.51
010007530,ERBA VITA ALTEA GOCCE 30ML,Fitoterapia e Omeopatia,,14.33,14.55,14.04,14.74,15.55,15.49,14.54,14.37,13.67
010007533,SPECCHIASOL ALTEA GOCCE 30ML,Fitoterapia e Omeopatia,,27.80,26.24,26.46,26.71,25.86,26.83,26.32,26.43,27.13
010007536,ABOCA ALTEA SCiroppo 200ML,Fitoterapia e Omeopatia,,44.45,43.16,43.03,44.13,42.62,44.05,44.50,44.01,42.63
010007539,ERBA VITA ALTEA SCiroppo 200ML,Fitoterapia e Omeopatia,,25.83,25.81,26.65,25.70,26.63,26.16,24.79,26.26,24.78
010007542,SPECCHIASOL ALTEA SCiroppo 200ML,Fitoterapia e Omeopatia,,26.12,26.71,25.79,26.00,27.03,26.77,25.36,27.18,25.80
010007545,ABOCA AMAMELIDE TINTURA MADRE 50ML,Fitoterapia e Omeopatia,,35.92,35.83,37.08,35.71,36.95,36.39,37.37,36.14,37.40
010007548,ERBA VITA AMAMELIDE TINTURA MADRE 50ML,Fitoterapia e Omeopatia,,13.78,15.14,13.30,14.95,14.28,15.19,14.50,15.34,13.95
010007551,SPECCHIASOL AMAMELIDE TINTURA MADRE 50ML,Fitoterapia e Omeopatia,,35.18,35.00,35.65,35.63,36.47,36.79,35.64,35.98,37.22
010007554,ABOCA AMAMELIDE MACERATO 50ML,Fitoterapia e Omeopatia,,11.81,9.74,10.23,10.42,11.32,11.47,10.94,11.12,10.00
010007557,ERBA VITA AMAMELIDE MACERATO 50ML,Fitoterapia e Omeopatia,,9.17,8.24,7.52,9.68,7.51,9.11,8.82,8.53,9.61
010007560,SPECCHIASOL AMAMELIDE MACERATO 50ML,Fitoterapia e Omeopatia,,27.67,25.52,27.73,25.97,25.54,25.90,26.79,25.91,27.16
010007563,ABOCA AMAMELIDE ESTRATTO SECCO 60 OPERCOLI,Fitoterapia e Omeopatia,,13.10,12.96,12.97,12.79,13.41,13.31,12.50,11.64,13.76
010007566,ERBA VITA AMAMELIDE ESTRATTO SECCO 60 OPERCOLI,Fitoterapia e Omeopatia,,6.05,6.75,6.42,5.95,5.78,7.68,5.91,5.97,5.79
010007569,SPECCHIASOL AMAMELIDE ESTRATTO SECCO 60 OPERCOLI,Fitoterapia e Omeopatia,,26.11,26.47,26.47,24.44,24.67,26.19,25.33,26.64,25.58
010007572,ABOCA AMAMELIDE TISANA 20 BUSTINE,Fitoterapia e Omeopatia,,35.20,34.16,34.38,35.49,34.76,34.93,35.42,35.19,36.00
010007575,ERBA VITA AMAMELIDE TISANA 20 BUSTINE,Fitoterapia e Omeopatia,,33.47,33.40,32.21,32.39,32.98,33.96,32.37,34.09,33.38
010007578,SPECCHIASOL AMAMELIDE TISANA 20 BUSTINE,Fitoterapia e Omeopatia,,8.02,7.97,8.25,7.17,8.56,7.44,6.86,8.59,6.87
010007581,ABOCA AMAMELIDE GOCCE 30ML,Fitoterapia e Omeopatia,,22.11,22.57,21.41,22.11,23.06,22.56,22.27,21.78,21.84
010007584,ERBA VITA AMAMELIDE GOCCE 30ML,Fitoterapia e Omeopatia,,10.77,9.66,11.97,11.83,10.04,10.26,11.87,9.69,11.93
010007587,SPECCHIASOL AMAMELIDE GOCCE 30ML,Fitoterapia e Omeopatia,,25.14,24.63,22.91,23.61,24.85,23.82,23.40,23.67,23.31
010007590,ABOCA AMAMELIDE SCiroppo 200ML,Fitoterapia e Omeopatia,,21.80,22.48,23.13,22.42,22.66,21.97,23.00,23.19,22.95
010007593,ERBA VITA AMAMELIDE SCiroppo 200ML,Fitoterapia e Omeopatia,,39.81,40.93,40.91,40.94,38.90,40.92,41.00,41.15,40.29
010007596,SPECCHIASOL AMAMELIDE SCiroppo 200ML,Fitoterapia e Omeopatia,,17.85,16.41,16.46,17.65,16.24,16.28,16.96,16.81,18.33
010007599,ABOCA ANANAS TINTURA MADRE 50ML,Fitoterapia e Omeopatia,,41.41,42.78,40.66,42.18,40.45,42.19,42.37,40.80,41.72
010007602,ERBA VITA ANANAS TINTURA MADRE 50ML,Fitoterapia e Omeopatia,,34.45,35.42,34.88,35.34,36.00,33.84,34.95,35.02,34.17
010007605,SPECCHIASOL ANANAS TINTURA MADRE 50ML,Fitoterapia e Omeopatia,,11.71,10.80,11.42,10.64,10.68,10.41,11.33,11.63,10.89
010007608,ABOCA ANANAS MACERATO 50ML,Fitoterapia e Omeopatia,,4.05,5.12,4.24,5.23,4.51,4.92,4.46,4.49,4.78
010007611,ERBA VITA ANANAS MACERATO 50ML,Fitoterapia e Omeopatia,,26.08,27.99,27.08,27.16,28.15,27.89,28.15,26.31,26.52
010007614,SPECCHIASOL ANANAS MACERATO 50ML,Fitoterapia e Omeopatia,,25.37,26.21,26.89,25.39,25.52,25.55,26.68,25.37,26.09
010007617,ABOCA ANANAS ESTRATTO SECCO 60 OPERCOLI,Fitoterapia e Omeopatia,,35.30,35.17,34.68,34.35,35.30,34.80,34.49,34.86,36.21
010007620,ERBA VITA ANANAS ESTRATTO SECCO 60 OPERCOLI,Fitoterapia e Omeopatia,,8.08,7.69,7.22,8.78,7.38,7.55,7.02,8.18,7.45
010007623,SPECCHIASOL ANANAS ESTRATTO SECCO 60 OPERCOLI,Fitoterapia e Omeopatia,,29.63,28.34,30.00,28.55,30.15,29.60,28.73,30.48,29.32
010007626,ABOCA ANANAS TISANA 20 BUSTINE,Fitoterapia e Omeopatia,,44.82,44.92,44.10,44.15,45.12,45.12,44.98,45.37,44.63
010007629,ERBA VITA ANANAS TISANA 20 BUSTINE,Fitoterapia e Omeopatia,,20.26,19.26,19.19,20.90,18.85,19.15,19.29,19.97,18.85
010007632,SPECCHIASOL ANANAS TISANA 20 BUSTINE,Fitoterapia e Omeopatia,,18.53,17.68,19.00,18.85,17.93,18.32,18.61,18.31,18.59
010007635,ABOCA ANANAS GOCCE 30ML,Fitoterapia e Omeopatia,,33.82,33.90,33.69,32.69,34.17,34.04,33.91,32.64,34.44
010007638,ERBA VITA ANANAS GOCCE 30ML,Fitoterapia e Omeopatia,,25.76,26.41,27.71,26.30,27.59,26.50,27.54,27.73,25.77
010007641,SPECCHIASOL ANANAS GOCCE 30ML,Fitoterapia e Omeopatia,,38.15,37.99,38.68,38.35,37.39,38.73,37.05,38.24,37.60
010007644,ABOCA ANANAS SCiroppo 200ML,Fitoterapia e Omeopatia,,27.13,26.40,26.76,28.31,26.33,27.94,27.25,27.52,26.14
010007647,ERBA VITA ANANAS SCiroppo 200ML,Fitoterapia e Omeopatia,,37.81,38.40,38.68,39.69,38.94,38.46,39.50,39.23,39.75
010007650,SPECCHIASOL ANANAS SCiroppo 200ML,Fitoterapia e Omeopatia,,13.27,11.53,11.32,11.52,12.21,12.95,12.24,11.28,11.26
010007653,ABOCA ANGELICA TINTURA MADRE 50ML,Fitoterapia e Omeopatia,,36.88,36.33,38.07,38.09,36.88,36.57,37.97,37.47,37.14
010007656,ERBA VITA ANGELICA TINTURA MADRE 50ML,Fitoterapia e Omeopatia,,34.14,33.97,35.35,34.63,33.47,34.90,35.29,35.46,35.12
010007659,SPECCHIASOL ANGELICA TINTURA MADRE 50ML,Fitoterapia e Omeopatia,,43.39,41.76,43.78,43.94,41.89,42.19,43.24,43.04,41.94
010007662,ABOCA ANGELICA MACERATO 50ML,Fitoterapia e Omeopatia,,23.57,25.45,24.09,25.64,23.89,23.65,25.86,25.59,23.94
010007665,ERBA VITA ANGELICA MACERATO 50ML,Fitoterapia e Omeopatia,,30.66,31.65,32.59,32.25,31.48,30.98,31.09,32.97,32.76
010007668,SPECCHIASOL ANGELICA MACERATO 50ML,Fitoterapia e Omeopatia,,28.06,27.43,28.31,27.65,26.33,26.61,26.46,27.00,28.28
010007671,ABOCA ANGELICA ESTRATTO SECCO 60 OPERCOLI,Fitoterapia e Omeopatia,,9.23,10.40,10.59,9.57,10.26,10.25,10.67,9.44,9.55
010007674,ERBA VITA ANGELICA ESTRATTO SECCO 60 OPERCOLI,Fitoterapia e Omeopatia,,27.30,28.21,28.85,29.32,27.03,28.25,29.10,27.88,28.48
010007677,SPECCHIASOL ANGELICA ESTRATTO SECCO 60 OPERCOLI,Fitoterapia e Omeopatia,,3.90,4.13,5.86,5.80,5.98,6.25,5.42,5.16,4.52
010007680,ABOCA ANGELICA TISANA 20 BUSTINE,Fitoterapia e Omeopatia,,39.83,39.82,38.20,38.52,38.70,39.09,38.01,38.95,38.55
010007683,ERBA VITA ANGELICA TISANA 20 BUSTINE,Fitoterapia e Omeopatia,,21.52,21.76,21.48,21.09,21.22,20.83,21.03,22.31,20.06
010007686,SPECCHIASOL ANGELICA TISANA 20 BUSTINE,Fitoterapia e Omeopatia,,18.19,19.00,20.09,19.89,18.10,17.95,19.84,19.76,19.43
010007689,ABOCA ANGELICA GOCCE 30ML,Fitoterapia e Omeopatia,,45.00,44.01,45.01,43.97,44.38,44.85,44.25,44.52,44.14
010007692,ERBA VITA ANGELICA GOCCE 30ML,Fitoterapia e Omeopatia,,5.34,5.13,6.19,4.60,3.90,4.37,4.99,5.24,4.87
010007695,SPECCHIASOL ANGELICA GOCCE 30ML,Fitoterapia e Omeopatia,,37.02,35.25,34.85,35.91,36.94,34.74,35.12,36.04,36.57
010007698,ABOCA ANGELICA SCiroppo 200ML,Fitoterapia e Omeopatia,,29.69,28.25,28.03,29.23,29.17,28.97,28.35,28.30,28.22
010007701,ERBA VITA ANGELICA SCiroppo 200ML,Fitoterapia e Omeopatia,,35.06,36.80,35.01,36.48,36.35,35.79,35.29,35.71,36.44
010007704,SPECCHIASOL ANGELICA SCiroppo 200ML,Fitoterapia e Omeopatia,,31.57,31.66,32.38,32.14,30.50,31.15,31.83,32.43,30.94
010007707,ABOCA ANICE TINTURA MADRE 50ML,Fitoterapia e Omeopatia,,14.58,15.67,15.67,14.36,13.98,14.72,14.52,14.07,14.00
010007710,ERBA VITA ANICE TINTURA MADRE 50ML,Fitoterapia e Omeopatia,,17.59,16.29,16.23,16.17,18.12,17.52,17.14,18.16,17.04
010007713,SPECCHIASOL ANICE TINTURA MADRE 50ML,Fitoterapia e Omeopatia,,28.28,28.85,28.70,30.05,29.24,28.90,28.05,30.11,28.25
010007716,ABOCA ANICE MACERATO 50ML,Fitoterapia e Omeopatia,,20.01,20.12,20.10,20.04,19.45,21.10,21.39,21.26,21.00
010007719,ERBA VITA ANICE MACERATO 50ML,Fitoterapia e Omeopatia,,13.51,12.25,13.02,13.71,12.46,12.23,11.82,13.47,13.55
010007722,SPECCHIASOL ANICE MACERATO 50ML,Fitoterapia e Omeopatia,,28.35,30.07,29.32,29.83,28.19,28.71,28.79,29.14,27.81
010007725,ABOCA ANICE ESTRATTO SECCO 60 OPERCOLI,Fitoterapia e Omeopatia,,43.29,43.00,42.80,42.95,43.10,42.30,43.91,43.48,43.84
010007728,ERBA VITA ANICE ESTRATTO SECCO 60 OPERCOLI,Fitoterapia e Omeopatia,,15.49,15.13,14.77,16.17,16.04,16.09,14.88,14.58,14.71
010007731,SPECCHIASOL ANICE ESTRATTO SECCO 60 OPERCOLI,Fitoterapia e Omeopatia,,6.37,7.90,7.03,5.95,6.42,6.22,6.97,7.57,8.03
010007734,ABOCA ANICE TISANA 20 BUSTINE,Fitoterapia e Omeopatia,,30.03,31.45,30.40,31.00,30.33,29.23,29.73,29.94,30.11
010007737,ERBA VITA ANICE TISANA 20 BUSTINE,Fitoterapia e Omeopatia,,6.44,6.48,5.06,5.23,6.72,5.40,5.49,6.31,6.59
010007740,SPECCHIASOL ANICE TISANA 20 BUSTINE,Fitoterapia e Omeopatia,,33.68,31.66,32.18,31.67,31.53,32.14,32.42,32.44,32.79
010007743,ABOCA ANICE GOCCE 30ML,Fitoterapia e Omeopatia,,14.49,13.96,16.26,15.74,15.22,14.39,16.04,14.68,15.29
010007746,ERBA VITA ANICE GOCCE 30ML,Fitoterapia e Omeopatia,,12.89,13.06,11.98,13.49,12.73,13.96,12.86,12.69,12.45
010007749,SPECCHIASOL ANICE GOCCE 30ML,Fitoterapia e Omeopatia,,15.64,14.82,15.16,14.91,13.99,13.36,14.65,14.67,14.02
010007752,ABOCA ANICE SCiroppo 200ML,Fitoterapia e Omeopatia,,44.84,44.36,44.49,43.47,44.38,44.46,43.64,43.84,44.01
010007755,ERBA VITA ANICE SCiroppo 200ML,Fitoterapia e Omeopatia,,43.90,45.21,45.77,45.40,45.76,44.43,44.43,45.06,45.26
010007758,SPECCHIASOL ANICE SCiroppo 200ML,Fitoterapia e Omeopatia,,28.61,28.48,29.64,28.73,29.34,29.96,29.61,28.92,28.69
010007761,ABOCA BARDANA TINTURA MADRE 50ML,Fitoterapia e Omeopatia,,24.30,23.65,23.79,25.41,23.78,23.67,25.17,24.14,24.41
010007764,ERBA VITA BARDANA TINTURA MADRE 50ML,Fitoterapia e Omeopatia,,25.25,23.96,23.50,25.27,24.79,24.72,24.27,24.86,25.45
010007767,SPECCHIASOL BARDANA TINTURA MADRE 50ML,Fitoterapia e Omeopatia,,25.50,25.06,25.29,24.75,25.00,24.72,23.46,24.00,23.66
010007770,ABOCA BARDANA MACERATO 50ML,Fitoterapia e Omeopatia,,11.70,12.52,12.37,13.08,11.47,12.61,11.72,12.30,11.32
010007773,ERBA VITA BARDANA MACERATO 50ML,Fitoterapia e Omeopatia,,9.59,10.50,9.44,9.22,8.24,10.24,9.30,8.22,10.16
010007776,SPECCHIASOL BARDANA MACERATO 50ML,Fitoterapia e Omeopatia,,29.44,29.73,29.32,30.65,29.51,30.92,30.43,29.52,30.41
010007779,ABOCA BARDANA ESTRATTO SECCO 60 OPERCOLI,Fitoterapia e Omeopatia,,36.80,36.96,36.79,38.46,37.47,38.42,38.28,38.46,37.20
010007782,ERBA VITA BARDANA ESTRATTO SECCO 60 OPERCOLI,Fitoterapia e Omeopatia,,22.47,23.11,21.63,22.88,22.46,21.56,21.51,22.21,21.44
010007785,SPECCHIASOL BARDANA ESTRATTO SECCO 60 OPERCOLI,Fitoterapia e Omeopatia,,7.62,6.64,8.24,8.73,6.69,8.86,7.35,8.07,8.45
010007788,ABOCA BARDANA TISANA 20 BUSTINE,Fitoterapia e Omeopatia,,15.19,15.86,15.49,14.46,15.80,15.97,16.27,16.13,14.57
010007791,ERBA VITA BARDANA TISANA 20 BUSTINE,Fitoterapia e Omeopatia,,7.22,8.46,7.80,8.28,7.72,8.30,7.54,7.23,7.37
010007794,SPECCHIASOL BARDANA TISANA 20 BUSTINE,Fitoterapia e Omeopatia,,5.28,6.11,3.88,6.10,6.01,6.23,5.71,5.07,4.91
010007797,ABOCA BARDANA GOCCE 30ML,Fitoterapia e Omeopatia,,44.36,43.82,44.61,45.39,45.17,45.17,44.68,44.69,43.83
010007800,ERBA VITA BARDANA GOCCE 30ML,Fitoterapia e Omeopatia,,41.88,43.59,41.97,42.03,41.34,41.34,43.08,42.55,41.43
010007803,SPECCHIASOL BARDANA GOCCE 30ML,Fitoterapia e Omeopatia,,39.03,38.55,38.12,37.28,37.22,38.28,37.27,37.98,37.05
010007806,ABOCA BARDANA SCiroppo 200ML,Fitoterapia e Omeopatia,,10.38,10.14,10.46,10.43,11.28,10.83,10.51,10.31,10.01
010007809,ERBA VITA BARDANA SCiroppo 200ML,Fitoterapia e Omeopatia,,3.67,5.97,5.05,5.89,5.66,5.08,3.68,4.73,4.30
010007812,SPECCHIASOL BARDANA SCiroppo 200ML,Fitoterapia e Omeopatia,,39.02,39.32,38.29,37.85,39.48,38.17,39.97,38.78,39.67
010007815,ABOCA BETULLA TINTURA MADRE 50ML,Fitoterapia e Omeopatia,,11.30,10.32,11.62,11.54,10.76,10.64,11.92,10.44,11.09
010007818,ERBA VITA BETULLA TINTURA MADRE 50ML,Fitoterapia e Omeopatia,,10.38,10.25,10.16,9.90,11.75,9.72,10.54,11.84,11.66
010007821,SPECCHIASOL BETULLA TINTURA MADRE 50ML,Fitoterapia e Omeopatia,,38.36,38.94,39.35,39.07,39.87,38.56,39.12,38.04,37.87
010007824,ABOCA BETULLA MACERATO 50ML,Fitoterapia e Omeopatia,,45.32,44.78,43.49,43.23,44.91,44.42,44.77,44.75,44.00
010007827,ERBA VITA BETULLA MACERATO 50ML,Fitoterapia e Omeopatia,,25.82,25.71,26.61,27.76,27.36,26.87,27.38,27.76,27.15
010007830,SPECCHIASOL BETULLA MACERATO 50ML,Fitoterapia e Omeopatia,,11.05,10.69,9.36,9.55,9.87,10.12,9.40,10.90,11.02
010007833,ABOCA BETULLA ESTRATTO SECCO 60 OPERCOLI,Fitoterapia e Omeopatia,,39.47,38.64,37.26,37.27,38.46,37.70,37.63,39.50,37.86
010007836,ERBA VITA BETULLA ESTRATTO SECCO 60 OPERCOLI,Fitoterapia e Omeopatia,,33.71,34.11,35.22,35.38,34.09,33.97,34.61,35.82,34.77
010007839,SPECCHIASOL BETULLA ESTRATTO SECCO 60 OPERCOLI,Fitoterapia e Omeopatia,,31.71,33.22,33.16,32.11,32.73,33.38,33.73,33.19,32.92
010007842,ABOCA BETULLA TISANA 20 BUSTINE,Fitoterapia e Omeopatia,,8.64,7.87,8.82,7.35,7.87,8.79,9.38,9.73,7.53
010007845,ERBA VITA BETULLA TISANA 20 BUSTINE,Fitoterapia e Omeopatia,,43.80,45.13,45.91,45.76,44.88,44.82,45.88,45.76,44.59
010007848,SPECCHIASOL BETULLA TISANA 20 BUSTINE,Fitoterapia e Omeopatia,,22.59,24.45,23.45,22.84,22.73,23.91,22.84,22.44,22.29
010007851,ABOCA BETULLA GOCCE 30ML,Fitoterapia e Omeopatia,,21.07,20.84,21.63,20.53,21.58,21.68,22.16,22.47,20.72
010007854,ERBA VITA BETULLA GOCCE 30ML,Fitoterapia e Omeopatia,,34.15,33.95,34.43,34.21,33.35,32.12,32.94,32.48,33.47
010007857,SPECCHIASOL BETULLA GOCCE 30ML,Fitoterapia e Omeopatia,,7.87,8.40,6.19,7.07,7.92,6.07,6.14,6.91,7.13
010007860,ABOCA BETULLA SCiroppo 200ML,Fitoterapia e Omeopatia,,26.40,25.29,25.87,25.17,26.49,25.09,24.92,25.34,26.06
010007863,ERBA VITA BETULLA SCiroppo 200ML,Fitoterapia e Omeopatia,,30.25,30.58,32.09,31.09,32.09,30.20,31.79,31.20,30.67
010007866,SPECCHIASOL BETULLA SCiroppo 200ML,Fitoterapia e Omeopatia,,16.02,14.17,15.15,13.93,14.75,13.77,14.68,14.75,15.65
010007869,ABOCA BIANCOSPINO TINTURA MADRE 50ML,Fitoterapia e Omeopatia,,32.84,31.51,32.63,32.76,31.82,31.90,31.17,32.56,32.49
010007872,ERBA VITA BIANCOSPINO TINTURA MADRE 50ML,Fitoterapia e Omeopatia,,38.83,38.39,37.83,38.22,37.39,38.93,37.82,36.93,37.03
010007875,SPECCHIASOL BIANCOSPINO TINTURA MADRE 50ML,Fitoterapia e Omeopatia,,5.10,3.63,4.81,4.72,4.06,3.42,4.11,4.63,4.58
010007878,ABOCA BIANCOSPINO MACERATO 50ML,Fitoterapia e Omeopatia,,8.19,7.85,6.75,7.52,7.42,6.64,8.78,6.89,7.59
010007881,ERBA VITA BIANCOSPINO MACERATO 50ML,Fitoterapia e Omeopatia,,8.40,7.90,7.85,8.64,8.60,8.41,7.21,7.05,9.14
010007884,SPECCHIASOL BIANCOSPINO MACERATO 50ML,Fitoterapia e Omeopatia,,41.33,39.86,40.57,40.54,40.63,39.41,39.85,39.75,39.57
010007887,ABOCA BIANCOSPINO ESTRATTO SECCO 60 OPERCOLI,Fitoterapia e Omeopatia,,40.91,40.72,39.25,38.74,39.13,40.73,40.31,39.87,39.34
010007890,ERBA VITA BIANCOSPINO ESTRATTO SECCO 60 OPERCOLI,Fitoterapia e Omeopatia,,20.89,22.83,22.81,22.58,22.56,20.83,22.56,21.12,22.25
010007893,SPECCHIASOL BIANCOSPINO ESTRATTO SECCO 60 OPERCOLI,Fitoterapia e Omeopatia,,35.47,37.31,37.30,35.42,36.47,36.02,37.10,35.49,37.67
010007896,ABOCA BIANCOSPINO TISANA 20 BUSTINE,Fitoterapia e Omeopatia,,37.80,38.33,36.91,38.63,37.08,37.56,37.41,38.43,37.31
010007899,ERBA VITA BIANCOSPINO TISANA 20 BUSTINE,Fitoterapia e Omeopatia,,26.07,25.69,24.44,24.83,24.31,25.78,25.75,24.26,25.07
010007902,SPECCHIASOL BIANCOSPINO TISANA 20 BUSTINE,Fitoterapia e Omeopatia,,29.13,28.94,29.25,28.29,28.63,28.49,28.26,28.35,29.12
010007905,ABOCA BIANCOSPINO GOCCE 30ML,Fitoterapia e Omeopatia,,29.67,28.55,28.01,27.74,29.46,29.31,28.74,29.75,28.84
010007908,ERBA VITA BIANCOSPINO GOCCE 30ML,Fitoterapia e Omeopatia,,36.87,36.25,35.76,35.94,36.88,36.46,35.30,35.57,35.83
010007911,SPECCHIASOL BIANCOSPINO GOCCE 30ML,Fitoterapia e Omeopatia,,22.86,21.11,22.70,21.40,22.88,21.51,21.19,21.26,21.27
010007914,ABOCA BIANCOSPINO SCiroppo 200ML,Fitoterapia e Omeopatia,,9.74,8.93,8.74,9.73,10.17,9.33,10.89,8.92,8.91
010007917,ERBA VITA BIANCOSPINO SCiroppo 200ML,Fitoterapia e Omeopatia,,13.80,14.22,13.18,13.43,14.47,13.77,13.76,13.91,15.38
010007920,SPECCHIASOL BIANCOSPINO SCiroppo 200ML,Fitoterapia e Omeopatia,,13.94,13.53,13.47,13.79,14.92,13.69,13.64,14.79,14.24
010007923,ABOCA CALENDULA TINTURA MADRE 50ML,Fitoterapia e Omeopatia,,26.52,26.58,24.50,24.32,26.30,25.64,25.43,24.87,26.68
010007926,ERBA VITA CALENDULA TINTURA MADRE 50ML,Fitoterapia e Omeopatia,,38.44,37.62,37.20,38.19,39.36,37.91,38.91,39.42,38.55
010007929,SPECCHIASOL CALENDULA TINTURA MADRE 50ML,Fitoterapia e Omeopatia,,45.46,45.61,45.71,44.60,44.22,44.55,43.77,44.35,45.37
010007932,ABOCA CALENDULA MACERATO 50ML,Fitoterapia e Omeopatia,,7.59,8.20,8.43,7.15,7.11,7.32,8.37,8.47,7.53
010007935,ERBA VITA CALENDULA MACERATO 50ML,Fitoterapia e Omeopatia,,23.81,24.27,23.06,23.04,23.60,22.90,23.04,23.79,23.49
010007938,SPECCHIASOL CALENDULA MACERATO 50ML,Fitoterapia e Omeopatia,,31.07,31.35,31.43,30.68,31.98,32.19,32.02,30.13,32.25
010007941,ABOCA CALENDULA ESTRATTO SECCO 60 OPERCOLI,Fitoterapia e Omeopatia,,42.99,43.23,44.00,44.59,43.38,44.70,44.83,42.94,42.81
010007944,ERBA VITA CALENDULA ESTRATTO SECCO 60 OPERCOLI,Fitoterapia e Omeopatia,,29.96,28.93,31.09,28.86,28.75,30.56,29.35,29.96,29.20
010007947,SPECCHIASOL CALENDULA ESTRATTO SECCO 60 OPERCOLI,Fitoterapia e Omeopatia,,26.99,27.34,26.12,25.34,27.36,26.46,25.87,27.59,26.45
010007950,ABOCA CALENDULA TISANA 20 BUSTINE,Fitoterapia e Omeopatia,,18.34,17.60,18.56,18.28,17.41,18.34,19.26,17.32,19.38
010007953,ERBA VITA CALENDULA TISANA 20 BUSTINE,Fitoterapia e Omeopatia,,8.00,9.09,7.44,8.80,7.69,8.14,7.40,7.95,7.87
010007956,SPECCHIASOL CALENDULA TISANA 20 BUSTINE,Fitoterapia e Omeopatia,,16.19,16.82,16.33,15.92,15.24,15.48,17.01,16.95,16.35
010007959,ABOCA CALENDULA GOCCE 30ML,Fitoterapia e Omeopatia,,26.18,27.16,25.51,27.63,27.12,25.53,27.23,27.64,26.27
010007962,ERBA VITA CALENDULA GOCCE 30ML,Fitoterapia e Omeopatia,,19.99,18.97,20.61,20.51,19.24,20.56,19.81,21.22,19.61
010007965,SPECCHIASOL CALENDULA GOCCE 30ML,Fitoterapia e Omeopatia,,44.52,43.95,44.97,44.87,44.17,43.18,45.03,43.54,43.86
010007968,ABOCA CALENDULA SCiroppo 200ML,Fitoterapia e Omeopatia,,28.31,29.50,28.35,29.32,28.54,29.80,30.36,29.58,28.31
010007971,ERBA VITA CALENDULA SCiroppo 200ML,Fitoterapia e Omeopatia,,9.52,8.86,8.84,9.61,10.60,10.33,9.54,10.50,9.13
010007974,SPECCHIASOL CALENDULA SCiroppo 200ML,Fitoterapia e Omeopatia,,13.73,12.56,12.76,14.01,13.94,13.56,14.40,12.52,13.38
010007977,ABOCA CARCIOFO TINTURA MADRE 50ML,Fitoterapia e Omeopatia,,9.14,7.65,9.51,9.26,8.10,8.40,8.19,7.75,9.64
010007980,ERBA VITA CARCIOFO TINTURA MADRE 50ML,Fitoterapia e Omeopatia,,45.24,44.67,45.37,43.14,43.77,43.17,44.30,44.67,44.27
010007983,SPECCHIASOL CARCIOFO TINTURA MADRE 50ML,Fitoterapia e Omeopatia,,14.45,13.49,13.91,14.45,14.04,14.54,14.53,12.86,12.39
010007986,ABOCA CARCIOFO MACERATO 50ML,Fitoterapia e Omeopatia,,25.69,24.71,25.10,24.21,26.11,26.40,25.08,24.18,24.70
010007989,ERBA VITA CARCIOFO MACERATO 50ML,Fitoterapia e Omeopatia,,43.14,42.97,42.01,42.15,42.87,41.21,42.86,43.14,43.07
010007992,SPECCHIASOL CARCIOFO MACERATO 50ML,Fitoterapia e Omeopatia,,30.52,30.40,28.55,30.09,28.71,29.58,28.90,29.84,28.24
010007995,ABOCA CARCIOFO ESTRATTO SECCO 60 OPERCOLI,Fitoterapia e Omeopatia,,30.45,32.47,30.91,30.19,31.92,30.95,30.71,31.39,32.16
010007998,ERBA VITA CARCIOFO ESTRATTO SECCO 60 OPERCOLI,Fitoterapia e Omeopatia,,9.76,9.61,8.39,8.65,10.07,9.51,8.29,9.29,9.50
010008001,SPECCHIASOL CARCIOFO ESTRATTO SECCO 60 OPERCOLI,Fitoterapia e Omeopatia,,30.03,29.21,30.72,30.33,29.19,30.47,28.82,28.48,29.94
010008004,ABOCA CARCIOFO TISANA 20 BUSTINE,Fitoterapia e Omeopatia,,22.02,21.53,21.55,21.65,22.82,22.65,22.33,22.67,22.50
010008007,ERBA VITA CARCIOFO TISANA 20 BUSTINE,Fitoterapia e Omeopatia,,6.96,6.33,6.93,5.42,5.86,5.59,6.72,5.31,5.58
010008010,SPECCHIASOL CARCIOFO TISANA 20 BUSTINE,Fitoterapia e Omeopatia,,34.74,33.65,34.30,32.89,33.45,34.95,33.71,34.48,33.74
010008013,ABOCA CARCIOFO GOCCE 30ML,Fitoterapia e Omeopatia,,10.36,9.21,10.53,9.16,9.03,9.45,10.33,8.50,8.42
010008016,ERBA VITA CARCIOFO GOCCE 30ML,Fitoterapia e Omeopatia,,5.06,4.43,5.41,3.98,4.64,4.29,4.74,4.24,4.71
010008019,SPECCHIASOL CARCIOFO GOCCE 30ML,Fitoterapia e Omeopatia,,27.11,27.31,26.90,28.87,28.08,27.69,29.15,27.83,28.83
010008022,ABOCA CARCIOFO SCiroppo 200ML,Fitoterapia e Omeopatia,,30.55,32.30,32.33,31.05,32.58,30.91,30.70,31.40,30.42
010008025,ERBA VITA CARCIOFO SCiroppo 200ML,Fitoterapia e Omeopatia,,7.69,6.52,8.05,8.19,7.79,6.32,7.40,8.10,7.63
010008028,SPECCHIASOL CARCIOFO SCiroppo 200ML,Fitoterapia e Omeopatia,,42.46,42.85,43.86,43.21,43.76,43.99,43.03,43.84,42.61
010008031,ABOCA CARDO MARIANO TINTURA MADRE 50ML,Fitoterapia e Omeopatia,,43.24,42.87,41.45,42.57,42.92,41.77,42.30,42.61,42.07
010008034,ERBA VITA CARDO MARIANO TINTURA MADRE 50ML,Fitoterapia e Omeopatia,,16.64,16.46,16.57,15.51,14.82,14.78,16.09,15.60,16.34
010008037,SPECCHIASOL CARDO MARIANO TINTURA MADRE 50ML,Fitoterapia e Omeopatia,,17.74,16.96,17.13,17.30,18.24,17.14,18.46,18.68,17.31
010008040,ABOCA CARDO MARIANO MACERATO 50ML,Fitoterapia e Omeopatia,,37.69,38.33,39.65,37.59,37.63,38.05,39.19,39.25,37.82
010008043,ERBA VITA CARDO MARIANO MACERATO 50ML,Fitoterapia e Omeopatia,,10.66,11.67,10.99,9.73,9.36,10.68,10.12,11.36,10.74
010008046,SPECCHIASOL CARDO MARIANO MACERATO 50ML,Fitoterapia e Omeopatia,,36.29,34.77,35.88,34.63,36.24,34.71,35.11,36.10,34.94
010008049,ABOCA CARDO MARIANO ESTRATTO SECCO 60 OPERCOLI,Fitoterapia e Omeopatia,,30.86,31.23,30.88,30.34,30.54,30.81,30.95,31.79,31.81
010008052,ERBA VITA CARDO MARIANO ESTRATTO SECCO 60 OPERCOLI,Fitoterapia e Omeopatia,,40.55,38.89,39.29,38.32,39.96,39.24,40.40,40.49,40.59
010008055,SPECCHIASOL CARDO MARIANO ESTRATTO SECCO 60 OPERCOLI,Fitoterapia e Omeopatia,,22.84,23.46,21.37,23.14,22.21,21.41,21.48,22.84,22.48
010008058,ABOCA CARDO MARIANO TISANA 20 BUSTINE,Fitoterapia e Omeopatia,,35.37,35.30,35.03,36.15,35.47,34.65,36.03,34.18,34.15
010008061,ERBA VITA CARDO MARIANO TISANA 20 BUSTINE,Fitoterapia e Omeopatia,,25.00,25.84,27.00,26.60,26.25,25.77,24.79,26.37,24.79
010008064,SPECCHIASOL CARDO MARIANO TISANA 20 BUSTINE,Fitoterapia e Omeopatia,,11.06,10.39,10.87,11.13,10.68,12.58,12.71,12.34,10.39
010008067,ABOCA CARDO MARIANO GOCCE 30ML,Fitoterapia e Omeopatia,,18.39,18.32,18.67,18.47,18.40,19.97,17.86,18.21,19.33
010008070,ERBA VITA CARDO MARIANO GOCCE 30ML,Fitoterapia e Omeopatia,,42.63,41.46,42.75,43.44,42.44,42.67,42.79,43.25,41.56
010008073,SPECCHIASOL CARDO MARIANO GOCCE 30ML,Fitoterapia e Omeopatia,,32.54,30.66,31.23,30.58,32.18,30.69,30.26,30.73,32.14
010008076,ABOCA CARDO MARIANO SCiroppo 200ML,Fitoterapia e Omeopatia,,3.92,5.08,4.65,4.13,4.85,4.41,5.19,3.98,4.74
010008079,ERBA VITA CARDO MARIANO SCiroppo 200ML,Fitoterapia e Omeopatia,,9.84,9.01,10.20,8.76,10.40,9.21,8.73,9.52,10.55
010008082,SPECCHIASOL CARDO MARIANO SCiroppo 200ML,Fitoterapia e Omeopatia,,7.13,9.17,8.23,9.29,9.18,8.01,7.93,9.11,8.52
010008085,ABOCA CENTELLA TINTURA MADRE 50ML,Fitoterapia e Omeopatia,,27.71,27.32,28.47,27.59,28.63,27.19,27.97,27.36,27.15
010008088,ERBA VITA CENTELLA TINTURA MADRE 50ML,Fitoterapia e Omeopatia,,25.82,27.70,26.97,26.20,26.61,25.64,27.22,26.90,25.88
010008091,SPECCHIASOL CENTELLA TINTURA MADRE 50ML,Fitoterapia e Omeopatia,,17.44,18.51,17.91,19.31,18.36,17.75,18.36,17.90,17.46
010008094,ABOCA CENTELLA MACERATO 50ML,Fitoterapia e Omeopatia,,12.32,12.62,12.45,12.31,11.62,12.49,13.18,12.99,13.55
010008097,ERBA VITA CENTELLA MACERATO 50ML,Fitoterapia e Omeopatia,,32.15,32.86,33.58,32.95,34.38,32.48,32.70,32.31,32.97
010008100,SPECCHIASOL CENTELLA MACERATO 50ML,Fitoterapia e Omeopatia,,38.00,36.70,36.98,37.72,38.11,36.57,36.10,37.50,37.24
010008103,ABOCA CENTELLA ESTRATTO SECCO 60 OPERCOLI,Fitoterapia e Omeopatia,,39.23,39.52,40.29,38.35,39.79,38.60,39.30,38.21,39.20
010008106,ERBA VITA CENTELLA ESTRATTO SECCO 60 OPERCOLI,Fitoterapia e Omeopatia,,27.49,27.21,26.91,25.71,27.07,26.17,26.17,27.40,26.38
010008109,SPECCHIASOL CENTELLA ESTRATTO SECCO 60 OPERCOLI,Fitoterapia e Omeopatia,,10.47,10.63,11.94,10.94,10.01,9.97,11.23,11.98,11.37
010008112,ABOCA CENTELLA TISANA 20 BUSTINE,Fitoterapia e Omeopatia,,17.67,18.31,18.69,18.92,17.30,17.37,17.73,18.86,18.98
010008115,ERBA VITA CENTELLA TISANA 20 BUSTINE,Fitoterapia e Omeopatia,,29.31,29.64,30.13,30.05,28.99,28.59,28.98,29.20,29.71
010008118,SPECCHIASOL CENTELLA TISANA 20 BUSTINE,Fitoterapia e Omeopatia,,13.83,13.83,13.00,13.58,12.49,13.97,12.94,14.11,12.24
010008121,ABOCA CENTELLA GOCCE 30ML,Fitoterapia e Omeopatia,,41.77,42.04,42.79,42.14,42.21,43.26,42.63,42.75,42.70
010008124,ERBA VITA CENTELLA GOCCE 30ML,Fitoterapia e Omeopatia,,14.16,13.91,15.82,15.87,14.66,14.41,14.89,13.71,15.18
010008127,SPECCHIASOL CENTELLA GOCCE 30ML,Fitoterapia e Omeopatia,,41.33,41.43,40.63,39.67,41.63,40.81,41.51,41.73,41.62
010008130,ABOCA CENTELLA SCiroppo 200ML,Fitoterapia e Omeopatia,,32.48,34.09,34.22,33.20,34.53,33.38,34.07,33.21,32.77
010008133,ERBA VITA CENTELLA SCiroppo 200ML,Fitoterapia e Omeopatia,,43.92,43.19,44.18,43.52,45.20,44.18,44.40,44.77,44.53
010008136,SPECCHIASOL CENTELLA SCiroppo 200ML,Fitoterapia e Omeopatia,,41.40,41.78,40.39,41.13,41.56,42.07,40.46,41.13,41.51
010008139,ABOCA CURCUMA TINTURA MADRE 50ML,Fitoterapia e Omeopatia,,22.08,21.96,22.03,22.11,21.67,22.89,20.95,21.53,20.77
010008142,ERBA VITA CURCUMA TINTURA MADRE 50ML,Fitoterapia e Omeopatia,,26.23,26.61,26.01,27.02,27.12,27.64,26.96,27.64,27.72
010008145,SPECCHIASOL CURCUMA TINTURA MADRE 50ML,Fitoterapia e Omeopatia,,40.72,41.06,42.22,42.53,41.11,42.48,41.34,42.63,40.39
010008148,ABOCA CURCUMA MACERATO 50ML,Fitoterapia e Omeopatia,,20.42,21.67,19.86,21.21,21.40,20.04,20.45,20.76,20.35
010008151,ERBA VITA CURCUMA MACERATO 50ML,Fitoterapia e Omeopatia,,22.78,23.04,22.81,23.19,23.11,21.81,22.90,21.88,23.05
010008154,SPECCHIASOL CURCUMA MACERATO 50ML,Fitoterapia e Omeopatia,,20.33,21.42,21.09,20.95,20.79,21.16,20.13,19.32,21.07
010008157,ABOCA CURCUMA ESTRATTO SECCO 60 OPERCOLI,Fitoterapia e Omeopatia,,16.31,15.56,14.63,16.61,16.40,16.55,16.24,15.61,14.89
010008160,ERBA VITA CURCUMA ESTRATTO SECCO 60 OPERCOLI,Fitoterapia e Omeopatia,,31.97,31.60,31.91,31.06,31.14,30.60,32.33,30.98,31.45
010008163,SPECCHIASOL CURCUMA ESTRATTO SECCO 60 OPERCOLI,Fitoterapia e Omeopatia,,41.20,41.34,41.33,43.24,41.60,42.62,41.14,41.77,41.35
010008166,ABOCA CURCUMA TISANA 20 BUSTINE,Fitoterapia e Omeopatia,,35.95,36.82,37.72,37.14,37.62,36.74,36.62,36.49,37.34
010008169,ERBA VITA CURCUMA TISANA 20 BUSTINE,Fitoterapia e Omeopatia,,16.14,16.73,14.40,16.41,16.51,14.99,16.28,15.23,16.22
010008172,SPECCHIASOL CURCUMA TISANA 20 BUSTINE,Fitoterapia e Omeopatia,,20.87,21.84,20.22,20.61,19.81,20.41,22.00,21.89,21.80
010008175,ABOCA CURCUMA GOCCE 30ML,Fitoterapia e Omeopatia,,13.76,12.87,14.23,13.69,12.45,11.97,13.62,12.12,13.53
010008178,ERBA VITA CURCUMA GOCCE 30ML,Fitoterapia e Omeopatia,,43.54,43.04,43.06,41.28,43.11,42.18,42.35,41.77,43.45
010008181,SPECCHIASOL CURCUMA GOCCE 30ML,Fitoterapia e Omeopatia,,37.52,36.72,37.21,37.65,36.91,37.75,36.68,36.42,38.60
010008184,ABOCA CURCUMA SCiroppo 200ML,Fitoterapia e Omeopatia,,26.99,26.89,26.56,26.66,27.06,26.40,26.10,25.38,27.13
010008187,ERBA VITA CURCUMA SCiroppo 200ML,Fitoterapia e Omeopatia,,30.65,30.23,30.72,29.58,29.00,30.38,29.65,29.86,29.27
010008190,SPECCHIASOL CURCUMA SCiroppo 200ML,Fitoterapia e Omeopatia,,7.08,7.58,8.24,6.51,7.88,7.23,7.72,8.53,8.87
010008193,ABOCA ECHINACEA TINTURA MADRE 50ML,Fitoterapia e Omeopatia,,24.71,25.20,23.52,24.18,23.34,23.93,24.86,24.95,23.52
010008196,ERBA VITA ECHINACEA TINTURA MADRE 50ML,Fitoterapia e Omeopatia,,17.76,15.51,16.85,17.46,16.84,17.73,17.19,16.60,17.26
010008199,SPECCHIASOL ECHINACEA TINTURA MADRE 50ML,Fitoterapia e Omeopatia,,35.59,36.10,35.10,34.78,34.64,34.52,35.17,34.61,35.46
010008202,ABOCA ECHINACEA MACERATO 50ML,Fitoterapia e Omeopatia,,5.36,5.28,5.34,5.70,4.92,4.95,6.46,6.64,6.40
010008205,ERBA VITA ECHINACEA MACERATO 50ML,Fitoterapia e Omeopatia,,20.86,19.07,20.52,20.55,19.83,20.79,21.28,19.38,21.24
010008208,SPECCHIASOL ECHINACEA MACERATO 50ML,Fitoterapia e Omeopatia,,33.07,34.69,33.16,34.16,32.94,33.95,34.75,34.51,33.31
010008211,ABOCA ECHINACEA ESTRATTO SECCO 60 OPERCOLI,Fitoterapia e Omeopatia,,27.30,25.91,25.88,26.99,26.86,26.95,27.02,26.19,26.45
010008214,ERBA VITA ECHINACEA ESTRATTO SECCO 60 OPERCOLI,Fitoterapia e Omeopatia,,20.40,18.40,19.84,18.79,20.30,19.48,19.04,18.70,20.54
010008217,SPECCHIASOL ECHINACEA ESTRATTO SECCO 60 OPERCOLI,Fitoterapia e Omeopatia,,18.13,18.28,17.82,18.60,18.56,17.85,19.06,17.98,18.69
010008220,ABOCA ECHINACEA TISANA 20 BUSTINE,Fitoterapia e Omeopatia,,24.12,25.50,25.18,25.54,24.64,25.38,24.10,24.04,26.14
010008223,ERBA VITA ECHINACEA TISANA 20 BUSTINE,Fitoterapia e Omeopatia,,29.82,29.69,31.23,31.91,31.17,30.23,31.72,30.44,30.77
010008226,SPECCHIASOL ECHINACEA TISANA 20 BUSTINE,Fitoterapia e Omeopatia,,21.66,22.40,21.95,20.66,21.94,20.65,20.68,22.36,20.59
010008229,ABOCA ECHINACEA GOCCE 30ML,Fitoterapia e Omeopatia,,38.27,38.98,38.61,39.74,38.68,38.93,39.07,38.08,38.50
010008232,ERBA VITA ECHINACEA GOCCE 30ML,Fitoterapia e Omeopatia,,29.82,31.51,31.51,29.67,29.55,31.16,29.90,30.51,29.46
010008235,SPECCHIASOL ECHINACEA GOCCE 30ML,Fitoterapia e Omeopatia,,25.54,23.86,25.87,26.11,26.01,25.79,24.28,24.32,24.60
010008238,ABOCA ECHINACEA SCiroppo 200ML,Fitoterapia e Omeopatia,,16.46,17.01,17.65,15.34,17.53,15.93,17.36,15.84,17.27
010008241,ERBA VITA ECHINACEA SCiroppo 200ML,Fitoterapia e Omeopatia,,36.29,37.69,36.65,36.40,36.68,37.31,35.88,36.74,37.45
010008244,SPECCHIASOL ECHINACEA SCiroppo 200ML,Fitoterapia e Omeopatia,,6.30,5.42,7.25,6.77,5.66,6.26,6.96,6.77,7.12
010008247,ABOCA ELICRISO TINTURA MADRE 50ML,Fitoterapia e Omeopatia,,26.82,26.00,25.79,25.77,27.09,26.69,26.26,27.01,25.83
010008250,ERBA VITA ELICRISO TINTURA MADRE 50ML,Fitoterapia e Omeopatia,,19.96,20.01,21.25,21.25,21.12,19.60,21.54,20.99,20.68
010008253,SPECCHIASOL ELICRISO TINTURA MADRE 50ML,Fitoterapia e Omeopatia,,15.61,14.48,15.66,16.23,14.66,14.45,15.33,16.20,15.42
010008256,ABOCA ELICRISO MACERATO 50ML,Fitoterapia e Omeopatia,,36.62,37.02,37.34,35.75,35.95,37.02,36.11,35.52,35.94
010008259,ERBA VITA ELICRISO MACERATO 50ML,Fitoterapia e Omeopatia,,23.87,22.82,23.62,24.80,23.96,24.70,22.79,23.34,23.24
010008262,SPECCHIASOL ELICRISO MACERATO 50ML,Fitoterapia e Omeopatia,,13.82,15.47,14.75,14.97,13.86,14.50,14.16,13.54,14.68
010008265,ABOCA ELICRISO ESTRATTO SECCO 60 OPERCOLI,Fitoterapia e Omeopatia,,38.08,37.54,39.55,39.26,39.18,38.11,38.01,38.67,38.02
010008268,ERBA VITA ELICRISO ESTRATTO SECCO 60 OPERCOLI,Fitoterapia e Omeopatia,,33.00,32.81,32.30,33.35,33.92,33.88,33.34,33.45,34.49
010008271,SPECCHIASOL ELICRISO ESTRATTO SECCO 60 OPERCOLI,Fitoterapia e Omeopatia,,13.66,13.20,12.41,14.52,12.98,13.48,12.34,14.27,13.55
010008274,ABOCA ELICRISO TISANA 20 BUSTINE,Fitoterapia e Omeopatia,,4.78,6.38,5.80,5.56,5.87,4.78,5.36,5.60,5.57
010008277,ERBA VITA ELICRISO TISANA 20 BUSTINE,Fitoterapia e Omeopatia,,5.01,4.04,5.66,6.21,6.14,5.88,5.51,5.15,3.89
010008280,SPECCHIASOL ELICRISO TISANA 20 BUSTINE,Fitoterapia e Omeopatia,,15.68,15.79,16.99,16.62,16.64,14.86,16.75,15.02,14.71
010008283,ABOCA ELICRISO GOCCE 30ML,Fitoterapia e Omeopatia,,39.60,39.87,40.64,40.05,41.16,39.21,39.59,39.18,39.73
010008286,ERBA VITA ELICRISO GOCCE 30ML,Fitoterapia e Omeopatia,,36.18,34.56,35.90,35.48,35.75,34.35,36.06,35.61,35.57
010008289,SPECCHIASOL ELICRISO GOCCE 30ML,Fitoterapia e Omeopatia,,17.38,18.15,17.73,16.88,18.20,18.36,17.06,17.44,17.12
010008292,ABOCA ELICRISO SCiroppo 200ML,Fitoterapia e Omeopatia,,33.27,32.65,32.17,32.42,32.34,31.66,32.56,32.53,32.54
010008295,ERBA VITA ELICRISO SCiroppo 200ML,Fitoterapia e Omeopatia,,30.28,30.15,28.74,29.33,28.74,29.41,28.84,30.43,29.29
010008298,SPECCHIASOL ELICRISO SCiroppo 200ML,Fitoterapia e Omeopatia,,33.34,33.93,33.41,33.68,34.08,32.32,33.83,33.64,34.07
010008301,ABOCA EUCALIPTO TINTURA MADRE 50ML,Fitoterapia e Omeopatia,,15.73,16.46,17.56,17.31,16.67,16.07,16.07,16.63,17.53
010008304,ERBA VITA EUCALIPTO TINTURA MADRE 50ML,Fitoterapia e Omeopatia,,33.90,34.86,34.38,35.13,33.59,33.20,34.66,34.34,34.60
010008307,SPECCHIASOL EUCALIPTO TINTURA MADRE 50ML,Fitoterapia e Omeopatia,,18.24,17.24,19.02,18.25,18.22,17.36,17.59,19.02,18.17
010008310,ABOCA EUCALIPTO MACERATO 50ML,Fitoterapia e Omeopatia,,18.87,18.76,19.52,18.06,18.46,18.46,18.72,19.28,19.13
010008313,ERBA VITA EUCALIPTO MACERATO 50ML,Fitoterapia e Omeopatia,,17.65,16.60,17.72,16.32,17.09,15.92,17.04,15.94,16.58
010008316,SPECCHIASOL EUCALIPTO MACERATO 50ML,Fitoterapia e Omeopatia,,5.72,4.56,4.59,4.72,5.63,5.12,5.77,4.40,4.99
010008319,ABOCA EUCALIPTO ESTRATTO SECCO 60 OPERCOLI,Fitoterapia e Omeopatia,,6.11,4.24,4.18,5.27,4.49,5.13,5.17,4.02,4.78
010008322,ERBA VITA EUCALIPTO ESTRATTO SECCO 60 OPERCOLI,Fitoterapia e Omeopatia,,27.43,28.24,26.84,27.91,27.94,26.89,28.62,27.09,27.10
010008325,SPECCHIASOL EUCALIPTO ESTRATTO SECCO 60 OPERCOLI,Fitoterapia e Omeopatia,,25.09,24.62,25.09,26.04,25.40,25.41,25.62,26.06,24.31
010008328,ABOCA EUCALIPTO TISANA 20 BUSTINE,Fitoterapia e Omeopatia,,13.74,14.28,14.90,13.53,13.44,13.77,15.53,13.49,13.82
010008331,ERBA VITA EUCALIPTO TISANA 20 BUSTINE,Fitoterapia e Omeopatia,,38.21,38.36,37.60,39.66,37.60,37.87,37.76,38.30,38.53
010008334,SPECCHIASOL EUCALIPTO TISANA 20 BUSTINE,Fitoterapia e Omeopatia,,41.80,42.03,40.57,40.43,40.47,41.18,39.95,40.01,40.23
010008337,ABOCA EUCALIPTO GOCCE 30ML,Fitoterapia e Omeopatia,,28.04,28.03,27.80,27.87,28.16,27.44,26.46,26.19,28.21
010008340,ERBA VITA EUCALIPTO GOCCE 30ML,Fitoterapia e Omeopatia,,10.83,12.16,12.20,10.47,11.78,11.73,9.83,10.00,10.70
010008343,SPECCHIASOL EUCALIPTO GOCCE 30ML,Fitoterapia e Omeopatia,,22.78,22.72,22.72,22.49,22.03,22.39,22.58,22.56,21.04
010008346,ABOCA EUCALIPTO SCiroppo 200ML,Fitoterapia e Omeopatia,,23.21,22.74,22.80,24.79,23.54,23.67,23.05,24.69,24.18
010008349,ERBA VITA EUCALIPTO SCiroppo 200ML,Fitoterapia e Omeopatia,,14.56,14.60,13.71,14.32,12.94,13.34,14.03,13.90,14.36
010008352,SPECCHIASOL EUCALIPTO SCiroppo 200ML,Fitoterapia e Omeopatia,,39.36,39.32,40.55,40.25,40.88,39.48,39.05,39.08,40.87
010008355,ABOCA FINOCCHIO TINTURA MADRE 50ML,Fitoterapia e Omeopatia,,23.66,22.69,23.79,24.30,24.12,23.34,24.39,24.33,22.62
010008358,ERBA VITA FINOCCHIO TINTURA MADRE 50ML,Fitoterapia e Omeopatia,,37.12,36.96,35.90,35.61,36.89,36.72,36.19,37.55,37.50
010008361,SPECCHIASOL FINOCCHIO TINTURA MADRE 50ML,Fitoterapia e Omeopatia,,40.73,40.69,40.70,41.58,40.74,41.56,41.21,39.59,39.67
010008364,ABOCA FINOCCHIO MACERATO 50ML,Fitoterapia e Omeopatia,,42.01,41.09,41.32,41.31,43.30,42.75,41.77,42.15,42.82
010008367,ERBA VITA FINOCCHIO MACERATO 50ML,Fitoterapia e Omeopatia,,21.63,20.47,20.96,20.62,21.25,21.24,20.90,21.24,20.99
010008370,SPECCHIASOL FINOCCHIO MACERATO 50ML,Fitoterapia e Omeopatia,,31.07,29.59,31.09,29.66,31.27,29.87,30.31,30.81,30.67
010008373,ABOCA FINOCCHIO ESTRATTO SECCO 60 OPERCOLI,Fitoterapia e Omeopatia,,8.80,9.63,9.25,8.44,7.28,7.50,8.72,8.16,7.57
010008376,ERBA VITA FINOCCHIO ESTRATTO SECCO 60 OPERCOLI,Fitoterapia e Omeopatia,,7.58,8.34,7.22,7.34,6.29,8.25,8.06,7.18,6.06
010008379,SPECCHIASOL FINOCCHIO ESTRATTO SECCO 60 OPERCOLI,Fitoterapia e Omeopatia,,18.38,17.39,18.81,19.06,17.17,17.22,17.76,18.28,17.85
010008382,ABOCA FINOCCHIO TISANA 20 BUSTINE,Fitoterapia e Omeopatia,,16.81,16.62,17.54,17.37,18.77,16.82,18.26,18.32,18.90
010008385,ERBA VITA FINOCCHIO TISANA 20 BUSTINE,Fitoterapia e Omeopatia,,17.21,17.19,17.25,17.41,17.68,17.26,16.66,18.07,16.41
010008388,SPECCHIASOL FINOCCHIO TISANA 20 BUSTINE,Fitoterapia e Omeopatia,,38.59,39.04,39.15,40.68,39.49,39.14,39.02,40.36,39.20
010008391,ABOCA FINOCCHIO GOCCE 30ML,Fitoterapia e Omeopatia,,19.68,18.22,20.02,19.66,18.81,20.20,19.18,20.44,19.27
010008394,ERBA VITA FINOCCHIO GOCCE 30ML,Fitoterapia e Omeopatia,,23.44,23.09,24.93,24.99,24.24,24.69,24.66,23.69,23.13
010008397,SPECCHIASOL FINOCCHIO GOCCE 30ML,Fitoterapia e Omeopatia,,11.97,11.03,12.75,12.34,12.21,12.02,11.83,12.80,10.57
010008400,ABOCA FINOCCHIO SCiroppo 200ML,Fitoterapia e Omeopatia,,33.83,35.19,34.07,34.24,35.65,34.43,35.42,35.14,34.26
010008403,ERBA VITA FINOCCHIO SCiroppo 200ML,Fitoterapia e Omeopatia,,18.62,18.96,18.68,18.66,19.98,20.18,19.45,18.87,20.42
010008406,SPECCHIASOL FINOCCHIO SCiroppo 200ML,Fitoterapia e Omeopatia,,28.50,28.03,28.67,29.24,30.05,28.75,30.14,30.14,29.89
010008409,ABOCA FRANGULA TINTURA MADRE 50ML,Fitoterapia e Omeopatia,,32.35,32.53,33.18,31.74,31.84,32.37,32.52,31.39,31.16
010008412,ERBA VITA FRANGULA TINTURA MADRE 50ML,Fitoterapia e Omeopatia,,10.76,11.87,12.12,11.86,12.38,10.60,12.71,11.82,11.31
010008415,SPECCHIASOL FRANGULA TINTURA MADRE 50ML,Fitoterapia e Omeopatia,,5.65,5.29,5.73,4.38,3.89,4.43,5.82,5.07,4.07
010008418,ABOCA FRANGULA MACERATO 50ML,Fitoterapia e Omeopatia,,10.11,10.17,10.45,9.13,9.42,9.67,10.25,10.99,8.81
010008421,ERBA VITA FRANGULA MACERATO 50ML,Fitoterapia e Omeopatia,,37.90,36.10,37.11,37.85,36.58,38.12,38.29,36.09,37.28
010008424,SPECCHIASOL FRANGULA MACERATO 50ML,Fitoterapia e Omeopatia,,21.98,20.97,20.58,20.59,20.54,21.31,21.88,20.48,21.48
010008427,ABOCA FRANGULA ESTRATTO SECCO 60 OPERCOLI,Fitoterapia e Omeopatia,,25.62,26.32,25.79,25.55,25.32,25.75,25.73,27.02,26.03
010008430,ERBA VITA FRANGULA ESTRATTO SECCO 60 OPERCOLI,Fitoterapia e Omeopatia,,26.54,26.35,26.35,26.85,26.23,26.35,26.78,25.31,27.11
010008433,SPECCHIASOL FRANGULA ESTRATTO SECCO 60 OPERCOLI,Fitoterapia e Omeopatia,,21.04,20.36,21.50,20.35,20.67,20.73,19.41,20.12,20.93
010008436,ABOCA FRANGULA TISANA 20 BUSTINE,Fitoterapia e Omeopatia,,8.94,9.09,8.21,9.88,9.98,9.77,7.77,9.84,8.37
010008439,ERBA VITA FRANGULA TISANA 20 BUSTINE,Fitoterapia e Omeopatia,,30.24,29.63,29.21,28.67,28.40,29.56,28.53,28.75,28.39
010008442,SPECCHIASOL FRANGULA TISANA 20 BUSTINE,Fitoterapia e Omeopatia,,26.98,28.59,27.74,27.07,26.44,26.68,28.60,27.84,28.66
010008445,ABOCA FRANGULA GOCCE 30ML,Fitoterapia e Omeopatia,,11.09,9.05,9.68,10.83,8.98,9.45,9.85,9.02,9.59
010008448,ERBA VITA FRANGULA GOCCE 30ML,Fitoterapia e Omeopatia,,18.69,18.70,18.81,19.51,17.68,17.55,18.24,17.89,19.44
010008451,SPECCHIASOL FRANGULA GOCCE 30ML,Fitoterapia e Omeopatia,,21.60,21.26,21.27,20.66,20.92,19.88,20.08,21.27,20.54
010008454,ABOCA FRANGULA SCiroppo 200ML,Fitoterapia e Omeopatia,,6.21,6.66,7.35,7.58,5.96,6.59,7.61,6.31,7.22
010008457,ERBA VITA FRANGULA SCiroppo 200ML,Fitoterapia e Omeopatia,,21.70,21.70,23.23,21.98,21.86,21.88,22.41,21.35,22.69
010008460,SPECCHIASOL FRANGULA SCiroppo 200ML,Fitoterapia e Omeopatia,,8.96,8.91,9.23,8.41,7.81,8.46,8.17,9.18,8.01
010008463,ABOCA GINKGO BILOBA TINTURA MADRE 50ML,Fitoterapia e Omeopatia,,32.01,32.79,31.02,32.04,30.76,30.97,32.74,31.36,32.77
010008466,ERBA VITA GINKGO BILOBA TINTURA MADRE 50ML,Fitoterapia e Omeopatia,,10.60,8.58,9.92,8.99,9.06,9.22,10.72,9.43,9.56
010008469,SPECCHIASOL GINKGO BILOBA TINTURA MADRE 50ML,Fitoterapia e Omeopatia,,7.14,8.50,6.94,7.35,7.00,7.69,7.38,7.84,7.47
010008472,ABOCA GINKGO BILOBA MACERATO 50ML,Fitoterapia e Omeopatia,,16.08,15.95,16.34,15.26,17.29,15.95,16.28,15.17,17.34
010008475,ERBA VITA GINKGO BILOBA MACERATO 50ML,Fitoterapia e Omeopatia,,33.15,34.35,34.49,33.32,34.21,34.42,32.72,32.52,32.48
010008478,SPECCHIASOL GINKGO BILOBA MACERATO 50ML,Fitoterapia e Omeopatia,,14.72,14.08,15.79,15.86,13.87,13.92,15.28,13.73,15.10
010008481,ABOCA GINKGO BILOBA ESTRATTO SECCO 60 OPERCOLI,Fitoterapia e Omeopatia,,29.58,31.00,30.61,30.29,29.48,30.68,31.14,30.35,28.77
010008484,ERBA VITA GINKGO BILOBA ESTRATTO SECCO 60 OPERCOLI,Fitoterapia e Omeopatia,,21.42,21.84,21.95,20.06,22.08,20.56,20.27,22.10,20.96
010008487,SPECCHIASOL GINKGO BILOBA ESTRATTO SECCO 60 OPERCOLI,Fitoterapia e Omeopatia,,32.82,33.22,32.66,32.87,33.34,32.21,31.98,31.97,31.68
010008490,ABOCA GINKGO BILOBA TISANA 20 BUSTINE,Fitoterapia e Omeopatia,,31.89,33.27,34.02,32.87,33.27,33.00,32.35,33.33,32.27
010008493,ERBA VITA GINKGO BILOBA TISANA 20 BUSTINE,Fitoterapia e Omeopatia,,16.45,18.35,17.76,18.45,17.45,17.30,17.86,16.64,18.48
010008496,SPECCHIASOL GINKGO BILOBA TISANA 20 BUSTINE,Fitoterapia e Omeopatia,,42.86,43.66,41.65,43.09,43.60,42.11,43.08,41.65,41.56
010008499,ABOCA GINKGO BILOBA GOCCE 30ML,Fitoterapia e Omeopatia,,31.25,32.43,30.75,31.44,31.90,32.03,32.47,31.55,31.55
010008502,ERBA VITA GINKGO BILOBA GOCCE 30ML,Fitoterapia e Omeopatia,,11.68,11.71,11.19,10.33,11.33,11.55,11.71,11.87,12.29
010008505,SPECCHIASOL GINKGO BILOBA GOCCE 30ML,Fitoterapia e Omeopatia,,17.19,16.46,16.82,16.67,18.14,17.93,17.84,18.07,18.66
010008508,ABOCA GINKGO BILOBA SCiroppo 200ML,Fitoterapia e Omeopatia,,38.17,39.39,39.05,39.85,38.99,39.71,38.08,39.15,37.65
010008511,ERBA VITA GINKGO BILOBA SCiroppo 200ML,Fitoterapia e Omeopatia,,25.44,23.61,23.75,25.59,24.19,25.06,24.10,23.93,24.83
010008514,SPECCHIASOL GINKGO BILOBA SCiroppo 200ML,Fitoterapia e Omeopatia,,33.45,35.43,35.44,33.49,35.02,33.48,34.39,34.45,35.25
010008517,ABOCA GINSENG TINTURA MADRE 50ML,Fitoterapia e Omeopatia,,10.19,9.96,11.22,10.38,10.08,10.69,11.39,11.52,10.76
010008520,ERBA VITA GINSENG TINTURA MADRE 50ML,Fitoterapia e Omeopatia,,5.17,4.77,6.73,6.14,6.84,6.84,5.37,5.57,5.34
010008523,SPECCHIASOL GINSENG TINTURA MADRE 50ML,Fitoterapia e Omeopatia,,8.37,6.73,7.92,7.59,7.64,7.42,6.89,6.70,6.99
010008526,ABOCA GINSENG MACERATO 50ML,Fitoterapia e Omeopatia,,34.47,34.28,33.62,34.14,33.05,34.25,34.52,34.11,33.72
010008529,ERBA VITA GINSENG MACERATO 50ML,Fitoterapia e Omeopatia,,9.07,7.05,8.88,7.46,8.56,7.89,8.38,7.42,8.58
010008532,SPECCHIASOL GINSENG MACERATO 50ML,Fitoterapia e Omeopatia,,9.31,9.32,8.32,8.66,9.89,10.25,10.35,8.80,10.33
010008535,ABOCA GINSENG ESTRATTO SECCO 60 OPERCOLI,Fitoterapia e Omeopatia,,38.42,38.75,38.85,38.75,39.16,38.39,39.72,39.21,37.73
010008538,ERBA VITA GINSENG ESTRATTO SECCO 60 OPERCOLI,Fitoterapia e Omeopatia,,13.91,13.41,12.06,13.10,13.10,12.41,13.47,14.26,12.87
010008541,SPECCHIASOL GINSENG ESTRATTO SECCO 60 OPERCOLI,Fitoterapia e Omeopatia,,16.32,15.44,16.08,15.26,14.31,16.24,15.52,15.05,16.20
010008544,ABOCA GINSENG TISANA 20 BUSTINE,Fitoterapia e Omeopatia,,42.30,42.64,42.27,40.88,41.56,42.97,41.41,40.87,42.86
010008547,ERBA VITA GINSENG TISANA 20 BUSTINE,Fitoterapia e Omeopatia,,35.50,35.89,36.57,35.65,36.43,34.97,36.44,35.20,36.26
010008550,SPECCHIASOL GINSENG TISANA 20 BUSTINE,Fitoterapia e Omeopatia,,34.29,33.11,35.11,34.86,34.43,34.72,33.41,33.74,33.77
010008553,ABOCA GINSENG GOCCE 30ML,Fitoterapia e Omeopatia,,27.55,26.46,26.55,27.08,27.19,28.00,26.07,26.69,27.55
010008556,ERBA VITA GINSENG GOCCE 30ML,Fitoterapia e Omeopatia,,17.05,15.65,15.93,15.72,16.25,16.97,17.04,15.60,17.69
010008559,SPECCHIASOL GINSENG GOCCE 30ML,Fitoterapia e Omeopatia,,8.31,7.99,6.63,6.93,8.38,7.69,6.46,7.45,7.15
010008562,ABOCA GINSENG SCiroppo 200ML,Fitoterapia e Omeopatia,,35.03,35.09,36.09,34.73,35.57,35.19,36.38,35.20,36.19
010008565,ERBA VITA GINSENG SCiroppo 200ML,Fitoterapia e Omeopatia,,31.64,32.66,31.06,32.04,32.20,32.23,30.90,31.24,33.07
010008568,SPECCHIASOL GINSENG SCiroppo 200ML,Fitoterapia e Omeopatia,,40.97,40.58,40.64,39.12,39.86,38.82,39.89,40.68,39.32
010008571,ABOCA IPERICO TINTURA MADRE 50ML,Fitoterapia e Omeopatia,,35.20,35.65,35.65,36.57,34.91,35.97,36.71,36.37,35.70
010008574,ERBA VITA IPERICO TINTURA MADRE 50ML,Fitoterapia e Omeopatia,,26.88,26.11,25.95,27.70,26.42,27.09,27.62,27.56,27.66
010008577,SPECCHIASOL IPERICO TINTURA MADRE 50ML,Fitoterapia e Omeopatia,,40.89,40.37,41.33,40.83,41.61,41.56,40.74,40.47,39.65
010008580,ABOCA IPERICO MACERATO 50ML,Fitoterapia e Omeopatia,,8.65,9.96,10.50,9.25,8.34,8.37,8.59,10.41,9.44
010008583,ERBA VITA IPERICO MACERATO 50ML,Fitoterapia e Omeopatia,,35.78,35.60,35.47,35.06,34.85,34.57,35.31,36.75,34.85
010008586,SPECCHIASOL IPERICO MACERATO 50ML,Fitoterapia e Omeopatia,,25.36,24.11,24.75,25.31,24.40,25.10,25.92,26.05,25.78
010008589,ABOCA IPERICO ESTRATTO SECCO 60 OPERCOLI,Fitoterapia e Omeopatia,,30.41,31.36,30.51,29.97,31.32,30.82,31.70,32.04,30.66
010008592,ERBA VITA IPERICO ESTRATTO SECCO 60 OPERCOLI,Fitoterapia e Omeopatia,,30.05,30.41,31.26,29.40,31.28,29.60,29.60,31.05,29.29
010008595,SPECCHIASOL IPERICO ESTRATTO SECCO 60 OPERCOLI,Fitoterapia e Omeopatia,,25.85,23.89,26.20,25.31,25.65,25.15,25.52,23.94,24.76
010008598,ABOCA IPERICO TISANA 20 BUSTINE,Fitoterapia e Omeopatia,,25.47,25.50,26.24,26.23,26.46,25.76,26.11,26.83,25.02
010008601,ERBA VITA IPERICO TISANA 20 BUSTINE,Fitoterapia e Omeopatia,,13.44,13.62,15.43,14.83,14.01,14.64,13.10,13.44,15.11
010008604,SPECCHIASOL IPERICO TISANA 20 BUSTINE,Fitoterapia e Omeopatia,,19.91,19.29,18.95,20.74,20.16,18.76,20.35,19.46,20.86
010008607,ABOCA IPERICO GOCCE 30ML,Fitoterapia e Omeopatia,,21.29,21.22,19.44,20.72,20.69,19.87,21.14,20.28,20.93
010008610,ERBA VITA IPERICO GOCCE 30ML,Fitoterapia e Omeopatia,,14.59,14.97,13.52,13.25,14.06,13.26,14.99,14.12,14.91
010008613,SPECCHIASOL IPERICO GOCCE 30ML,Fitoterapia e Omeopatia,,13.07,12.09,11.57,12.94,11.52,12.30,12.10,11.98,13.09
010008616,ABOCA IPERICO SCiroppo 200ML,Fitoterapia e Omeopatia,,37.91,36.93,38.31,38.33,38.95,39.01,37.93,37.36,37.09
010008619,ERBA VITA IPERICO SCiroppo 200ML,Fitoterapia e Omeopatia,,42.88,42.25,40.93,41.51,42.60,41.03,40.79,41.10,40.84
010008622,SPECCHIASOL IPERICO SCiroppo 200ML,Fitoterapia e Omeopatia,,15.02,16.11,16.62,17.18,15.24,16.84,14.98,15.66,16.25
010008625,ABOCA LAVANDA TINTURA MADRE 50ML,Fitoterapia e Omeopatia,,28.06,28.33,29.72,29.40,28.10,29.96,28.33,29.84,28.89
010008628,ERBA VITA LAVANDA TINTURA MADRE 50ML,Fitoterapia e Omeopatia,,23.13,23.14,22.45,22.43,21.50,22.24,22.94,22.76,22.23
010008631,SPECCHIASOL LAVANDA TINTURA MADRE 50ML,Fitoterapia e Omeopatia,,36.41,35.27,36.41,36.53,36.72,36.00,37.11,35.11,35.02
010008634,ABOCA LAVANDA MACERATO 50ML,Fitoterapia e Omeopatia,,32.86,33.27,32.58,31.00,32.96,31.84,32.57,33.24,32.41
010008637,ERBA VITA LAVANDA MACERATO 50ML,Fitoterapia e Omeopatia,,28.39,27.87,28.37,28.50,28.06,27.52,28.49,27.68,28.31
010008640,SPECCHIASOL LAVANDA MACERATO 50ML,Fitoterapia e Omeopatia,,25.93,27.54,26.24,26.29,27.93,26.89,27.77,27.57,26.64
010008643,ABOCA LAVANDA ESTRATTO SECCO 60 OPERCOLI,Fitoterapia e Omeopatia,,9.40,9.69,9.94,10.27,10.73,10.08,11.07,9.36,9.29
010008646,ERBA VITA LAVANDA ESTRATTO SECCO 60 OPERCOLI,Fitoterapia e Omeopatia,,38.44,38.53,40.11,37.99,39.03,39.45,38.04,38.51,37.85
010008649,SPECCHIASOL LAVANDA ESTRATTO SECCO 60 OPERCOLI,Fitoterapia e Omeopatia,,36.16,35.49,34.99,35.85,36.20,35.25,35.98,36.91,35.06
010008652,ABOCA LAVANDA TISANA 20 BUSTINE,Fitoterapia e Omeopatia,,40.32,40.87,42.16,41.28,42.33,42.20,40.34,42.32,41.11
010008655,ERBA VITA LAVANDA TISANA 20 BUSTINE,Fitoterapia e Omeopatia,,41.17,42.71,42.36,42.40,42.15,42.95,41.76,42.85,42.90
010008658,SPECCHIASOL LAVANDA TISANA 20 BUSTINE,Fitoterapia e Omeopatia,,33.84,33.26,33.09,33.83,33.86,33.62,34.08,33.43,34.47
010008661,ABOCA LAVANDA GOCCE 30ML,Fitoterapia e Omeopatia,,28.16,27.59,27.98,28.05,28.36,28.16,27.59,27.50,27.12
010008664,ERBA VITA LAVANDA GOCCE 30ML,Fitoterapia e Omeopatia,,24.41,26.43,26.08,25.84,24.21,25.22,24.41,24.59,26.37
010008667,SPECCHIASOL LAVANDA GOCCE 30ML,Fitoterapia e Omeopatia,,30.90,31.48,31.47,32.35,32.12,32.42,32.70,31.18,32.14
010008670,ABOCA LAVANDA SCiroppo 200ML,Fitoterapia e Omeopatia,,5.29,5.61,6.41,4.19,5.00,5.32,5.58,5.84,4.29
010008673,ERBA VITA LAVANDA SCiroppo 200ML,Fitoterapia e Omeopatia,,45.10,44.22,45.35,44.93,44.40,43.86,45.05,45.13,44.61
010008676,SPECCHIASOL LAVANDA SCiroppo 200ML,Fitoterapia e Omeopatia,,32.01,30.55,29.80,31.06,30.38,31.77,31.59,31.72,30.08
010008679,ABOCA LIQUIRIZIA TINTURA MADRE 50ML,Fitoterapia e Omeopatia,,19.61,19.74,20.53,19.22,19.69,18.84,20.07,19.67,20.67
010008682,ERBA VITA LIQUIRIZIA TINTURA MADRE 50ML,Fitoterapia e Omeopatia,,31.62,32.17,30.93,31.11,32.42,30.97,31.72,30.85,30.67
010008685,SPECCHIASOL LIQUIRIZIA TINTURA MADRE 50ML,Fitoterapia e Omeopatia,,12.22,10.40,12.45,11.81,11.79,11.93,11.81,11.54,10.86
010008688,ABOCA LIQUIRIZIA MACERATO 50ML,Fitoterapia e Omeopatia,,9.81,10.97,10.59,9.68,10.61,11.35,9.56,10.99,9.12
010008691,ERBA VITA LIQUIRIZIA MACERATO 50ML,Fitoterapia e Omeopatia,,24.09,23.69,23.72,24.12,24.44,23.52,23.43,24.58,24.18
010008694,SPECCHIASOL LIQUIRIZIA MACERATO 50ML,Fitoterapia e Omeopatia,,24.42,24.42,25.19,24.73,23.96,23.87,23.71,24.04,24.44
010008697,ABOCA LIQUIRIZIA ESTRATTO SECCO 60 OPERCOLI,Fitoterapia e Omeopatia,,41.99,40.21,40.47,40.22,41.59,41.48,40.06,40.43,40.98
010008700,ERBA VITA LIQUIRIZIA ESTRATTO SECCO 60 OPERCOLI,Fitoterapia e Omeopatia,,33.64,32.51,32.39,33.65,33.28,32.73,33.18,32.18,33.32
010008703,SPECCHIASOL LIQUIRIZIA ESTRATTO SECCO 60 OPERCOLI,Fitoterapia e Omeopatia,,42.00,42.13,42.45,42.69,42.03,41.09,42.94,42.77,42.76
010008706,ABOCA LIQUIRIZIA TISANA 20 BUSTINE,Fitoterapia e Omeopatia,,10.33,10.59,9.80,11.57,11.21,10.89,11.18,11.33,11.27
010008709,ERBA VITA LIQUIRIZIA TISANA 20 BUSTINE,Fitoterapia e Omeopatia,,31.81,31.33,30.56,30.91,30.40,29.98,31.51,30.79,31.32
010008712,SPECCHIASOL LIQUIRIZIA TISANA 20 BUSTINE,Fitoterapia e Omeopatia,,32.39,33.09,32.14,31.48,32.34,31.01,32.67,32.90,31.64
010008715,ABOCA LIQUIRIZIA GOCCE 30ML,Fitoterapia e Omeopatia,,22.20,21.02,21.61,22.76,21.02,21.94,21.96,22.37,22.09
010008718,ERBA VITA LIQUIRIZIA GOCCE 30ML,Fitoterapia e Omeopatia,,44.53,43.87,44.43,43.35,43.94,44.02,44.27,44.16,43.94
010008721,SPECCHIASOL LIQUIRIZIA GOCCE 30ML,Fitoterapia e Omeopatia,,8.22,6.09,7.85,7.59,7.15,5.98,7.51,6.84,6.42
010008724,ABOCA LIQUIRIZIA SCiroppo 200ML,Fitoterapia e Omeopatia,,32.00,31.89,31.82,31.38,32.77,31.78,32.27,31.37,33.52
010008727,ERBA VITA LIQUIRIZIA SCiroppo 200ML,Fitoterapia e Omeopatia,,11.22,9.82,10.05,9.29,11.55,9.79,11.00,10.16,9.65
010008730,SPECCHIASOL LIQUIRIZIA SCiroppo 200ML,Fitoterapia e Omeopatia,,12.06,11.15,11.16,11.66,10.96,10.94,12.14,11.56,11.15
010008733,ABOCA LUPPOLO TINTURA MADRE 50ML,Fitoterapia e Omeopatia,,34.87,34.00,35.89,35.20,35.87,36.03,35.18,34.59,35.50
010008736,ERBA VITA LUPPOLO TINTURA MADRE 50ML,Fitoterapia e Omeopatia,,43.01,42.79,42.44,41.55,42.24,43.70,42.36,42.09,42.11
010008739,SPECCHIASOL LUPPOLO TINTURA MADRE 50ML,Fitoterapia e Omeopatia,,6.12,6.86,6.43,4.56,5.58,6.03,4.67,6.23,6.39
010008742,ABOCA LUPPOLO MACERATO 50ML,Fitoterapia e Omeopatia,,32.03,32.35,33.43,32.67,32.90,33.01,32.52,33.06,32.43
010008745,ERBA VITA LUPPOLO MACERATO 50ML,Fitoterapia e Omeopatia,,11.00,9.94,10.70,11.97,12.01,10.22,10.54,10.42,10.20
010008748,SPECCHIASOL LUPPOLO MACERATO 50ML,Fitoterapia e Omeopatia,,14.04,14.82,15.18,14.79,13.75,14.43,12.84,14.51,13.78
010008751,ABOCA LUPPOLO ESTRATTO SECCO 60 OPERCOLI,Fitoterapia e Omeopatia,,15.23,14.81,14.72,14.06,14.22,15.25,15.06,14.34,14.05
010008754,ERBA VITA LUPPOLO ESTRATTO SECCO 60 OPERCOLI,Fitoterapia e Omeopatia,,41.84,43.48,43.33,41.69,43.72,42.68,41.64,41.59,41.89
010008757,SPECCHIASOL LUPPOLO ESTRATTO SECCO 60 OPERCOLI,Fitoterapia e Omeopatia,,26.24,27.21,28.13,27.71,28.21,27.46,27.56,27.64,27.15
010008760,ABOCA LUPPOLO TISANA 20 BUSTINE,Fitoterapia e Omeopatia,,24.09,25.49,24.48,24.23,25.11,25.72,25.26,24.59,25.54
010008763,ERBA VITA LUPPOLO TISANA 20 BUSTINE,Fitoterapia e Omeopatia,,21.44,20.82,20.35,21.62,21.98,20.63,21.06,20.25,21.82
010008766,SPECCHIASOL LUPPOLO TISANA 20 BUSTINE,Fitoterapia e Omeopatia,,34.70,35.67,36.27,34.26,34.19,36.23,34.30,34.21,35.80
010008769,ABOCA LUPPOLO GOCCE 30ML,Fitoterapia e Omeopatia,,7.14,5.77,6.56,7.62,6.29,6.36,6.76,5.85,6.08
010008772,ERBA VITA LUPPOLO GOCCE 30ML,Fitoterapia e Omeopatia,,6.85,8.83,8.36,8.51,6.88,8.13,7.66,8.42,7.69
010008775,SPECCHIASOL LUPPOLO GOCCE 30ML,Fitoterapia e Omeopatia,,20.57,19.96,21.10,21.17,21.24,20.01,21.35,20.28,19.85
010008778,ABOCA LUPPOLO SCiroppo 200ML,Fitoterapia e Omeopatia,,10.79,9.54,11.17,9.81,9.50,11.39,10.50,10.01,10.92
010008781,ERBA VITA LUPPOLO SCiroppo 200ML,Fitoterapia e Omeopatia,,31.61,31.18,30.24,32.20,30.76,32.31,30.21,30.30,31.40
010008784,SPECCHIASOL LUPPOLO SCiroppo 200ML,Fitoterapia e Omeopatia,,6.70,6.69,6.49,6.48,6.04,7.47,7.19,6.25,6.39
010008787,ABOCA MALVA TINTURA MADRE 50ML,Fitoterapia e Omeopatia,,38.71,38.06,38.59,39.45,37.75,37.49,39.55,37.56,38.28
010008790,ERBA VITA MALVA TINTURA MADRE 50ML,Fitoterapia e Omeopatia,,24.29,22.15,22.81,24.29,24.02,22.98,22.51,22.07,22.66
010008793,SPECCHIASOL MALVA TINTURA MADRE 50ML,Fitoterapia e Omeopatia,,29.98,29.89,29.36,30.52,29.48,30.62,31.13,30.12,29.90
010008796,ABOCA MALVA MACERATO 50ML,Fitoterapia e Omeopatia,,26.79,27.40,27.42,26.16,27.18,28.35,27.34,27.17,28.26
010008799,ERBA VITA MALVA MACERATO 50ML,Fitoterapia e Omeopatia,,13.88,15.61,13.71,14.83,15.83,15.23,15.64,13.81,13.61
010008802,SPECCHIASOL MALVA MACERATO 50ML,Fitoterapia e Omeopatia,,15.28,14.09,15.15,13.16,13.89,13.31,13.50,13.81,14.35
010008805,ABOCA MALVA ESTRATTO SECCO 60 OPERCOLI,Fitoterapia e Omeopatia,,42.38,42.41,43.44,44.37,44.57,44.45,43.49,43.27,44.09
010008808,ERBA VITA MALVA ESTRATTO SECCO 60 OPERCOLI,Fitoterapia e Omeopatia,,5.32,5.74,5.99,5.38,4.92,6.29,5.54,4.91,6.69
010008811,SPECCHIASOL MALVA ESTRATTO SECCO 60 OPERCOLI,Fitoterapia e Omeopatia,,33.23,32.95,33.79,33.69,34.74,33.22,34.38,33.50,34.51
010008814,ABOCA MALVA TISANA 20 BUSTINE,Fitoterapia e Omeopatia,,9.97,9.22,9.63,11.24,9.42,10.26,10.66,10.54,10.48
010008817,ERBA VITA MALVA TISANA 20 BUSTINE,Fitoterapia e Omeopatia,,31.06,31.47,29.90,30.89,29.72,29.88,31.93,31.97,31.26
010008820,SPECCHIASOL MALVA TISANA 20 BUSTINE,Fitoterapia e Omeopatia,,25.15,23.58,24.05,24.86,23.69,25.21,25.31,23.11,24.41
010008823,ABOCA MALVA GOCCE 30ML,Fitoterapia e Omeopatia,,12.85,11.43,12.41,11.03,10.93,11.49,12.30,12.16,12.00
010008826,ERBA VITA MALVA GOCCE 30ML,Fitoterapia e Omeopatia,,21.72,21.55,21.20,22.94,22.50,20.72,22.14,21.38,22.37
010008829,SPECCHIASOL MALVA GOCCE 30ML,Fitoterapia e Omeopatia,,44.34,42.87,42.63,42.27,44.51,43.40,42.93,43.84,43.13
010008832,ABOCA MALVA SCiroppo 200ML,Fitoterapia e Omeopatia,,23.53,24.63,23.67,25.08,23.64,24.21,24.18,24.29,23.31
010008835,ERBA VITA MALVA SCiroppo 200ML,Fitoterapia e Omeopatia,,22.56,23.41,23.28,22.15,22.71,23.01,23.56,22.16,21.84
010008838,SPECCHIASOL MALVA SCiroppo 200ML,Fitoterapia e Omeopatia,,40.30,39.25,41.26,40.08,39.97,40.68,40.93,39.72,39.23
010008841,ABOCA MELISSA TINTURA MADRE 50ML,Fitoterapia e Omeopatia,,36.74,37.86,38.54,36.86,36.69,38.91,38.92,36.55,37.30
010008844,ERBA VITA MELISSA TINTURA MADRE 50ML,Fitoterapia e Omeopatia,,32.56,31.24,31.39,31.88,31.77,31.93,30.45,30.36,31.52
010008847,SPECCHIASOL MELISSA TINTURA MADRE 50ML,Fitoterapia e Omeopatia,,11.48,10.09,11.61,11.11,11.57,10.74,11.04,9.77,10.00
010008850,ABOCA MELISSA MACERATO 50ML,Fitoterapia e Omeopatia,,41.32,41.54,40.59,40.87,40.00,39.94,39.74,41.27,40.38
010008853,ERBA VITA MELISSA MACERATO 50ML,Fitoterapia e Omeopatia,,28.17,29.49,27.84,29.24,27.28,28.60,27.69,27.81,28.03
010008856,SPECCHIASOL MELISSA MACERATO 50ML,Fitoterapia e Omeopatia,,6.49,4.96,5.80,5.97,5.81,4.80,4.92,6.57,6.43
010008859,ABOCA MELISSA ESTRATTO SECCO 60 OPERCOLI,Fitoterapia e Omeopatia,,33.77,35.42,34.10,35.04,34.59,35.40,35.80,35.65,34.66
010008862,ERBA VITA MELISSA ESTRATTO SECCO 60 OPERCOLI,Fitoterapia e Omeopatia,,40.40,40.60,42.14,40.36,42.04,41.10,41.22,42.46,40.88
010008865,SPECCHIASOL MELISSA ESTRATTO SECCO 60 OPERCOLI,Fitoterapia e Omeopatia,,15.58,15.38,15.69,14.77,14.79,14.69,16.66,15.84,16.99
010008868,ABOCA MELISSA TISANA 20 BUSTINE,Fitoterapia e Omeopatia,,5.38,5.83,4.68,6.80,6.45,6.14,4.95,6.19,6.45
010008871,ERBA VITA MELISSA TISANA 20 BUSTINE,Fitoterapia e Omeopatia,,13.35,13.12,14.62,13.76,14.16,14.28,14.70,12.91,14.13
010008874,SPECCHIASOL MELISSA TISANA 20 BUSTINE,Fitoterapia e Omeopatia,,33.73,32.99,34.27,33.45,35.07,34.10,32.88,33.65,34.51
010008877,ABOCA MELISSA GOCCE 30ML,Fitoterapia e Omeopatia,,12.97,12.93,13.37,12.64,13.81,14.63,13.04,14.68,13.34
010008880,ERBA VITA MELISSA GOCCE 30ML,Fitoterapia e Omeopatia,,20.98,21.28,20.96,20.18,19.92,19.63,19.43,19.11,19.19
010008883,SPECCHIASOL MELISSA GOCCE 30ML,Fitoterapia e Omeopatia,,11.54,13.22,11.37,12.50,12.93,12.00,12.18,12.98,12.81
010008886,ABOCA MELISSA SCiroppo 200ML,Fitoterapia e Omeopatia,,44.47,44.06,44.85,44.56,43.73,44.58,44.70,43.87,44.32
010008889,ERBA VITA MELISSA SCiroppo 200ML,Fitoterapia e Omeopatia,,23.20,23.01,22.57,23.92,22.72,22.75,22.56,22.18,23.61
010008892,SPECCHIASOL MELISSA SCiroppo 200ML,Fitoterapia e Omeopatia,,8.06,8.18,9.35,9.17,7.60,8.94,7.32,8.77,8.09
010008895,ABOCA MENTA TINTURA MADRE 50ML,Fitoterapia e Omeopatia,,43.42,44.48,43.98,43.06,43.61,42.63,44.51,42.95,43.95
010008898,ERBA VITA MENTA TINTURA MADRE 50ML,Fitoterapia e Omeopatia,,27.92,28.11,28.83,26.73,28.53,28.37,28.43,27.33,28.85
010008901,SPECCHIASOL MENTA TINTURA MADRE 50ML,Fitoterapia e Omeopatia,,12.03,11.99,11.80,12.05,11.89,12.58,11.81,11.98,12.50
010008904,ABOCA MENTA MACERATO 50ML,Fitoterapia e Omeopatia,,42.61,42.50,40.58,40.44,41.35,42.43,42.02,42.05,40.67
010008907,ERBA VITA MENTA MACERATO 50ML,Fitoterapia e Omeopatia,,38.08,37.34,38.29,39.44,38.83,39.04,38.19,38.96,38.52
010008910,SPECCHIASOL MENTA MACERATO 50ML,Fitoterapia e Omeopatia,,42.99,42.20,40.89,42.92,42.04,43.01,41.78,42.89,40.95
010008913,ABOCA MENTA ESTRATTO SECCO 60 OPERCOLI,Fitoterapia e Omeopatia,,4.79,5.03,5.30,4.43,5.87,4.66,5.83,6.47,4.81
010008916,ERBA VITA MENTA ESTRATTO SECCO 60 OPERCOLI,Fitoterapia e Omeopatia,,18.14,19.47,17.72,18.65,17.46,18.45,18.33,18.46,19.27
010008919,SPECCHIASOL MENTA ESTRATTO SECCO 60 OPERCOLI,Fitoterapia e Omeopatia,,44.84,44.94,43.95,45.40,45.62,45.66,44.36,44.86,45.21
010008922,ABOCA MENTA TISANA 20 BUSTINE,Fitoterapia e Omeopatia,,14.30,16.28,15.22,14.28,14.34,14.64,15.17,15.58,14.98
010008925,ERBA VITA MENTA TISANA 20 BUSTINE,Fitoterapia e Omeopatia,,20.48,20.73,21.69,21.48,21.54,21.58,21.08,21.67,20.77
010008928,SPECCHIASOL MENTA TISANA 20 BUSTINE,Fitoterapia e Omeopatia,,33.84,34.86,34.70,34.75,35.14,33.99,33.12,34.10,33.59
010008931,ABOCA MENTA GOCCE 30ML,Fitoterapia e Omeopatia,,44.58,43.84,44.91,44.86,43.15,43.61,44.88,45.09,43.16
010008934,ERBA VITA MENTA GOCCE 30ML,Fitoterapia e Omeopatia,,11.18,10.48,9.73,9.07,10.88,10.24,9.20,10.75,9.34
010008937,SPECCHIASOL MENTA GOCCE 30ML,Fitoterapia e Omeopatia,,6.91,6.58,8.48,6.33,6.21,8.05,8.09,6.43,6.96
010008940,ABOCA MENTA SCiroppo 200ML,Fitoterapia e Omeopatia,,33.08,33.88,33.17,34.97,32.97,33.33,34.54,33.42,32.99
010008943,ERBA VITA MENTA SCiroppo 200ML,Fitoterapia e Omeopatia,,17.20,14.96,15.72,17.10,17.22,15.39,15.47,16.52,17.28
010008946,SPECCHIASOL MENTA SCiroppo 200ML,Fitoterapia e Omeopatia,,38.23,37.64,37.80,38.84,38.63,36.97,37.49,38.10,38.69
010008949,ABOCA MIRTILLO NERO TINTURA MADRE 50ML,Fitoterapia e Omeopatia,,34.16,35.23,34.30,35.16,34.39,35.88,35.26,34.78,34.09
010008952,ERBA VITA MIRTILLO NERO TINTURA MADRE 50ML,Fitoterapia e Omeopatia,,39.37,37.80,38.65,38.76,39.43,37.31,37.45,38.56,37.98
010008955,SPECCHIASOL MIRTILLO NERO TINTURA MADRE 50ML,Fitoterapia e Omeopatia,,45.50,45.39,43.96,45.95,44.16,43.98,45.44,45.04,45.71
010008958,ABOCA MIRTILLO NERO MACERATO 50ML,Fitoterapia e Omeopatia,,12.79,12.44,14.08,12.59,12.25,12.84,11.99,13.84,12.03
010008961,ERBA VITA MIRTILLO NERO MACERATO 50ML,Fitoterapia e Omeopatia,,44.37,43.51,43.30,44.01,44.02,43.18,44.23,43.44,44.46
010008964,SPECCHIASOL MIRTILLO NERO MACERATO 50ML,Fitoterapia e Omeopatia,,18.94,19.20,18.96,18.79,19.11,19.00,18.97,18.07,19.52
010008967,ABOCA MIRTILLO NERO ESTRATTO SECCO 60 OPERCOLI,Fitoterapia e Omeopatia,,14.36,12.30,13.17,13.42,14.59,12.36,13.34,13.67,12.61
010008970,ERBA VITA MIRTILLO NERO ESTRATTO SECCO 60 OPERCOLI,Fitoterapia e Omeopatia,,25.24,25.61,24.69,25.05,24.21,24.18,24.61,23.97,24.47
010008973,SPECCHIASOL MIRTILLO NERO ESTRATTO SECCO 60 OPERCOLI,Fitoterapia e Omeopatia,,19.66,20.57,19.88,21.40,20.71,20.02,21.37,20.63,20.23
010008976,ABOCA MIRTILLO NERO TISANA 20 BUSTINE,Fitoterapia e Omeopatia,,38.94,38.37,39.99,39.80,38.44,39.88,40.06,38.19,40.27
010008979,ERBA VITA MIRTILLO NERO TISANA 20 BUSTINE,Fitoterapia e Omeopatia,,42.13,42.91,42.67,42.46,41.67,42.36,43.84,41.80,42.34
010008982,SPECCHIASOL MIRTILLO NERO TISANA 20 BUSTINE,Fitoterapia e Omeopatia,,24.15,23.34,22.95,23.49,24.06,24.06,23.34,24.14,24.64
010008985,ABOCA MIRTILLO NERO GOCCE 30ML,Fitoterapia e Omeopatia,,32.32,32.00,31.21,33.03,30.95,32.78,31.10,32.26,30.74
010008988,ERBA VITA MIRTILLO NERO GOCCE 30ML,Fitoterapia e Omeopatia,,31.30,29.55,31.67,29.66,30.46,29.84,30.24,29.87,30.05
010008991,SPECCHIASOL MIRTILLO NERO GOCCE 30ML,Fitoterapia e Omeopatia,,35.02,35.17,35.90,35.01,35.36,35.82,35.70,35.16,36.16
010008994,ABOCA MIRTILLO NERO SCiroppo 200ML,Fitoterapia e Omeopatia,,29.65,31.76,31.04,29.61,29.76,29.57,29.94,30.23,30.23
010008997,ERBA VITA MIRTILLO NERO SCiroppo 200ML,Fitoterapia e Omeopatia,,20.37,18.53,18.24,19.95,18.32,19.16,19.27,20.50,20.07
010009000,SPECCHIASOL MIRTILLO NERO SCiroppo 200ML,Fitoterapia e Omeopatia,,16.63,17.37,15.59,17.12,17.47,15.78,17.56,15.89,16.56
010009003,ABOCA ORTICA TINTURA MADRE 50ML,Fitoterapia e Omeopatia,,28.49,27.99,27.56,28.64,28.49,26.34,26.93,26.87,27.25
010009006,ERBA VITA ORTICA TINTURA MADRE 50ML,Fitoterapia e Omeopatia,,21.29,21.21,21.87,22.70,20.82,21.91,20.95,22.74,20.59
010009009,SPECCHIASOL ORTICA TINTURA MADRE 50ML,Fitoterapia e Omeopatia,,30.81,31.83,31.79,31.77,30.11,31.01,31.72,31.16,30.89
010009012,ABOCA ORTICA MACERATO 50ML,Fitoterapia e Omeopatia,,17.81,17.24,17.89,17.78,18.84,19.23,19.39,17.20,19.57
010009015,ERBA VITA ORTICA MACERATO 50ML,Fitoterapia e Omeopatia,,5.54,5.68,5.77,4.15,6.43,5.12,4.58,6.14,4.16
010009018,SPECCHIASOL ORTICA MACERATO 50ML,Fitoterapia e Omeopatia,,9.80,9.76,8.63,10.22,10.38,9.88,8.59,8.78,9.98
010009021,ABOCA ORTICA ESTRATTO SECCO 60 OPERCOLI,Fitoterapia e Omeopatia,,8.57,9.46,8.79,10.30,9.73,10.21,9.76,9.84,8.11
010009024,ERBA VITA ORTICA ESTRATTO SECCO 60 OPERCOLI,Fitoterapia e Omeopatia,,9.89,9.54,8.35,8.11,10.30,9.96,8.86,8.64,9.33
010009027,SPECCHIASOL ORTICA ESTRATTO SECCO 60 OPERCOLI,Fitoterapia e Omeopatia,,13.93,13.78,15.37,13.98,14.17,15.02,14.90,15.46,15.03
010009030,ABOCA ORTICA TISANA 20 BUSTINE,Fitoterapia e Omeopatia,,29.35,28.33,28.98,27.91,29.49,29.16,28.23,27.72,27.64
010009033,ERBA VITA ORTICA TISANA 20 BUSTINE,Fitoterapia e Omeopatia,,24.77,24.90,25.79,26.30,25.92,24.33,25.30,25.50,24.73
010009036,SPECCHIASOL ORTICA TISANA 20 BUSTINE,Fitoterapia e Omeopatia,,11.54,10.75,10.60,11.71,12.45,10.52,12.56,10.92,12.09
010009039,ABOCA ORTICA GOCCE 30ML,Fitoterapia e Omeopatia,,37.49,39.04,38.44,39.38,37.99,38.53,38.61,37.95,37.71
010009042,ERBA VITA ORTICA GOCCE 30ML,Fitoterapia e Omeopatia,,29.26,31.15,30.18,31.00,29.63,30.48,29.62,30.29,29.95
010009045,SPECCHIASOL ORTICA GOCCE 30ML,Fitoterapia e Omeopatia,,15.07,17.08,17.01,16.61,15.83,17.14,15.90,15.74,16.09
010009048,ABOCA ORTICA SCiroppo 200ML,Fitoterapia e Omeopatia,,42.41,41.92,43.10,41.68,43.14,42.58,41.63,43.18,41.84
010009051,ERBA VITA ORTICA SCiroppo 200ML,Fitoterapia e Omeopatia,,16.13,15.55,16.46,16.48,16.82,15.65,16.00,17.65,16.92
010009054,SPECCHIASOL ORTICA SCiroppo 200ML,Fitoterapia e Omeopatia,,17.11,17.43,16.54,16.60,16.17,16.80,17.77,16.23,16.85
010009057,ABOCA PASSIFLORA TINTURA MADRE 50ML,Fitoterapia e Omeopatia,,14.68,14.21,15.02,13.89,15.30,14.99,14.65,13.67,13.58
010009060,ERBA VITA PASSIFLORA TINTURA MADRE 50ML,Fitoterapia e Omeopatia,,23.22,23.09,22.71,23.90,22.93,21.71,23.01,22.27,21.68
010009063,SPECCHIASOL PASSIFLORA TINTURA MADRE 50ML,Fitoterapia e Omeopatia,,34.57,36.39,36.35,36.38,34.98,35.58,35.46,36.68,36.16
010009066,ABOCA PASSIFLORA MACERATO 50ML,Fitoterapia e Omeopatia,,15.32,16.12,16.51,16.56,15.19,17.00,16.67,17.11,15.12
010009069,ERBA VITA PASSIFLORA MACERATO 50ML,Fitoterapia e Omeopatia,,22.81,21.49,21.18,23.21,23.14,21.80,21.88,22.91,21.99
010009072,SPECCHIASOL PASSIFLORA MACERATO 50ML,Fitoterapia e Omeopatia,,26.56,27.59,25.92,27.65,28.14,27.62,27.61,26.36,26.31
010009075,ABOCA PASSIFLORA ESTRATTO SECCO 60 OPERCOLI,Fitoterapia e Omeopatia,,17.86,19.75,18.13,20.11,18.81,18.84,19.72,17.99,18.98
010009078,ERBA VITA PASSIFLORA ESTRATTO SECCO 60 OPERCOLI,Fitoterapia e Omeopatia,,9.31,8.81,8.46,9.14,8.88,9.10,8.42,8.50,8.53
010009081,SPECCHIASOL PASSIFLORA ESTRATTO SECCO 60 OPERCOLI,Fitoterapia e Omeopatia,,11.28,10.60,10.84,9.75,9.96,9.69,9.83,10.75,10.51
010009084,ABOCA PASSIFLORA TISANA 20 BUSTINE,Fitoterapia e Omeopatia,,40.04,39.32,39.70,40.87,40.74,40.19,39.49,40.26,40.64
010009087,ERBA VITA PASSIFLORA TISANA 20 BUSTINE,Fitoterapia e Omeopatia,,22.07,21.71,23.20,23.18,22.56,22.39,21.37,21.89,22.95
010009090,SPECCHIASOL PASSIFLORA TISANA 20 BUSTINE,Fitoterapia e Omeopatia,,44.24,44.91,45.53,43.54,43.84,43.81,43.60,44.63,44.03
010009093,ABOCA PASSIFLORA GOCCE 30ML,Fitoterapia e Omeopatia,,32.54,32.95,31.51,31.28,32.32,32.45,32.52,31.47,30.94
010009096,ERBA VITA PASSIFLORA GOCCE 30ML,Fitoterapia e Omeopatia,,14.14,13.20,13.21,13.41,12.36,14.06,13.41,12.92,12.73
010009099,SPECCHIASOL PASSIFLORA GOCCE 30ML,Fitoterapia e Omeopatia,,27.92,29.83,29.00,28.69,28.34,27.88,29.44,29.15,28.59
010009102,ABOCA PASSIFLORA SCiroppo 200ML,Fitoterapia e Omeopatia,,31.03,30.74,30.65,32.21,30.69,31.29,30.66,30.91,32.14
010009105,ERBA VITA PASSIFLORA SCiroppo 200ML,Fitoterapia e Omeopatia,,39.63,39.42,40.37,40.12,38.70,40.27,40.05,40.78,38.98
010009108,SPECCHIASOL PASSIFLORA SCiroppo 200ML,Fitoterapia e Omeopatia,,20.14,21.41,22.22,20.72,20.03,21.69,21.72,20.10,21.86
010009111,ABOCA PILOSELLA TINTURA MADRE 50ML,Fitoterapia e Omeopatia,,22.20,23.02,23.72,22.95,22.56,23.76,23.53,23.57,24.02
010009114,ERBA VITA PILOSELLA TINTURA MADRE 50ML,Fitoterapia e Omeopatia,,41.02,41.21,40.15,41.14,39.46,40.32,40.29,39.52,40.65
010009117,SPECCHIASOL PILOSELLA TINTURA MADRE 50ML,Fitoterapia e Omeopatia,,33.37,33.46,33.40,34.79,33.58,33.41,33.85,34.94,35.45
010009120,ABOCA PILOSELLA MACERATO 50ML,Fitoterapia e Omeopatia,,30.50,30.87,31.53,31.43,31.61,29.85,31.03,30.49,30.50
010009123,ERBA VITA PILOSELLA MACERATO 50ML,Fitoterapia e Omeopatia,,41.23,41.41,41.48,41.62,42.05,42.65,42.41,41.46,42.54
010009126,SPECCHIASOL PILOSELLA MACERATO 50ML,Fitoterapia e Omeopatia,,15.95,16.98,15.09,15.90,16.73,15.76,16.36,15.41,15.04
010009129,ABOCA PILOSELLA ESTRATTO SECCO 60 OPERCOLI,Fitoterapia e Omeopatia,,5.67,5.55,4.74,3.74,4.56,4.07,3.95,4.62,3.75
010009132,ERBA VITA PILOSELLA ESTRATTO SECCO 60 OPERCOLI,Fitoterapia e Omeopatia,,10.00,9.82,10.81,9.20,10.15,11.02,10.05,10.91,10.61
010009135,SPECCHIASOL PILOSELLA ESTRATTO SECCO 60 OPERCOLI,Fitoterapia e Omeopatia,,29.18,28.71,30.62,28.90,29.95,29.00,29.86,29.39,29.23
010009138,ABOCA PILOSELLA TISANA 20 BUSTINE,Fitoterapia e Omeopatia,,39.95,38.75,38.39,39.72,38.48,40.21,38.48,40.53,38.40
010009141,ERBA VITA PILOSELLA TISANA 20 BUSTINE,Fitoterapia e Omeopatia,,18.13,17.51,18.20,18.58,17.91,16.95,18.32,18.83,16.75
010009144,SPECCHIASOL PILOSELLA TISANA 20 BUSTINE,Fitoterapia e Omeopatia,,38.88,38.58,37.26,37.81,38.21,38.17,37.84,38.42,38.14
010009147,ABOCA PILOSELLA GOCCE 30ML,Fitoterapia e Omeopatia,,44.37,43.11,43.02,44.68,42.85,43.82,43.66,43.87,44.40
010009150,ERBA VITA PILOSELLA GOCCE 30ML,Fitoterapia e Omeopatia,,18.45,19.53,19.51,18.70,18.75,18.17,17.38,17.98,18.61
010009153,SPECCHIASOL PILOSELLA GOCCE 30ML,Fitoterapia e Omeopatia,,26.74,26.60,25.88,26.41,26.83,27.93,28.16,27.02,26.70
010009156,ABOCA PILOSELLA SCiroppo 200ML,Fitoterapia e Omeopatia,,11.76,10.03,11.82,10.48,11.74,9.62,11.48,10.11,10.21
010009159,ERBA VITA PILOSELLA SCiroppo 200ML,Fitoterapia e Omeopatia,,14.77,13.34,13.59,13.46,14.92,14.37,13.28,15.49,14.81
010009162,SPECCHIASOL PILOSELLA SCiroppo 200ML,Fitoterapia e Omeopatia,,16.70,16.14,16.24,15.05,15.54,16.66,14.88,15.28,16.15
010009165,ABOCA PROPOLI TINTURA MADRE 50ML,Fitoterapia e Omeopatia,,43.46,43.75,42.29,42.48,43.32,42.46,43.07,43.74,43.79
010009168,ERBA VITA PROPOLI TINTURA MADRE 50ML,Fitoterapia e Omeopatia,,13.60,14.43,14.56,14.36,14.94,13.92,14.68,14.37,13.91
010009171,SPECCHIASOL PROPOLI TINTURA MADRE 50ML,Fitoterapia e Omeopatia,,20.87,18.65,20.47,19.96,18.62,20.73,20.50,19.23,18.60
010009174,ABOCA PROPOLI MACERATO 50ML,Fitoterapia e Omeopatia,,32.27,31.14,31.97,31.83,30.93,32.36,31.24,31.03,32.52
010009177,ERBA VITA PROPOLI MACERATO 50ML,Fitoterapia e Omeopatia,,12.64,13.53,12.56,12.11,14.35,14.26,13.55,12.68,12.85
010009180,SPECCHIASOL PROPOLI MACERATO 50ML,Fitoterapia e Omeopatia,,30.47,30.33,30.00,30.11,30.26,29.14,30.31,29.76,29.73
010009183,ABOCA PROPOLI ESTRATTO SECCO 60 OPERCOLI,Fitoterapia e Omeopatia,,26.35,27.48,26.31,27.58,25.81,26.14,26.54,27.85,27.75
010009186,ERBA VITA PROPOLI ESTRATTO SECCO 60 OPERCOLI,Fitoterapia e Omeopatia,,42.05,42.36,41.21,41.81,41.92,41.78,42.40,42.15,42.51
010009189,SPECCHIASOL PROPOLI ESTRATTO SECCO 60 OPERCOLI,Fitoterapia e Omeopatia,,40.71,41.21,41.83,40.97,41.49,42.01,42.33,42.34,40.18
010009192,ABOCA PROPOLI TISANA 20 BUSTINE,Fitoterapia e Omeopatia,,33.23,32.50,33.99,34.10,32.59,34.59,33.30,33.61,34.57
010009195,ERBA VITA PROPOLI TISANA 20 BUSTINE,Fitoterapia e Omeopatia,,22.99,22.32,22.89,23.79,24.09,24.30,24.09,23.89,23.07
010009198,SPECCHIASOL PROPOLI TISANA 20 BUSTINE,Fitoterapia e Omeopatia,,15.79,17.50,17.57,17.21,16.17,16.22,16.73,15.66,17.43
010009201,ABOCA PROPOLI GOCCE 30ML,Fitoterapia e Omeopatia,,10.19,10.35,8.10,10.01,9.13,9.36,10.40,9.42,9.91
010009204,ERBA VITA PROPOLI GOCCE 30ML,Fitoterapia e Omeopatia,,23.09,23.88,23.37,23.28,23.37,24.29,25.02,24.26,25.03
010009207,SPECCHIASOL PROPOLI GOCCE 30ML,Fitoterapia e Omeopatia,,7.19,7.88,8.89,8.74,8.91,7.93,8.86,9.41,9.18
010009210,ABOCA PROPOLI SCiroppo 200ML,Fitoterapia e Omeopatia,,44.15,44.31,43.51,43.03,44.99,42.74,44.62,45.03,43.08
010009213,ERBA VITA PROPOLI SCiroppo 200ML,Fitoterapia e Omeopatia,,21.45,20.97,20.66,19.81,20.24,21.62,20.62,20.86,22.01
010009216,SPECCHIASOL PROPOLI SCiroppo 200ML,Fitoterapia e Omeopatia,,42.20,40.55,41.92,40.45,41.33,42.16,41.71,41.90,42.54
010009219,ABOCA ROSA CANINA TINTURA MADRE 50ML,Fitoterapia e Omeopatia,,39.94,41.07,40.04,39.59,39.29,39.71,41.63,39.75,40.18
010009222,ERBA VITA ROSA CANINA TINTURA MADRE 50ML,Fitoterapia e Omeopatia,,8.61,9.60,8.44,8.97,9.55,8.55,9.62,7.84,8.43
010009225,SPECCHIASOL ROSA CANINA TINTURA MADRE 50ML,Fitoterapia e Omeopatia,,31.72,31.10,32.11,31.48,30.20,31.43,30.58,31.58,30.39
010009228,ABOCA ROSA CANINA MACERATO 50ML,Fitoterapia e Omeopatia,,25.06,25.83,25.45,24.68,25.30,25.32,25.72,24.79,25.84
010009231,ERBA VITA ROSA CANINA MACERATO 50ML,Fitoterapia e Omeopatia,,32.78,33.38,32.51,33.97,32.98,33.13,33.64,32.91,34.08
010009234,SPECCHIASOL ROSA CANINA MACERATO 50ML,Fitoterapia e Omeopatia,,12.56,12.62,12.36,12.18,13.21,14.22,13.02,14.24,12.98
010009237,ABOCA ROSA CANINA ESTRATTO SECCO 60 OPERCOLI,Fitoterapia e Omeopatia,,21.26,21.21,22.07,21.87,21.52,20.31,21.58,20.67,20.47
010009240,ERBA VITA ROSA CANINA ESTRATTO SECCO 60 OPERCOLI,Fitoterapia e Omeopatia,,42.16,40.09,41.58,41.56,40.38,41.94,41.11,41.95,42.23
010009243,SPECCHIASOL ROSA CANINA ESTRATTO SECCO 60 OPERCOLI,Fitoterapia e Omeopatia,,33.48,34.49,33.74,34.64,35.06,33.60,34.96,33.51,33.22
010009246,ABOCA ROSA CANINA TISANA 20 BUSTINE,Fitoterapia e Omeopatia,,37.12,37.87,36.66,37.95,38.10,37.81,37.37,37.46,36.70
010009249,ERBA VITA ROSA CANINA TISANA 20 BUSTINE,Fitoterapia e Omeopatia,,45.48,45.15,43.70,44.94,44.39,44.46,45.60,43.67,43.77
010009252,SPECCHIASOL ROSA CANINA TISANA 20 BUSTINE,Fitoterapia e Omeopatia,,23.49,24.79,22.83,24.24,24.55,23.92,23.29,22.70,24.67
010009255,ABOCA ROSA CANINA GOCCE 30ML,Fitoterapia e Omeopatia,,21.12,21.00,21.03,20.78,20.28,20.00,20.53,21.39,21.21
010009258,ERBA VITA ROSA CANINA GOCCE 30ML,Fitoterapia e Omeopatia,,16.81,17.65,18.80,18.09,16.73,17.60,18.37,18.72,17.93
010009261,SPECCHIASOL ROSA CANINA GOCCE 30ML,Fitoterapia e Omeopatia,,10.83,10.49,11.26,10.86,10.65,9.67,9.61,10.55,10.75
010009264,ABOCA ROSA CANINA SCiroppo 200ML,Fitoterapia e Omeopatia,,29.50,29.89,30.72,30.82,30.64,31.46,29.16,30.64,31.30
010009267,ERBA VITA ROSA CANINA SCiroppo 200ML,Fitoterapia e Omeopatia,,10.19,11.69,10.51,10.49,9.95,10.47,11.70,10.43,10.05
010009270,SPECCHIASOL ROSA CANINA SCiroppo 200ML,Fitoterapia e Omeopatia,,7.96,6.14,6.60,7.18,6.80,8.26,7.60,7.44,6.26
010009273,ABOCA ROSMARINO TINTURA MADRE 50ML,Fitoterapia e Omeopatia,,36.94,38.20,36.38,37.09,36.54,37.31,36.44,36.96,36.28
010009276,ERBA VITA ROSMARINO TINTURA MADRE 50ML,Fitoterapia e Omeopatia,,37.60,39.06,39.26,38.58,37.72,39.19,39.08,38.90,39.15
010009279,SPECCHIASOL ROSMARINO TINTURA MADRE 50ML,Fitoterapia e Omeopatia,,14.73,13.35,15.10,15.16,14.58,15.01,14.52,13.96,13.89
010009282,ABOCA ROSMARINO MACERATO 50ML,Fitoterapia e Omeopatia,,28.61,27.37,27.18,27.67,27.44,26.50,26.99,27.83,27.75
010009285,ERBA VITA ROSMARINO MACERATO 50ML,Fitoterapia e Omeopatia,,5.06,4.98,5.41,4.31,4.79,4.35,4.51,4.31,4.49
010009288,SPECCHIASOL ROSMARINO MACERATO 50ML,Fitoterapia e Omeopatia,,39.76,40.05,40.64,39.84,41.78,39.80,41.28,41.39,40.70
010009291,ABOCA ROSMARINO ESTRATTO SECCO 60 OPERCOLI,Fitoterapia e Omeopatia,,7.22,6.85,6.97,5.94,7.30,7.76,7.69,6.04,7.50
010009294,ERBA VITA ROSMARINO ESTRATTO SECCO 60 OPERCOLI,Fitoterapia e Omeopatia,,33.81,32.84,34.69,34.72,33.88,33.70,34.56,34.41,33.48
010009297,SPECCHIASOL ROSMARINO ESTRATTO SECCO 60 OPERCOLI,Fitoterapia e Omeopatia,,7.38,8.14,8.00,6.91,8.26,7.03,7.58,7.03,8.06
010009300,ABOCA ROSMARINO TISANA 20 BUSTINE,Fitoterapia e Omeopatia,,38.22,38.52,37.71,36.33,36.55,37.88,38.52,37.24,38.25
010009303,ERBA VITA ROSMARINO TISANA 20 BUSTINE,Fitoterapia e Omeopatia,,44.23,45.01,44.60,46.06,44.40,43.91,45.99,44.49,45.12
010009306,SPECCHIASOL ROSMARINO TISANA 20 BUSTINE,Fitoterapia e Omeopatia,,18.61,19.03,18.41,19.03,20.27,19.92,19.31,18.89,19.84
010009309,ABOCA ROSMARINO GOCCE 30ML,Fitoterapia e Omeopatia,,24.66,24.04,23.88,22.61,24.40,24.00,24.76,23.72,23.75
010009312,ERBA VITA ROSMARINO GOCCE 30ML,Fitoterapia e Omeopatia,,42.43,40.64,40.37,41.60,41.29,40.56,40.12,41.86,41.47
010009315,SPECCHIASOL ROSMARINO GOCCE 30ML,Fitoterapia e Omeopatia,,17.93,18.56,19.33,18.96,18.61,17.66,18.67,17.41,19.59
010009318,ABOCA ROSMARINO SCiroppo 200ML,Fitoterapia e Omeopatia,,32.17,33.44,33.67,33.17,32.85,33.72,33.35,31.95,32.93
010009321,ERBA VITA ROSMARINO SCiroppo 200ML,Fitoterapia e Omeopatia,,37.85,36.04,35.55,37.62,37.48,36.67,36.17,37.13,36.70
010009324,SPECCHIASOL ROSMARINO SCiroppo 200ML,Fitoterapia e Omeopatia,,44.36,44.43,45.41,43.69,43.30,45.29,43.80,44.30,44.81
010009327,ABOCA SALVIA TINTURA MADRE 50ML,Fitoterapia e Omeopatia,,37.93,39.35,39.82,39.25,39.61,39.63,38.04,39.18,38.14
010009330,ERBA VITA SALVIA TINTURA MADRE 50ML,Fitoterapia e Omeopatia,,35.52,36.04,37.10,36.56,35.67,35.84,35.84,35.10,35.93
010009333,SPECCHIASOL SALVIA TINTURA MADRE 50ML,Fitoterapia e Omeopatia,,16.18,16.07,14.69,15.98,15.86,15.66,16.45,15.27,15.46
010009336,ABOCA SALVIA MACERATO 50ML,Fitoterapia e Omeopatia,,34.11,35.21,33.58,32.90,33.16,34.81,34.10,34.50,34.54
010009339,ERBA VITA SALVIA MACERATO 50ML,Fitoterapia e Omeopatia,,14.18,13.66,12.33,12.13,13.56,12.85,14.16,12.36,12.46
010009342,SPECCHIASOL SALVIA MACERATO 50ML,Fitoterapia e Omeopatia,,15.55,15.42,16.17,16.43,16.55,14.52,16.18,15.79,16.38
010009345,ABOCA SALVIA ESTRATTO SECCO 60 OPERCOLI,Fitoterapia e Omeopatia,,37.58,36.23,35.83,35.47,35.36,36.72,36.63,37.61,36.78
010009348,ERBA VITA SALVIA ESTRATTO SECCO 60 OPERCOLI,Fitoterapia e Omeopatia,,6.94,5.88,7.06,7.16,7.04,7.48,5.53,5.68,6.00
010009351,SPECCHIASOL SALVIA ESTRATTO SECCO 60 OPERCOLI,Fitoterapia e Omeopatia,,43.36,43.32,42.91,43.10,43.74,42.71,42.73,43.95,44.70
010009354,ABOCA SALVIA TISANA 20 BUSTINE,Fitoterapia e Omeopatia,,22.35,23.46,24.13,22.68,22.46,22.32,23.49,22.89,23.18
010009357,ERBA VITA SALVIA TISANA 20 BUSTINE,Fitoterapia e Omeopatia,,43.45,42.26,42.87,43.91,42.94,42.23,41.98,43.43,43.96
010009360,SPECCHIASOL SALVIA TISANA 20 BUSTINE,Fitoterapia e Omeopatia,,27.60,28.31,29.28,29.07,28.51,28.91,27.31,27.02,28.02
010009363,ABOCA SALVIA GOCCE 30ML,Fitoterapia e Omeopatia,,25.99,26.38,26.87,26.43,25.11,25.56,26.76,25.63,26.62
010009366,ERBA VITA SALVIA GOCCE 30ML,Fitoterapia e Omeopatia,,11.21,10.55,10.46,10.54,11.48,9.53,10.34,9.78,9.87
010009369,SPECCHIASOL SALVIA GOCCE 30ML,Fitoterapia e Omeopatia,,13.00,11.65,12.34,13.03,11.45,12.25,12.56,13.66,13.19
010009372,ABOCA SALVIA SCiroppo 200ML,Fitoterapia e Omeopatia,,39.42,39.09,40.64,38.93,39.96,39.40,40.08,39.21,38.91
010009375,ERBA VITA SALVIA SCiroppo 200ML,Fitoterapia e Omeopatia,,30.92,30.97,31.36,31.38,31.83,31.93,32.57,31.01,32.53
010009378,SPECCHIASOL SALVIA SCiroppo 200ML,Fitoterapia e Omeopatia,,35.35,36.36,36.71,36.18,35.72,35.80,37.15,35.38,35.54
010009381,ABOCA TARASSACO TINTURA MADRE 50ML,Fitoterapia e Omeopatia,,18.20,17.66,18.17,19.11,17.68,18.35,18.57,18.87,17.31
010009384,ERBA VITA TARASSACO TINTURA MADRE 50ML,Fitoterapia e Omeopatia,,30.70,31.00,31.00,31.82,30.24,30.14,30.70,30.81,30.81
010009387,SPECCHIASOL TARASSACO TINTURA MADRE 50ML,Fitoterapia e Omeopatia,,28.52,29.73,28.78,28.38,29.85,30.30,29.84,29.73,30.09
010009390,ABOCA TARASSACO MACERATO 50ML,Fitoterapia e Omeopatia,,43.88,44.26,44.97,43.26,43.66,44.64,45.03,43.39,42.87
010009393,ERBA VITA TARASSACO MACERATO 50ML,Fitoterapia e Omeopatia,,21.96,22.47,22.46,21.50,21.22,21.67,22.47,20.30,21.13
010009396,SPECCHIASOL TARASSACO MACERATO 50ML,Fitoterapia e Omeopatia,,21.53,20.42,21.00,22.66,21.08,21.99,20.47,20.87,22.57
010009399,ABOCA TARASSACO ESTRATTO SECCO 60 OPERCOLI,Fitoterapia e Omeopatia,,17.14,17.73,17.43,18.09,18.69,17.40,18.28,19.17,17.18
010009402,ERBA VITA TARASSACO ESTRATTO SECCO 60 OPERCOLI,Fitoterapia e Omeopatia,,32.51,32.24,32.59,34.08,33.56,32.58,33.48,33.25,33.55
010009405,SPECCHIASOL TARASSACO ESTRATTO SECCO 60 OPERCOLI,Fitoterapia e Omeopatia,,4.34,4.01,4.50,3.73,5.31,5.73,5.98,5.88,4.19
010009408,ABOCA TARASSACO TISANA 20 BUSTINE,Fitoterapia e Omeopatia,,33.54,33.92,35.30,34.62,35.16,33.22,34.26,33.27,34.41
010009411,ERBA VITA TARASSACO TISANA 20 BUSTINE,Fitoterapia e Omeopatia,,20.49,20.24,20.89,20.68,21.83,21.54,20.54,21.91,20.68
010009414,SPECCHIASOL TARASSACO TISANA 20 BUSTINE,Fitoterapia e Omeopatia,,20.11,19.75,20.17,20.19,21.00,19.54,19.63,18.97,20.26
010009417,ABOCA TARASSACO GOCCE 30ML,Fitoterapia e Omeopatia,,42.94,41.72,42.21,43.07,41.86,40.93,41.53,41.07,42.23
010009420,ERBA VITA TARASSACO GOCCE 30ML,Fitoterapia e Omeopatia,,31.98,32.00,32.43,33.18,31.72,33.10,33.35,33.42,33.91
010009423,SPECCHIASOL TARASSACO GOCCE 30ML,Fitoterapia e Omeopatia,,33.19,32.16,32.77,32.19,33.41,34.07,32.60,34.13,34.17
010009426,ABOCA TARASSACO SCiroppo 200ML,Fitoterapia e Omeopatia,,19.36,20.35,18.93,18.96,18.74,19.16,19.77,20.28,18.32
010009429,ERBA VITA TARASSACO SCiroppo 200ML,Fitoterapia e Omeopatia,,17.82,16.87,17.25,17.71,17.65,17.44,18.84,17.85,18.43
010009432,SPECCHIASOL TARASSACO SCiroppo 200ML,Fitoterapia e Omeopatia,,15.88,14.79,14.80,15.18,14.31,15.23,16.19,15.43,15.03
010009435,ABOCA VALERIANA TINTURA MADRE 50ML,Fitoterapia e Omeopatia,,11.98,12.45,12.21,11.88,11.13,10.60,11.87,12.29,11.16
010009438,ERBA VITA VALERIANA TINTURA MADRE 50ML,Fitoterapia e Omeopatia,,31.61,31.37,31.37,30.23,30.05,31.90,31.76,30.46,30.24
010009441,SPECCHIASOL VALERIANA TINTURA MADRE 50ML,Fitoterapia e Omeopatia,,11.08,11.41,12.65,11.64,11.12,10.32,10.72,12.60,12.04
010009444,ABOCA VALERIANA MACERATO 50ML,Fitoterapia e Omeopatia,,14.55,14.45,15.11,15.66,15.55,14.55,14.32,13.81,14.24
010009447,ERBA VITA VALERIANA MACERATO 50ML,Fitoterapia e Omeopatia,,43.40,42.01,42.42,43.82,42.53,42.45,42.49,42.84,43.08
010009450,SPECCHIASOL VALERIANA MACERATO 50ML,Fitoterapia e Omeopatia,,12.38,12.46,12.01,12.92,13.42,12.84,12.68,11.92,12.77
010009453,ABOCA VALERIANA ESTRATTO SECCO 60 OPERCOLI,Fitoterapia e Omeopatia,,20.34,20.63,21.90,22.19,21.20,20.19,21.75,21.45,20.54
010009456,ERBA VITA VALERIANA ESTRATTO SECCO 60 OPERCOLI,Fitoterapia e Omeopatia,,33.49,33.43,33.26,32.74,33.43,34.14,33.01,34.13,34.31
010009459,SPECCHIASOL VALERIANA ESTRATTO SECCO 60 OPERCOLI,Fitoterapia e Omeopatia,,16.35,15.06,15.26,15.81,15.75,15.41,16.22,14.66,14.66
010009462,ABOCA VALERIANA TISANA 20 BUSTINE,Fitoterapia e Omeopatia,,8.68,8.62,9.25,8.07,9.99,8.96,8.08,8.41,10.43
010009465,ERBA VITA VALERIANA TISANA 20 BUSTINE,Fitoterapia e Omeopatia,,44.57,45.04,45.61,44.04,45.57,44.54,45.37,45.31,43.79
010009468,SPECCHIASOL VALERIANA TISANA 20 BUSTINE,Fitoterapia e Omeopatia,,38.82,37.92,39.21,37.57,37.64,39.31,38.95,37.78,39.00
010009471,ABOCA VALERIANA GOCCE 30ML,Fitoterapia e Omeopatia,,9.84,7.83,9.98,8.84,8.82,9.85,8.05,8.81,8.08
010009474,ERBA VITA VALERIANA GOCCE 30ML,Fitoterapia e Omeopatia,,13.53,13.68,13.68,13.14,13.79,13.54,12.01,12.93,13.66
010009477,SPECCHIASOL VALERIANA GOCCE 30ML,Fitoterapia e Omeopatia,,23.94,24.27,24.24,22.86,22.82,24.77,23.85,24.69,23.58
010009480,ABOCA VALERIANA SCiroppo 200ML,Fitoterapia e Omeopatia,,11.32,12.33,12.55,10.54,12.40,11.85,10.88,11.41,10.90
010009483,ERBA VITA VALERIANA SCiroppo 200ML,Fitoterapia e Omeopatia,,16.69,18.58,17.54,18.16,16.90,18.72,16.62,16.74,18.63
010009486,SPECCHIASOL VALERIANA SCiroppo 200ML,Fitoterapia e Omeopatia,,15.93,14.70,14.24,14.56,15.24,16.18,15.88,15.93,16.26
010009489,ABOCA ZENZERO TINTURA MADRE 50ML,Fitoterapia e Omeopatia,,10.46,9.20,11.04,11.16,10.44,9.59,9.40,10.33,11.04
010009492,ERBA VITA ZENZERO TINTURA MADRE 50ML,Fitoterapia e Omeopatia,,18.99,18.67,18.47,19.15,17.84,19.28,17.69,17.39,18.41
010009495,SPECCHIASOL ZENZERO TINTURA MADRE 50ML,Fitoterapia e Omeopatia,,21.17,20.66,20.40,21.85,20.54,22.49,21.70,21.38,20.32
010009498,ABOCA ZENZERO MACERATO 50ML,Fitoterapia e Omeopatia,,6.05,4.93,6.67,6.01,5.15,6.43,5.35,6.97,6.03
010009501,ERBA VITA ZENZERO MACERATO 50ML,Fitoterapia e Omeopatia,,24.33,23.26,23.00,24.24,22.76,23.91,23.23,23.01,23.32
010009504,SPECCHIASOL ZENZERO MACERATO 50ML,Fitoterapia e Omeopatia,,28.40,29.04,29.33,28.69,29.08,28.24,29.99,29.55,29.66
010009507,ABOCA ZENZERO ESTRATTO SECCO 60 OPERCOLI,Fitoterapia e Omeopatia,,10.92,10.47,9.95,9.28,9.47,9.43,8.97,10.69,10.16
010009510,ERBA VITA ZENZERO ESTRATTO SECCO 60 OPERCOLI,Fitoterapia e Omeopatia,,21.09,20.00,22.14,21.02,20.33,19.81,20.81,20.87,21.47
010009513,SPECCHIASOL ZENZERO ESTRATTO SECCO 60 OPERCOLI,Fitoterapia e Omeopatia,,29.59,30.91,29.88,29.30,29.71,28.99,28.74,30.00,30.55
010009516,ABOCA ZENZERO TISANA 20 BUSTINE,Fitoterapia e Omeopatia,,41.12,39.57,41.30,40.80,40.67,40.45,39.51,40.09,41.73
010009519,ERBA VITA ZENZERO TISANA 20 BUSTINE,Fitoterapia e Omeopatia,,31.23,31.89,29.82,30.75,30.40,30.39,30.66,31.80,30.44
010009522,SPECCHIASOL ZENZERO TISANA 20 BUSTINE,Fitoterapia e Omeopatia,,39.48,38.64,39.61,38.13,39.58,38.73,37.96,39.80,38.49
010009525,ABOCA ZENZERO GOCCE 30ML,Fitoterapia e Omeopatia,,5.77,5.45,5.04,7.25,7.20,6.20,5.58,7.22,4.92
010009528,ERBA VITA ZENZERO GOCCE 30ML,Fitoterapia e Omeopatia,,8.21,8.21,8.07,8.82,7.82,8.06,8.08,9.28,7.87
010009531,SPECCHIASOL ZENZERO GOCCE 30ML,Fitoterapia e Omeopatia,,19.46,20.96,20.57,21.14,20.84,21.49,20.97,21.71,21.75
010009534,ABOCA ZENZERO SCiroppo 200ML,Fitoterapia e Omeopatia,,30.52,28.95,28.67,30.59,29.70,29.29,30.50,29.41,29.64
010009537,ERBA VITA ZENZERO SCiroppo 200ML,Fitoterapia e Omeopatia,,24.03,25.34,25.34,24.87,23.61,25.68,24.81,25.21,24.46
010009540,SPECCHIASOL ZENZERO SCiroppo 200ML,Fitoterapia e Omeopatia,,37.40,35.93,35.74,36.44,36.25,36.16,36.09,35.70,36.57
010009543,TACHIPIRINA 500MG 20 COMPRESSE,Farmaci da Banco (SOP/OTC),,13.11,12.62,12.85,12.93,12.51,13.56,14.07,14.74,14.02
010009546,TACHIPIRINA 1000MG 16 COMPRESSE EFFERVESCENTI,Farmaci da Banco (SOP/OTC),,40.53,39.92,39.83,40.23,40.47,41.10,39.58,40.55,40.31
010009549,TACHIPIRINA 120MG/5ML SCIROPPO 120ML,Farmaci da Banco (SOP/OTC),,21.02,20.08,20.46,19.00,20.95,20.13,20.48,20.83,21.02
010009552,TACHIPIRINA 250MG 10 BUSTINE,Farmaci da Banco (SOP/OTC),,29.09,29.20,29.78,29.52,29.35,29.10,28.97,30.32,28.90
010009555,TACHIPIRINA 500MG 10 SUPPOSTE,Farmaci da Banco (SOP/OTC),,16.55,18.12,17.00,17.50,16.53,17.06,17.48,18.53,16.40
010009558,TACHIPIRINA 1000MG 10 COMPRESSE,Farmaci da Banco (SOP/OTC),,29.09,29.80,29.88,29.78,28.98,27.87,29.90,28.50,27.94
010009561,TACHIPIRINA FLASHTAB 500MG 16 COMPRESSE,Farmaci da Banco (SOP/OTC),,9.54,10.17,9.34,10.84,9.12,8.99,8.78,8.86,10.76
010009564,TACHIPIRINA 500MG 30 COMPRESSE,Farmaci da Banco (SOP/OTC),,18.06,16.10,15.99,17.59,16.79,17.30,17.60,17.34,16.67
010009567,OKI INFLAMMAZIONE E DOLORE SPRAY 15ML,Farmaci da Banco (SOP/OTC),,17.47,15.77,16.95,17.00,16.90,17.77,16.65,16.21,17.09
010009570,OKI TASK 40MG 10 BUSTINE,Farmaci da Banco (SOP/OTC),,37.44,37.96,37.25,38.04,37.70,37.09,37.92,38.09,37.00
010009573,OKI TASK 40MG 20 BUSTINE,Farmaci da Banco (SOP/OTC),,30.96,29.84,31.02,30.38,30.87,29.33,30.87,30.63,30.22
010009576,OKI DOLORE 25MG 12 BUSTINE,Farmaci da Banco (SOP/OTC),,5.47,4.79,4.81,5.87,4.18,5.64,4.56,5.83,4.47
010009579,MOMENT 200MG 12 COMPRESSE,Farmaci da Banco (SOP/OTC),,31.16,31.57,30.61,31.16,31.80,31.31,32.52,31.81,32.30
010009582,MOMENT 200MG 32 COMPRESSE,Farmaci da Banco (SOP/OTC),,19.06,19.20,17.98,17.72,17.30,18.80,18.80,18.35,17.74
010009585,MOMENT ACT 400MG 10 COMPRESSE,Farmaci da Banco (SOP/OTC),,15.77,15.84,15.96,16.72,16.23,15.41,17.00,16.17,15.65
010009588,MOMENT ACT 400MG 20 COMPRESSE,Farmaci da Banco (SOP/OTC),,4.12,6.42,5.89,5.05,5.88,5.06,4.74,5.24,5.12
010009591,MOMENT DOLO CAPSULE MOLLI,Farmaci da Banco (SOP/OTC),,45.58,44.88,45.15,44.40,45.52,45.49,44.73,44.15,44.74
010009594,NUROFEN 200MG 12 COMPRESSE,Farmaci da Banco (SOP/OTC),,21.31,22.44,21.28,21.61,22.44,20.92,21.75,21.99,20.68
010009597,NUROFEN 400MG 12 COMPRESSE,Farmaci da Banco (SOP/OTC),,33.09,34.08,33.80,33.63,32.21,32.36,32.24,33.49,32.34
010009600,NUROFEN FEBBRE BAMBINI SCIROPPO,Farmaci da Banco (SOP/OTC),,21.85,20.14,21.75,19.81,21.58,21.92,20.24,21.31,21.61
010009603,NUROFEN INFLUENZA 12 COMPRESSE,Farmaci da Banco (SOP/OTC),,26.16,24.99,26.44,24.57,24.94,25.92,24.74,26.68,26.12
010009606,VOLTAREN EMULGEL 1% 60G,Farmaci da Banco (SOP/OTC),,26.26,26.15,25.53,26.81,27.06,26.92,26.88,25.90,25.52
010009609,VOLTAREN EMULGEL 1% 100G,Farmaci da Banco (SOP/OTC),,32.31,31.69,31.31,30.96,31.37,30.69,30.94,31.86,31.47
010009612,VOLTAREN EMULGEL 2% 100G,Farmaci da Banco (SOP/OTC),,33.17,32.40,31.95,32.79,31.69,32.74,31.19,32.91,31.71
010009615,VOLTAREN NIGHT CEROTTI,Farmaci da Banco (SOP/OTC),,15.21,15.01,15.70,15.62,14.69,15.35,14.69,16.60,15.75
010009618,ENTEROGERMINA 2 MILIARDI 10 FLACONCINI,Farmaci da Banco (SOP/OTC),,7.52,6.70,7.18,8.98,8.69,7.33,8.89,7.20,7.90
010009621,ENTEROGERMINA 2 MILIARDI 20 FLACONCINI,Farmaci da Banco (SOP/OTC),,24.15,22.11,22.67,23.75,22.32,22.06,22.01,22.62,21.84
010009624,ENTEROGERMINA 4 MILIARDI 20 FLACONCINI,Farmaci da Banco (SOP/OTC),,28.02,28.58,26.68,26.84,26.67,26.65,28.40,28.60,28.30
010009627,ENTEROGERMINA VIAGGI BUSTINE,Farmaci da Banco (SOP/OTC),,37.26,38.60,38.91,38.19,37.13,37.85,39.12,38.93,37.46
010009630,ENTEROGERMINA GONFIORE BUSTINE,Farmaci da Banco (SOP/OTC),,28.94,28.05,28.49,28.93,28.81,28.54,28.97,29.45,28.01
010009633,GAVISCON BRUCIORE 24 BUSTINE,Farmaci da Banco (SOP/OTC),,26.18,24.76,25.95,25.12,24.66,25.71,26.21,25.18,25.07
010009636,GAVISCON COMPRESSE MASTICABILI,Farmaci da Banco (SOP/OTC),,26.86,26.21,26.64,26.73,27.42,28.16,26.94,26.51,26.62
010009639,GAVISCON ADVANCE 200ML,Farmaci da Banco (SOP/OTC),,43.52,44.41,43.67,43.82,43.52,43.49,42.71,43.16,44.74
010009642,BUSCOPAN 30 COMPRESSE,Farmaci da Banco (SOP/OTC),,11.99,12.70,11.56,12.17,12.95,11.55,11.48,12.86,12.82
010009645,BUSCOPAN COMPOSITUM,Farmaci da Banco (SOP/OTC),,40.28,39.41,38.74,39.68,40.73,38.61,38.94,40.40,39.72
010009648,BUSCOPAN SUPPOSTE,Farmaci da Banco (SOP/OTC),,29.31,28.27,30.30,28.24,28.35,30.39,28.69,28.41,29.60
010009651,ASPIRINA 500MG EFFERVESCENTI,Farmaci da Banco (SOP/OTC),,36.49,34.79,35.55,35.20,34.71,35.97,36.54,36.07,35.50
010009654,ASPIRINA C 20 COMPRESSE,Farmaci da Banco (SOP/OTC),,6.60,7.06,6.69,7.82,6.82,7.62,6.91,6.16,7.94
010009657,ASPIRINA RAPID,Farmaci da Banco (SOP/OTC),,42.02,42.11,41.76,43.95,43.17,42.07,42.70,42.52,42.43
010009660,MAALOX PLUS COMPRESSE,Farmaci da Banco (SOP/OTC),,10.89,11.26,10.69,10.54,10.43,11.54,12.47,12.41,12.48
010009663,MAALOX PLUS SOSPENSIONE,Farmaci da Banco (SOP/OTC),,14.53,13.84,14.70,14.84,14.11,16.11,15.31,15.71,16.07
010009666,MAALOX REFROSS,Farmaci da Banco (SOP/OTC),,12.01,11.50,10.58,12.23,12.21,11.79,10.13,10.84,10.66
010009669,BENAGOL LIMONE 24 PASTIGLIE,Farmaci da Banco (SOP/OTC),,35.74,36.60,36.84,36.73,37.32,37.57,37.37,37.78,35.83
010009672,BENAGOL MIELE 24 PASTIGLIE,Farmaci da Banco (SOP/OTC),,5.73,5.44,6.23,6.12,7.27,6.21,5.46,7.55,6.98
010009675,BENAGOL FRAGOLA,Farmaci da Banco (SOP/OTC),,26.37,26.93,26.99,27.76,28.31,27.71,26.00,27.51,27.74
010009678,TANTUM VERDE SPRAY GOLA,Farmaci da Banco (SOP/OTC),,14.80,15.90,15.97,15.91,15.57,16.69,14.86,16.20,15.41
010009681,TANTUM VERDE COLLUTORIO,Farmaci da Banco (SOP/OTC),,16.46,14.99,15.60,17.12,16.19,16.87,15.48,15.31,16.67
010009684,TANTUM VERDE PASTIGLIE,Farmaci da Banco (SOP/OTC),,14.11,13.18,13.65,12.98,14.55,14.61,12.81,13.32,13.14
010009687,IMODIUM CAPSULE RIGIDE,Farmaci da Banco (SOP/OTC),,10.39,10.76,9.47,9.48,9.24,10.18,10.06,10.11,9.44
010009690,IMODIUM ORORISOLUBILI,Farmaci da Banco (SOP/OTC),,36.55,37.31,37.28,37.62,37.12,38.00,37.36,37.93,36.29
010009693,RINAZOLINA GOCCE NASALI,Farmaci da Banco (SOP/OTC),,39.68,41.32,39.18,40.90,39.50,41.39,40.91,39.49,40.89
010009696,RINAZOLINA SPRAY,Farmaci da Banco (SOP/OTC),,14.75,13.54,14.20,14.62,13.05,14.46,13.44,12.78,14.90
010009699,ACTIGRIP GIORNO E NOTTE,Farmaci da Banco (SOP/OTC),,32.43,33.35,33.96,32.89,32.49,31.88,33.33,31.88,33.44
010009702,ACTIGRIP TOSSE SCIROPPO,Farmaci da Banco (SOP/OTC),,28.66,28.58,29.11,30.64,29.28,28.80,30.73,30.05,28.63
010009705,PARACETAMOLO DOC 100MG 10 COMPRESSE,Farmaci da Banco (SOP/OTC),,24.69,26.16,25.34,26.03,25.45,24.48,24.88,24.73,24.75
010009708,PARACETAMOLO TEVA 100MG 10 COMPRESSE,Farmaci da Banco (SOP/OTC),,40.50,40.25,39.24,40.44,40.47,40.56,40.60,39.81,41.01
010009711,PARACETAMOLO SANDOZ 100MG 10 COMPRESSE,Farmaci da Banco (SOP/OTC),,42.80,42.62,42.47,42.90,42.83,43.26,44.23,42.46,42.89
010009714,PARACETAMOLO DOC 100MG 20 COMPRESSE,Farmaci da Banco (SOP/OTC),,41.06,42.61,41.55,42.33,40.26,40.25,41.76,42.59,41.37
010009717,PARACETAMOLO TEVA 100MG 20 COMPRESSE,Farmaci da Banco (SOP/OTC),,38.54,37.15,37.36,37.75,37.12,38.79,37.24,37.78,36.64
010009720,PARACETAMOLO SANDOZ 100MG 20 COMPRESSE,Farmaci da Banco (SOP/OTC),,22.68,24.28,23.45,22.49,23.91,24.11,24.77,23.56,22.54
010009723,PARACETAMOLO DOC 100MG 30 COMPRESSE,Farmaci da Banco (SOP/OTC),,38.64,38.76,38.07,39.65,39.97,38.37,38.01,39.09,37.99
010009726,PARACETAMOLO TEVA 100MG 30 COMPRESSE,Farmaci da Banco (SOP/OTC),,8.96,9.86,10.37,9.96,8.58,9.33,9.13,9.11,9.90
010009729,PARACETAMOLO SANDOZ 100MG 30 COMPRESSE,Farmaci da Banco (SOP/OTC),,34.75,35.05,35.50,35.07,36.19,35.92,34.67,35.50,36.21
010009732,PARACETAMOLO DOC 100MG 12 BUSTINE,Farmaci da Banco (SOP/OTC),,5.25,6.05,5.44,4.12,3.76,5.00,5.09,5.50,5.17
010009735,PARACETAMOLO TEVA 100MG 12 BUSTINE,Farmaci da Banco (SOP/OTC),,41.01,40.41,40.60,39.95,41.76,41.53,41.02,39.82,40.45
010009738,PARACETAMOLO SANDOZ 100MG 12 BUSTINE,Farmaci da Banco (SOP/OTC),,37.99,36.46,36.33,37.40,36.95,37.54,37.46,38.62,38.15
010009741,PARACETAMOLO DOC 100MG 20 BUSTINE,Farmaci da Banco (SOP/OTC),,31.14,29.26,30.48,29.97,31.30,31.43,30.21,29.74,29.53
010009744,PARACETAMOLO TEVA 100MG 20 BUSTINE,Farmaci da Banco (SOP/OTC),,44.51,43.61,42.67,43.13,44.18,42.47,43.25,42.78,43.53
010009747,PARACETAMOLO SANDOZ 100MG 20 BUSTINE,Farmaci da Banco (SOP/OTC),,16.86,14.80,16.89,16.56,15.27,16.48,14.84,15.79,15.94
010009750,PARACETAMOLO DOC 100MG SCIROPPO 150ML,Farmaci da Banco (SOP/OTC),,27.61,27.05,26.34,25.67,26.97,25.80,25.65,27.93,26.37
010009753,PARACETAMOLO TEVA 100MG SCIROPPO 150ML,Farmaci da Banco (SOP/OTC),,34.27,33.05,34.85,34.05,33.22,35.29,33.67,34.48,34.24
010009756,PARACETAMOLO SANDOZ 100MG SCIROPPO 150ML,Farmaci da Banco (SOP/OTC),,28.81,27.88,29.22,29.08,27.10,28.27,27.62,29.31,28.38
010009759,PARACETAMOLO DOC 200MG 10 COMPRESSE,Farmaci da Banco (SOP/OTC),,20.65,21.00,20.08,19.73,19.76,21.36,19.27,19.59,20.59
010009762,PARACETAMOLO TEVA 200MG 10 COMPRESSE,Farmaci da Banco (SOP/OTC),,11.17,10.72,10.23,9.66,10.79,9.69,10.29,10.66,11.15
010009765,PARACETAMOLO SANDOZ 200MG 10 COMPRESSE,Farmaci da Banco (SOP/OTC),,22.54,22.38,24.58,23.66,23.12,24.28,24.54,22.83,24.44
010009768,PARACETAMOLO DOC 200MG 20 COMPRESSE,Farmaci da Banco (SOP/OTC),,11.05,10.38,11.21,11.54,10.29,11.70,10.67,11.12,11.59
010009771,PARACETAMOLO TEVA 200MG 20 COMPRESSE,Farmaci da Banco (SOP/OTC),,31.05,30.58,30.95,29.81,30.48,31.69,31.68,30.60,29.67
010009774,PARACETAMOLO SANDOZ 200MG 20 COMPRESSE,Farmaci da Banco (SOP/OTC),,4.63,6.06,4.13,5.54,4.93,5.11,5.21,4.61,5.49
010009777,PARACETAMOLO DOC 200MG 30 COMPRESSE,Farmaci da Banco (SOP/OTC),,36.96,38.00,36.96,36.16,36.86,38.10,37.47,37.11,37.58
010009780,PARACETAMOLO TEVA 200MG 30 COMPRESSE,Farmaci da Banco (SOP/OTC),,16.53,16.64,15.71,15.76,15.41,15.78,16.35,15.61,16.58
010009783,PARACETAMOLO SANDOZ 200MG 30 COMPRESSE,Farmaci da Banco (SOP/OTC),,17.40,18.02,18.05,17.47,19.19,18.07,18.14,19.28,18.93
010009786,PARACETAMOLO DOC 200MG 12 BUSTINE,Farmaci da Banco (SOP/OTC),,10.67,10.66,9.01,10.34,10.92,10.09,8.73,10.57,10.18
010009789,PARACETAMOLO TEVA 200MG 12 BUSTINE,Farmaci da Banco (SOP/OTC),,13.68,14.08,14.44,13.65,14.98,14.80,14.58,12.91,13.53
010009792,PARACETAMOLO SANDOZ 200MG 12 BUSTINE,Farmaci da Banco (SOP/OTC),,32.08,33.41,31.79,32.90,33.26,32.06,31.68,33.15,33.38
010009795,PARACETAMOLO DOC 200MG 20 BUSTINE,Farmaci da Banco (SOP/OTC),,5.83,7.78,6.91,7.54,7.84,5.59,6.89,5.59,5.90
010009798,PARACETAMOLO TEVA 200MG 20 BUSTINE,Farmaci da Banco (SOP/OTC),,21.34,21.50,22.90,21.68,22.60,22.54,22.01,22.08,23.02
010009801,PARACETAMOLO SANDOZ 200MG 20 BUSTINE,Farmaci da Banco (SOP/OTC),,27.90,28.25,28.07,28.25,27.18,27.66,28.44,27.42,28.36
010009804,PARACETAMOLO DOC 200MG SCIROPPO 150ML,Farmaci da Banco (SOP/OTC),,31.24,31.09,30.01,30.40,31.40,30.55,30.61,29.68,31.56
010009807,PARACETAMOLO TEVA 200MG SCIROPPO 150ML,Farmaci da Banco (SOP/OTC),,33.13,33.12,34.28,33.94,34.79,35.30,35.43,33.93,33.73
010009810,PARACETAMOLO SANDOZ 200MG SCIROPPO 150ML,Farmaci da Banco (SOP/OTC),,19.92,21.33,20.34,20.20,19.95,19.33,20.95,20.19,20.57
010009813,PARACETAMOLO DOC 400MG 10 COMPRESSE,Farmaci da Banco (SOP/OTC),,10.07,11.93,10.72,10.63,12.06,11.41,10.96,10.25,11.18
010009816,PARACETAMOLO TEVA 400MG 10 COMPRESSE,Farmaci da Banco (SOP/OTC),,13.83,15.22,15.88,16.19,14.62,14.01,14.89,15.12,13.98
010009819,PARACETAMOLO SANDOZ 400MG 10 COMPRESSE,Farmaci da Banco (SOP/OTC),,7.91,8.95,8.56,6.89,8.50,8.22,7.55,7.00,8.55
010009822,PARACETAMOLO DOC 400MG 20 COMPRESSE,Farmaci da Banco (SOP/OTC),,40.87,39.94,40.49,39.99,40.96,39.38,41.15,40.02,39.32
010009825,PARACETAMOLO TEVA 400MG 20 COMPRESSE,Farmaci da Banco (SOP/OTC),,38.48,39.63,38.02,39.39,39.51,39.23,39.88,40.15,39.70
010009828,PARACETAMOLO SANDOZ 400MG 20 COMPRESSE,Farmaci da Banco (SOP/OTC),,10.15,10.98,9.02,10.19,9.73,10.77,10.29,9.52,10.25
010009831,PARACETAMOLO DOC 400MG 30 COMPRESSE,Farmaci da Banco (SOP/OTC),,24.77,24.69,24.65,25.17,25.05,24.84,24.76,24.50,23.65
010009834,PARACETAMOLO TEVA 400MG 30 COMPRESSE,Farmaci da Banco (SOP/OTC),,25.57,25.83,25.94,25.88,24.79,25.87,26.25,25.07,26.16
010009837,PARACETAMOLO SANDOZ 400MG 30 COMPRESSE,Farmaci da Banco (SOP/OTC),,28.91,30.65,29.20,29.95,30.30,30.32,29.09,29.68,29.44
010009840,PARACETAMOLO DOC 400MG 12 BUSTINE,Farmaci da Banco (SOP/OTC),,42.62,42.92,43.28,42.49,44.40,44.02,44.19,44.22,42.66
010009843,PARACETAMOLO TEVA 400MG 12 BUSTINE,Farmaci da Banco (SOP/OTC),,36.80,34.79,35.54,35.69,36.58,36.23,37.06,35.65,36.07
010009846,PARACETAMOLO SANDOZ 400MG 12 BUSTINE,Farmaci da Banco (SOP/OTC),,26.70,26.33,24.66,25.30,26.86,26.59,26.20,27.02,25.05
010009849,PARACETAMOLO DOC 400MG 20 BUSTINE,Farmaci da Banco (SOP/OTC),,25.09,25.22,25.72,25.16,27.23,26.79,26.14,25.13,26.02
010009852,PARACETAMOLO TEVA 400MG 20 BUSTINE,Farmaci da Banco (SOP/OTC),,32.16,33.21,31.93,33.42,32.75,31.70,32.45,31.74,32.86
010009855,PARACETAMOLO SANDOZ 400MG 20 BUSTINE,Farmaci da Banco (SOP/OTC),,25.93,26.44,27.83,27.47,26.11,26.77,27.97,26.40,26.06
010009858,PARACETAMOLO DOC 400MG SCIROPPO 150ML,Farmaci da Banco (SOP/OTC),,28.41,26.83,28.58,27.59,27.83,28.63,27.17,28.87,28.49
010009861,PARACETAMOLO TEVA 400MG SCIROPPO 150ML,Farmaci da Banco (SOP/OTC),,21.92,21.89,20.01,22.29,21.52,22.31,20.75,21.18,20.30
010009864,PARACETAMOLO SANDOZ 400MG SCIROPPO 150ML,Farmaci da Banco (SOP/OTC),,8.42,8.96,7.78,7.00,7.46,7.34,7.13,7.29,8.49
010009867,PARACETAMOLO DOC 500MG 10 COMPRESSE,Farmaci da Banco (SOP/OTC),,6.10,6.25,5.47,6.92,5.28,6.96,5.98,6.99,6.93
010009870,PARACETAMOLO TEVA 500MG 10 COMPRESSE,Farmaci da Banco (SOP/OTC),,18.12,17.95,17.42,16.83,17.48,16.71,17.16,16.58,18.11
010009873,PARACETAMOLO SANDOZ 500MG 10 COMPRESSE,Farmaci da Banco (SOP/OTC),,24.39,24.15,26.13,26.07,25.64,24.27,25.83,24.09,24.72
010009876,PARACETAMOLO DOC 500MG 20 COMPRESSE,Farmaci da Banco (SOP/OTC),,42.30,40.13,40.17,40.27,41.28,42.27,41.04,41.68,41.30
010009879,PARACETAMOLO TEVA 500MG 20 COMPRESSE,Farmaci da Banco (SOP/OTC),,12.31,10.68,10.95,12.33,10.88,10.64,11.21,11.67,11.90
010009882,PARACETAMOLO SANDOZ 500MG 20 COMPRESSE,Farmaci da Banco (SOP/OTC),,15.10,15.26,15.42,14.29,16.25,16.18,15.22,15.55,14.18
010009885,PARACETAMOLO DOC 500MG 30 COMPRESSE,Farmaci da Banco (SOP/OTC),,4.35,4.42,5.54,3.93,5.63,6.17,4.74,3.89,5.79
010009888,PARACETAMOLO TEVA 500MG 30 COMPRESSE,Farmaci da Banco (SOP/OTC),,33.06,33.64,32.48,33.29,33.83,33.80,32.79,32.36,32.98
010009891,PARACETAMOLO SANDOZ 500MG 30 COMPRESSE,Farmaci da Banco (SOP/OTC),,31.38,30.23,29.13,29.76,30.72,29.46,29.19,30.48,29.61
010009894,PARACETAMOLO DOC 500MG 12 BUSTINE,Farmaci da Banco (SOP/OTC),,30.33,30.12,31.41,29.15,31.37,30.57,29.45,29.55,30.24
010009897,PARACETAMOLO TEVA 500MG 12 BUSTINE,Farmaci da Banco (SOP/OTC),,11.29,11.51,13.43,11.45,13.25,13.46,12.06,11.42,13.31
010009900,PARACETAMOLO SANDOZ 500MG 12 BUSTINE,Farmaci da Banco (SOP/OTC),,8.71,10.16,8.75,8.58,8.37,9.05,8.02,9.31,9.65
010009903,PARACETAMOLO DOC 500MG 20 BUSTINE,Farmaci da Banco (SOP/OTC),,26.01,24.48,23.67,25.31,24.77,25.27,23.72,25.90,25.13
010009906,PARACETAMOLO TEVA 500MG 20 BUSTINE,Farmaci da Banco (SOP/OTC),,22.69,22.44,23.08,22.86,22.13,23.49,23.46,22.61,22.83
010009909,PARACETAMOLO SANDOZ 500MG 20 BUSTINE,Farmaci da Banco (SOP/OTC),,37.86,37.43,36.11,36.61,37.25,36.07,37.58,36.68,35.93
010009912,PARACETAMOLO DOC 500MG SCIROPPO 150ML,Farmaci da Banco (SOP/OTC),,23.14,23.88,24.46,22.85,22.65,23.17,22.64,23.27,22.42
010009915,PARACETAMOLO TEVA 500MG SCIROPPO 150ML,Farmaci da Banco (SOP/OTC),,28.45,29.10,28.78,29.57,29.90,28.86,30.11,29.51,29.31
010009918,PARACETAMOLO SANDOZ 500MG SCIROPPO 150ML,Farmaci da Banco (SOP/OTC),,12.41,12.81,11.43,12.14,12.69,11.82,10.67,12.52,12.66
010009921,PARACETAMOLO DOC 1000MG 10 COMPRESSE,Farmaci da Banco (SOP/OTC),,40.10,39.44,39.99,41.62,40.98,41.07,40.36,40.33,39.52
010009924,PARACETAMOLO TEVA 1000MG 10 COMPRESSE,Farmaci da Banco (SOP/OTC),,3.54,4.34,5.71,4.25,5.40,4.94,5.65,4.84,3.92
010009927,PARACETAMOLO SANDOZ 1000MG 10 COMPRESSE,Farmaci da Banco (SOP/OTC),,25.64,26.29,24.95,25.24,25.28,25.09,25.65,26.63,25.36
010009930,PARACETAMOLO DOC 1000MG 20 COMPRESSE,Farmaci da Banco (SOP/OTC),,23.45,22.96,21.81,23.66,21.87,21.58,23.12,21.38,22.57
010009933,PARACETAMOLO TEVA 1000MG 20 COMPRESSE,Farmaci da Banco (SOP/OTC),,37.14,37.79,37.18,38.23,38.84,37.77,38.75,39.01,38.80
010009936,PARACETAMOLO SANDOZ 1000MG 20 COMPRESSE,Farmaci da Banco (SOP/OTC),,11.20,11.63,11.34,9.82,12.06,11.94,10.52,11.50,10.80
010009939,PARACETAMOLO DOC 1000MG 30 COMPRESSE,Farmaci da Banco (SOP/OTC),,33.59,33.93,33.98,34.13,33.02,33.85,34.79,32.92,34.17
010009942,PARACETAMOLO TEVA 1000MG 30 COMPRESSE,Farmaci da Banco (SOP/OTC),,24.79,26.16,24.59,25.11,25.00,26.76,25.06,25.40,26.34
010009945,PARACETAMOLO SANDOZ 1000MG 30 COMPRESSE,Farmaci da Banco (SOP/OTC),,18.06,19.17,19.10,18.63,17.33,18.96,17.30,18.34,19.01
010009948,PARACETAMOLO DOC 1000MG 12 BUSTINE,Farmaci da Banco (SOP/OTC),,32.99,33.11,33.53,33.00,33.90,32.94,33.62,33.38,34.26
010009951,PARACETAMOLO TEVA 1000MG 12 BUSTINE,Farmaci da Banco (SOP/OTC),,6.20,4.78,5.98,5.02,6.14,5.25,5.39,5.14,5.86
010009954,PARACETAMOLO SANDOZ 1000MG 12 BUSTINE,Farmaci da Banco (SOP/OTC),,8.66,6.99,6.79,8.79,6.76,8.01,7.75,7.96,9.09
010009957,PARACETAMOLO DOC 1000MG 20 BUSTINE,Farmaci da Banco (SOP/OTC),,10.87,10.75,9.62,10.68,10.80,10.71,9.70,9.22,9.28
010009960,PARACETAMOLO TEVA 1000MG 20 BUSTINE,Farmaci da Banco (SOP/OTC),,5.58,5.99,7.19,7.44,5.55,7.04,5.81,6.44,7.12
010009963,PARACETAMOLO SANDOZ 1000MG 20 BUSTINE,Farmaci da Banco (SOP/OTC),,9.08,8.28,8.52,8.25,8.90,9.67,9.86,8.02,9.92
010009966,PARACETAMOLO DOC 1000MG SCIROPPO 150ML,Farmaci da Banco (SOP/OTC),,23.11,22.77,22.38,22.24,21.68,23.62,22.02,21.76,22.11
010009969,PARACETAMOLO TEVA 1000MG SCIROPPO 150ML,Farmaci da Banco (SOP/OTC),,19.85,18.49,19.46,19.04,19.12,18.96,20.52,18.39,20.37
010009972,PARACETAMOLO SANDOZ 1000MG SCIROPPO 150ML,Farmaci da Banco (SOP/OTC),,11.29,11.45,11.94,11.88,12.41,10.84,11.78,11.65,11.17
010009975,IBUPROFENE DOC 100MG 10 COMPRESSE,Farmaci da Banco (SOP/OTC),,25.57,27.72,26.85,26.05,27.63,26.38,25.84,27.54,26.58
010009978,IBUPROFENE TEVA 100MG 10 COMPRESSE,Farmaci da Banco (SOP/OTC),,44.61,43.61,42.51,43.63,43.54,43.42,44.71,44.62,44.45
010009981,IBUPROFENE SANDOZ 100MG 10 COMPRESSE,Farmaci da Banco (SOP/OTC),,17.33,17.40,17.94,18.18,18.29,18.27,17.31,16.46,16.84
010009984,IBUPROFENE DOC 100MG 20 COMPRESSE,Farmaci da Banco (SOP/OTC),,14.44,12.98,14.27,14.78,13.43,15.17,13.94,13.43,15.15
010009987,IBUPROFENE TEVA 100MG 20 COMPRESSE,Farmaci da Banco (SOP/OTC),,5.31,5.09,6.52,7.24,6.13,6.03,6.67,5.46,5.16
010009990,IBUPROFENE SANDOZ 100MG 20 COMPRESSE,Farmaci da Banco (SOP/OTC),,10.14,10.56,10.56,11.10,8.98,9.98,9.65,9.78,10.01
010009993,IBUPROFENE DOC 100MG 30 COMPRESSE,Farmaci da Banco (SOP/OTC),,22.22,22.67,21.99,23.06,22.48,21.85,23.19,23.01,22.12
010009996,IBUPROFENE TEVA 100MG 30 COMPRESSE,Farmaci da Banco (SOP/OTC),,20.93,22.23,22.13,21.23,21.72,20.07,21.11,20.78,21.60
010009999,IBUPROFENE SANDOZ 100MG 30 COMPRESSE,Farmaci da Banco (SOP/OTC),,20.21,20.10,18.45,18.63,19.63,19.14,18.64,18.83,18.72
010010002,IBUPROFENE DOC 100MG 12 BUSTINE,Farmaci da Banco (SOP/OTC),,22.36,24.11,22.97,24.10,23.31,22.96,22.53,22.27,22.47
010010005,IBUPROFENE TEVA 100MG 12 BUSTINE,Farmaci da Banco (SOP/OTC),,25.07,23.80,25.35,23.91,24.00,24.16,25.33,23.50,24.81
010010008,IBUPROFENE SANDOZ 100MG 12 BUSTINE,Farmaci da Banco (SOP/OTC),,4.51,5.82,6.59,5.37,6.43,4.76,5.91,6.10,4.34
010010011,IBUPROFENE DOC 100MG 20 BUSTINE,Farmaci da Banco (SOP/OTC),,35.18,35.74,35.60,34.10,35.59,34.78,33.41,35.74,35.04
010010014,IBUPROFENE TEVA 100MG 20 BUSTINE,Farmaci da Banco (SOP/OTC),,14.50,14.38,13.58,14.79,13.99,13.98,14.04,13.93,13.40
010010017,IBUPROFENE SANDOZ 100MG 20 BUSTINE,Farmaci da Banco (SOP/OTC),,22.66,24.30,23.12,22.91,22.29,24.23,22.35,22.81,24.17
010010020,IBUPROFENE DOC 100MG SCIROPPO 150ML,Farmaci da Banco (SOP/OTC),,36.79,34.92,35.93,35.48,34.78,36.01,36.91,36.97,34.70
010010023,IBUPROFENE TEVA 100MG SCIROPPO 150ML,Farmaci da Banco (SOP/OTC),,32.09,33.60,32.65,33.15,32.45,33.54,33.48,32.59,31.79
010010026,IBUPROFENE SANDOZ 100MG SCIROPPO 150ML,Farmaci da Banco (SOP/OTC),,43.24,44.05,43.91,44.12,44.49,45.45,43.29,44.32,43.30
010010029,IBUPROFENE DOC 200MG 10 COMPRESSE,Farmaci da Banco (SOP/OTC),,17.92,20.27,18.17,18.08,20.01,19.06,19.26,18.81,19.99
010010032,IBUPROFENE TEVA 200MG 10 COMPRESSE,Farmaci da Banco (SOP/OTC),,31.28,30.03,30.46,32.00,30.09,31.42,30.74,30.24,31.23
010010035,IBUPROFENE SANDOZ 200MG 10 COMPRESSE,Farmaci da Banco (SOP/OTC),,30.55,29.52,28.63,30.20,28.92,30.14,29.53,28.67,29.31
010010038,IBUPROFENE DOC 200MG 20 COMPRESSE,Farmaci da Banco (SOP/OTC),,32.01,32.15,32.18,31.20,30.85,31.59,30.90,32.34,31.04
010010041,IBUPROFENE TEVA 200MG 20 COMPRESSE,Farmaci da Banco (SOP/OTC),,37.81,36.94,38.70,38.50,37.08,37.82,37.40,36.38,36.81
010010044,IBUPROFENE SANDOZ 200MG 20 COMPRESSE,Farmaci da Banco (SOP/OTC),,38.58,38.89,37.60,36.71,37.77,38.60,36.86,37.82,38.39
010010047,IBUPROFENE DOC 200MG 30 COMPRESSE,Farmaci da Banco (SOP/OTC),,5.66,5.73,4.69,5.58,4.92,5.14,4.49,4.69,5.40
010010050,IBUPROFENE TEVA 200MG 30 COMPRESSE,Farmaci da Banco (SOP/OTC),,29.45,29.99,31.30,31.51,30.31,30.87,30.33,29.50,29.61
010010053,IBUPROFENE SANDOZ 200MG 30 COMPRESSE,Farmaci da Banco (SOP/OTC),,45.40,45.39,44.93,43.55,43.23,44.60,44.43,45.16,43.94
010010056,IBUPROFENE DOC 200MG 12 BUSTINE,Farmaci da Banco (SOP/OTC),,23.94,25.97,23.63,25.09,24.80,25.53,24.26,24.37,25.26
010010059,IBUPROFENE TEVA 200MG 12 BUSTINE,Farmaci da Banco (SOP/OTC),,22.66,21.93,20.99,22.39,22.94,21.24,22.59,22.45,22.64
010010062,IBUPROFENE SANDOZ 200MG 12 BUSTINE,Farmaci da Banco (SOP/OTC),,45.08,44.72,43.70,45.28,44.92,45.47,43.66,43.65,44.02
010010065,IBUPROFENE DOC 200MG 20 BUSTINE,Farmaci da Banco (SOP/OTC),,27.31,26.75,27.97,26.48,27.80,25.88,25.74,26.33,26.78
010010068,IBUPROFENE TEVA 200MG 20 BUSTINE,Farmaci da Banco (SOP/OTC),,41.24,43.21,42.01,41.11,41.82,41.83,42.92,41.20,42.61
010010071,IBUPROFENE SANDOZ 200MG 20 BUSTINE,Farmaci da Banco (SOP/OTC),,14.59,15.69,16.19,15.61,14.70,16.54,15.42,15.60,16.17
010010074,IBUPROFENE DOC 200MG SCIROPPO 150ML,Farmaci da Banco (SOP/OTC),,29.04,27.32,28.08,27.77,27.97,27.52,27.37,27.98,29.57
010010077,IBUPROFENE TEVA 200MG SCIROPPO 150ML,Farmaci da Banco (SOP/OTC),,14.14,12.73,12.70,12.70,12.93,14.39,12.21,13.03,13.23
010010080,IBUPROFENE SANDOZ 200MG SCIROPPO 150ML,Farmaci da Banco (SOP/OTC),,12.27,12.11,13.87,12.16,12.10,13.00,12.62,13.09,12.63
010010083,IBUPROFENE DOC 400MG 10 COMPRESSE,Farmaci da Banco (SOP/OTC),,5.58,4.52,5.10,4.63,5.82,4.31,5.27,4.79,5.72
010010086,IBUPROFENE TEVA 400MG 10 COMPRESSE,Farmaci da Banco (SOP/OTC),,5.90,6.27,5.73,4.70,4.95,6.63,6.15,6.72,5.73
010010089,IBUPROFENE SANDOZ 400MG 10 COMPRESSE,Farmaci da Banco (SOP/OTC),,12.59,12.78,11.82,10.74,12.72,10.64,12.87,11.45,11.48
010010092,IBUPROFENE DOC 400MG 20 COMPRESSE,Farmaci da Banco (SOP/OTC),,24.03,24.24,25.03,24.00,24.39,23.61,23.32,24.12,23.36
010010095,IBUPROFENE TEVA 400MG 20 COMPRESSE,Farmaci da Banco (SOP/OTC),,27.66,28.55,28.65,29.03,27.63,27.10,27.85,29.23,28.67
010010098,IBUPROFENE SANDOZ 400MG 20 COMPRESSE,Farmaci da Banco (SOP/OTC),,34.77,33.77,32.93,33.78,32.98,35.01,33.38,33.14,33.01
010010101,IBUPROFENE DOC 400MG 30 COMPRESSE,Farmaci da Banco (SOP/OTC),,28.05,28.19,29.28,28.96,28.30,27.81,27.51,27.59,27.67
010010104,IBUPROFENE TEVA 400MG 30 COMPRESSE,Farmaci da Banco (SOP/OTC),,40.44,39.98,40.42,41.42,39.84,40.58,41.57,40.96,39.81
010010107,IBUPROFENE SANDOZ 400MG 30 COMPRESSE,Farmaci da Banco (SOP/OTC),,15.82,17.68,17.28,16.31,17.40,16.21,15.44,17.26,17.63
010010110,IBUPROFENE DOC 400MG 12 BUSTINE,Farmaci da Banco (SOP/OTC),,27.21,28.50,26.58,27.73,26.61,28.05,27.67,27.71,26.34
010010113,IBUPROFENE TEVA 400MG 12 BUSTINE,Farmaci da Banco (SOP/OTC),,43.90,45.10,43.86,43.52,44.95,43.57,43.42,44.12,44.29
010010116,IBUPROFENE SANDOZ 400MG 12 BUSTINE,Farmaci da Banco (SOP/OTC),,25.23,25.84,26.16,26.35,25.18,25.36,25.72,26.72,27.08
010010119,IBUPROFENE DOC 400MG 20 BUSTINE,Farmaci da Banco (SOP/OTC),,5.88,4.71,6.78,5.35,4.53,6.19,5.34,6.13,5.38
010010122,IBUPROFENE TEVA 400MG 20 BUSTINE,Farmaci da Banco (SOP/OTC),,18.36,18.81,20.22,19.45,20.01,19.45,18.16,18.01,18.06
010010125,IBUPROFENE SANDOZ 400MG 20 BUSTINE,Farmaci da Banco (SOP/OTC),,44.71,44.86,44.29,43.91,45.53,43.69,44.18,45.29,45.01
010010128,IBUPROFENE DOC 400MG SCIROPPO 150ML,Farmaci da Banco (SOP/OTC),,15.52,17.06,15.42,15.31,16.91,16.02,17.27,16.51,17.24
010010131,IBUPROFENE TEVA 400MG SCIROPPO 150ML,Farmaci da Banco (SOP/OTC),,33.02,32.43,32.32,33.22,32.13,33.00,32.26,33.07,33.21
010010134,IBUPROFENE SANDOZ 400MG SCIROPPO 150ML,Farmaci da Banco (SOP/OTC),,10.08,10.52,9.49,10.02,11.18,10.53,11.18,9.39,10.09
010010137,IBUPROFENE DOC 500MG 10 COMPRESSE,Farmaci da Banco (SOP/OTC),,22.93,21.50,23.02,22.26,23.12,22.62,22.55,21.36,23.62
010010140,IBUPROFENE TEVA 500MG 10 COMPRESSE,Farmaci da Banco (SOP/OTC),,15.99,17.73,17.09,15.94,16.01,16.87,16.95,17.99,16.69
010010143,IBUPROFENE SANDOZ 500MG 10 COMPRESSE,Farmaci da Banco (SOP/OTC),,35.13,35.38,35.48,35.67,36.59,36.22,36.29,36.82,35.25
010010146,IBUPROFENE DOC 500MG 20 COMPRESSE,Farmaci da Banco (SOP/OTC),,11.28,11.19,12.32,11.82,11.65,10.92,11.52,12.12,10.82
010010149,IBUPROFENE TEVA 500MG 20 COMPRESSE,Farmaci da Banco (SOP/OTC),,28.12,28.19,28.22,29.69,28.50,28.85,29.85,28.94,29.39
010010152,IBUPROFENE SANDOZ 500MG 20 COMPRESSE,Farmaci da Banco (SOP/OTC),,40.08,37.79,39.00,39.70,38.12,39.07,37.84,39.66,38.63
010010155,IBUPROFENE DOC 500MG 30 COMPRESSE,Farmaci da Banco (SOP/OTC),,13.82,13.86,14.32,14.56,14.71,14.34,15.08,14.48,13.75
010010158,IBUPROFENE TEVA 500MG 30 COMPRESSE,Farmaci da Banco (SOP/OTC),,24.57,25.40,25.32,26.01,24.54,24.73,24.53,24.88,26.11
010010161,IBUPROFENE SANDOZ 500MG 30 COMPRESSE,Farmaci da Banco (SOP/OTC),,32.87,34.05,33.79,34.13,32.77,33.64,32.94,33.58,34.87
010010164,IBUPROFENE DOC 500MG 12 BUSTINE,Farmaci da Banco (SOP/OTC),,35.97,35.90,34.72,34.62,34.99,35.12,36.02,34.82,34.91
010010167,IBUPROFENE TEVA 500MG 12 BUSTINE,Farmaci da Banco (SOP/OTC),,16.68,16.86,16.11,15.83,16.04,14.98,15.74,14.72,14.74
010010170,IBUPROFENE SANDOZ 500MG 12 BUSTINE,Farmaci da Banco (SOP/OTC),,21.50,22.06,21.11,21.86,23.18,23.06,21.58,23.10,21.31
010010173,IBUPROFENE DOC 500MG 20 BUSTINE,Farmaci da Banco (SOP/OTC),,38.67,38.38,39.39,38.98,38.53,38.02,38.08,37.70,38.88
010010176,IBUPROFENE TEVA 500MG 20 BUSTINE,Farmaci da Banco (SOP/OTC),,21.67,20.51,21.27,20.57,21.69,20.40,21.77,20.52,21.45
010010179,IBUPROFENE SANDOZ 500MG 20 BUSTINE,Farmaci da Banco (SOP/OTC),,38.83,37.98,38.92,36.98,38.64,36.94,38.48,37.23,38.18
010010182,IBUPROFENE DOC 500MG SCIROPPO 150ML,Farmaci da Banco (SOP/OTC),,13.29,14.82,14.38,14.45,15.30,13.07,13.37,14.54,13.11
010010185,IBUPROFENE TEVA 500MG SCIROPPO 150ML,Farmaci da Banco (SOP/OTC),,7.30,6.28,7.40,6.68,7.38,7.05,7.28,6.91,7.55
010010188,IBUPROFENE SANDOZ 500MG SCIROPPO 150ML,Farmaci da Banco (SOP/OTC),,25.50,24.85,25.64,24.57,24.70,25.45,25.49,25.18,25.83
010010191,IBUPROFENE DOC 1000MG 10 COMPRESSE,Farmaci da Banco (SOP/OTC),,31.26,29.67,31.51,29.82,30.41,31.59,30.46,30.54,31.96
010010194,IBUPROFENE TEVA 1000MG 10 COMPRESSE,Farmaci da Banco (SOP/OTC),,15.72,15.62,16.92,17.16,16.53,15.59,16.64,15.99,16.38
010010197,IBUPROFENE SANDOZ 1000MG 10 COMPRESSE,Farmaci da Banco (SOP/OTC),,45.55,43.96,45.59,44.80,44.01,43.39,44.81,44.50,43.87
010010200,IBUPROFENE DOC 1000MG 20 COMPRESSE,Farmaci da Banco (SOP/OTC),,18.52,19.35,19.99,19.63,18.73,19.22,19.43,20.24,19.73
010010203,IBUPROFENE TEVA 1000MG 20 COMPRESSE,Farmaci da Banco (SOP/OTC),,38.37,36.77,37.69,36.81,38.52,37.08,37.32,37.14,36.90
010010206,IBUPROFENE SANDOZ 1000MG 20 COMPRESSE,Farmaci da Banco (SOP/OTC),,33.45,33.40,31.64,31.48,32.28,32.33,32.35,32.33,31.26
010010209,IBUPROFENE DOC 1000MG 30 COMPRESSE,Farmaci da Banco (SOP/OTC),,18.50,18.65,18.66,18.21,19.39,19.68,18.77,18.02,17.99
010010212,IBUPROFENE TEVA 1000MG 30 COMPRESSE,Farmaci da Banco (SOP/OTC),,26.14,25.95,24.42,24.82,24.31,26.14,25.52,24.41,25.22
010010215,IBUPROFENE SANDOZ 1000MG 30 COMPRESSE,Farmaci da Banco (SOP/OTC),,12.83,13.32,14.17,12.99,13.22,14.87,13.36,14.57,13.73
010010218,IBUPROFENE DOC 1000MG 12 BUSTINE,Farmaci da Banco (SOP/OTC),,22.41,22.62,22.68,21.19,22.67,22.69,20.99,23.13,21.84
010010221,IBUPROFENE TEVA 1000MG 12 BUSTINE,Farmaci da Banco (SOP/OTC),,39.88,40.17,40.24,40.17,41.68,41.61,40.84,41.86,41.88
010010224,IBUPROFENE SANDOZ 1000MG 12 BUSTINE,Farmaci da Banco (SOP/OTC),,25.65,25.42,25.05,26.08,24.84,25.62,24.89,24.07,24.53
010010227,IBUPROFENE DOC 1000MG 20 BUSTINE,Farmaci da Banco (SOP/OTC),,41.29,42.44,41.01,42.08,41.46,41.65,40.74,42.12,41.63
010010230,IBUPROFENE TEVA 1000MG 20 BUSTINE,Farmaci da Banco (SOP/OTC),,36.57,35.69,35.02,34.53,35.64,35.13,34.52,36.37,35.26
010010233,IBUPROFENE SANDOZ 1000MG 20 BUSTINE,Farmaci da Banco (SOP/OTC),,19.10,18.51,20.30,20.41,19.04,19.91,20.75,18.66,19.04
010010236,IBUPROFENE DOC 1000MG SCIROPPO 150ML,Farmaci da Banco (SOP/OTC),,21.53,22.43,20.56,22.25,21.03,21.52,21.12,20.54,22.39
010010239,IBUPROFENE TEVA 1000MG SCIROPPO 150ML,Farmaci da Banco (SOP/OTC),,44.23,44.04,43.84,43.55,44.12,43.93,44.97,44.87,44.23
010010242,IBUPROFENE SANDOZ 1000MG SCIROPPO 150ML,Farmaci da Banco (SOP/OTC),,6.86,7.54,9.08,7.41,7.84,8.55,8.53,8.20,7.22
010010245,KETOPROFENE DOC 100MG 10 COMPRESSE,Farmaci da Banco (SOP/OTC),,22.40,22.35,23.46,22.38,22.56,22.51,22.05,21.56,21.42
010010248,KETOPROFENE TEVA 100MG 10 COMPRESSE,Farmaci da Banco (SOP/OTC),,27.51,28.78,28.18,27.86,27.87,27.71,26.82,28.25,27.37
010010251,KETOPROFENE SANDOZ 100MG 10 COMPRESSE,Farmaci da Banco (SOP/OTC),,26.59,27.52,27.79,26.52,27.70,25.94,27.33,27.17,25.64
010010254,KETOPROFENE DOC 100MG 20 COMPRESSE,Farmaci da Banco (SOP/OTC),,32.76,35.06,34.69,33.38,34.25,35.02,34.32,33.49,34.76
010010257,KETOPROFENE TEVA 100MG 20 COMPRESSE,Farmaci da Banco (SOP/OTC),,7.56,6.70,7.02,8.81,6.83,7.14,6.46,8.78,7.36
010010260,KETOPROFENE SANDOZ 100MG 20 COMPRESSE,Farmaci da Banco (SOP/OTC),,32.30,31.01,32.02,33.21,32.26,32.82,32.95,31.91,31.02
010010263,KETOPROFENE DOC 100MG 30 COMPRESSE,Farmaci da Banco (SOP/OTC),,27.61,28.67,27.36,28.81,26.88,26.75,28.99,26.99,28.20
010010266,KETOPROFENE TEVA 100MG 30 COMPRESSE,Farmaci da Banco (SOP/OTC),,9.98,11.36,9.60,10.33,10.67,11.54,10.33,10.32,9.59
010010269,KETOPROFENE SANDOZ 100MG 30 COMPRESSE,Farmaci da Banco (SOP/OTC),,31.93,33.37,33.64,34.10,33.18,31.98,32.68,32.62,32.13
010010272,KETOPROFENE DOC 100MG 12 BUSTINE,Farmaci da Banco (SOP/OTC),,26.58,26.92,26.53,25.52,25.83,26.20,25.43,25.18,26.09
010010275,KETOPROFENE TEVA 100MG 12 BUSTINE,Farmaci da Banco (SOP/OTC),,5.75,5.08,4.76,4.47,5.20,3.95,3.93,5.14,5.69
010010278,KETOPROFENE SANDOZ 100MG 12 BUSTINE,Farmaci da Banco (SOP/OTC),,13.84,15.02,15.22,13.79,15.64,15.24,14.66,14.47,13.97
010010281,KETOPROFENE DOC 100MG 20 BUSTINE,Farmaci da Banco (SOP/OTC),,24.21,26.08,26.12,25.72,24.26,25.92,26.21,24.76,24.47
010010284,KETOPROFENE TEVA 100MG 20 BUSTINE,Farmaci da Banco (SOP/OTC),,28.79,30.84,29.55,28.91,29.09,29.48,28.73,28.83,30.29
010010287,KETOPROFENE SANDOZ 100MG 20 BUSTINE,Farmaci da Banco (SOP/OTC),,42.51,41.67,41.55,42.94,41.88,41.85,42.20,42.49,42.75
010010290,KETOPROFENE DOC 100MG SCIROPPO 150ML,Farmaci da Banco (SOP/OTC),,17.25,16.07,15.98,15.42,16.62,16.20,15.66,16.03,17.10
010010293,KETOPROFENE TEVA 100MG SCIROPPO 150ML,Farmaci da Banco (SOP/OTC),,28.22,26.69,26.83,26.60,26.60,27.68,28.21,28.49,28.03
010010296,KETOPROFENE SANDOZ 100MG SCIROPPO 150ML,Farmaci da Banco (SOP/OTC),,17.31,16.42,16.73,17.40,18.23,16.21,16.96,17.98,17.88
010010299,KETOPROFENE DOC 200MG 10 COMPRESSE,Farmaci da Banco (SOP/OTC),,10.95,11.37,11.66,11.95,11.09,11.91,12.54,12.90,12.39
010010302,KETOPROFENE TEVA 200MG 10 COMPRESSE,Farmaci da Banco (SOP/OTC),,36.32,37.31,37.16,37.46,36.73,37.66,37.86,37.41,37.27
010010305,KETOPROFENE SANDOZ 200MG 10 COMPRESSE,Farmaci da Banco (SOP/OTC),,15.42,15.49,16.81,16.03,16.50,16.78,15.85,14.59,15.76
010010308,KETOPROFENE DOC 200MG 20 COMPRESSE,Farmaci da Banco (SOP/OTC),,7.13,7.26,7.19,6.55,7.64,8.44,6.32,8.23,6.51
010010311,KETOPROFENE TEVA 200MG 20 COMPRESSE,Farmaci da Banco (SOP/OTC),,42.81,41.92,42.62,43.12,42.48,41.87,43.14,41.97,42.95
010010314,KETOPROFENE SANDOZ 200MG 20 COMPRESSE,Farmaci da Banco (SOP/OTC),,26.00,25.72,26.41,27.06,26.00,26.83,26.55,26.49,27.37
010010317,KETOPROFENE DOC 200MG 30 COMPRESSE,Farmaci da Banco (SOP/OTC),,43.65,42.73,44.24,44.12,44.61,43.64,44.32,43.55,43.52
010010320,KETOPROFENE TEVA 200MG 30 COMPRESSE,Farmaci da Banco (SOP/OTC),,35.07,36.08,36.02,36.77,36.77,36.40,36.71,36.30,34.52
010010323,KETOPROFENE SANDOZ 200MG 30 COMPRESSE,Farmaci da Banco (SOP/OTC),,6.13,5.98,5.66,6.02,6.37,6.71,6.01,6.53,5.96
010010326,KETOPROFENE DOC 200MG 12 BUSTINE,Farmaci da Banco (SOP/OTC),,44.40,44.50,45.55,45.01,44.43,45.54,45.51,43.78,44.38
010010329,KETOPROFENE TEVA 200MG 12 BUSTINE,Farmaci da Banco (SOP/OTC),,6.20,5.46,5.91,5.89,5.46,6.98,6.17,7.03,6.40
010010332,KETOPROFENE SANDOZ 200MG 12 BUSTINE,Farmaci da Banco (SOP/OTC),,10.60,12.25,11.18,10.63,10.70,12.64,11.16,10.47,12.52
010010335,KETOPROFENE DOC 200MG 20 BUSTINE,Farmaci da Banco (SOP/OTC),,29.47,29.69,27.83,29.41,28.17,29.10,28.74,29.72,27.94
010010338,KETOPROFENE TEVA 200MG 20 BUSTINE,Farmaci da Banco (SOP/OTC),,5.56,7.38,5.45,7.15,7.49,5.59,5.75,7.45,6.79
010010341,KETOPROFENE SANDOZ 200MG 20 BUSTINE,Farmaci da Banco (SOP/OTC),,45.06,44.80,43.99,43.90,43.12,44.29,43.41,44.14,44.15
010010344,KETOPROFENE DOC 200MG SCIROPPO 150ML,Farmaci da Banco (SOP/OTC),,12.01,10.79,10.63,12.35,11.50,12.14,11.84,10.36,11.39
010010347,KETOPROFENE TEVA 200MG SCIROPPO 150ML,Farmaci da Banco (SOP/OTC),,13.92,14.76,13.09,12.87,14.13,13.85,12.51,13.57,14.49
010010350,KETOPROFENE SANDOZ 200MG SCIROPPO 150ML,Farmaci da Banco (SOP/OTC),,5.76,4.22,3.93,4.04,5.90,3.92,5.39,5.21,5.95
010010353,KETOPROFENE DOC 400MG 10 COMPRESSE,Farmaci da Banco (SOP/OTC),,30.08,30.93,30.23,30.78,28.82,30.96,29.14,29.23,30.22
010010356,KETOPROFENE TEVA 400MG 10 COMPRESSE,Farmaci da Banco (SOP/OTC),,21.83,21.62,23.18,22.89,23.04,22.25,22.62,21.56,21.89
010010359,KETOPROFENE SANDOZ 400MG 10 COMPRESSE,Farmaci da Banco (SOP/OTC),,28.78,28.75,27.66,27.53,28.35,29.15,28.28,28.03,28.14
010010362,KETOPROFENE DOC 400MG 20 COMPRESSE,Farmaci da Banco (SOP/OTC),,14.33,14.62,12.39,14.24,13.36,13.65,13.92,13.84,13.40
010010365,KETOPROFENE TEVA 400MG 20 COMPRESSE,Farmaci da Banco (SOP/OTC),,34.02,33.79,33.03,35.30,33.14,35.30,33.77,34.99,35.11
010010368,KETOPROFENE SANDOZ 400MG 20 COMPRESSE,Farmaci da Banco (SOP/OTC),,44.77,43.35,43.84,43.37,43.58,44.94,44.51,44.35,44.84
010010371,KETOPROFENE DOC 400MG 30 COMPRESSE,Farmaci da Banco (SOP/OTC),,25.87,26.71,26.65,25.86,27.57,27.81,27.85,26.10,27.80
010010374,KETOPROFENE TEVA 400MG 30 COMPRESSE,Farmaci da Banco (SOP/OTC),,33.46,33.34,33.63,34.33,33.19,34.91,34.91,33.56,34.62
010010377,KETOPROFENE SANDOZ 400MG 30 COMPRESSE,Farmaci da Banco (SOP/OTC),,34.65,33.28,35.46,34.86,34.84,35.45,33.27,34.73,33.45
010010380,KETOPROFENE DOC 400MG 12 BUSTINE,Farmaci da Banco (SOP/OTC),,12.48,12.62,11.94,12.24,12.58,12.66,13.23,11.99,11.55
010010383,KETOPROFENE TEVA 400MG 12 BUSTINE,Farmaci da Banco (SOP/OTC),,36.55,37.32,38.05,38.33,38.83,38.40,37.44,38.74,36.50
010010386,KETOPROFENE SANDOZ 400MG 12 BUSTINE,Farmaci da Banco (SOP/OTC),,39.81,40.50,40.01,39.78,40.60,40.13,40.61,39.92,41.23
010010389,KETOPROFENE DOC 400MG 20 BUSTINE,Farmaci da Banco (SOP/OTC),,39.72,39.82,40.02,39.75,40.56,39.18,38.54,38.71,40.54
010010392,KETOPROFENE TEVA 400MG 20 BUSTINE,Farmaci da Banco (SOP/OTC),,9.94,10.16,9.77,10.25,8.56,10.33,10.80,10.17,8.48
010010395,KETOPROFENE SANDOZ 400MG 20 BUSTINE,Farmaci da Banco (SOP/OTC),,31.18,31.04,32.89,31.09,32.32,31.71,32.44,32.48,31.11
010010398,KETOPROFENE DOC 400MG SCIROPPO 150ML,Farmaci da Banco (SOP/OTC),,22.70,22.62,22.68,21.72,22.13,21.66,21.65,21.06,22.62
010010401,KETOPROFENE TEVA 400MG SCIROPPO 150ML,Farmaci da Banco (SOP/OTC),,14.28,13.89,14.01,14.35,13.33,14.03,13.42,14.32,14.82
010010404,KETOPROFENE SANDOZ 400MG SCIROPPO 150ML,Farmaci da Banco (SOP/OTC),,15.69,16.96,15.25,14.77,15.96,15.67,15.66,15.56,16.44
010010407,KETOPROFENE DOC 500MG 10 COMPRESSE,Farmaci da Banco (SOP/OTC),,6.80,6.49,8.16,7.05,7.99,6.59,6.64,6.68,7.03
010010410,KETOPROFENE TEVA 500MG 10 COMPRESSE,Farmaci da Banco (SOP/OTC),,17.37,18.55,18.36,17.07,17.90,16.94,16.78,18.42,17.78
010010413,KETOPROFENE SANDOZ 500MG 10 COMPRESSE,Farmaci da Banco (SOP/OTC),,24.59,22.68,22.40,23.14,24.44,22.55,23.59,22.27,23.78
010010416,KETOPROFENE DOC 500MG 20 COMPRESSE,Farmaci da Banco (SOP/OTC),,7.44,6.51,5.76,5.85,7.40,5.81,5.94,7.18,7.42
010010419,KETOPROFENE TEVA 500MG 20 COMPRESSE,Farmaci da Banco (SOP/OTC),,27.29,27.51,26.41,27.41,28.06,27.89,27.23,27.31,26.75
010010422,KETOPROFENE SANDOZ 500MG 20 COMPRESSE,Farmaci da Banco (SOP/OTC),,22.23,21.46,21.31,21.26,22.73,22.02,21.73,21.73,20.73
010010425,KETOPROFENE DOC 500MG 30 COMPRESSE,Farmaci da Banco (SOP/OTC),,9.97,8.78,10.10,8.81,9.12,8.52,8.00,8.10,9.71
010010428,KETOPROFENE TEVA 500MG 30 COMPRESSE,Farmaci da Banco (SOP/OTC),,9.92,7.98,9.41,9.37,9.75,8.66,9.49,8.51,8.85
010010431,KETOPROFENE SANDOZ 500MG 30 COMPRESSE,Farmaci da Banco (SOP/OTC),,23.97,22.65,22.57,22.01,23.46,22.33,22.19,22.40,22.31
010010434,KETOPROFENE DOC 500MG 12 BUSTINE,Farmaci da Banco (SOP/OTC),,43.10,43.10,42.82,44.55,44.46,44.85,44.47,42.79,43.67
010010437,KETOPROFENE TEVA 500MG 12 BUSTINE,Farmaci da Banco (SOP/OTC),,42.14,42.11,42.39,41.02,40.69,41.00,41.05,41.86,42.72
010010440,KETOPROFENE SANDOZ 500MG 12 BUSTINE,Farmaci da Banco (SOP/OTC),,29.85,28.28,29.51,30.11,29.71,30.42,29.56,28.42,30.01
010010443,KETOPROFENE DOC 500MG 20 BUSTINE,Farmaci da Banco (SOP/OTC),,16.29,15.53,14.94,15.55,16.13,14.86,15.28,15.59,14.97
010010446,KETOPROFENE TEVA 500MG 20 BUSTINE,Farmaci da Banco (SOP/OTC),,23.23,24.26,23.60,23.68,24.62,24.39,24.17,24.77,24.48
010010449,KETOPROFENE SANDOZ 500MG 20 BUSTINE,Farmaci da Banco (SOP/OTC),,41.89,42.00,43.45,41.55,41.89,42.49,41.63,41.98,41.97
010010452,KETOPROFENE DOC 500MG SCIROPPO 150ML,Farmaci da Banco (SOP/OTC),,37.08,37.65,38.01,37.52,37.95,36.46,36.99,36.42,37.48
010010455,KETOPROFENE TEVA 500MG SCIROPPO 150ML,Farmaci da Banco (SOP/OTC),,37.09,36.97,37.99,37.25,37.43,38.10,37.37,37.41,36.25
010010458,KETOPROFENE SANDOZ 500MG SCIROPPO 150ML,Farmaci da Banco (SOP/OTC),,20.65,19.67,20.57,20.49,20.85,20.64,21.03,19.15,19.34
010010461,KETOPROFENE DOC 1000MG 10 COMPRESSE,Farmaci da Banco (SOP/OTC),,44.54,44.89,43.07,43.22,43.84,45.18,43.91,44.06,45.12
010010464,KETOPROFENE TEVA 1000MG 10 COMPRESSE,Farmaci da Banco (SOP/OTC),,5.44,5.81,6.09,7.04,7.44,7.38,5.35,6.04,7.40
010010467,KETOPROFENE SANDOZ 1000MG 10 COMPRESSE,Farmaci da Banco (SOP/OTC),,22.96,21.39,22.71,20.91,21.03,22.74,21.82,21.08,22.84
010010470,KETOPROFENE DOC 1000MG 20 COMPRESSE,Farmaci da Banco (SOP/OTC),,24.26,22.58,23.84,22.25,22.69,23.25,22.62,24.03,22.70
010010473,KETOPROFENE TEVA 1000MG 20 COMPRESSE,Farmaci da Banco (SOP/OTC),,27.88,29.06,27.86,28.78,28.87,27.50,27.85,28.10,27.23
010010476,KETOPROFENE SANDOZ 1000MG 20 COMPRESSE,Farmaci da Banco (SOP/OTC),,9.15,8.54,9.55,10.44,9.84,9.44,8.94,10.37,9.80
010010479,KETOPROFENE DOC 1000MG 30 COMPRESSE,Farmaci da Banco (SOP/OTC),,22.49,21.30,20.37,22.08,22.05,20.64,21.27,20.38,21.42
010010482,KETOPROFENE TEVA 1000MG 30 COMPRESSE,Farmaci da Banco (SOP/OTC),,6.17,4.54,6.20,6.45,4.31,5.36,4.69,6.46,6.00
010010485,KETOPROFENE SANDOZ 1000MG 30 COMPRESSE,Farmaci da Banco (SOP/OTC),,33.13,34.59,34.52,33.60,32.83,34.08,33.24,32.99,33.83
010010488,KETOPROFENE DOC 1000MG 12 BUSTINE,Farmaci da Banco (SOP/OTC),,17.06,18.21,17.28,16.97,18.80,18.46,18.86,17.57,17.20
010010491,KETOPROFENE TEVA 1000MG 12 BUSTINE,Farmaci da Banco (SOP/OTC),,34.83,34.73,33.87,33.93,33.30,34.58,33.43,33.66,33.06
010010494,KETOPROFENE SANDOZ 1000MG 12 BUSTINE,Farmaci da Banco (SOP/OTC),,10.69,9.98,10.98,11.37,10.62,10.86,11.40,9.38,9.95
010010497,KETOPROFENE DOC 1000MG 20 BUSTINE,Farmaci da Banco (SOP/OTC),,23.66,24.42,23.66,23.97,22.89,22.88,24.75,23.54,24.24
010010500,KETOPROFENE TEVA 1000MG 20 BUSTINE,Farmaci da Banco (SOP/OTC),,31.61,32.22,33.38,32.98,33.61,33.45,31.94,33.17,32.27
010010503,KETOPROFENE SANDOZ 1000MG 20 BUSTINE,Farmaci da Banco (SOP/OTC),,24.00,23.60,24.53,23.56,24.74,22.68,23.43,24.36,24.06
010010506,KETOPROFENE DOC 1000MG SCIROPPO 150ML,Farmaci da Banco (SOP/OTC),,13.58,13.01,12.55,13.57,13.76,13.86,12.66,13.46,12.74
010010509,KETOPROFENE TEVA 1000MG SCIROPPO 150ML,Farmaci da Banco (SOP/OTC),,25.01,23.66,24.04,24.80,24.47,22.89,23.87,23.13,23.93
010010512,KETOPROFENE SANDOZ 1000MG SCIROPPO 150ML,Farmaci da Banco (SOP/OTC),,34.51,34.34,33.27,34.29,33.67,33.99,33.36,34.20,33.85
010010515,DICLOFENAC DOC 100MG 10 COMPRESSE,Farmaci da Banco (SOP/OTC),,23.22,23.76,23.21,24.31,23.22,22.55,24.31,24.51,24.34
010010518,DICLOFENAC TEVA 100MG 10 COMPRESSE,Farmaci da Banco (SOP/OTC),,9.36,8.07,9.08,7.75,7.74,9.15,7.52,7.63,9.59
010010521,DICLOFENAC SANDOZ 100MG 10 COMPRESSE,Farmaci da Banco (SOP/OTC),,20.49,19.54,20.62,18.55,19.17,19.68,19.28,20.13,20.23
010010524,DICLOFENAC DOC 100MG 20 COMPRESSE,Farmaci da Banco (SOP/OTC),,33.32,33.79,34.24,33.70,33.30,33.73,31.99,31.90,33.87
010010527,DICLOFENAC TEVA 100MG 20 COMPRESSE,Farmaci da Banco (SOP/OTC),,7.58,7.53,6.67,7.85,7.28,6.57,6.20,8.26,6.05
010010530,DICLOFENAC SANDOZ 100MG 20 COMPRESSE,Farmaci da Banco (SOP/OTC),,21.99,20.89,21.56,20.58,21.95,21.44,21.07,21.03,21.05
010010533,DICLOFENAC DOC 100MG 30 COMPRESSE,Farmaci da Banco (SOP/OTC),,15.10,15.04,15.75,14.89,16.84,14.57,14.67,16.59,15.62
010010536,DICLOFENAC TEVA 100MG 30 COMPRESSE,Farmaci da Banco (SOP/OTC),,8.04,8.91,8.16,8.45,8.81,9.95,8.77,10.05,9.98
010010539,DICLOFENAC SANDOZ 100MG 30 COMPRESSE,Farmaci da Banco (SOP/OTC),,7.53,8.03,7.62,9.04,8.15,9.14,7.11,8.31,9.04
010010542,DICLOFENAC DOC 100MG 12 BUSTINE,Farmaci da Banco (SOP/OTC),,43.60,43.05,43.96,44.17,42.67,44.26,44.62,43.97,43.12
010010545,DICLOFENAC TEVA 100MG 12 BUSTINE,Farmaci da Banco (SOP/OTC),,26.10,24.10,26.03,24.97,24.74,23.72,23.93,26.06,24.84
010010548,DICLOFENAC SANDOZ 100MG 12 BUSTINE,Farmaci da Banco (SOP/OTC),,11.21,10.27,10.88,9.82,10.80,10.96,11.16,10.53,9.18
010010551,DICLOFENAC DOC 100MG 20 BUSTINE,Farmaci da Banco (SOP/OTC),,37.51,39.05,38.62,38.53,37.96,37.67,37.96,36.92,38.24
010010554,DICLOFENAC TEVA 100MG 20 BUSTINE,Farmaci da Banco (SOP/OTC),,37.83,36.41,36.91,36.80,36.65,36.51,36.43,36.90,36.68
010010557,DICLOFENAC SANDOZ 100MG 20 BUSTINE,Farmaci da Banco (SOP/OTC),,26.34,26.91,27.97,25.92,26.12,26.03,26.28,26.07,27.73
010010560,DICLOFENAC DOC 100MG SCIROPPO 150ML,Farmaci da Banco (SOP/OTC),,17.92,17.22,18.46,16.90,18.11,17.64,16.67,17.47,17.42
010010563,DICLOFENAC TEVA 100MG SCIROPPO 150ML,Farmaci da Banco (SOP/OTC),,21.72,23.32,22.84,22.20,23.41,21.57,23.57,23.57,22.25
010010566,DICLOFENAC SANDOZ 100MG SCIROPPO 150ML,Farmaci da Banco (SOP/OTC),,4.64,4.49,5.13,6.31,5.11,5.91,5.14,5.13,4.72
010010569,DICLOFENAC DOC 200MG 10 COMPRESSE,Farmaci da Banco (SOP/OTC),,28.17,28.03,26.97,26.75,27.20,28.27,27.59,27.69,26.91
010010572,DICLOFENAC TEVA 200MG 10 COMPRESSE,Farmaci da Banco (SOP/OTC),,34.86,35.55,34.80,35.14,35.38,35.18,35.65,33.79,35.89
010010575,DICLOFENAC SANDOZ 200MG 10 COMPRESSE,Farmaci da Banco (SOP/OTC),,7.94,7.49,6.38,7.10,6.50,8.32,6.88,7.33,8.07
010010578,DICLOFENAC DOC 200MG 20 COMPRESSE,Farmaci da Banco (SOP/OTC),,22.32,21.49,21.54,21.91,22.13,22.56,20.87,21.98,22.28
010010581,DICLOFENAC TEVA 200MG 20 COMPRESSE,Farmaci da Banco (SOP/OTC),,33.85,36.14,34.58,36.09,35.80,35.49,34.44,35.22,34.59
010010584,DICLOFENAC SANDOZ 200MG 20 COMPRESSE,Farmaci da Banco (SOP/OTC),,33.61,33.54,33.58,35.49,34.25,35.39,35.55,34.10,34.86
010010587,DICLOFENAC DOC 200MG 30 COMPRESSE,Farmaci da Banco (SOP/OTC),,43.06,41.97,43.64,42.06,43.47,44.23,43.92,42.22,43.62
010010590,DICLOFENAC TEVA 200MG 30 COMPRESSE,Farmaci da Banco (SOP/OTC),,38.52,36.83,36.37,38.13,37.72,36.49,37.65,38.28,36.99
010010593,DICLOFENAC SANDOZ 200MG 30 COMPRESSE,Farmaci da Banco (SOP/OTC),,26.39,26.13,27.31,26.30,27.31,25.99,25.64,26.82,27.42
010010596,DICLOFENAC DOC 200MG 12 BUSTINE,Farmaci da Banco (SOP/OTC),,40.30,39.85,40.23,38.98,39.64,38.15,39.51,39.81,39.54
010010599,DICLOFENAC TEVA 200MG 12 BUSTINE,Farmaci da Banco (SOP/OTC),,33.00,34.25,33.78,33.66,35.09,33.79,34.24,33.43,33.43
010010602,DICLOFENAC SANDOZ 200MG 12 BUSTINE,Farmaci da Banco (SOP/OTC),,19.52,19.80,18.74,19.76,20.36,20.62,18.81,19.07,20.03
010010605,DICLOFENAC DOC 200MG 20 BUSTINE,Farmaci da Banco (SOP/OTC),,9.08,10.29,8.84,10.34,10.71,9.71,10.73,10.31,8.51
010010608,DICLOFENAC TEVA 200MG 20 BUSTINE,Farmaci da Banco (SOP/OTC),,39.29,38.80,40.08,40.77,38.63,39.05,39.29,39.38,38.67
010010611,DICLOFENAC SANDOZ 200MG 20 BUSTINE,Farmaci da Banco (SOP/OTC),,19.22,20.19,20.00,20.47,19.72,20.38,20.52,20.28,19.81
010010614,DICLOFENAC DOC 200MG SCIROPPO 150ML,Farmaci da Banco (SOP/OTC),,39.64,39.91,41.42,39.95,39.25,39.38,39.75,39.37,40.43
010010617,DICLOFENAC TEVA 200MG SCIROPPO 150ML,Farmaci da Banco (SOP/OTC),,7.30,7.70,7.63,8.32,7.40,6.57,7.61,8.24,8.33
010010620,DICLOFENAC SANDOZ 200MG SCIROPPO 150ML,Farmaci da Banco (SOP/OTC),,40.87,41.77,40.96,39.81,40.78,40.20,40.96,41.32,41.99
010010623,DICLOFENAC DOC 400MG 10 COMPRESSE,Farmaci da Banco (SOP/OTC),,27.05,28.19,27.93,27.81,28.57,28.10,27.98,28.27,27.14
010010626,DICLOFENAC TEVA 400MG 10 COMPRESSE,Farmaci da Banco (SOP/OTC),,21.45,21.96,20.76,21.11,19.86,21.00,21.45,21.17,20.56
010010629,DICLOFENAC SANDOZ 400MG 10 COMPRESSE,Farmaci da Banco (SOP/OTC),,6.64,7.85,7.11,7.30,7.18,6.60,7.80,6.45,6.58
010010632,DICLOFENAC DOC 400MG 20 COMPRESSE,Farmaci da Banco (SOP/OTC),,10.28,10.90,10.39,10.78,10.35,10.65,10.76,11.73,10.93
010010635,DICLOFENAC TEVA 400MG 20 COMPRESSE,Farmaci da Banco (SOP/OTC),,25.71,25.63,24.87,25.98,24.75,24.85,26.11,24.78,25.89
010010638,DICLOFENAC SANDOZ 400MG 20 COMPRESSE,Farmaci da Banco (SOP/OTC),,13.23,12.61,12.65,12.97,13.15,13.26,13.07,13.80,12.52
010010641,DICLOFENAC DOC 400MG 30 COMPRESSE,Farmaci da Banco (SOP/OTC),,35.21,35.96,35.68,35.78,35.18,34.04,34.24,35.44,35.65
010010644,DICLOFENAC TEVA 400MG 30 COMPRESSE,Farmaci da Banco (SOP/OTC),,28.79,28.91,28.29,28.97,29.93,28.31,28.27,29.56,29.93
010010647,DICLOFENAC SANDOZ 400MG 30 COMPRESSE,Farmaci da Banco (SOP/OTC),,18.37,17.10,17.60,16.71,17.40,18.43,18.33,17.70,18.08
010010650,DICLOFENAC DOC 400MG 12 BUSTINE,Farmaci da Banco (SOP/OTC),,12.58,11.92,13.54,13.66,13.43,12.13,11.96,13.59,13.60
010010653,DICLOFENAC TEVA 400MG 12 BUSTINE,Farmaci da Banco (SOP/OTC),,12.78,12.63,11.58,13.12,12.69,12.63,12.15,11.52,11.92
010010656,DICLOFENAC SANDOZ 400MG 12 BUSTINE,Farmaci da Banco (SOP/OTC),,21.92,21.46,22.88,22.02,21.25,21.79,21.56,20.75,22.65
010010659,DICLOFENAC DOC 400MG 20 BUSTINE,Farmaci da Banco (SOP/OTC),,42.74,42.18,43.94,42.63,43.99,42.47,44.51,42.86,43.93
010010662,DICLOFENAC TEVA 400MG 20 BUSTINE,Farmaci da Banco (SOP/OTC),,8.22,8.37,7.91,7.84,7.63,7.89,9.08,7.24,7.28
010010665,DICLOFENAC SANDOZ 400MG 20 BUSTINE,Farmaci da Banco (SOP/OTC),,10.48,10.36,11.96,10.23,11.99,11.65,10.76,11.78,12.00
010010668,DICLOFENAC DOC 400MG SCIROPPO 150ML,Farmaci da Banco (SOP/OTC),,17.87,17.58,18.19,17.00,16.68,17.50,16.63,18.46,18.44
010010671,DICLOFENAC TEVA 400MG SCIROPPO 150ML,Farmaci da Banco (SOP/OTC),,11.43,10.21,10.11,10.92,11.70,11.73,11.09,12.10,11.34
010010674,DICLOFENAC SANDOZ 400MG SCIROPPO 150ML,Farmaci da Banco (SOP/OTC),,40.17,39.35,39.34,40.11,37.96,39.46,39.08,38.11,39.26
010010677,DICLOFENAC DOC 500MG 10 COMPRESSE,Farmaci da Banco (SOP/OTC),,28.64,27.95,27.56,29.62,27.76,29.31,29.29,28.36,28.32
010010680,DICLOFENAC TEVA 500MG 10 COMPRESSE,Farmaci da Banco (SOP/OTC),,40.55,39.30,38.84,40.51,39.64,38.93,40.14,40.09,40.16
010010683,DICLOFENAC SANDOZ 500MG 10 COMPRESSE,Farmaci da Banco (SOP/OTC),,19.71,17.93,18.93,17.96,17.98,17.36,18.26,18.99,18.24
010010686,DICLOFENAC DOC 500MG 20 COMPRESSE,Farmaci da Banco (SOP/OTC),,39.14,39.01,39.88,38.79,39.76,39.20,38.95,40.76,39.67
010010689,DICLOFENAC TEVA 500MG 20 COMPRESSE,Farmaci da Banco (SOP/OTC),,20.21,20.30,18.41,19.87,19.29,20.56,18.80,19.25,18.96
010010692,DICLOFENAC SANDOZ 500MG 20 COMPRESSE,Farmaci da Banco (SOP/OTC),,39.93,39.84,41.74,41.70,40.23,39.92,40.35,40.72,40.22
010010695,DICLOFENAC DOC 500MG 30 COMPRESSE,Farmaci da Banco (SOP/OTC),,38.22,37.89,39.04,39.49,39.23,39.49,37.80,38.30,40.00
010010698,DICLOFENAC TEVA 500MG 30 COMPRESSE,Farmaci da Banco (SOP/OTC),,43.04,43.31,44.09,43.56,44.53,43.42,43.24,44.41,44.37
010010701,DICLOFENAC SANDOZ 500MG 30 COMPRESSE,Farmaci da Banco (SOP/OTC),,43.51,44.78,44.11,43.09,44.05,43.06,43.47,45.01,44.46
010010704,DICLOFENAC DOC 500MG 12 BUSTINE,Farmaci da Banco (SOP/OTC),,43.02,42.75,40.95,42.69,42.52,43.17,42.25,41.53,41.64
010010707,DICLOFENAC TEVA 500MG 12 BUSTINE,Farmaci da Banco (SOP/OTC),,24.93,26.04,24.80,24.41,26.48,25.52,25.25,26.17,26.49
010010710,DICLOFENAC SANDOZ 500MG 12 BUSTINE,Farmaci da Banco (SOP/OTC),,4.18,3.64,4.53,4.19,3.32,5.17,4.93,4.05,3.53
010010713,DICLOFENAC DOC 500MG 20 BUSTINE,Farmaci da Banco (SOP/OTC),,41.73,41.07,41.08,41.73,42.17,41.62,41.67,41.73,41.72
010010716,DICLOFENAC TEVA 500MG 20 BUSTINE,Farmaci da Banco (SOP/OTC),,42.03,41.64,40.91,41.63,41.74,42.07,40.11,41.47,40.52
010010719,DICLOFENAC SANDOZ 500MG 20 BUSTINE,Farmaci da Banco (SOP/OTC),,28.84,29.62,30.05,30.04,28.02,29.62,29.93,29.89,28.55
010010722,DICLOFENAC DOC 500MG SCIROPPO 150ML,Farmaci da Banco (SOP/OTC),,41.99,42.77,43.64,43.34,43.18,42.74,43.18,43.63,41.84
010010725,DICLOFENAC TEVA 500MG SCIROPPO 150ML,Farmaci da Banco (SOP/OTC),,13.58,12.92,12.83,13.31,13.96,14.83,14.50,14.06,13.89
010010728,DICLOFENAC SANDOZ 500MG SCIROPPO 150ML,Farmaci da Banco (SOP/OTC),,26.75,25.62,26.07,25.20,26.08,25.68,25.81,25.50,26.94
010010731,DICLOFENAC DOC 1000MG 10 COMPRESSE,Farmaci da Banco (SOP/OTC),,7.12,5.67,5.98,6.98,6.32,6.06,6.10,5.91,5.29
010010734,DICLOFENAC TEVA 1000MG 10 COMPRESSE,Farmaci da Banco (SOP/OTC),,13.62,12.45,14.30,13.50,12.35,14.04,13.31,12.98,13.97
010010737,DICLOFENAC SANDOZ 1000MG 10 COMPRESSE,Farmaci da Banco (SOP/OTC),,26.72,26.65,27.34,28.33,27.36,26.91,26.72,27.06,27.42
010010740,DICLOFENAC DOC 1000MG 20 COMPRESSE,Farmaci da Banco (SOP/OTC),,34.00,32.72,33.02,33.59,33.97,33.59,31.94,33.02,32.46
010010743,DICLOFENAC TEVA 1000MG 20 COMPRESSE,Farmaci da Banco (SOP/OTC),,26.32,26.00,26.14,27.63,27.09,25.99,25.73,25.86,26.73
010010746,DICLOFENAC SANDOZ 1000MG 20 COMPRESSE,Farmaci da Banco (SOP/OTC),,9.72,9.46,8.59,8.06,9.08,10.24,8.00,8.61,9.15
010010749,DICLOFENAC DOC 1000MG 30 COMPRESSE,Farmaci da Banco (SOP/OTC),,37.64,38.09,37.62,38.54,38.03,38.87,38.02,39.65,38.94
010010752,DICLOFENAC TEVA 1000MG 30 COMPRESSE,Farmaci da Banco (SOP/OTC),,43.37,43.99,43.74,43.86,44.48,44.52,43.58,44.15,43.90
010010755,DICLOFENAC SANDOZ 1000MG 30 COMPRESSE,Farmaci da Banco (SOP/OTC),,22.38,22.63,22.69,23.54,23.19,23.43,23.06,23.26,22.43
010010758,DICLOFENAC DOC 1000MG 12 BUSTINE,Farmaci da Banco (SOP/OTC),,42.08,41.64,40.10,41.14,40.32,41.98,41.47,39.92,40.12
010010761,DICLOFENAC TEVA 1000MG 12 BUSTINE,Farmaci da Banco (SOP/OTC),,42.18,42.44,42.99,43.03,41.73,42.04,41.88,42.15,44.00
010010764,DICLOFENAC SANDOZ 1000MG 12 BUSTINE,Farmaci da Banco (SOP/OTC),,38.91,38.14,38.60,38.99,37.54,38.25,37.59,39.33,39.59
010010767,DICLOFENAC DOC 1000MG 20 BUSTINE,Farmaci da Banco (SOP/OTC),,42.78,43.03,41.62,42.24,43.49,41.72,41.69,42.54,43.62
010010770,DICLOFENAC TEVA 1000MG 20 BUSTINE,Farmaci da Banco (SOP/OTC),,33.77,34.28,35.19,35.17,33.82,33.21,34.34,33.34,34.33
010010773,DICLOFENAC SANDOZ 1000MG 20 BUSTINE,Farmaci da Banco (SOP/OTC),,42.08,41.19,41.99,40.20,40.52,42.18,40.58,40.93,41.84
010010776,DICLOFENAC DOC 1000MG SCIROPPO 150ML,Farmaci da Banco (SOP/OTC),,25.73,24.54,25.68,26.02,26.51,24.66,26.06,24.25,24.66
010010779,DICLOFENAC TEVA 1000MG SCIROPPO 150ML,Farmaci da Banco (SOP/OTC),,7.38,7.52,7.17,8.32,8.25,9.07,8.15,8.08,8.92
010010782,DICLOFENAC SANDOZ 1000MG SCIROPPO 150ML,Farmaci da Banco (SOP/OTC),,7.53,7.63,8.19,7.88,7.56,7.10,8.94,8.50,6.87
010010785,LOPERAMIDE DOC 100MG 10 COMPRESSE,Farmaci da Banco (SOP/OTC),,40.72,41.31,39.35,40.43,41.10,41.50,41.51,40.31,41.58
010010788,LOPERAMIDE TEVA 100MG 10 COMPRESSE,Farmaci da Banco (SOP/OTC),,29.90,30.06,31.40,30.79,30.74,29.97,32.12,32.13,31.85
010010791,LOPERAMIDE SANDOZ 100MG 10 COMPRESSE,Farmaci da Banco (SOP/OTC),,34.92,36.85,36.81,35.19,36.04,36.61,36.43,36.87,36.48
010010794,LOPERAMIDE DOC 100MG 20 COMPRESSE,Farmaci da Banco (SOP/OTC),,10.19,10.63,10.63,10.01,11.00,9.32,10.84,10.91,8.87
010010797,LOPERAMIDE TEVA 100MG 20 COMPRESSE,Farmaci da Banco (SOP/OTC),,34.58,33.20,33.63,34.60,33.21,33.09,34.74,33.87,34.53
010010800,LOPERAMIDE SANDOZ 100MG 20 COMPRESSE,Farmaci da Banco (SOP/OTC),,9.57,7.99,8.72,8.61,7.36,8.24,8.37,8.57,9.36
010010803,LOPERAMIDE DOC 100MG 30 COMPRESSE,Farmaci da Banco (SOP/OTC),,23.25,22.62,22.71,24.52,24.13,24.46,23.91,24.56,22.52
010010806,LOPERAMIDE TEVA 100MG 30 COMPRESSE,Farmaci da Banco (SOP/OTC),,5.81,7.43,6.45,6.68,6.08,8.08,6.85,6.71,7.33
010010809,LOPERAMIDE SANDOZ 100MG 30 COMPRESSE,Farmaci da Banco (SOP/OTC),,8.79,10.09,9.09,10.38,8.98,8.21,9.90,10.14,9.71
010010812,LOPERAMIDE DOC 100MG 12 BUSTINE,Farmaci da Banco (SOP/OTC),,14.13,14.50,14.60,13.30,14.12,13.04,13.78,14.14,12.60
010010815,LOPERAMIDE TEVA 100MG 12 BUSTINE,Farmaci da Banco (SOP/OTC),,15.33,16.09,15.05,16.99,15.74,16.72,16.57,15.09,15.65
010010818,LOPERAMIDE SANDOZ 100MG 12 BUSTINE,Farmaci da Banco (SOP/OTC),,44.44,45.44,44.80,43.93,44.39,44.28,43.37,43.47,43.74
010010821,LOPERAMIDE DOC 100MG 20 BUSTINE,Farmaci da Banco (SOP/OTC),,5.24,5.51,5.41,5.69,7.47,6.87,5.60,6.33,5.25
010010824,LOPERAMIDE TEVA 100MG 20 BUSTINE,Farmaci da Banco (SOP/OTC),,12.85,13.62,14.61,13.66,13.56,12.68,13.74,13.81,13.35
010010827,LOPERAMIDE SANDOZ 100MG 20 BUSTINE,Farmaci da Banco (SOP/OTC),,26.94,26.36,27.55,26.25,26.61,25.94,25.81,25.88,25.78
010010830,LOPERAMIDE DOC 100MG SCIROPPO 150ML,Farmaci da Banco (SOP/OTC),,6.81,6.40,6.61,7.45,7.71,7.46,7.18,7.10,6.17
010010833,LOPERAMIDE TEVA 100MG SCIROPPO 150ML,Farmaci da Banco (SOP/OTC),,17.41,17.40,16.88,15.88,17.10,15.87,15.95,17.90,18.07
010010836,LOPERAMIDE SANDOZ 100MG SCIROPPO 150ML,Farmaci da Banco (SOP/OTC),,12.03,11.43,11.09,10.90,11.65,11.41,11.65,10.91,12.10
010010839,LOPERAMIDE DOC 200MG 10 COMPRESSE,Farmaci da Banco (SOP/OTC),,38.60,38.27,39.38,37.99,37.54,37.59,38.57,38.45,39.14
010010842,LOPERAMIDE TEVA 200MG 10 COMPRESSE,Farmaci da Banco (SOP/OTC),,24.73,24.03,24.68,23.50,25.09,23.77,23.40,23.02,23.21
010010845,LOPERAMIDE SANDOZ 200MG 10 COMPRESSE,Farmaci da Banco (SOP/OTC),,37.65,38.95,39.14,38.96,38.06,39.63,38.76,38.58,38.57
010010848,LOPERAMIDE DOC 200MG 20 COMPRESSE,Farmaci da Banco (SOP/OTC),,20.90,21.90,22.41,22.03,21.26,21.00,22.64,21.86,22.39
010010851,LOPERAMIDE TEVA 200MG 20 COMPRESSE,Farmaci da Banco (SOP/OTC),,23.37,23.55,22.09,22.72,22.50,22.50,23.52,23.10,22.69
010010854,LOPERAMIDE SANDOZ 200MG 20 COMPRESSE,Farmaci da Banco (SOP/OTC),,18.69,19.67,19.20,20.26,18.90,19.43,19.94,19.66,19.98
010010857,LOPERAMIDE DOC 200MG 30 COMPRESSE,Farmaci da Banco (SOP/OTC),,31.33,31.13,30.65,29.48,30.14,30.38,31.59,29.67,30.30
010010860,LOPERAMIDE TEVA 200MG 30 COMPRESSE,Farmaci da Banco (SOP/OTC),,31.83,31.89,30.13,31.39,30.99,30.18,30.28,30.57,30.58
010010863,LOPERAMIDE SANDOZ 200MG 30 COMPRESSE,Farmaci da Banco (SOP/OTC),,8.55,7.79,7.92,9.93,8.01,9.11,9.66,8.83,9.83
010010866,LOPERAMIDE DOC 200MG 12 BUSTINE,Farmaci da Banco (SOP/OTC),,40.92,40.45,41.69,40.75,41.60,41.70,41.46,40.37,41.11
010010869,LOPERAMIDE TEVA 200MG 12 BUSTINE,Farmaci da Banco (SOP/OTC),,9.79,10.26,10.50,10.73,8.87,9.52,9.76,10.18,10.37
010010872,LOPERAMIDE SANDOZ 200MG 12 BUSTINE,Farmaci da Banco (SOP/OTC),,29.10,28.81,30.24,29.47,29.42,29.64,30.41,30.01,28.92
010010875,LOPERAMIDE DOC 200MG 20 BUSTINE,Farmaci da Banco (SOP/OTC),,13.75,13.74,14.27,13.19,13.99,13.55,13.20,14.03,13.46
010010878,LOPERAMIDE TEVA 200MG 20 BUSTINE,Farmaci da Banco (SOP/OTC),,33.96,34.34,34.43,35.62,35.25,34.97,33.86,35.73,35.37
010010881,LOPERAMIDE SANDOZ 200MG 20 BUSTINE,Farmaci da Banco (SOP/OTC),,24.19,24.24,23.24,23.62,24.82,24.00,23.95,23.64,24.28
010010884,LOPERAMIDE DOC 200MG SCIROPPO 150ML,Farmaci da Banco (SOP/OTC),,29.06,28.03,27.60,28.01,27.70,29.04,28.21,27.25,28.67
010010887,LOPERAMIDE TEVA 200MG SCIROPPO 150ML,Farmaci da Banco (SOP/OTC),,14.49,14.75,13.52,15.71,13.92,14.90,13.78,13.69,13.63
010010890,LOPERAMIDE SANDOZ 200MG SCIROPPO 150ML,Farmaci da Banco (SOP/OTC),,15.26,15.64,15.16,16.49,16.71,14.48,15.36,16.31,16.30
010010893,LOPERAMIDE DOC 400MG 10 COMPRESSE,Farmaci da Banco (SOP/OTC),,14.02,14.26,14.41,15.51,15.40,14.38,15.52,14.79,15.19
010010896,LOPERAMIDE TEVA 400MG 10 COMPRESSE,Farmaci da Banco (SOP/OTC),,8.19,8.60,7.57,7.20,7.04,7.85,7.83,7.49,8.06
010010899,LOPERAMIDE SANDOZ 400MG 10 COMPRESSE,Farmaci da Banco (SOP/OTC),,25.36,25.91,25.15,25.93,25.36,24.58,24.84,26.59,25.95
010010902,LOPERAMIDE DOC 400MG 20 COMPRESSE,Farmaci da Banco (SOP/OTC),,6.13,6.86,6.87,5.45,5.90,5.31,6.35,7.49,7.04
010010905,LOPERAMIDE TEVA 400MG 20 COMPRESSE,Farmaci da Banco (SOP/OTC),,39.84,37.99,38.87,38.01,38.83,37.63,38.15,37.66,39.72
010010908,LOPERAMIDE SANDOZ 400MG 20 COMPRESSE,Farmaci da Banco (SOP/OTC),,12.89,13.62,14.29,13.73,13.84,13.35,14.42,12.90,12.50
010010911,LOPERAMIDE DOC 400MG 30 COMPRESSE,Farmaci da Banco (SOP/OTC),,27.32,27.51,27.36,26.93,26.14,28.12,28.11,28.26,26.04
010010914,LOPERAMIDE TEVA 400MG 30 COMPRESSE,Farmaci da Banco (SOP/OTC),,43.14,43.23,43.41,42.38,42.75,41.76,42.86,42.72,42.40
010010917,LOPERAMIDE SANDOZ 400MG 30 COMPRESSE,Farmaci da Banco (SOP/OTC),,39.64,39.09,38.63,38.85,40.53,40.67,39.31,39.39,39.92
010010920,LOPERAMIDE DOC 400MG 12 BUSTINE,Farmaci da Banco (SOP/OTC),,15.47,14.23,16.23,15.03,14.53,14.31,15.05,14.20,14.94
010010923,LOPERAMIDE TEVA 400MG 12 BUSTINE,Farmaci da Banco (SOP/OTC),,6.19,5.21,4.25,5.56,5.10,5.76,6.33,5.57,5.87
010010926,LOPERAMIDE SANDOZ 400MG 12 BUSTINE,Farmaci da Banco (SOP/OTC),,9.66,9.37,8.79,8.23,9.24,9.99,8.31,8.24,10.17
010010929,LOPERAMIDE DOC 400MG 20 BUSTINE,Farmaci da Banco (SOP/OTC),,6.62,4.54,6.47,4.56,5.71,6.17,4.94,5.54,4.47
010010932,LOPERAMIDE TEVA 400MG 20 BUSTINE,Farmaci da Banco (SOP/OTC),,43.37,41.92,44.13,43.04,42.55,43.94,43.52,43.63,41.80
010010935,LOPERAMIDE SANDOZ 400MG 20 BUSTINE,Farmaci da Banco (SOP/OTC),,7.95,8.55,9.33,9.67,8.15,7.68,8.79,9.40,9.50
010010938,LOPERAMIDE DOC 400MG SCIROPPO 150ML,Farmaci da Banco (SOP/OTC),,12.40,12.08,13.81,14.24,12.58,13.67,12.95,14.37,14.00
010010941,LOPERAMIDE TEVA 400MG SCIROPPO 150ML,Farmaci da Banco (SOP/OTC),,30.26,29.95,29.17,29.14,29.44,30.48,29.27,29.54,28.35
010010944,LOPERAMIDE SANDOZ 400MG SCIROPPO 150ML,Farmaci da Banco (SOP/OTC),,7.83,6.80,8.93,7.58,8.58,7.61,6.79,8.41,7.71
010010947,LOPERAMIDE DOC 500MG 10 COMPRESSE,Farmaci da Banco (SOP/OTC),,17.37,18.54,19.04,18.82,18.82,18.62,19.22,17.59,19.28
010010950,LOPERAMIDE TEVA 500MG 10 COMPRESSE,Farmaci da Banco (SOP/OTC),,12.14,10.82,12.65,12.51,11.80,10.69,11.88,10.84,11.40
010010953,LOPERAMIDE SANDOZ 500MG 10 COMPRESSE,Farmaci da Banco (SOP/OTC),,14.76,15.82,15.09,14.34,16.45,14.53,14.60,15.61,15.35
010010956,LOPERAMIDE DOC 500MG 20 COMPRESSE,Farmaci da Banco (SOP/OTC),,6.87,6.06,6.47,6.36,7.27,5.28,5.35,7.16,5.93
010010959,LOPERAMIDE TEVA 500MG 20 COMPRESSE,Farmaci da Banco (SOP/OTC),,29.78,29.66,29.76,28.93,28.51,29.22,28.23,28.95,29.27
010010962,LOPERAMIDE SANDOZ 500MG 20 COMPRESSE,Farmaci da Banco (SOP/OTC),,18.08,16.66,16.67,17.24,16.23,15.81,16.80,16.52,16.16
010010965,LOPERAMIDE DOC 500MG 30 COMPRESSE,Farmaci da Banco (SOP/OTC),,16.54,17.11,16.53,17.77,17.29,17.66,17.74,17.17,17.07
010010968,LOPERAMIDE TEVA 500MG 30 COMPRESSE,Farmaci da Banco (SOP/OTC),,41.92,41.01,41.77,42.24,42.09,41.07,42.37,40.94,41.16
010010971,LOPERAMIDE SANDOZ 500MG 30 COMPRESSE,Farmaci da Banco (SOP/OTC),,29.72,29.01,28.68,28.89,28.36,29.80,28.06,27.95,28.43
010010974,LOPERAMIDE DOC 500MG 12 BUSTINE,Farmaci da Banco (SOP/OTC),,6.41,7.69,6.97,6.12,7.73,6.68,8.12,5.93,6.09
010010977,LOPERAMIDE TEVA 500MG 12 BUSTINE,Farmaci da Banco (SOP/OTC),,36.35,35.47,37.29,36.47,37.64,37.19,36.85,35.86,36.54
010010980,LOPERAMIDE SANDOZ 500MG 12 BUSTINE,Farmaci da Banco (SOP/OTC),,16.30,15.73,16.44,16.85,15.63,15.88,15.97,16.67,16.69
010010983,LOPERAMIDE DOC 500MG 20 BUSTINE,Farmaci da Banco (SOP/OTC),,27.75,26.82,27.78,28.04,28.04,26.43,26.58,26.49,26.63
010010986,LOPERAMIDE TEVA 500MG 20 BUSTINE,Farmaci da Banco (SOP/OTC),,13.25,12.73,13.80,12.34,14.65,14.37,14.54,12.80,12.38
010010989,LOPERAMIDE SANDOZ 500MG 20 BUSTINE,Farmaci da Banco (SOP/OTC),,22.40,24.12,23.51,23.76,23.74,23.51,23.53,22.75,23.39
010010992,LOPERAMIDE DOC 500MG SCIROPPO 150ML,Farmaci da Banco (SOP/OTC),,22.53,23.17,22.43,22.48,23.47,22.78,23.50,22.93,22.98
010010995,LOPERAMIDE TEVA 500MG SCIROPPO 150ML,Farmaci da Banco (SOP/OTC),,30.90,30.76,31.79,31.08,31.63,31.12,31.37,29.96,31.86
010010998,LOPERAMIDE SANDOZ 500MG SCIROPPO 150ML,Farmaci da Banco (SOP/OTC),,11.99,10.57,11.68,12.74,11.92,11.58,12.59,11.67,10.79
010011001,LOPERAMIDE DOC 1000MG 10 COMPRESSE,Farmaci da Banco (SOP/OTC),,24.25,24.61,23.82,25.28,24.57,24.37,25.72,25.03,23.83
010011004,LOPERAMIDE TEVA 1000MG 10 COMPRESSE,Farmaci da Banco (SOP/OTC),,32.24,31.52,31.75,32.81,32.06,31.24,31.07,31.77,31.73
010011007,LOPERAMIDE SANDOZ 1000MG 10 COMPRESSE,Farmaci da Banco (SOP/OTC),,34.70,34.44,35.92,34.67,36.07,34.57,35.51,34.15,35.81
010011010,LOPERAMIDE DOC 1000MG 20 COMPRESSE,Farmaci da Banco (SOP/OTC),,41.27,40.50,42.36,41.76,40.38,42.23,41.12,41.56,41.73
010011013,LOPERAMIDE TEVA 1000MG 20 COMPRESSE,Farmaci da Banco (SOP/OTC),,16.61,18.32,16.15,16.87,16.83,16.53,17.41,16.19,17.22
010011016,LOPERAMIDE SANDOZ 1000MG 20 COMPRESSE,Farmaci da Banco (SOP/OTC),,9.86,9.95,10.10,10.19,10.67,8.74,9.45,8.81,9.94
010011019,LOPERAMIDE DOC 1000MG 30 COMPRESSE,Farmaci da Banco (SOP/OTC),,11.80,12.76,12.48,12.98,13.05,11.97,11.66,12.25,11.03
010011022,LOPERAMIDE TEVA 1000MG 30 COMPRESSE,Farmaci da Banco (SOP/OTC),,29.59,30.42,30.90,29.62,30.79,29.43,29.15,29.90,29.24
010011025,LOPERAMIDE SANDOZ 1000MG 30 COMPRESSE,Farmaci da Banco (SOP/OTC),,33.63,35.09,34.32,35.73,35.51,33.72,33.66,34.75,33.69
010011028,LOPERAMIDE DOC 1000MG 12 BUSTINE,Farmaci da Banco (SOP/OTC),,24.74,24.67,26.54,26.99,26.56,25.15,24.81,25.12,26.34
010011031,LOPERAMIDE TEVA 1000MG 12 BUSTINE,Farmaci da Banco (SOP/OTC),,19.39,19.62,18.89,20.57,19.25,19.62,19.12,20.71,20.52
010011034,LOPERAMIDE SANDOZ 1000MG 12 BUSTINE,Farmaci da Banco (SOP/OTC),,29.12,28.71,29.62,29.16,29.59,29.16,28.55,28.54,29.09
010011037,LOPERAMIDE DOC 1000MG 20 BUSTINE,Farmaci da Banco (SOP/OTC),,41.30,40.95,40.81,40.73,42.43,41.84,42.08,42.62,40.95
010011040,LOPERAMIDE TEVA 1000MG 20 BUSTINE,Farmaci da Banco (SOP/OTC),,28.01,27.41,28.19,28.47,26.70,27.82,27.90,28.07,26.92
010011043,LOPERAMIDE SANDOZ 1000MG 20 BUSTINE,Farmaci da Banco (SOP/OTC),,30.26,29.87,30.12,29.97,30.62,30.30,31.59,31.51,31.46
010011046,LOPERAMIDE DOC 1000MG SCIROPPO 150ML,Farmaci da Banco (SOP/OTC),,36.50,36.20,35.41,35.66,37.27,36.96,37.01,35.62,36.47
010011049,LOPERAMIDE TEVA 1000MG SCIROPPO 150ML,Farmaci da Banco (SOP/OTC),,27.14,27.13,26.96,27.43,27.32,27.68,28.47,27.47,28.09
010011052,LOPERAMIDE SANDOZ 1000MG SCIROPPO 150ML,Farmaci da Banco (SOP/OTC),,4.85,6.60,6.97,6.21,6.04,5.74,5.49,4.98,5.41
010011055,CETIRIZINA DOC 100MG 10 COMPRESSE,Farmaci da Banco (SOP/OTC),,37.56,37.04,37.25,36.79,37.28,38.79,38.43,38.08,37.69
010011058,CETIRIZINA TEVA 100MG 10 COMPRESSE,Farmaci da Banco (SOP/OTC),,20.78,20.11,21.64,22.28,21.19,20.76,20.37,19.94,21.05
010011061,CETIRIZINA SANDOZ 100MG 10 COMPRESSE,Farmaci da Banco (SOP/OTC),,12.11,12.80,11.54,12.42,11.46,11.51,11.13,11.45,11.34
010011064,CETIRIZINA DOC 100MG 20 COMPRESSE,Farmaci da Banco (SOP/OTC),,36.42,35.91,35.27,36.53,37.02,35.70,36.56,36.65,36.40
010011067,CETIRIZINA TEVA 100MG 20 COMPRESSE,Farmaci da Banco (SOP/OTC),,12.63,12.72,11.97,13.39,12.25,12.09,11.79,11.09,11.10
010011070,CETIRIZINA SANDOZ 100MG 20 COMPRESSE,Farmaci da Banco (SOP/OTC),,31.24,32.90,31.05,32.56,32.83,32.26,31.21,31.66,31.40
010011073,CETIRIZINA DOC 100MG 30 COMPRESSE,Farmaci da Banco (SOP/OTC),,9.66,9.65,11.13,9.75,9.45,10.19,11.04,9.90,11.09
010011076,CETIRIZINA TEVA 100MG 30 COMPRESSE,Farmaci da Banco (SOP/OTC),,28.11,28.12,28.06,27.82,27.42,27.59,26.54,28.63,26.75
010011079,CETIRIZINA SANDOZ 100MG 30 COMPRESSE,Farmaci da Banco (SOP/OTC),,15.44,14.00,15.11,14.22,14.22,14.02,15.67,14.99,15.23
010011082,CETIRIZINA DOC 100MG 12 BUSTINE,Farmaci da Banco (SOP/OTC),,16.38,16.88,17.43,15.99,15.98,17.02,15.71,15.65,16.58
010011085,CETIRIZINA TEVA 100MG 12 BUSTINE,Farmaci da Banco (SOP/OTC),,9.97,9.04,10.45,8.92,10.42,9.45,10.91,8.85,10.47
010011088,CETIRIZINA SANDOZ 100MG 12 BUSTINE,Farmaci da Banco (SOP/OTC),,19.85,18.97,18.87,19.64,20.81,19.32,20.06,20.94,21.08
010011091,CETIRIZINA DOC 100MG 20 BUSTINE,Farmaci da Banco (SOP/OTC),,27.96,30.10,29.30,28.09,29.82,29.90,30.12,29.83,28.47
010011094,CETIRIZINA TEVA 100MG 20 BUSTINE,Farmaci da Banco (SOP/OTC),,39.94,41.83,40.16,41.78,39.99,41.68,41.83,40.46,40.91
010011097,CETIRIZINA SANDOZ 100MG 20 BUSTINE,Farmaci da Banco (SOP/OTC),,7.31,7.24,9.10,8.05,9.23,7.82,8.06,8.32,8.76
010011100,CETIRIZINA DOC 100MG SCIROPPO 150ML,Farmaci da Banco (SOP/OTC),,20.26,20.07,20.29,20.37,20.76,19.70,20.88,19.00,18.60
010011103,CETIRIZINA TEVA 100MG SCIROPPO 150ML,Farmaci da Banco (SOP/OTC),,22.67,23.28,24.65,23.53,23.28,22.53,23.33,24.33,23.34
010011106,CETIRIZINA SANDOZ 100MG SCIROPPO 150ML,Farmaci da Banco (SOP/OTC),,23.04,23.44,22.50,23.59,24.64,22.54,24.08,24.17,24.03
010011109,CETIRIZINA DOC 200MG 10 COMPRESSE,Farmaci da Banco (SOP/OTC),,14.75,12.82,14.39,13.28,12.91,12.52,14.85,14.05,14.75
010011112,CETIRIZINA TEVA 200MG 10 COMPRESSE,Farmaci da Banco (SOP/OTC),,25.58,23.71,25.10,25.11,24.09,25.19,23.70,24.19,25.42
010011115,CETIRIZINA SANDOZ 200MG 10 COMPRESSE,Farmaci da Banco (SOP/OTC),,16.19,16.54,17.47,17.86,18.01,17.92,17.13,16.30,16.80
010011118,CETIRIZINA DOC 200MG 20 COMPRESSE,Farmaci da Banco (SOP/OTC),,35.96,34.94,35.50,35.67,35.89,35.89,36.84,35.51,36.52
010011121,CETIRIZINA TEVA 200MG 20 COMPRESSE,Farmaci da Banco (SOP/OTC),,6.69,7.92,7.78,8.49,7.96,6.85,8.85,8.45,7.11
010011124,CETIRIZINA SANDOZ 200MG 20 COMPRESSE,Farmaci da Banco (SOP/OTC),,36.71,36.88,36.89,37.39,35.92,36.62,35.84,35.75,36.34
010011127,CETIRIZINA DOC 200MG 30 COMPRESSE,Farmaci da Banco (SOP/OTC),,38.38,38.14,37.29,36.91,38.02,38.22,37.75,36.45,37.29
010011130,CETIRIZINA TEVA 200MG 30 COMPRESSE,Farmaci da Banco (SOP/OTC),,20.58,22.04,22.06,22.20,22.28,20.85,22.88,21.88,21.20
010011133,CETIRIZINA SANDOZ 200MG 30 COMPRESSE,Farmaci da Banco (SOP/OTC),,37.27,37.83,36.82,36.22,36.75,36.61,38.03,36.95,37.61
010011136,CETIRIZINA DOC 200MG 12 BUSTINE,Farmaci da Banco (SOP/OTC),,5.26,5.53,5.70,4.76,3.96,4.33,4.91,4.37,4.79
010011139,CETIRIZINA TEVA 200MG 12 BUSTINE,Farmaci da Banco (SOP/OTC),,10.57,10.05,9.89,9.65,9.19,10.22,10.75,10.42,9.77
010011142,CETIRIZINA SANDOZ 200MG 12 BUSTINE,Farmaci da Banco (SOP/OTC),,14.02,12.49,14.27,13.54,12.52,12.38,13.88,12.70,14.26
010011145,CETIRIZINA DOC 200MG 20 BUSTINE,Farmaci da Banco (SOP/OTC),,30.38,30.36,29.38,29.73,30.51,31.25,29.16,30.70,30.29
010011148,CETIRIZINA TEVA 200MG 20 BUSTINE,Farmaci da Banco (SOP/OTC),,13.06,12.41,14.54,12.72,14.06,13.40,14.19,12.67,13.73
010011151,CETIRIZINA SANDOZ 200MG 20 BUSTINE,Farmaci da Banco (SOP/OTC),,25.08,24.20,24.58,23.95,25.22,23.73,24.29,24.10,23.96
010011154,CETIRIZINA DOC 200MG SCIROPPO 150ML,Farmaci da Banco (SOP/OTC),,32.72,32.28,30.89,32.31,30.80,31.02,32.71,31.59,31.73
010011157,CETIRIZINA TEVA 200MG SCIROPPO 150ML,Farmaci da Banco (SOP/OTC),,34.11,35.16,35.05,35.02,35.82,36.02,34.57,34.44,36.18
010011160,CETIRIZINA SANDOZ 200MG SCIROPPO 150ML,Farmaci da Banco (SOP/OTC),,5.62,6.04,5.38,6.44,4.21,5.31,5.03,5.63,4.54
010011163,CETIRIZINA DOC 400MG 10 COMPRESSE,Farmaci da Banco (SOP/OTC),,40.32,40.98,39.74,40.85,40.30,40.81,39.73,40.46,40.23
010011166,CETIRIZINA TEVA 400MG 10 COMPRESSE,Farmaci da Banco (SOP/OTC),,38.53,38.86,38.04,39.45,38.04,37.85,38.46,39.15,38.62
010011169,CETIRIZINA SANDOZ 400MG 10 COMPRESSE,Farmaci da Banco (SOP/OTC),,10.66,10.96,10.59,10.64,9.47,9.89,11.10,11.76,11.31
010011172,CETIRIZINA DOC 400MG 20 COMPRESSE,Farmaci da Banco (SOP/OTC),,33.29,31.61,32.79,32.12,32.94,32.08,31.81,32.09,31.78
010011175,CETIRIZINA TEVA 400MG 20 COMPRESSE,Farmaci da Banco (SOP/OTC),,29.64,28.48,29.81,28.77,30.59,29.67,29.36,30.65,28.90
010011178,CETIRIZINA SANDOZ 400MG 20 COMPRESSE,Farmaci da Banco (SOP/OTC),,34.36,33.85,33.62,34.55,33.93,35.24,33.73,35.14,34.99
010011181,CETIRIZINA DOC 400MG 30 COMPRESSE,Farmaci da Banco (SOP/OTC),,43.58,41.71,42.42,41.86,43.53,42.36,42.87,43.62,43.53
010011184,CETIRIZINA TEVA 400MG 30 COMPRESSE,Farmaci da Banco (SOP/OTC),,6.64,6.16,6.75,7.07,6.09,6.92,7.05,7.25,6.14
010011187,CETIRIZINA SANDOZ 400MG 30 COMPRESSE,Farmaci da Banco (SOP/OTC),,34.93,34.51,34.12,35.06,34.95,34.17,34.59,35.28,35.95
010011190,CETIRIZINA DOC 400MG 12 BUSTINE,Farmaci da Banco (SOP/OTC),,34.04,35.65,35.14,34.21,35.98,34.60,34.87,35.87,34.91
010011193,CETIRIZINA TEVA 400MG 12 BUSTINE,Farmaci da Banco (SOP/OTC),,40.66,41.72,40.68,40.87,40.49,40.98,40.02,40.25,40.41
010011196,CETIRIZINA SANDOZ 400MG 12 BUSTINE,Farmaci da Banco (SOP/OTC),,38.84,37.99,37.30,38.84,37.06,36.81,38.06,38.82,37.19
010011199,CETIRIZINA DOC 400MG 20 BUSTINE,Farmaci da Banco (SOP/OTC),,12.40,11.24,11.50,11.15,12.99,11.34,13.05,12.89,13.05
010011202,CETIRIZINA TEVA 400MG 20 BUSTINE,Farmaci da Banco (SOP/OTC),,20.19,19.11,20.59,18.56,18.54,20.62,20.17,20.05,20.03
010011205,CETIRIZINA SANDOZ 400MG 20 BUSTINE,Farmaci da Banco (SOP/OTC),,18.96,17.90,17.94,17.47,18.50,19.32,18.64,18.91,17.65
010011208,CETIRIZINA DOC 400MG SCIROPPO 150ML,Farmaci da Banco (SOP/OTC),,25.68,26.28,24.52,24.59,26.09,25.89,24.76,24.35,25.39
010011211,CETIRIZINA TEVA 400MG SCIROPPO 150ML,Farmaci da Banco (SOP/OTC),,25.52,27.01,25.94,24.76,26.91,25.67,26.64,26.39,26.03
010011214,CETIRIZINA SANDOZ 400MG SCIROPPO 150ML,Farmaci da Banco (SOP/OTC),,13.29,12.16,11.19,11.54,12.38,13.18,11.50,11.80,11.47
010011217,CETIRIZINA DOC 500MG 10 COMPRESSE,Farmaci da Banco (SOP/OTC),,35.07,35.46,36.44,36.31,37.14,35.21,35.58,35.11,35.30
010011220,CETIRIZINA TEVA 500MG 10 COMPRESSE,Farmaci da Banco (SOP/OTC),,9.47,11.25,10.23,10.11,9.44,10.03,10.10,10.14,11.44
010011223,CETIRIZINA SANDOZ 500MG 10 COMPRESSE,Farmaci da Banco (SOP/OTC),,27.30,27.20,27.91,27.97,26.71,28.11,28.54,27.91,28.23
010011226,CETIRIZINA DOC 500MG 20 COMPRESSE,Farmaci da Banco (SOP/OTC),,17.30,17.12,17.31,16.95,18.29,18.39,17.90,17.91,18.51
010011229,CETIRIZINA TEVA 500MG 20 COMPRESSE,Farmaci da Banco (SOP/OTC),,7.41,7.74,9.16,8.15,8.10,7.93,9.10,8.71,9.19
010011232,CETIRIZINA SANDOZ 500MG 20 COMPRESSE,Farmaci da Banco (SOP/OTC),,45.22,45.18,45.13,45.29,45.17,44.01,43.69,45.29,45.25
010011235,CETIRIZINA DOC 500MG 30 COMPRESSE,Farmaci da Banco (SOP/OTC),,37.08,36.23,36.10,35.98,36.04,36.41,36.83,36.10,35.77
010011238,CETIRIZINA TEVA 500MG 30 COMPRESSE,Farmaci da Banco (SOP/OTC),,42.55,40.84,42.29,42.23,41.30,40.69,42.92,40.90,42.25
010011241,CETIRIZINA SANDOZ 500MG 30 COMPRESSE,Farmaci da Banco (SOP/OTC),,11.05,9.17,9.75,9.95,9.77,10.12,9.30,9.22,10.32
010011244,CETIRIZINA DOC 500MG 12 BUSTINE,Farmaci da Banco (SOP/OTC),,10.68,10.17,11.74,10.20,10.23,10.55,11.99,9.93,10.03
010011247,CETIRIZINA TEVA 500MG 12 BUSTINE,Farmaci da Banco (SOP/OTC),,25.67,24.50,25.17,26.00,24.41,26.21,25.96,24.36,26.25
010011250,CETIRIZINA SANDOZ 500MG 12 BUSTINE,Farmaci da Banco (SOP/OTC),,29.16,31.32,29.11,28.94,30.58,29.90,30.64,29.46,29.01
010011253,CETIRIZINA DOC 500MG 20 BUSTINE,Farmaci da Banco (SOP/OTC),,12.25,13.80,13.77,13.30,12.31,12.04,12.88,13.13,13.46
010011256,CETIRIZINA TEVA 500MG 20 BUSTINE,Farmaci da Banco (SOP/OTC),,23.94,23.28,25.38,23.71,23.24,25.28,23.94,23.18,23.63
010011259,CETIRIZINA SANDOZ 500MG 20 BUSTINE,Farmaci da Banco (SOP/OTC),,32.80,33.06,33.30,33.42,33.46,31.54,33.29,32.46,32.09
010011262,CETIRIZINA DOC 500MG SCIROPPO 150ML,Farmaci da Banco (SOP/OTC),,45.98,44.88,45.33,44.20,43.76,44.35,45.65,43.77,45.97
010011265,CETIRIZINA TEVA 500MG SCIROPPO 150ML,Farmaci da Banco (SOP/OTC),,30.95,32.35,31.23,30.71,30.57,30.12,31.86,30.76,31.89
010011268,CETIRIZINA SANDOZ 500MG SCIROPPO 150ML,Farmaci da Banco (SOP/OTC),,6.43,8.12,8.31,6.95,6.58,6.29,7.23,6.93,6.42
010011271,CETIRIZINA DOC 1000MG 10 COMPRESSE,Farmaci da Banco (SOP/OTC),,41.56,42.27,40.95,42.20,41.30,41.16,40.35,41.55,42.35
010011274,CETIRIZINA TEVA 1000MG 10 COMPRESSE,Farmaci da Banco (SOP/OTC),,44.24,45.30,44.44,45.15,43.98,45.26,44.06,43.98,43.83
010011277,CETIRIZINA SANDOZ 1000MG 10 COMPRESSE,Farmaci da Banco (SOP/OTC),,10.81,9.11,9.20,9.78,9.58,10.00,10.68,9.83,9.59
010011280,CETIRIZINA DOC 1000MG 20 COMPRESSE,Farmaci da Banco (SOP/OTC),,38.45,38.55,37.05,38.19,37.00,38.93,37.38,37.87,39.14
010011283,CETIRIZINA TEVA 1000MG 20 COMPRESSE,Farmaci da Banco (SOP/OTC),,13.85,15.04,14.83,14.09,14.75,14.74,15.38,15.33,14.50
010011286,CETIRIZINA SANDOZ 1000MG 20 COMPRESSE,Farmaci da Banco (SOP/OTC),,29.01,29.18,28.40,28.88,27.76,27.41,28.89,27.11,28.04
010011289,CETIRIZINA DOC 1000MG 30 COMPRESSE,Farmaci da Banco (SOP/OTC),,26.44,27.32,26.27,25.65,25.28,25.36,26.47,26.24,26.97
010011292,CETIRIZINA TEVA 1000MG 30 COMPRESSE,Farmaci da Banco (SOP/OTC),,17.65,17.21,18.72,18.02,18.75,18.87,18.21,17.80,18.62
010011295,CETIRIZINA SANDOZ 1000MG 30 COMPRESSE,Farmaci da Banco (SOP/OTC),,42.46,41.15,41.97,41.85,41.08,42.97,42.71,42.70,42.15
010011298,CETIRIZINA DOC 1000MG 12 BUSTINE,Farmaci da Banco (SOP/OTC),,34.73,36.75,36.14,34.48,35.14,34.95,35.22,35.12,35.83
010011301,CETIRIZINA TEVA 1000MG 12 BUSTINE,Farmaci da Banco (SOP/OTC),,38.87,37.81,37.51,39.77,38.25,38.56,37.74,37.47,38.97
010011304,CETIRIZINA SANDOZ 1000MG 12 BUSTINE,Farmaci da Banco (SOP/OTC),,13.01,13.66,13.17,13.85,12.54,12.63,12.58,12.58,12.97
010011307,CETIRIZINA DOC 1000MG 20 BUSTINE,Farmaci da Banco (SOP/OTC),,17.67,18.46,18.93,18.40,18.62,18.79,17.83,19.64,19.22
010011310,CETIRIZINA TEVA 1000MG 20 BUSTINE,Farmaci da Banco (SOP/OTC),,44.31,44.54,44.93,43.78,44.74,43.50,44.94,45.44,44.80
010011313,CETIRIZINA SANDOZ 1000MG 20 BUSTINE,Farmaci da Banco (SOP/OTC),,18.37,17.40,19.47,19.36,19.57,19.38,17.70,18.72,18.85
010011316,CETIRIZINA DOC 1000MG SCIROPPO 150ML,Farmaci da Banco (SOP/OTC),,28.64,28.79,29.19,30.46,29.17,29.99,30.40,28.83,29.52
010011319,CETIRIZINA TEVA 1000MG SCIROPPO 150ML,Farmaci da Banco (SOP/OTC),,30.82,29.10,30.13,29.85,31.20,30.57,29.19,29.80,31.14
010011322,CETIRIZINA SANDOZ 1000MG SCIROPPO 150ML,Farmaci da Banco (SOP/OTC),,25.80,25.43,23.83,25.01,24.02,24.08,25.94,24.44,24.57
010011325,LORATADINA DOC 100MG 10 COMPRESSE,Farmaci da Banco (SOP/OTC),,32.01,30.33,31.35,30.45,31.79,32.07,31.34,30.66,31.97
010011328,LORATADINA TEVA 100MG 10 COMPRESSE,Farmaci da Banco (SOP/OTC),,13.09,14.65,13.01,14.94,13.39,14.15,13.18,15.09,14.67
010011331,LORATADINA SANDOZ 100MG 10 COMPRESSE,Farmaci da Banco (SOP/OTC),,42.87,41.72,43.80,43.21,41.70,43.10,41.63,43.26,43.49
010011334,LORATADINA DOC 100MG 20 COMPRESSE,Farmaci da Banco (SOP/OTC),,36.95,38.16,38.29,37.02,36.59,38.22,37.73,36.92,38.19
010011337,LORATADINA TEVA 100MG 20 COMPRESSE,Farmaci da Banco (SOP/OTC),,10.75,10.72,10.44,9.49,9.87,11.39,10.06,9.55,11.45
010011340,LORATADINA SANDOZ 100MG 20 COMPRESSE,Farmaci da Banco (SOP/OTC),,12.42,13.02,13.82,14.36,14.43,14.33,13.93,13.18,14.35
010011343,LORATADINA DOC 100MG 30 COMPRESSE,Farmaci da Banco (SOP/OTC),,39.18,39.68,38.29,38.21,39.68,39.51,38.67,39.74,38.71
010011346,LORATADINA TEVA 100MG 30 COMPRESSE,Farmaci da Banco (SOP/OTC),,14.80,14.85,15.34,14.05,15.58,15.02,14.76,14.66,15.80
010011349,LORATADINA SANDOZ 100MG 30 COMPRESSE,Farmaci da Banco (SOP/OTC),,42.66,43.06,41.73,42.57,41.60,41.49,41.97,42.87,43.17
010011352,LORATADINA DOC 100MG 12 BUSTINE,Farmaci da Banco (SOP/OTC),,6.52,8.06,7.63,6.24,8.16,6.35,6.52,6.21,7.39
010011355,LORATADINA TEVA 100MG 12 BUSTINE,Farmaci da Banco (SOP/OTC),,34.83,35.04,35.29,34.30,34.06,34.55,34.67,34.46,34.73
010011358,LORATADINA SANDOZ 100MG 12 BUSTINE,Farmaci da Banco (SOP/OTC),,36.50,37.04,36.05,35.42,35.10,35.46,35.73,36.91,35.41
010011361,LORATADINA DOC 100MG 20 BUSTINE,Farmaci da Banco (SOP/OTC),,18.91,21.07,21.08,20.22,20.36,19.26,20.93,21.11,20.90
010011364,LORATADINA TEVA 100MG 20 BUSTINE,Farmaci da Banco (SOP/OTC),,20.89,18.95,20.76,19.25,20.30,20.23,19.88,20.31,19.34
010011367,LORATADINA SANDOZ 100MG 20 BUSTINE,Farmaci da Banco (SOP/OTC),,32.99,32.81,34.17,32.09,33.55,33.55,34.06,32.74,33.12
010011370,LORATADINA DOC 100MG SCIROPPO 150ML,Farmaci da Banco (SOP/OTC),,43.56,44.41,43.57,44.02,43.31,44.10,43.07,44.98,44.57
010011373,LORATADINA TEVA 100MG SCIROPPO 150ML,Farmaci da Banco (SOP/OTC),,27.27,26.11,25.94,26.32,25.65,26.05,26.64,27.80,26.35
010011376,LORATADINA SANDOZ 100MG SCIROPPO 150ML,Farmaci da Banco (SOP/OTC),,5.10,4.82,5.28,5.15,6.01,5.41,4.97,4.80,5.98
010011379,LORATADINA DOC 200MG 10 COMPRESSE,Farmaci da Banco (SOP/OTC),,43.23,42.96,42.87,44.11,42.74,43.41,43.99,43.72,44.32
010011382,LORATADINA TEVA 200MG 10 COMPRESSE,Farmaci da Banco (SOP/OTC),,39.99,41.52,40.48,40.88,39.94,40.91,39.85,41.51,41.85
010011385,LORATADINA SANDOZ 200MG 10 COMPRESSE,Farmaci da Banco (SOP/OTC),,15.40,17.53,17.16,15.71,15.46,16.77,15.99,16.62,15.76
010011388,LORATADINA DOC 200MG 20 COMPRESSE,Farmaci da Banco (SOP/OTC),,14.97,15.78,16.20,15.10,16.53,14.73,16.36,15.93,15.61
010011391,LORATADINA TEVA 200MG 20 COMPRESSE,Farmaci da Banco (SOP/OTC),,5.08,3.68,5.52,3.67,4.42,4.97,5.40,5.39,3.71
010011394,LORATADINA SANDOZ 200MG 20 COMPRESSE,Farmaci da Banco (SOP/OTC),,24.87,26.57,26.66,26.81,24.84,25.25,26.26,25.61,25.85
010011397,LORATADINA DOC 200MG 30 COMPRESSE,Farmaci da Banco (SOP/OTC),,17.74,17.81,18.09,16.89,16.08,16.28,16.00,17.53,17.47
010011400,LORATADINA TEVA 200MG 30 COMPRESSE,Farmaci da Banco (SOP/OTC),,11.38,10.94,11.44,11.60,9.36,11.41,10.30,9.53,10.23
010011403,LORATADINA SANDOZ 200MG 30 COMPRESSE,Farmaci da Banco (SOP/OTC),,8.86,9.12,8.66,8.45,7.54,8.27,7.53,8.80,9.72
010011406,LORATADINA DOC 200MG 12 BUSTINE,Farmaci da Banco (SOP/OTC),,19.43,17.61,19.79,18.17,18.38,19.21,17.67,18.43,18.32
010011409,LORATADINA TEVA 200MG 12 BUSTINE,Farmaci da Banco (SOP/OTC),,27.20,27.20,28.67,28.70,27.20,28.81,27.80,27.17,28.62
010011412,LORATADINA SANDOZ 200MG 12 BUSTINE,Farmaci da Banco (SOP/OTC),,38.27,39.29,38.99,39.24,39.88,38.58,39.75,39.26,38.17
010011415,LORATADINA DOC 200MG 20 BUSTINE,Farmaci da Banco (SOP/OTC),,15.20,15.72,17.12,15.22,17.51,17.27,15.38,15.21,17.16
010011418,LORATADINA TEVA 200MG 20 BUSTINE,Farmaci da Banco (SOP/OTC),,36.39,36.43,37.19,36.76,37.47,37.10,36.05,36.78,36.61
010011421,LORATADINA SANDOZ 200MG 20 BUSTINE,Farmaci da Banco (SOP/OTC),,22.99,23.71,22.50,23.20,23.23,23.70,22.52,23.26,23.66
010011424,LORATADINA DOC 200MG SCIROPPO 150ML,Farmaci da Banco (SOP/OTC),,15.69,14.12,15.12,14.20,15.87,15.62,14.19,14.70,14.44
010011427,LORATADINA TEVA 200MG SCIROPPO 150ML,Farmaci da Banco (SOP/OTC),,17.10,16.37,17.34,15.64,16.69,16.14,15.24,17.46,15.67
010011430,LORATADINA SANDOZ 200MG SCIROPPO 150ML,Farmaci da Banco (SOP/OTC),,14.87,13.22,14.64,14.21,13.96,13.82,14.81,15.21,14.66
010011433,LORATADINA DOC 400MG 10 COMPRESSE,Farmaci da Banco (SOP/OTC),,18.20,18.11,18.14,18.24,18.39,17.76,17.85,18.67,17.47
010011436,LORATADINA TEVA 400MG 10 COMPRESSE,Farmaci da Banco (SOP/OTC),,23.97,23.06,23.77,23.35,22.71,22.58,23.34,23.76,23.03
010011439,LORATADINA SANDOZ 400MG 10 COMPRESSE,Farmaci da Banco (SOP/OTC),,20.11,19.62,21.18,20.60,20.12,20.90,19.44,19.26,20.26
010011442,LORATADINA DOC 400MG 20 COMPRESSE,Farmaci da Banco (SOP/OTC),,16.46,17.28,17.47,16.76,17.23,18.53,16.87,17.90,16.45
010011445,LORATADINA TEVA 400MG 20 COMPRESSE,Farmaci da Banco (SOP/OTC),,29.56,28.70,28.76,29.34,29.78,30.38,29.27,30.77,30.69
010011448,LORATADINA SANDOZ 400MG 20 COMPRESSE,Farmaci da Banco (SOP/OTC),,34.12,35.61,36.42,34.47,35.76,36.00,35.08,35.72,35.03
010011451,LORATADINA DOC 400MG 30 COMPRESSE,Farmaci da Banco (SOP/OTC),,12.85,13.29,13.14,13.70,12.32,11.82,12.41,12.91,11.94
010011454,LORATADINA TEVA 400MG 30 COMPRESSE,Farmaci da Banco (SOP/OTC),,43.55,42.89,42.62,42.80,42.80,44.25,42.61,43.48,43.28
010011457,LORATADINA SANDOZ 400MG 30 COMPRESSE,Farmaci da Banco (SOP/OTC),,33.13,33.35,32.62,31.72,33.30,33.48,32.76,32.14,32.45
010011460,LORATADINA DOC 400MG 12 BUSTINE,Farmaci da Banco (SOP/OTC),,16.69,16.57,17.52,16.93,18.63,18.34,18.51,16.70,18.60
010011463,LORATADINA TEVA 400MG 12 BUSTINE,Farmaci da Banco (SOP/OTC),,7.97,7.47,8.39,8.09,6.56,7.39,7.81,6.82,8.10
010011466,LORATADINA SANDOZ 400MG 12 BUSTINE,Farmaci da Banco (SOP/OTC),,14.85,15.02,15.67,15.96,16.20,15.88,15.17,15.00,15.74
010011469,LORATADINA DOC 400MG 20 BUSTINE,Farmaci da Banco (SOP/OTC),,19.57,17.71,19.12,18.75,19.47,18.62,18.37,19.82,19.28
010011472,LORATADINA TEVA 400MG 20 BUSTINE,Farmaci da Banco (SOP/OTC),,19.24,19.15,18.96,19.17,18.28,18.68,18.25,18.04,18.99
010011475,LORATADINA SANDOZ 400MG 20 BUSTINE,Farmaci da Banco (SOP/OTC),,20.24,18.53,18.83,18.11,19.31,19.97,19.12,17.95,17.87
010011478,LORATADINA DOC 400MG SCIROPPO 150ML,Farmaci da Banco (SOP/OTC),,34.05,32.76,32.68,33.69,33.58,33.34,32.78,32.31,33.62
010011481,LORATADINA TEVA 400MG SCIROPPO 150ML,Farmaci da Banco (SOP/OTC),,39.42,40.35,40.26,41.63,40.73,40.01,41.57,41.18,40.67
010011484,LORATADINA SANDOZ 400MG SCIROPPO 150ML,Farmaci da Banco (SOP/OTC),,34.80,35.62,35.22,35.22,36.30,36.09,34.95,34.17,34.23
010011487,LORATADINA DOC 500MG 10 COMPRESSE,Farmaci da Banco (SOP/OTC),,25.50,27.30,25.91,26.74,27.20,25.59,27.02,25.32,26.50
010011490,LORATADINA TEVA 500MG 10 COMPRESSE,Farmaci da Banco (SOP/OTC),,41.09,42.48,41.64,42.75,40.84,42.93,41.01,41.98,42.52
010011493,LORATADINA SANDOZ 500MG 10 COMPRESSE,Farmaci da Banco (SOP/OTC),,5.24,5.24,5.04,5.53,6.76,6.66,5.49,6.78,5.45
010011496,LORATADINA DOC 500MG 20 COMPRESSE,Farmaci da Banco (SOP/OTC),,16.11,17.49,17.70,17.59,17.10,17.01,16.53,16.07,16.42
010011499,LORATADINA TEVA 500MG 20 COMPRESSE,Farmaci da Banco (SOP/OTC),,24.66,23.62,24.08,25.50,23.41,24.58,24.53,23.40,24.90
010011502,LORATADINA SANDOZ 500MG 20 COMPRESSE,Farmaci da Banco (SOP/OTC),,43.06,44.26,42.99,44.89,44.79,43.14,44.88,43.79,45.03
010011505,LORATADINA DOC 500MG 30 COMPRESSE,Farmaci da Banco (SOP/OTC),,35.96,36.90,36.21,35.91,36.52,36.54,35.39,35.59,35.59
010011508,LORATADINA TEVA 500MG 30 COMPRESSE,Farmaci da Banco (SOP/OTC),,40.60,40.76,41.24,39.58,40.53,41.49,41.33,39.73,41.07
010011511,LORATADINA SANDOZ 500MG 30 COMPRESSE,Farmaci da Banco (SOP/OTC),,30.11,30.80,30.48,31.83,30.47,30.71,29.82,30.98,31.92
010011514,LORATADINA DOC 500MG 12 BUSTINE,Farmaci da Banco (SOP/OTC),,19.54,18.49,19.15,19.20,17.82,17.47,17.46,19.34,18.80
010011517,LORATADINA TEVA 500MG 12 BUSTINE,Farmaci da Banco (SOP/OTC),,34.01,35.40,34.77,34.47,34.28,35.04,34.56,35.39,36.20
010011520,LORATADINA SANDOZ 500MG 12 BUSTINE,Farmaci da Banco (SOP/OTC),,23.16,23.03,22.46,23.84,23.56,23.87,22.70,23.47,23.70
010011523,LORATADINA DOC 500MG 20 BUSTINE,Farmaci da Banco (SOP/OTC),,27.87,28.47,29.38,29.01,28.08,27.57,27.06,27.83,29.31
010011526,LORATADINA TEVA 500MG 20 BUSTINE,Farmaci da Banco (SOP/OTC),,11.02,10.65,10.25,10.98,10.52,10.43,9.84,10.13,10.39
010011529,LORATADINA SANDOZ 500MG 20 BUSTINE,Farmaci da Banco (SOP/OTC),,32.06,32.32,32.90,32.24,31.90,32.12,31.53,31.16,30.75
010011532,LORATADINA DOC 500MG SCIROPPO 150ML,Farmaci da Banco (SOP/OTC),,16.18,15.56,17.22,17.12,16.66,16.28,17.44,15.78,16.95
010011535,LORATADINA TEVA 500MG SCIROPPO 150ML,Farmaci da Banco (SOP/OTC),,36.72,38.64,38.24,38.79,36.97,38.79,37.41,36.97,38.75
010011538,LORATADINA SANDOZ 500MG SCIROPPO 150ML,Farmaci da Banco (SOP/OTC),,6.24,6.34,5.74,7.57,7.24,5.62,5.71,7.71,6.59
010011541,LORATADINA DOC 1000MG 10 COMPRESSE,Farmaci da Banco (SOP/OTC),,24.63,22.59,24.25,22.95,23.79,23.17,24.54,24.50,24.20
010011544,LORATADINA TEVA 1000MG 10 COMPRESSE,Farmaci da Banco (SOP/OTC),,33.52,34.98,35.71,35.50,34.99,33.98,33.60,35.61,34.82
010011547,LORATADINA SANDOZ 1000MG 10 COMPRESSE,Farmaci da Banco (SOP/OTC),,28.02,28.35,28.38,27.88,29.30,28.06,28.40,28.02,29.26
010011550,LORATADINA DOC 1000MG 20 COMPRESSE,Farmaci da Banco (SOP/OTC),,33.28,32.85,34.31,33.57,33.01,34.29,34.75,33.17,32.79
010011553,LORATADINA TEVA 1000MG 20 COMPRESSE,Farmaci da Banco (SOP/OTC),,7.38,7.60,8.59,8.23,7.48,7.46,8.32,8.01,7.58
010011556,LORATADINA SANDOZ 1000MG 20 COMPRESSE,Farmaci da Banco (SOP/OTC),,32.01,32.40,33.50,31.78,34.11,32.37,33.03,32.72,31.85
010011559,LORATADINA DOC 1000MG 30 COMPRESSE,Farmaci da Banco (SOP/OTC),,36.81,38.49,36.88,38.38,38.75,37.51,38.10,38.32,38.69
010011562,LORATADINA TEVA 1000MG 30 COMPRESSE,Farmaci da Banco (SOP/OTC),,44.47,45.93,45.08,44.23,45.27,44.03,43.98,44.37,44.93
010011565,LORATADINA SANDOZ 1000MG 30 COMPRESSE,Farmaci da Banco (SOP/OTC),,26.92,25.71,26.54,25.71,27.51,26.09,27.57,26.37,27.06
010011568,LORATADINA DOC 1000MG 12 BUSTINE,Farmaci da Banco (SOP/OTC),,6.51,5.74,7.10,7.59,5.54,6.87,7.26,5.75,5.53
010011571,LORATADINA TEVA 1000MG 12 BUSTINE,Farmaci da Banco (SOP/OTC),,10.57,10.05,9.77,10.63,11.55,9.34,9.67,11.64,9.37
010011574,LORATADINA SANDOZ 1000MG 12 BUSTINE,Farmaci da Banco (SOP/OTC),,36.63,35.23,36.02,36.17,35.22,35.63,37.14,35.71,36.08
010011577,LORATADINA DOC 1000MG 20 BUSTINE,Farmaci da Banco (SOP/OTC),,36.20,37.28,37.56,36.94,37.13,36.60,36.64,36.62,36.15
010011580,LORATADINA TEVA 1000MG 20 BUSTINE,Farmaci da Banco (SOP/OTC),,38.13,37.61,36.40,36.78,36.33,36.95,35.93,37.13,36.63
010011583,LORATADINA SANDOZ 1000MG 20 BUSTINE,Farmaci da Banco (SOP/OTC),,7.01,6.26,7.19,6.04,5.41,6.55,5.72,5.20,5.90
010011586,LORATADINA DOC 1000MG SCIROPPO 150ML,Farmaci da Banco (SOP/OTC),,37.10,35.06,35.81,36.08,36.73,36.03,37.04,35.51,35.35
010011589,LORATADINA TEVA 1000MG SCIROPPO 150ML,Farmaci da Banco (SOP/OTC),,16.97,15.62,17.35,15.59,15.58,16.15,17.52,16.85,16.23
010011592,LORATADINA SANDOZ 1000MG SCIROPPO 150ML,Farmaci da Banco (SOP/OTC),,33.28,33.74,33.39,34.46,34.84,32.80,34.39,33.45,33.46
010011595,AMBROXOL DOC 100MG 10 COMPRESSE,Farmaci da Banco (SOP/OTC),,9.13,7.48,8.21,9.00,8.67,8.23,8.93,8.33,7.58
010011598,AMBROXOL TEVA 100MG 10 COMPRESSE,Farmaci da Banco (SOP/OTC),,25.47,23.64,25.28,23.32,23.41,24.03,25.34,23.27,23.69
010011601,AMBROXOL SANDOZ 100MG 10 COMPRESSE,Farmaci da Banco (SOP/OTC),,9.99,8.99,9.11,9.45,8.20,10.02,8.29,8.08,8.85
010011604,AMBROXOL DOC 100MG 20 COMPRESSE,Farmaci da Banco (SOP/OTC),,20.01,18.59,19.13,18.69,19.77,19.79,18.61,19.93,20.31
010011607,AMBROXOL TEVA 100MG 20 COMPRESSE,Farmaci da Banco (SOP/OTC),,28.71,28.61,28.52,28.02,27.37,27.92,27.91,27.57,29.25
010011610,AMBROXOL SANDOZ 100MG 20 COMPRESSE,Farmaci da Banco (SOP/OTC),,25.11,25.40,23.10,23.81,24.29,24.31,25.07,23.46,23.76
010011613,AMBROXOL DOC 100MG 30 COMPRESSE,Farmaci da Banco (SOP/OTC),,20.18,19.58,19.35,20.52,19.70,19.29,19.34,19.88,20.62
010011616,AMBROXOL TEVA 100MG 30 COMPRESSE,Farmaci da Banco (SOP/OTC),,41.25,42.08,42.81,41.71,42.80,40.72,42.65,41.90,41.52
010011619,AMBROXOL SANDOZ 100MG 30 COMPRESSE,Farmaci da Banco (SOP/OTC),,19.76,19.83,19.96,21.84,21.34,21.22,20.06,21.04,21.21
010011622,AMBROXOL DOC 100MG 12 BUSTINE,Farmaci da Banco (SOP/OTC),,37.66,37.60,37.19,37.34,38.87,37.27,37.48,37.22,38.11
010011625,AMBROXOL TEVA 100MG 12 BUSTINE,Farmaci da Banco (SOP/OTC),,28.42,27.83,26.73,27.30,26.75,26.56,26.15,26.14,27.42
010011628,AMBROXOL SANDOZ 100MG 12 BUSTINE,Farmaci da Banco (SOP/OTC),,27.05,27.72,28.60,27.94,28.04,26.63,27.34,26.67,28.82
010011631,AMBROXOL DOC 100MG 20 BUSTINE,Farmaci da Banco (SOP/OTC),,38.77,36.87,36.73,37.41,36.73,36.64,36.84,36.90,36.65
010011634,AMBROXOL TEVA 100MG 20 BUSTINE,Farmaci da Banco (SOP/OTC),,37.57,37.77,37.63,38.67,39.01,38.49,38.17,38.31,37.80
010011637,AMBROXOL SANDOZ 100MG 20 BUSTINE,Farmaci da Banco (SOP/OTC),,7.70,7.93,8.21,7.74,6.93,7.77,7.68,8.10,6.41
010011640,AMBROXOL DOC 100MG SCIROPPO 150ML,Farmaci da Banco (SOP/OTC),,43.29,43.54,42.60,43.01,42.54,44.61,43.97,42.85,42.87
010011643,AMBROXOL TEVA 100MG SCIROPPO 150ML,Farmaci da Banco (SOP/OTC),,27.41,27.36,27.29,25.29,25.94,25.62,26.90,26.93,25.32
010011646,AMBROXOL SANDOZ 100MG SCIROPPO 150ML,Farmaci da Banco (SOP/OTC),,9.86,11.94,10.35,11.47,10.60,10.60,11.28,11.63,11.80
010011649,AMBROXOL DOC 200MG 10 COMPRESSE,Farmaci da Banco (SOP/OTC),,10.38,10.76,11.34,11.58,11.21,11.61,10.33,11.79,11.89
010011652,AMBROXOL TEVA 200MG 10 COMPRESSE,Farmaci da Banco (SOP/OTC),,37.08,36.22,37.74,38.12,37.18,36.61,37.30,38.57,37.23
010011655,AMBROXOL SANDOZ 200MG 10 COMPRESSE,Farmaci da Banco (SOP/OTC),,45.39,45.19,43.08,44.56,45.43,45.20,44.81,44.71,44.70
010011658,AMBROXOL DOC 200MG 20 COMPRESSE,Farmaci da Banco (SOP/OTC),,9.23,8.46,9.60,9.95,8.90,8.69,10.20,10.32,9.89
010011661,AMBROXOL TEVA 200MG 20 COMPRESSE,Farmaci da Banco (SOP/OTC),,28.08,28.52,28.66,29.08,29.44,29.12,27.89,28.95,29.21
010011664,AMBROXOL SANDOZ 200MG 20 COMPRESSE,Farmaci da Banco (SOP/OTC),,35.57,35.55,36.56,35.49,37.02,37.69,35.51,37.58,37.36
010011667,AMBROXOL DOC 200MG 30 COMPRESSE,Farmaci da Banco (SOP/OTC),,24.32,25.82,25.21,24.10,23.89,24.09,24.82,24.40,24.79
010011670,AMBROXOL TEVA 200MG 30 COMPRESSE,Farmaci da Banco (SOP/OTC),,5.20,6.09,6.98,6.75,5.73,5.54,7.37,6.05,5.70
010011673,AMBROXOL SANDOZ 200MG 30 COMPRESSE,Farmaci da Banco (SOP/OTC),,9.84,10.07,10.11,10.93,11.18,10.00,9.36,9.92,11.70
010011676,AMBROXOL DOC 200MG 12 BUSTINE,Farmaci da Banco (SOP/OTC),,12.08,11.25,13.59,12.09,13.21,12.92,12.39,13.36,12.30
010011679,AMBROXOL TEVA 200MG 12 BUSTINE,Farmaci da Banco (SOP/OTC),,8.12,8.15,7.53,6.59,8.01,8.49,6.92,7.00,7.28
010011682,AMBROXOL SANDOZ 200MG 12 BUSTINE,Farmaci da Banco (SOP/OTC),,31.44,31.66,30.62,29.61,30.78,30.96,31.04,30.25,31.81
010011685,AMBROXOL DOC 200MG 20 BUSTINE,Farmaci da Banco (SOP/OTC),,40.32,39.58,38.92,39.31,38.43,40.34,38.15,39.78,39.64
010011688,AMBROXOL TEVA 200MG 20 BUSTINE,Farmaci da Banco (SOP/OTC),,13.68,14.33,13.84,14.63,14.74,13.21,14.69,13.35,12.96
010011691,AMBROXOL SANDOZ 200MG 20 BUSTINE,Farmaci da Banco (SOP/OTC),,33.94,31.88,33.74,32.80,31.90,33.25,33.42,32.55,32.31
010011694,AMBROXOL DOC 200MG SCIROPPO 150ML,Farmaci da Banco (SOP/OTC),,6.93,5.90,6.29,5.91,5.07,5.39,6.16,6.97,5.63
010011697,AMBROXOL TEVA 200MG SCIROPPO 150ML,Farmaci da Banco (SOP/OTC),,32.08,32.01,31.97,31.67,32.84,33.27,31.84,31.34,31.45
010011700,AMBROXOL SANDOZ 200MG SCIROPPO 150ML,Farmaci da Banco (SOP/OTC),,36.96,35.35,35.95,35.72,35.76,35.99,36.09,35.74,35.54
010011703,AMBROXOL DOC 400MG 10 COMPRESSE,Farmaci da Banco (SOP/OTC),,19.15,18.99,18.25,18.85,17.59,17.42,18.32,18.06,18.80
010011706,AMBROXOL TEVA 400MG 10 COMPRESSE,Farmaci da Banco (SOP/OTC),,19.32,19.59,18.68,19.16,17.67,17.46,17.64,17.82,18.01
010011709,AMBROXOL SANDOZ 400MG 10 COMPRESSE,Farmaci da Banco (SOP/OTC),,41.28,42.26,42.88,42.72,42.31,42.98,42.36,41.61,40.81
010011712,AMBROXOL DOC 400MG 20 COMPRESSE,Farmaci da Banco (SOP/OTC),,34.29,33.19,33.15,33.16,32.66,33.90,34.95,34.00,32.82
010011715,AMBROXOL TEVA 400MG 20 COMPRESSE,Farmaci da Banco (SOP/OTC),,25.16,23.54,25.00,24.79,24.27,24.86,25.18,24.24,24.07
010011718,AMBROXOL SANDOZ 400MG 20 COMPRESSE,Farmaci da Banco (SOP/OTC),,24.47,25.22,25.20,25.22,24.97,24.79,25.01,24.51,24.89
010011721,AMBROXOL DOC 400MG 30 COMPRESSE,Farmaci da Banco (SOP/OTC),,20.41,21.26,20.63,20.20,20.34,21.38,21.54,21.07,20.17
010011724,AMBROXOL TEVA 400MG 30 COMPRESSE,Farmaci da Banco (SOP/OTC),,19.48,19.67,18.66,18.76,20.09,19.24,19.25,18.27,19.01
010011727,AMBROXOL SANDOZ 400MG 30 COMPRESSE,Farmaci da Banco (SOP/OTC),,15.57,13.68,15.27,14.82,15.14,13.39,14.29,15.20,14.38
010011730,AMBROXOL DOC 400MG 12 BUSTINE,Farmaci da Banco (SOP/OTC),,23.71,21.96,22.73,23.26,21.68,21.56,23.03,21.51,22.76
010011733,AMBROXOL TEVA 400MG 12 BUSTINE,Farmaci da Banco (SOP/OTC),,20.43,21.78,20.92,20.51,22.39,22.18,20.25,20.58,21.38
010011736,AMBROXOL SANDOZ 400MG 12 BUSTINE,Farmaci da Banco (SOP/OTC),,8.05,7.18,7.43,8.23,6.78,7.04,7.94,7.27,8.43
010011739,AMBROXOL DOC 400MG 20 BUSTINE,Farmaci da Banco (SOP/OTC),,25.22,26.60,25.06,26.61,25.12,26.65,26.50,25.81,25.64
010011742,AMBROXOL TEVA 400MG 20 BUSTINE,Farmaci da Banco (SOP/OTC),,24.40,23.81,24.07,24.01,24.23,23.93,24.58,23.96,22.51
010011745,AMBROXOL SANDOZ 400MG 20 BUSTINE,Farmaci da Banco (SOP/OTC),,10.16,10.09,9.75,10.59,8.67,9.77,8.54,10.78,10.35
010011748,AMBROXOL DOC 400MG SCIROPPO 150ML,Farmaci da Banco (SOP/OTC),,31.07,31.71,32.37,33.32,32.18,31.52,32.58,32.90,32.01
010011751,AMBROXOL TEVA 400MG SCIROPPO 150ML,Farmaci da Banco (SOP/OTC),,36.77,35.10,35.54,36.82,35.15,35.29,35.20,36.74,36.74
010011754,AMBROXOL SANDOZ 400MG SCIROPPO 150ML,Farmaci da Banco (SOP/OTC),,30.99,31.38,31.97,32.22,32.04,31.48,32.68,32.41,32.01
010011757,AMBROXOL DOC 500MG 10 COMPRESSE,Farmaci da Banco (SOP/OTC),,42.58,43.31,43.91,43.25,42.25,42.24,41.93,43.41,43.13
010011760,AMBROXOL TEVA 500MG 10 COMPRESSE,Farmaci da Banco (SOP/OTC),,32.01,32.77,33.47,31.20,33.05,32.90,32.01,33.38,32.32
010011763,AMBROXOL SANDOZ 500MG 10 COMPRESSE,Farmaci da Banco (SOP/OTC),,39.91,39.84,39.92,40.89,41.58,40.40,40.35,40.19,40.53
010011766,AMBROXOL DOC 500MG 20 COMPRESSE,Farmaci da Banco (SOP/OTC),,39.74,41.23,41.38,40.07,39.57,40.57,40.04,41.69,41.20
010011769,AMBROXOL TEVA 500MG 20 COMPRESSE,Farmaci da Banco (SOP/OTC),,33.72,32.09,32.83,31.89,33.22,33.25,33.06,33.36,33.26
010011772,AMBROXOL SANDOZ 500MG 20 COMPRESSE,Farmaci da Banco (SOP/OTC),,42.49,41.00,40.78,41.51,42.42,40.79,41.16,42.04,42.55
010011775,AMBROXOL DOC 500MG 30 COMPRESSE,Farmaci da Banco (SOP/OTC),,16.67,16.38,16.10,16.18,15.35,15.18,15.93,16.35,16.74
010011778,AMBROXOL TEVA 500MG 30 COMPRESSE,Farmaci da Banco (SOP/OTC),,16.50,14.96,15.75,16.12,16.47,16.11,15.52,17.02,16.43
010011781,AMBROXOL SANDOZ 500MG 30 COMPRESSE,Farmaci da Banco (SOP/OTC),,20.39,19.59,20.98,19.58,21.10,19.14,19.83,21.15,19.03
010011784,AMBROXOL DOC 500MG 12 BUSTINE,Farmaci da Banco (SOP/OTC),,33.63,32.99,33.52,32.56,33.08,33.55,33.54,33.49,33.24
010011787,AMBROXOL TEVA 500MG 12 BUSTINE,Farmaci da Banco (SOP/OTC),,9.56,7.49,7.82,9.46,7.73,9.19,7.85,7.46,8.38
010011790,AMBROXOL SANDOZ 500MG 12 BUSTINE,Farmaci da Banco (SOP/OTC),,15.66,15.19,16.56,15.98,14.41,15.39,16.48,16.26,16.50
010011793,AMBROXOL DOC 500MG 20 BUSTINE,Farmaci da Banco (SOP/OTC),,36.84,37.48,37.57,37.37,36.65,38.26,38.06,36.27,37.08
010011796,AMBROXOL TEVA 500MG 20 BUSTINE,Farmaci da Banco (SOP/OTC),,29.27,29.67,29.29,28.91,28.46,27.65,27.75,28.77,28.68
010011799,AMBROXOL SANDOZ 500MG 20 BUSTINE,Farmaci da Banco (SOP/OTC),,13.40,13.29,12.66,14.55,13.01,12.20,14.50,12.24,13.84
010011802,AMBROXOL DOC 500MG SCIROPPO 150ML,Farmaci da Banco (SOP/OTC),,4.06,5.27,5.10,4.20,5.26,4.58,4.69,3.77,3.92
010011805,AMBROXOL TEVA 500MG SCIROPPO 150ML,Farmaci da Banco (SOP/OTC),,37.11,36.77,36.34,38.39,36.31,37.57,37.65,36.58,37.43
010011808,AMBROXOL SANDOZ 500MG SCIROPPO 150ML,Farmaci da Banco (SOP/OTC),,22.44,21.52,23.23,23.13,21.35,22.83,22.24,21.15,23.03
010011811,AMBROXOL DOC 1000MG 10 COMPRESSE,Farmaci da Banco (SOP/OTC),,14.12,14.35,14.86,14.62,15.34,14.16,15.63,14.26,13.66
010011814,AMBROXOL TEVA 1000MG 10 COMPRESSE,Farmaci da Banco (SOP/OTC),,10.17,11.87,11.03,11.92,10.82,12.04,10.94,10.17,11.93
010011817,AMBROXOL SANDOZ 1000MG 10 COMPRESSE,Farmaci da Banco (SOP/OTC),,24.91,25.91,26.24,25.76,26.81,25.79,25.58,24.54,24.52
010011820,AMBROXOL DOC 1000MG 20 COMPRESSE,Farmaci da Banco (SOP/OTC),,42.38,41.94,42.93,42.51,43.05,41.19,42.53,42.57,42.01
010011823,AMBROXOL TEVA 1000MG 20 COMPRESSE,Farmaci da Banco (SOP/OTC),,33.25,34.21,34.11,32.79,32.93,34.08,33.89,34.05,32.96
010011826,AMBROXOL SANDOZ 1000MG 20 COMPRESSE,Farmaci da Banco (SOP/OTC),,30.35,31.87,29.79,29.77,29.75,31.65,30.02,31.70,31.76
010011829,AMBROXOL DOC 1000MG 30 COMPRESSE,Farmaci da Banco (SOP/OTC),,41.65,42.92,43.45,41.35,43.33,42.05,42.13,42.30,41.42
010011832,AMBROXOL TEVA 1000MG 30 COMPRESSE,Farmaci da Banco (SOP/OTC),,37.61,37.30,37.40,37.72,37.75,38.80,37.89,36.88,38.35
010011835,AMBROXOL SANDOZ 1000MG 30 COMPRESSE,Farmaci da Banco (SOP/OTC),,23.75,23.34,25.24,23.69,23.40,24.23,25.10,22.94,25.21
010011838,AMBROXOL DOC 1000MG 12 BUSTINE,Farmaci da Banco (SOP/OTC),,43.09,43.11,42.00,43.55,42.32,41.94,42.65,42.85,43.29
010011841,AMBROXOL TEVA 1000MG 12 BUSTINE,Farmaci da Banco (SOP/OTC),,7.78,7.22,6.39,7.96,6.61,6.54,8.28,6.81,6.94
010011844,AMBROXOL SANDOZ 1000MG 12 BUSTINE,Farmaci da Banco (SOP/OTC),,6.82,7.81,7.70,7.46,7.73,8.69,7.16,7.81,7.89
010011847,AMBROXOL DOC 1000MG 20 BUSTINE,Farmaci da Banco (SOP/OTC),,29.39,28.19,27.81,29.39,27.27,29.00,27.87,27.70,27.55
010011850,AMBROXOL TEVA 1000MG 20 BUSTINE,Farmaci da Banco (SOP/OTC),,6.29,5.35,5.19,6.55,4.70,5.53,4.63,5.34,6.58
010011853,AMBROXOL SANDOZ 1000MG 20 BUSTINE,Farmaci da Banco (SOP/OTC),,13.80,12.89,12.39,14.08,13.28,12.10,13.94,13.31,13.31
010011856,AMBROXOL DOC 1000MG SCIROPPO 150ML,Farmaci da Banco (SOP/OTC),,25.94,25.65,26.04,26.86,24.77,25.84,25.34,26.36,26.92
010011859,AMBROXOL TEVA 1000MG SCIROPPO 150ML,Farmaci da Banco (SOP/OTC),,22.80,24.06,24.39,23.78,23.29,24.30,22.22,23.68,23.20
010011862,AMBROXOL SANDOZ 1000MG SCIROPPO 150ML,Farmaci da Banco (SOP/OTC),,18.74,19.16,16.86,17.59,19.16,17.05,17.11,17.78,17.84
010011865,ACETILCISTEINA DOC 100MG 10 COMPRESSE,Farmaci da Banco (SOP/OTC),,8.00,8.91,8.61,9.68,7.77,9.74,9.73,9.94,8.72
010011868,ACETILCISTEINA TEVA 100MG 10 COMPRESSE,Farmaci da Banco (SOP/OTC),,15.00,16.23,16.51,15.65,15.91,15.12,14.97,16.45,14.90
010011871,ACETILCISTEINA SANDOZ 100MG 10 COMPRESSE,Farmaci da Banco (SOP/OTC),,35.75,35.87,35.88,35.45,35.55,35.39,35.43,36.08,35.72
010011874,ACETILCISTEINA DOC 100MG 20 COMPRESSE,Farmaci da Banco (SOP/OTC),,36.06,35.40,37.12,37.13,34.88,34.93,35.24,35.23,35.84
010011877,ACETILCISTEINA TEVA 100MG 20 COMPRESSE,Farmaci da Banco (SOP/OTC),,35.61,35.06,36.02,35.85,34.85,35.98,35.73,36.20,36.32
010011880,ACETILCISTEINA SANDOZ 100MG 20 COMPRESSE,Farmaci da Banco (SOP/OTC),,35.62,34.48,34.73,34.04,34.48,35.61,33.99,35.69,33.79
010011883,ACETILCISTEINA DOC 100MG 30 COMPRESSE,Farmaci da Banco (SOP/OTC),,33.79,32.83,31.94,33.68,33.68,34.12,32.14,33.35,32.50
010011886,ACETILCISTEINA TEVA 100MG 30 COMPRESSE,Farmaci da Banco (SOP/OTC),,33.66,33.37,33.88,34.15,33.15,33.64,33.87,32.94,33.80
010011889,ACETILCISTEINA SANDOZ 100MG 30 COMPRESSE,Farmaci da Banco (SOP/OTC),,34.52,33.15,34.47,32.47,32.32,33.72,34.04,32.36,32.37
010011892,ACETILCISTEINA DOC 100MG 12 BUSTINE,Farmaci da Banco (SOP/OTC),,23.03,22.58,22.08,22.25,23.04,23.02,24.36,22.68,22.82
010011895,ACETILCISTEINA TEVA 100MG 12 BUSTINE,Farmaci da Banco (SOP/OTC),,36.36,38.02,37.01,37.68,36.07,36.24,36.11,37.21,37.98
010011898,ACETILCISTEINA SANDOZ 100MG 12 BUSTINE,Farmaci da Banco (SOP/OTC),,7.59,8.05,6.85,7.93,8.49,8.52,8.65,9.18,7.03
010011901,ACETILCISTEINA DOC 100MG 20 BUSTINE,Farmaci da Banco (SOP/OTC),,23.04,21.58,22.87,22.73,22.79,21.15,23.46,22.06,21.40
010011904,ACETILCISTEINA TEVA 100MG 20 BUSTINE,Farmaci da Banco (SOP/OTC),,6.54,6.12,5.49,7.23,5.80,5.76,5.50,5.13,6.46
010011907,ACETILCISTEINA SANDOZ 100MG 20 BUSTINE,Farmaci da Banco (SOP/OTC),,12.99,12.35,12.61,11.99,12.88,12.44,12.47,11.22,13.05
010011910,ACETILCISTEINA DOC 100MG SCIROPPO 150ML,Farmaci da Banco (SOP/OTC),,18.99,19.83,18.60,20.85,18.64,19.51,19.41,20.01,20.08
010011913,ACETILCISTEINA TEVA 100MG SCIROPPO 150ML,Farmaci da Banco (SOP/OTC),,23.16,23.12,24.14,23.94,23.29,23.61,24.03,23.73,22.59
010011916,ACETILCISTEINA SANDOZ 100MG SCIROPPO 150ML,Farmaci da Banco (SOP/OTC),,21.01,22.43,22.51,22.29,22.17,22.44,23.00,22.87,21.92
010011919,ACETILCISTEINA DOC 200MG 10 COMPRESSE,Farmaci da Banco (SOP/OTC),,30.26,30.21,29.62,30.12,29.36,29.33,30.92,30.99,28.89
010011922,ACETILCISTEINA TEVA 200MG 10 COMPRESSE,Farmaci da Banco (SOP/OTC),,38.99,37.83,38.28,37.68,38.51,39.53,38.01,39.29,39.77
010011925,ACETILCISTEINA SANDOZ 200MG 10 COMPRESSE,Farmaci da Banco (SOP/OTC),,35.49,34.25,34.67,33.99,34.02,34.90,34.43,34.74,35.68
010011928,ACETILCISTEINA DOC 200MG 20 COMPRESSE,Farmaci da Banco (SOP/OTC),,11.51,10.90,12.31,11.53,12.33,11.59,12.80,12.66,12.08
010011931,ACETILCISTEINA TEVA 200MG 20 COMPRESSE,Farmaci da Banco (SOP/OTC),,33.26,33.19,33.64,33.91,32.90,31.95,32.47,33.24,33.08
010011934,ACETILCISTEINA SANDOZ 200MG 20 COMPRESSE,Farmaci da Banco (SOP/OTC),,5.17,6.87,5.05,5.53,5.04,6.83,7.08,7.01,6.43
010011937,ACETILCISTEINA DOC 200MG 30 COMPRESSE,Farmaci da Banco (SOP/OTC),,32.28,32.60,31.66,33.05,32.68,32.05,31.70,31.95,32.70
010011940,ACETILCISTEINA TEVA 200MG 30 COMPRESSE,Farmaci da Banco (SOP/OTC),,21.55,21.24,20.35,21.51,20.88,19.64,20.22,19.71,21.01
010011943,ACETILCISTEINA SANDOZ 200MG 30 COMPRESSE,Farmaci da Banco (SOP/OTC),,12.07,12.40,12.11,11.19,12.32,12.70,12.23,11.36,12.12
010011946,ACETILCISTEINA DOC 200MG 12 BUSTINE,Farmaci da Banco (SOP/OTC),,23.43,23.58,24.37,24.55,23.57,24.23,23.80,24.11,23.40
010011949,ACETILCISTEINA TEVA 200MG 12 BUSTINE,Farmaci da Banco (SOP/OTC),,8.43,7.21,9.44,7.43,8.15,7.44,7.58,7.89,7.70
010011952,ACETILCISTEINA SANDOZ 200MG 12 BUSTINE,Farmaci da Banco (SOP/OTC),,6.53,5.53,6.39,5.05,5.79,6.27,5.58,6.82,7.22
010011955,ACETILCISTEINA DOC 200MG 20 BUSTINE,Farmaci da Banco (SOP/OTC),,40.32,39.37,40.78,40.65,38.62,39.13,38.57,39.32,40.17
010011958,ACETILCISTEINA TEVA 200MG 20 BUSTINE,Farmaci da Banco (SOP/OTC),,34.65,34.43,33.60,35.49,34.68,33.71,35.28,35.14,34.12
010011961,ACETILCISTEINA SANDOZ 200MG 20 BUSTINE,Farmaci da Banco (SOP/OTC),,13.62,13.72,12.80,14.56,12.40,13.90,13.00,14.47,12.87
010011964,ACETILCISTEINA DOC 200MG SCIROPPO 150ML,Farmaci da Banco (SOP/OTC),,33.74,33.90,34.63,34.54,33.36,34.32,34.76,33.15,33.55
010011967,ACETILCISTEINA TEVA 200MG SCIROPPO 150ML,Farmaci da Banco (SOP/OTC),,40.23,40.69,39.51,39.02,39.54,39.29,40.46,40.33,39.07
010011970,ACETILCISTEINA SANDOZ 200MG SCIROPPO 150ML,Farmaci da Banco (SOP/OTC),,11.60,11.20,9.79,11.77,11.46,10.77,11.06,10.64,10.10
010011973,ACETILCISTEINA DOC 400MG 10 COMPRESSE,Farmaci da Banco (SOP/OTC),,27.97,28.70,28.75,27.10,26.60,27.38,28.02,28.55,28.75
010011976,ACETILCISTEINA TEVA 400MG 10 COMPRESSE,Farmaci da Banco (SOP/OTC),,8.10,7.24,6.87,6.71,8.16,7.80,7.98,8.97,8.15
010011979,ACETILCISTEINA SANDOZ 400MG 10 COMPRESSE,Farmaci da Banco (SOP/OTC),,11.46,11.86,11.92,13.07,13.00,11.96,12.46,13.04,11.65
010011982,ACETILCISTEINA DOC 400MG 20 COMPRESSE,Farmaci da Banco (SOP/OTC),,15.26,15.22,16.30,15.26,16.17,15.68,16.54,15.97,16.61
010011985,ACETILCISTEINA TEVA 400MG 20 COMPRESSE,Farmaci da Banco (SOP/OTC),,9.64,11.84,10.68,10.82,10.95,10.50,10.16,9.66,11.66
010011988,ACETILCISTEINA SANDOZ 400MG 20 COMPRESSE,Farmaci da Banco (SOP/OTC),,30.68,29.92,29.74,30.01,29.86,31.08,30.98,29.67,29.67
010011991,ACETILCISTEINA DOC 400MG 30 COMPRESSE,Farmaci da Banco (SOP/OTC),,8.25,7.87,9.39,8.83,8.80,8.33,7.55,8.33,8.12
010011994,ACETILCISTEINA TEVA 400MG 30 COMPRESSE,Farmaci da Banco (SOP/OTC),,10.97,11.21,12.06,12.79,11.17,11.83,11.21,11.81,12.36
010011997,ACETILCISTEINA SANDOZ 400MG 30 COMPRESSE,Farmaci da Banco (SOP/OTC),,23.82,24.73,23.99,24.83,25.90,24.74,24.14,26.04,23.93
010012000,ACETILCISTEINA DOC 400MG 12 BUSTINE,Farmaci da Banco (SOP/OTC),,43.77,43.30,44.42,43.11,42.66,43.29,43.59,43.22,43.14
010012003,ACETILCISTEINA TEVA 400MG 12 BUSTINE,Farmaci da Banco (SOP/OTC),,11.18,10.73,9.45,9.80,10.10,10.26,9.62,9.31,9.47
010012006,ACETILCISTEINA SANDOZ 400MG 12 BUSTINE,Farmaci da Banco (SOP/OTC),,32.81,31.89,31.44,32.52,32.79,31.21,32.35,31.41,31.04
010012009,ACETILCISTEINA DOC 400MG 20 BUSTINE,Farmaci da Banco (SOP/OTC),,13.87,15.54,14.45,15.61,14.62,14.30,15.54,14.96,15.17
010012012,ACETILCISTEINA TEVA 400MG 20 BUSTINE,Farmaci da Banco (SOP/OTC),,23.91,23.45,24.47,23.26,23.34,24.89,24.81,23.03,23.19
010012015,ACETILCISTEINA SANDOZ 400MG 20 BUSTINE,Farmaci da Banco (SOP/OTC),,23.96,24.20,25.18,25.64,24.02,24.60,24.58,25.36,25.27
010012018,ACETILCISTEINA DOC 400MG SCIROPPO 150ML,Farmaci da Banco (SOP/OTC),,19.53,19.47,19.63,19.96,17.99,18.39,19.69,19.99,18.21
010012021,ACETILCISTEINA TEVA 400MG SCIROPPO 150ML,Farmaci da Banco (SOP/OTC),,7.66,7.53,5.82,6.46,7.91,7.70,7.71,7.66,6.67
010012024,ACETILCISTEINA SANDOZ 400MG SCIROPPO 150ML,Farmaci da Banco (SOP/OTC),,33.28,33.29,32.16,32.44,33.86,33.18,32.58,32.65,33.94
010012027,ACETILCISTEINA DOC 500MG 10 COMPRESSE,Farmaci da Banco (SOP/OTC),,11.09,11.84,11.20,11.59,12.75,12.01,13.20,13.15,12.62
010012030,ACETILCISTEINA TEVA 500MG 10 COMPRESSE,Farmaci da Banco (SOP/OTC),,30.22,31.09,29.24,31.47,31.10,29.45,29.19,29.21,30.74
010012033,ACETILCISTEINA SANDOZ 500MG 10 COMPRESSE,Farmaci da Banco (SOP/OTC),,13.20,14.35,13.85,14.61,13.25,14.48,14.79,12.69,14.88
010012036,ACETILCISTEINA DOC 500MG 20 COMPRESSE,Farmaci da Banco (SOP/OTC),,35.69,36.78,34.88,36.45,34.87,36.03,36.11,35.39,35.36
010012039,ACETILCISTEINA TEVA 500MG 20 COMPRESSE,Farmaci da Banco (SOP/OTC),,20.96,21.64,21.07,22.87,20.52,20.49,20.73,20.78,21.93
010012042,ACETILCISTEINA SANDOZ 500MG 20 COMPRESSE,Farmaci da Banco (SOP/OTC),,43.13,44.59,44.21,42.97,44.81,42.95,42.94,43.45,44.39
010012045,ACETILCISTEINA DOC 500MG 30 COMPRESSE,Farmaci da Banco (SOP/OTC),,28.99,28.47,28.71,30.00,28.99,30.67,30.09,30.46,29.97
010012048,ACETILCISTEINA TEVA 500MG 30 COMPRESSE,Farmaci da Banco (SOP/OTC),,39.15,37.99,36.83,37.11,38.32,38.16,38.03,37.05,39.08
010012051,ACETILCISTEINA SANDOZ 500MG 30 COMPRESSE,Farmaci da Banco (SOP/OTC),,4.18,4.01,4.66,6.17,5.07,3.90,5.03,5.71,5.50
010012054,ACETILCISTEINA DOC 500MG 12 BUSTINE,Farmaci da Banco (SOP/OTC),,31.00,31.31,31.27,31.42,32.84,31.50,32.80,33.02,31.28
010012057,ACETILCISTEINA TEVA 500MG 12 BUSTINE,Farmaci da Banco (SOP/OTC),,15.47,16.33,15.30,17.02,16.85,15.66,15.95,16.37,15.43
010012060,ACETILCISTEINA SANDOZ 500MG 12 BUSTINE,Farmaci da Banco (SOP/OTC),,10.13,8.98,9.23,9.56,8.88,8.99,9.48,10.33,10.28
010012063,ACETILCISTEINA DOC 500MG 20 BUSTINE,Farmaci da Banco (SOP/OTC),,18.36,17.94,19.16,18.77,18.64,18.65,16.96,17.46,17.65
010012066,ACETILCISTEINA TEVA 500MG 20 BUSTINE,Farmaci da Banco (SOP/OTC),,11.32,10.46,9.85,10.46,10.27,9.76,10.43,10.56,9.57
010012069,ACETILCISTEINA SANDOZ 500MG 20 BUSTINE,Farmaci da Banco (SOP/OTC),,41.40,40.64,41.59,40.53,39.51,39.55,39.91,40.36,39.86
010012072,ACETILCISTEINA DOC 500MG SCIROPPO 150ML,Farmaci da Banco (SOP/OTC),,38.54,39.33,38.30,39.05,38.71,39.16,38.72,39.33,39.91
010012075,ACETILCISTEINA TEVA 500MG SCIROPPO 150ML,Farmaci da Banco (SOP/OTC),,18.71,19.98,19.12,20.49,19.56,19.21,20.63,18.86,19.22
010012078,ACETILCISTEINA SANDOZ 500MG SCIROPPO 150ML,Farmaci da Banco (SOP/OTC),,38.55,38.92,39.01,38.27,39.43,39.12,38.94,38.29,38.45
010012081,ACETILCISTEINA DOC 1000MG 10 COMPRESSE,Farmaci da Banco (SOP/OTC),,19.21,19.03,17.42,19.37,17.66,19.53,19.50,19.41,18.43
010012084,ACETILCISTEINA TEVA 1000MG 10 COMPRESSE,Farmaci da Banco (SOP/OTC),,19.25,20.06,20.85,19.72,21.26,19.04,19.17,20.94,20.56
010012087,ACETILCISTEINA SANDOZ 1000MG 10 COMPRESSE,Farmaci da Banco (SOP/OTC),,33.07,32.64,31.62,32.60,31.84,32.59,32.96,33.67,32.52
010012090,ACETILCISTEINA DOC 1000MG 20 COMPRESSE,Farmaci da Banco (SOP/OTC),,26.30,26.76,25.13,26.61,26.83,26.26,26.51,25.90,24.83
010012093,ACETILCISTEINA TEVA 1000MG 20 COMPRESSE,Farmaci da Banco (SOP/OTC),,6.88,5.70,6.54,5.79,6.27,5.72,7.94,7.03,7.58
010012096,ACETILCISTEINA SANDOZ 1000MG 20 COMPRESSE,Farmaci da Banco (SOP/OTC),,10.77,9.41,10.22,9.34,11.51,9.83,11.12,10.21,10.76
010012099,ACETILCISTEINA DOC 1000MG 30 COMPRESSE,Farmaci da Banco (SOP/OTC),,22.05,21.71,22.63,21.18,22.67,22.26,21.02,22.71,20.71
010012102,ACETILCISTEINA TEVA 1000MG 30 COMPRESSE,Farmaci da Banco (SOP/OTC),,31.77,32.74,33.60,31.85,32.42,32.85,33.39,33.61,31.83
010012105,ACETILCISTEINA SANDOZ 1000MG 30 COMPRESSE,Farmaci da Banco (SOP/OTC),,22.07,21.96,23.60,23.05,21.74,23.68,23.72,22.56,21.62
010012108,ACETILCISTEINA DOC 1000MG 12 BUSTINE,Farmaci da Banco (SOP/OTC),,31.76,31.89,32.41,30.63,31.19,31.77,30.52,30.19,31.84
010012111,ACETILCISTEINA TEVA 1000MG 12 BUSTINE,Farmaci da Banco (SOP/OTC),,18.39,17.59,17.96,19.04,19.24,17.34,17.55,17.74,17.71
010012114,ACETILCISTEINA SANDOZ 1000MG 12 BUSTINE,Farmaci da Banco (SOP/OTC),,33.75,33.21,32.05,32.94,32.60,32.56,34.10,32.38,32.91
010012117,ACETILCISTEINA DOC 1000MG 20 BUSTINE,Farmaci da Banco (SOP/OTC),,39.84,40.96,40.42,39.69,39.98,39.80,40.10,39.96,40.60
010012120,ACETILCISTEINA TEVA 1000MG 20 BUSTINE,Farmaci da Banco (SOP/OTC),,40.81,39.89,40.17,40.10,41.66,39.89,39.79,41.35,40.13
010012123,ACETILCISTEINA SANDOZ 1000MG 20 BUSTINE,Farmaci da Banco (SOP/OTC),,21.21,22.87,22.85,21.75,22.81,22.02,20.63,20.56,20.90
010012126,ACETILCISTEINA DOC 1000MG SCIROPPO 150ML,Farmaci da Banco (SOP/OTC),,41.22,42.13,41.69,41.62,41.38,42.78,41.11,42.32,41.50
010012129,ACETILCISTEINA TEVA 1000MG SCIROPPO 150ML,Farmaci da Banco (SOP/OTC),,33.22,33.20,32.86,31.14,31.48,33.29,31.85,32.13,31.20
010012132,ACETILCISTEINA SANDOZ 1000MG SCIROPPO 150ML,Farmaci da Banco (SOP/OTC),,39.88,40.97,39.81,40.25,38.94,40.62,40.83,39.90,38.96
010012135,POLASE 28 BUSTINE,Integratori e Vitamine,,36.86,36.19,37.30,36.18,36.97,37.32,36.97,37.29,38.17
010012138,POLASE PLUS 36 BUSTINE,Integratori e Vitamine,,30.44,30.15,30.44,30.28,30.26,30.55,31.40,30.42,30.86
010012141,POLASE CLASSICO ARANCIA,Integratori e Vitamine,,35.93,35.22,35.19,34.64,36.84,36.65,35.59,35.38,34.50
010012144,POLASE DIFESA IMMUNITARIA,Integratori e Vitamine,,17.47,15.94,16.95,17.28,16.81,15.87,15.89,16.43,15.79
010012147,MULTICENTRUM ADULTI 30 CPR,Integratori e Vitamine,,16.58,14.74,14.62,15.70,16.51,15.70,16.23,14.89,16.61
010012150,MULTICENTRUM ADULTI 60 CPR,Integratori e Vitamine,,15.62,14.05,13.45,15.05,14.82,15.35,13.75,15.00,13.41
010012153,MULTICENTRUM DONNA,Integratori e Vitamine,,22.37,23.87,22.35,23.32,24.11,22.60,23.34,23.95,23.22
010012156,MULTICENTRUM UOMO,Integratori e Vitamine,,39.83,41.86,39.92,39.71,41.80,40.67,40.56,41.61,41.46
010012159,MULTICENTRUM SENIOR 50+,Integratori e Vitamine,,4.64,6.22,4.37,5.50,6.21,4.70,5.56,5.26,5.08
010012162,SUPRADYN 35 EFFERVESCENTI,Integratori e Vitamine,,4.83,5.05,5.35,5.99,5.42,4.87,4.75,4.12,5.86
010012165,SUPRADYN 60 RIVESTITE,Integratori e Vitamine,,13.68,13.98,13.67,14.04,12.85,13.49,13.11,13.64,12.51
010012168,SUPRADYN MAGNESIO E POTASSIO,Integratori e Vitamine,,5.66,6.69,5.50,6.35,5.57,4.81,4.90,6.14,6.07
010012171,MAGNESIO SUPREME 150G,Integratori e Vitamine,,32.09,32.37,32.54,32.96,32.92,31.88,32.62,32.38,33.35
010012174,MAGNESIO SUPREME 300G,Integratori e Vitamine,,44.25,45.77,45.11,44.78,45.21,45.30,45.05,45.02,44.55
010012177,MAGNESIO SUPREME LIMONE 150G,Integratori e Vitamine,,35.02,34.39,36.06,34.58,36.01,35.31,36.00,35.86,36.03
010012180,MAGNESIO SUPREME DONNA,Integratori e Vitamine,,23.81,23.02,21.98,22.83,24.10,22.40,23.16,23.16,24.04
010012183,SWISSE CAPELLI PELLE UNGHIE,Integratori e Vitamine,,7.53,7.70,7.53,6.67,7.40,5.96,7.23,6.56,7.53
010012186,SWISSE MULTIVIT UOMO,Integratori e Vitamine,,41.94,41.64,42.65,40.83,41.20,40.97,41.04,41.45,41.21
010012189,SWISSE MULTIVIT DONNA,Integratori e Vitamine,,32.96,33.32,32.33,33.46,33.16,32.39,33.05,31.74,33.56
010012192,SWISSE OMEGA 3,Integratori e Vitamine,,43.19,43.72,42.11,42.95,43.14,43.68,41.88,41.88,43.32
010012195,MASSIGEN MAGNESIO E POTASSIO,Integratori e Vitamine,,18.31,16.30,17.45,16.83,16.45,18.51,16.66,17.98,16.27
010012198,MASSIGEN PRONTO RECUPERO,Integratori e Vitamine,,5.58,5.30,5.68,4.90,6.46,5.51,4.81,5.41,5.22
010012201,MASSIGEN VITAMINA C,Integratori e Vitamine,,35.44,34.95,37.04,36.43,35.87,36.74,36.45,36.75,36.54
010012204,LACTOFLORENE PLUS FLACONCINI,Integratori e Vitamine,,36.38,37.82,37.32,38.65,36.79,36.49,37.02,36.38,38.10
010012207,LACTOFLORENE PANCIA PIATTA,Integratori e Vitamine,,6.56,7.10,7.55,7.18,7.69,7.06,8.35,7.07,8.88
010012210,LACTOFLORENE COLESTEROLE,Integratori e Vitamine,,43.86,43.43,45.02,43.91,44.31,43.58,44.13,45.00,44.48
010012213,SOLGAR VITAMINA C 60 TAVOLETTE,Integratori e Vitamine,,38.79,38.71,40.07,39.67,38.88,40.13,39.22,38.39,40.15
010012216,SOLGAR VITAMINA C 100 CAPSULE,Integratori e Vitamine,,18.26,19.45,19.48,18.45,18.49,19.34,18.52,18.86,17.54
010012219,SOLGAR VITAMINA D3 60 TAVOLETTE,Integratori e Vitamine,,42.58,42.65,42.71,43.17,42.23,42.39,41.61,43.36,42.49
010012222,SOLGAR VITAMINA D3 100 CAPSULE,Integratori e Vitamine,,37.37,37.80,37.67,37.00,35.93,37.16,36.78,38.04,36.80
010012225,SOLGAR OMEGA 3 60 TAVOLETTE,Integratori e Vitamine,,44.00,44.38,44.45,44.97,43.34,43.95,44.64,45.08,44.79
010012228,SOLGAR OMEGA 3 100 CAPSULE,Integratori e Vitamine,,41.15,42.33,41.69,41.84,42.21,41.22,41.89,41.43,40.45
010012231,SOLGAR MAGNESIO 60 TAVOLETTE,Integratori e Vitamine,,7.43,6.83,5.93,7.18,6.38,7.00,5.38,6.99,6.07
010012234,SOLGAR MAGNESIO 100 CAPSULE,Integratori e Vitamine,,18.83,17.02,16.83,17.73,19.13,17.92,17.14,18.21,18.62
010012237,SOLGAR MELATONINA 60 TAVOLETTE,Integratori e Vitamine,,44.63,43.46,43.39,44.73,43.12,43.15,43.29,43.96,44.43
010012240,SOLGAR MELATONINA 100 CAPSULE,Integratori e Vitamine,,10.68,8.98,9.59,9.10,8.96,11.19,9.39,9.76,9.17
010012243,SOLGAR ZINCO 60 TAVOLETTE,Integratori e Vitamine,,3.95,4.61,5.70,4.59,5.94,5.80,6.04,5.50,5.71
010012246,SOLGAR ZINCO 100 CAPSULE,Integratori e Vitamine,,28.80,28.05,27.61,27.75,28.18,27.10,27.51,27.50,28.93
010012249,SOLGAR FERRO 60 TAVOLETTE,Integratori e Vitamine,,8.60,9.74,9.74,8.72,8.64,10.20,10.00,10.09,8.73
010012252,SOLGAR FERRO 100 CAPSULE,Integratori e Vitamine,,33.44,32.36,33.64,32.42,32.72,33.06,32.82,32.75,31.85
010012255,LONGLIFE VITAMINA C 60 TAVOLETTE,Integratori e Vitamine,,8.97,8.86,9.34,7.47,7.54,9.04,7.72,7.95,7.65
010012258,LONGLIFE VITAMINA C 100 CAPSULE,Integratori e Vitamine,,26.69,28.78,26.98,26.97,27.36,26.71,27.63,26.68,28.73
010012261,LONGLIFE VITAMINA D3 60 TAVOLETTE,Integratori e Vitamine,,10.26,10.18,10.84,10.31,10.83,10.90,10.58,10.31,10.49
010012264,LONGLIFE VITAMINA D3 100 CAPSULE,Integratori e Vitamine,,18.73,17.81,18.78,18.19,18.42,18.73,18.07,18.18,18.14
010012267,LONGLIFE OMEGA 3 60 TAVOLETTE,Integratori e Vitamine,,30.79,28.76,30.39,29.94,30.66,29.14,28.80,28.51,30.05
010012270,LONGLIFE OMEGA 3 100 CAPSULE,Integratori e Vitamine,,19.88,18.71,17.59,19.24,17.75,18.72,18.12,19.16,19.25
010012273,LONGLIFE MAGNESIO 60 TAVOLETTE,Integratori e Vitamine,,18.69,17.10,17.40,16.81,17.09,18.72,18.92,17.24,17.11
010012276,LONGLIFE MAGNESIO 100 CAPSULE,Integratori e Vitamine,,7.69,6.42,6.60,7.64,6.55,7.75,7.03,7.27,6.51
010012279,LONGLIFE MELATONINA 60 TAVOLETTE,Integratori e Vitamine,,18.53,19.45,18.49,19.08,18.35,19.24,20.33,18.77,19.04
010012282,LONGLIFE MELATONINA 100 CAPSULE,Integratori e Vitamine,,31.21,30.37,30.23,29.88,31.50,31.17,31.10,30.76,30.93
010012285,LONGLIFE ZINCO 60 TAVOLETTE,Integratori e Vitamine,,20.41,19.99,20.65,21.31,21.93,21.24,21.76,19.74,21.21
010012288,LONGLIFE ZINCO 100 CAPSULE,Integratori e Vitamine,,27.32,26.66,26.28,26.21,27.69,26.72,26.07,27.15,26.49
010012291,LONGLIFE FERRO 60 TAVOLETTE,Integratori e Vitamine,,33.96,33.39,34.60,32.68,34.28,33.94,33.87,34.94,33.23
010012294,LONGLIFE FERRO 100 CAPSULE,Integratori e Vitamine,,7.71,6.53,8.04,7.15,6.35,7.11,6.85,7.28,7.11
010012297,ESI VITAMINA C 60 TAVOLETTE,Integratori e Vitamine,,32.79,33.32,34.21,33.38,35.08,33.85,34.00,32.82,34.24
010012300,ESI VITAMINA C 100 CAPSULE,Integratori e Vitamine,,23.27,25.29,23.86,23.36,24.39,24.70,25.31,23.62,24.50
010012303,ESI VITAMINA D3 60 TAVOLETTE,Integratori e Vitamine,,30.67,29.73,30.45,30.45,29.97,30.42,31.07,29.64,30.13
010012306,ESI VITAMINA D3 100 CAPSULE,Integratori e Vitamine,,9.93,11.71,11.07,10.35,10.37,11.69,11.82,11.24,10.08
010012309,ESI OMEGA 3 60 TAVOLETTE,Integratori e Vitamine,,30.89,31.85,30.95,30.51,31.16,31.65,31.97,29.81,30.62
010012312,ESI OMEGA 3 100 CAPSULE,Integratori e Vitamine,,10.86,12.36,12.81,11.26,12.22,10.62,12.72,12.28,10.53
010012315,ESI MAGNESIO 60 TAVOLETTE,Integratori e Vitamine,,16.55,17.40,16.41,18.75,18.00,17.90,18.13,18.05,17.05
010012318,ESI MAGNESIO 100 CAPSULE,Integratori e Vitamine,,9.93,10.21,8.72,9.20,9.42,9.18,10.58,9.65,10.80
010012321,ESI MELATONINA 60 TAVOLETTE,Integratori e Vitamine,,31.63,30.24,30.97,31.31,29.47,29.47,30.76,31.61,31.10
010012324,ESI MELATONINA 100 CAPSULE,Integratori e Vitamine,,37.18,37.34,38.84,37.66,37.96,38.18,38.52,37.91,38.01
010012327,ESI ZINCO 60 TAVOLETTE,Integratori e Vitamine,,35.67,37.73,35.99,35.78,36.27,36.09,36.43,36.59,35.81
010012330,ESI ZINCO 100 CAPSULE,Integratori e Vitamine,,15.86,17.73,16.10,15.86,16.32,17.06,16.23,16.01,16.20
010012333,ESI FERRO 60 TAVOLETTE,Integratori e Vitamine,,19.41,18.67,19.46,19.37,18.58,17.85,18.08,19.16,17.55
010012336,ESI FERRO 100 CAPSULE,Integratori e Vitamine,,8.27,8.21,7.42,7.62,8.91,8.70,7.14,7.35,8.14
010012339,NAMED VITAMINA C 60 TAVOLETTE,Integratori e Vitamine,,42.62,41.49,42.02,42.28,41.16,41.04,42.78,40.43,41.34
010012342,NAMED VITAMINA C 100 CAPSULE,Integratori e Vitamine,,41.67,43.38,41.73,43.03,42.46,43.03,42.28,41.68,41.37
010012345,NAMED VITAMINA D3 60 TAVOLETTE,Integratori e Vitamine,,37.10,38.22,37.74,36.26,36.89,38.07,37.10,36.41,36.58
010012348,NAMED VITAMINA D3 100 CAPSULE,Integratori e Vitamine,,7.80,8.96,6.88,7.92,7.22,8.38,8.21,8.12,9.09
010012351,NAMED OMEGA 3 60 TAVOLETTE,Integratori e Vitamine,,8.33,10.41,10.07,9.45,8.62,8.64,10.05,9.18,8.84
010012354,NAMED OMEGA 3 100 CAPSULE,Integratori e Vitamine,,8.83,9.07,8.80,7.50,7.95,8.35,8.38,7.73,8.43
010012357,NAMED MAGNESIO 60 TAVOLETTE,Integratori e Vitamine,,31.17,31.18,31.91,31.58,32.95,32.36,32.57,33.20,31.29
010012360,NAMED MAGNESIO 100 CAPSULE,Integratori e Vitamine,,20.14,21.20,22.07,22.34,20.64,20.66,21.22,20.95,21.68
010012363,NAMED MELATONINA 60 TAVOLETTE,Integratori e Vitamine,,16.17,14.59,15.07,16.00,14.97,16.76,14.58,14.49,16.89
010012366,NAMED MELATONINA 100 CAPSULE,Integratori e Vitamine,,4.62,5.68,5.38,4.04,5.44,5.79,5.39,6.06,5.93
010012369,NAMED ZINCO 60 TAVOLETTE,Integratori e Vitamine,,10.38,11.39,10.65,9.74,9.77,10.18,11.00,11.16,10.05
010012372,NAMED ZINCO 100 CAPSULE,Integratori e Vitamine,,36.20,36.95,36.61,35.62,36.38,37.04,35.70,35.29,36.36
010012375,NAMED FERRO 60 TAVOLETTE,Integratori e Vitamine,,19.10,17.35,19.41,18.32,18.74,18.21,17.13,18.55,18.07
010012378,NAMED FERRO 100 CAPSULE,Integratori e Vitamine,,26.63,26.83,26.55,26.35,26.57,26.57,25.79,27.19,25.53
010012381,SUSTENIUM VITAMINA C 60 TAVOLETTE,Integratori e Vitamine,,28.30,29.15,30.11,28.83,28.50,28.42,29.10,29.02,28.42
010012384,SUSTENIUM VITAMINA C 100 CAPSULE,Integratori e Vitamine,,9.75,10.63,9.46,8.82,10.83,10.86,9.73,8.90,9.83
010012387,SUSTENIUM VITAMINA D3 60 TAVOLETTE,Integratori e Vitamine,,15.45,15.72,14.17,14.79,14.51,13.82,16.12,16.02,15.52
010012390,SUSTENIUM VITAMINA D3 100 CAPSULE,Integratori e Vitamine,,18.48,17.81,17.20,17.81,17.30,18.56,17.36,19.22,17.41
010012393,SUSTENIUM OMEGA 3 60 TAVOLETTE,Integratori e Vitamine,,30.31,30.37,29.94,28.72,30.44,30.97,29.24,30.00,30.46
010012396,SUSTENIUM OMEGA 3 100 CAPSULE,Integratori e Vitamine,,22.89,23.60,22.93,22.65,24.75,23.80,22.67,23.38,23.99
010012399,SUSTENIUM MAGNESIO 60 TAVOLETTE,Integratori e Vitamine,,25.82,26.25,26.43,26.29,24.70,25.73,24.27,24.64,25.14
010012402,SUSTENIUM MAGNESIO 100 CAPSULE,Integratori e Vitamine,,33.44,33.12,33.30,35.15,33.35,33.32,33.87,33.31,34.52
010012405,SUSTENIUM MELATONINA 60 TAVOLETTE,Integratori e Vitamine,,31.91,31.66,31.23,31.26,31.54,31.99,32.17,31.67,31.59
010012408,SUSTENIUM MELATONINA 100 CAPSULE,Integratori e Vitamine,,34.64,32.99,34.60,33.55,33.02,33.72,32.88,34.25,34.16
010012411,SUSTENIUM ZINCO 60 TAVOLETTE,Integratori e Vitamine,,13.25,14.57,13.66,14.84,13.00,13.18,14.36,14.70,13.49
010012414,SUSTENIUM ZINCO 100 CAPSULE,Integratori e Vitamine,,38.95,37.32,38.30,37.48,37.52,38.98,39.08,38.71,38.13
010012417,SUSTENIUM FERRO 60 TAVOLETTE,Integratori e Vitamine,,22.40,21.03,22.02,20.79,21.17,21.41,21.64,21.02,22.03
010012420,SUSTENIUM FERRO 100 CAPSULE,Integratori e Vitamine,,23.19,23.25,24.54,23.84,22.53,22.34,23.47,24.35,24.57
010012423,SOMATOLINE 7 NOTTI CREMA 400ML,Cosmesi e Dermocosmesi,,9.19,8.72,8.04,9.27,9.68,8.70,9.53,7.84,8.30
010012426,SOMATOLINE 7 NOTTI GEL,Cosmesi e Dermocosmesi,,19.20,19.69,19.60,18.81,18.31,19.24,18.04,18.90,19.41
010012429,SOMATOLINE PANCIA E FIANCHI,Cosmesi e Dermocosmesi,,17.57,17.49,17.24,16.89,16.73,16.16,16.70,16.38,17.25
010012432,SOMATOLINE DRENANTE GAMBE,Cosmesi e Dermocosmesi,,18.98,17.01,17.79,19.03,16.84,17.59,18.86,18.11,17.92
010012435,AVENE ACQUA TERMALE 300ML,Cosmesi e Dermocosmesi,,22.54,21.73,22.26,22.76,21.62,21.41,22.37,22.83,21.75
010012438,AVENE HYDRANCE CREMA,Cosmesi e Dermocosmesi,,18.48,19.40,19.19,17.66,18.94,18.40,19.55,18.79,18.99
010012441,AVENE CICALFATE+,Cosmesi e Dermocosmesi,,22.62,22.16,21.77,21.89,22.15,23.58,21.96,23.94,23.25
010012444,AVENE CLEANANCE GEL,Cosmesi e Dermocosmesi,,4.03,4.86,4.07,5.62,5.44,5.02,5.51,5.19,5.10
010012447,LA ROCHE POSAY EFFACLAR GEL,Cosmesi e Dermocosmesi,,27.77,26.69,27.27,26.57,27.91,28.52,26.78,26.34,28.33
010012450,LA ROCHE POSAY CICAPLAST BAUME,Cosmesi e Dermocosmesi,,39.76,39.14,38.91,40.66,39.24,40.65,39.15,40.44,40.40
010012453,LA ROCHE POSAY HYALU B5 SIERO,Cosmesi e Dermocosmesi,,40.34,38.80,39.10,40.16,40.00,40.53,38.45,39.69,38.23
010012456,LA ROCHE POSAY ANTHELIOS SPF50,Cosmesi e Dermocosmesi,,17.28,16.47,16.93,17.25,15.62,17.31,15.20,15.94,16.78
010012459,BIODERMA SENSIBIO H2O,Cosmesi e Dermocosmesi,,44.26,44.15,44.23,44.04,43.59,43.95,43.91,43.12,42.25
010012462,BIODERMA ATODERM CREMA,Cosmesi e Dermocosmesi,,44.42,43.86,43.25,42.72,44.16,43.26,42.71,44.25,43.17
010012465,BIODERMA SEBIUM GEL,Cosmesi e Dermocosmesi,,17.96,18.41,17.17,17.81,17.00,18.63,17.68,17.88,17.53
010012468,CERAVE CREMA IDRATANTE 454G,Cosmesi e Dermocosmesi,,21.60,22.62,20.90,20.86,21.72,23.08,22.44,21.60,21.33
010012471,CERAVE DETERGENTE IDRATANTE,Cosmesi e Dermocosmesi,,8.96,8.40,7.57,9.07,7.74,8.89,9.40,7.80,8.17
010012474,CERAVE SA LEVIGANTE,Cosmesi e Dermocosmesi,,27.21,27.70,28.78,27.97,27.14,27.73,28.78,28.53,28.31
010012477,RILASTIL AQUA CREMA,Cosmesi e Dermocosmesi,,4.38,4.59,6.23,5.69,4.67,4.33,5.81,5.29,6.36
010012480,RILASTIL HYDROTENSEUR,Cosmesi e Dermocosmesi,,31.65,33.68,32.05,32.42,32.42,33.90,33.91,32.62,32.87
010012483,RILASTIL XEROLACT EMULSIONE,Cosmesi e Dermocosmesi,,31.37,32.14,32.32,32.72,31.90,32.43,32.69,32.93,31.89
010012486,VICHY CREMA VISO 50ML,Cosmesi e Dermocosmesi,,35.07,34.49,34.29,34.26,34.56,32.97,33.52,35.08,33.32
010012489,VICHY SIERO 30ML,Cosmesi e Dermocosmesi,,44.42,44.37,43.69,44.28,44.18,44.27,43.73,44.93,44.41
010012492,VICHY DETERGENTE 400ML,Cosmesi e Dermocosmesi,,9.94,9.75,8.00,10.05,9.83,8.85,8.14,9.47,9.80
010012495,VICHY MASCHERA,Cosmesi e Dermocosmesi,,15.72,16.39,16.92,15.78,15.64,16.95,17.25,15.86,16.54
010012498,VICHY CONTORNO OCCHI,Cosmesi e Dermocosmesi,,36.97,36.70,36.13,35.13,35.19,36.51,35.98,35.75,36.96
010012501,EUCERIN CREMA VISO 50ML,Cosmesi e Dermocosmesi,,11.22,12.94,11.15,12.49,11.87,13.04,12.71,11.70,11.82
010012504,EUCERIN SIERO 30ML,Cosmesi e Dermocosmesi,,28.70,28.32,28.67,29.01,29.74,27.77,29.74,29.84,27.89
010012507,EUCERIN DETERGENTE 400ML,Cosmesi e Dermocosmesi,,14.13,13.95,14.12,15.28,15.13,14.13,14.62,14.67,14.59
010012510,EUCERIN MASCHERA,Cosmesi e Dermocosmesi,,43.32,42.86,43.05,44.71,44.24,44.85,43.92,43.97,44.29
010012513,EUCERIN CONTORNO OCCHI,Cosmesi e Dermocosmesi,,5.87,4.50,4.95,5.33,5.53,5.14,5.65,5.94,4.36
010012516,NUXE CREMA VISO 50ML,Cosmesi e Dermocosmesi,,17.33,16.78,17.95,16.80,16.72,17.55,17.74,18.14,18.44
010012519,NUXE SIERO 30ML,Cosmesi e Dermocosmesi,,19.47,19.30,20.70,20.91,19.65,19.22,19.16,19.73,19.26
010012522,NUXE DETERGENTE 400ML,Cosmesi e Dermocosmesi,,25.51,26.80,25.12,25.82,26.23,26.78,25.33,25.14,25.61
010012525,NUXE MASCHERA,Cosmesi e Dermocosmesi,,12.46,11.40,13.12,11.64,12.44,12.90,13.17,13.04,11.59
010012528,NUXE CONTORNO OCCHI,Cosmesi e Dermocosmesi,,13.84,14.17,14.58,13.34,13.44,14.23,14.81,12.72,14.28
010012531,CAUDALIE CREMA VISO 50ML,Cosmesi e Dermocosmesi,,35.20,34.47,34.18,36.24,35.78,34.83,34.64,35.89,35.96
010012534,CAUDALIE SIERO 30ML,Cosmesi e Dermocosmesi,,36.71,34.52,36.61,35.77,36.32,36.25,36.27,35.59,36.41
010012537,CAUDALIE DETERGENTE 400ML,Cosmesi e Dermocosmesi,,24.54,26.64,25.62,25.99,26.34,26.14,24.62,25.97,24.99
010012540,CAUDALIE MASCHERA,Cosmesi e Dermocosmesi,,38.33,37.77,37.80,38.86,37.74,38.60,38.88,37.71,39.45
010012543,CAUDALIE CONTORNO OCCHI,Cosmesi e Dermocosmesi,,17.52,16.55,17.03,16.63,18.37,17.99,18.51,17.47,18.07
010012546,BIONIKE CREMA VISO 50ML,Cosmesi e Dermocosmesi,,27.11,26.85,26.49,26.60,26.34,26.07,26.98,26.07,26.67
010012549,BIONIKE SIERO 30ML,Cosmesi e Dermocosmesi,,36.32,36.98,37.00,37.39,37.99,35.91,36.78,36.57,37.73
010012552,BIONIKE DETERGENTE 400ML,Cosmesi e Dermocosmesi,,38.17,38.27,38.85,40.19,38.87,38.16,38.30,38.02,38.38
010012555,BIONIKE MASCHERA,Cosmesi e Dermocosmesi,,16.05,18.14,17.72,18.14,15.82,16.59,17.86,17.61,16.80
010012558,BIONIKE CONTORNO OCCHI,Cosmesi e Dermocosmesi,,29.09,30.19,29.11,29.66,28.72,30.40,29.75,29.91,31.05
010012561,KORFF CREMA VISO 50ML,Cosmesi e Dermocosmesi,,16.21,16.94,14.87,17.06,16.67,14.86,14.83,15.99,17.02
010012564,KORFF SIERO 30ML,Cosmesi e Dermocosmesi,,28.59,30.51,28.69,30.16,28.72,29.71,30.20,30.56,30.45
010012567,KORFF DETERGENTE 400ML,Cosmesi e Dermocosmesi,,43.74,44.14,44.00,42.08,43.19,43.50,42.33,42.59,43.73
010012570,KORFF MASCHERA,Cosmesi e Dermocosmesi,,30.83,32.25,31.46,29.99,31.11,30.13,31.97,30.20,30.02
010012573,KORFF CONTORNO OCCHI,Cosmesi e Dermocosmesi,,43.62,44.89,44.36,43.07,43.77,45.20,45.02,45.35,44.50
010012576,LIERAC CREMA VISO 50ML,Cosmesi e Dermocosmesi,,20.97,20.17,21.08,19.94,20.45,20.17,21.23,20.87,20.61
010012579,LIERAC SIERO 30ML,Cosmesi e Dermocosmesi,,12.78,12.36,12.59,12.73,11.73,11.90,13.07,11.57,11.72
010012582,LIERAC DETERGENTE 400ML,Cosmesi e Dermocosmesi,,37.44,37.55,36.83,38.29,38.14,37.16,37.56,37.81,36.69
010012585,LIERAC MASCHERA,Cosmesi e Dermocosmesi,,14.96,14.83,16.22,16.41,15.74,15.72,16.45,15.95,15.28
010012588,LIERAC CONTORNO OCCHI,Cosmesi e Dermocosmesi,,5.78,6.65,6.38,7.10,4.89,5.87,6.85,5.25,5.69
010012591,FRONTLINE TRI-ACT 2-5KG,Veterinaria,,12.05,12.88,12.22,14.18,13.71,12.39,12.17,13.81,13.97
010012594,FRONTLINE TRI-ACT 5-10KG,Veterinaria,,12.64,13.42,12.16,13.46,13.91,11.94,12.52,12.52,13.86
010012597,FRONTLINE TRI-ACT 10-20KG,Veterinaria,,19.74,18.69,18.76,19.90,19.79,19.25,18.82,19.78,18.30
010012600,FRONTLINE SPOT ON GATTI,Veterinaria,,28.15,27.91,29.31,28.54,27.88,28.48,28.52,28.96,27.96
010012603,SERESTO COLLARE CANI <8KG,Veterinaria,,5.18,5.58,5.13,6.68,6.41,6.97,6.18,6.77,5.91
010012606,SERESTO COLLARE CANI >8KG,Veterinaria,,8.19,8.27,7.86,8.52,8.54,9.08,9.07,8.16,9.26
010012609,SERESTO COLLARE GATTI,Veterinaria,,17.13,16.79,18.99,18.46,17.83,17.82,16.88,17.37,17.60
010012612,ADVANTIX CANI <4KG,Veterinaria,,45.47,44.87,45.46,45.73,45.31,44.07,44.02,45.05,43.88
010012615,ADVANTIX CANI 4-10KG,Veterinaria,,20.53,20.91,20.33,21.80,20.54,20.06,21.45,20.13,20.74
010012618,ADVANTIX CANI 10-25KG,Veterinaria,,9.33,8.32,9.11,8.76,9.80,9.46,7.97,9.36,9.23
010012621,DRONTAL VERMIFUGO CANI,Veterinaria,,17.15,17.07,18.30,17.54,17.05,16.02,16.85,17.67,16.87
010012624,DRONTAL VERMIFUGO GATTI,Veterinaria,,21.79,22.80,23.04,23.13,22.72,22.57,21.81,21.54,21.61
010012627,HUMANA LATTE 1 1100G,Mamma e Bambino,,36.34,36.15,36.32,36.06,37.37,35.21,35.24,36.49,36.13
010012630,HUMANA LATTE 2,Mamma e Bambino,,28.27,26.77,27.79,28.37,26.95,28.20,27.56,27.85,27.95
010012633,HUMANA VITAMINA D3,Mamma e Bambino,,14.25,12.86,12.36,14.52,13.59,13.84,12.84,12.93,12.31
010012636,MELLIN OMOGENEIZZATO MANZO,Mamma e Bambino,,20.16,19.16,19.52,18.69,19.34,19.09,19.67,19.85,18.91
010012639,MELLIN OMOGENEIZZATO POLLO,Mamma e Bambino,,19.59,19.36,19.29,18.96,18.63,19.13,20.00,20.26,19.24
010012642,MELLIN PASTINA,Mamma e Bambino,,27.92,29.41,28.67,28.40,28.69,28.41,28.17,28.29,28.59
010012645,CHICCO ASPIRATORE NASALE,Mamma e Bambino,,26.68,27.15,26.88,27.36,25.86,27.15,25.46,27.55,25.30
010012648,CHICCO FISIOLOGICA 20 PZ,Mamma e Bambino,,40.46,41.16,40.57,40.70,40.69,40.53,40.88,39.56,41.30
