MINSAN,Prodotto,Categoria,Immagine_URL,Farmacia Igea,Farmaè,Dr Max,RedCare,Farmacia Loreto,1000Farmacie,Top Farmacia,eFarma,Farmacosmo
010000003,BOIRON ARNICA MONTANA 4 CH GRANULI 4G,Fitoterapia e Omeopatia,,44.80,42.63,43.44,44.66,44.80,44.13,43.99,42.74,44.82
010000006,BOIRON ARNICA MONTANA 4 CH GLOBULI DOSA UNICA,Fitoterapia e Omeopatia,,13.59,13.91,13.41,11.85,12.52,12.82,13.74,13.57,13.24
010000009,BOIRON ARNICA MONTANA 4 CH GOCCE ORALI 30ML,Fitoterapia e Omeopatia,,26.26,25.78,26.23,25.63,25.58,24.42,26.36,24.53,25.53
010000012,BOIRON ARNICA MONTANA 4 CH FIALE ORALI 20 PEZZI,Fitoterapia e Omeopatia,,28.27,27.27,29.14,27.11,29.36,27.59,28.45,27.23,27.14
010000015,BOIRON ARNICA MONTANA 4 CH UNGUENTO 50G,Fitoterapia e Omeopatia,,18.73,20.96,18.63,19.38,19.11,19.10,20.35,19.77,20.87
010000018,BOIRON ARNICA MONTANA 4 CH SCIROPPO 150ML,Fitoterapia e Omeopatia,,15.92,17.45,17.45,16.20,17.06,17.38,17.03,16.27,17.42
010000021,BOIRON ARNICA MONTANA 5 CH GRANULI 4G,Fitoterapia e Omeopatia,,22.01,22.35,21.69,22.77,23.14,23.31,22.68,21.65,22.92
010000024,BOIRON ARNICA MONTANA 5 CH GLOBULI DOSA UNICA,Fitoterapia e Omeopatia,,6.13,4.74,5.26,5.72,5.06,6.77,6.05,6.03,6.56
010000027,BOIRON ARNICA MONTANA 5 CH GOCCE ORALI 30ML,Fitoterapia e Omeopatia,,15.43,15.42,16.31,16.53,15.01,14.77,15.76,16.04,16.67
010000030,BOIRON ARNICA MONTANA 5 CH FIALE ORALI 20 PEZZI,Fitoterapia e Omeopatia,,37.12,36.82,36.05,37.14,35.26,35.51,36.29,37.39,37.29
010000033,BOIRON ARNICA MONTANA 5 CH UNGUENTO 50G,Fitoterapia e Omeopatia,,10.22,10.84,10.82,9.17,9.06,10.83,10.97,9.60,10.05
010000036,BOIRON ARNICA MONTANA 5 CH SCIROPPO 150ML,Fitoterapia e Omeopatia,,19.91,21.19,21.30,20.54,20.24,20.89,20.70,20.24,19.66
010000039,BOIRON ARNICA MONTANA 7 CH GRANULI 4G,Fitoterapia e Omeopatia,,24.24,22.17,23.65,24.08,22.26,22.20,23.23,22.74,22.75
010000042,BOIRON ARNICA MONTANA 7 CH GLOBULI DOSA UNICA,Fitoterapia e Omeopatia,,44.91,45.76,44.48,44.69,44.68,45.12,43.58,44.29,45.78
010000045,BOIRON ARNICA MONTANA 7 CH GOCCE ORALI 30ML,Fitoterapia e Omeopatia,,9.63,9.97,10.97,11.42,10.59,10.30,9.40,9.56,11.27
010000048,BOIRON ARNICA MONTANA 7 CH FIALE ORALI 20 PEZZI,Fitoterapia e Omeopatia,,35.08,34.60,34.82,35.41,34.26,35.95,35.21,33.85,34.98
010000051,BOIRON ARNICA MONTANA 7 CH UNGUENTO 50G,Fitoterapia e Omeopatia,,41.68,41.94,41.73,41.09,40.67,40.88,41.08,40.78,41.17
010000054,BOIRON ARNICA MONTANA 7 CH SCIROPPO 150ML,Fitoterapia e Omeopatia,,35.01,34.36,34.47,35.29,36.52,36.30,36.35,35.64,34.47
010000057,BOIRON ARNICA MONTANA 9 CH GRANULI 4G,Fitoterapia e Omeopatia,,5.63,4.93,5.68,5.48,6.31,4.87,5.62,5.52,4.58
010000060,BOIRON ARNICA MONTANA 9 CH GLOBULI DOSA UNICA,Fitoterapia e Omeopatia,,23.91,22.60,22.80,23.61,24.55,22.90,24.40,24.22,24.70
010000063,BOIRON ARNICA MONTANA 9 CH GOCCE ORALI 30ML,Fitoterapia e Omeopatia,,16.52,16.14,15.16,16.47,15.49,14.59,14.62,15.33,15.64
010000066,BOIRON ARNICA MONTANA 9 CH FIALE ORALI 20 PEZZI,Fitoterapia e Omeopatia,,33.68,33.76,34.99,35.60,35.12,35.43,34.43,34.04,34.91
010000069,BOIRON ARNICA MONTANA 9 CH UNGUENTO 50G,Fitoterapia e Omeopatia,,31.84,33.13,32.60,33.54,31.75,32.99,31.31,31.95,31.38
010000072,BOIRON ARNICA MONTANA 9 CH SCIROPPO 150ML,Fitoterapia e Omeopatia,,4.52,5.56,5.84,6.72,4.65,5.40,6.74,5.56,6.24
010000075,BOIRON ARNICA MONTANA 12 CH GRANULI 4G,Fitoterapia e Omeopatia,,42.23,42.29,42.37,43.25,41.78,41.20,41.84,42.08,42.13
010000078,BOIRON ARNICA MONTANA 12 CH GLOBULI DOSA UNICA,Fitoterapia e Omeopatia,,35.00,35.99,34.93,34.81,34.78,35.77,35.68,36.44,35.73
010000081,BOIRON ARNICA MONTANA 12 CH GOCCE ORALI 30ML,Fitoterapia e Omeopatia,,9.31,7.27,8.07,7.34,8.31,7.79,7.59,8.92,8.19
010000084,BOIRON ARNICA MONTANA 12 CH FIALE ORALI 20 PEZZI,Fitoterapia e Omeopatia,,16.85,16.14,15.49,16.34,16.06,15.41,16.62,16.00,17.23
010000087,BOIRON ARNICA MONTANA 12 CH UNGUENTO 50G,Fitoterapia e Omeopatia,,25.95,27.74,26.83,27.21,27.48,26.74,26.61,27.46,27.87
010000090,BOIRON ARNICA MONTANA 12 CH SCIROPPO 150ML,Fitoterapia e Omeopatia,,36.96,38.34,38.67,38.96,36.84,37.89,37.89,37.04,38.92
010000093,BOIRON ARNICA MONTANA 15 CH GRANULI 4G,Fitoterapia e Omeopatia,,6.93,5.70,6.92,6.24,5.38,6.01,5.32,6.91,6.79
010000096,BOIRON ARNICA MONTANA 15 CH GLOBULI DOSA UNICA,Fitoterapia e Omeopatia,,30.50,30.62,30.95,30.22,30.65,30.92,31.01,30.70,29.70
010000099,BOIRON ARNICA MONTANA 15 CH GOCCE ORALI 30ML,Fitoterapia e Omeopatia,,13.33,12.70,12.36,12.82,12.95,12.76,13.63,12.66,12.64
010000102,BOIRON ARNICA MONTANA 15 CH FIALE ORALI 20 PEZZI,Fitoterapia e Omeopatia,,20.98,19.91,20.32,19.24,20.75,19.13,20.00,19.14,19.18
010000105,BOIRON ARNICA MONTANA 15 CH UNGUENTO 50G,Fitoterapia e Omeopatia,,13.14,14.84,12.73,14.93,12.87,14.76,13.82,13.14,14.09
010000108,BOIRON ARNICA MONTANA 15 CH SCIROPPO 150ML,Fitoterapia e Omeopatia,,13.35,13.19,13.93,12.74,12.32,12.73,13.89,13.76,12.56
010000111,BOIRON ARNICA MONTANA 30 CH GRANULI 4G,Fitoterapia e Omeopatia,,25.61,25.63,25.97,25.55,26.99,26.13,26.51,25.07,25.60
010000114,BOIRON ARNICA MONTANA 30 CH GLOBULI DOSA UNICA,Fitoterapia e Omeopatia,,19.59,19.20,19.50,20.76,19.41,20.09,21.00,19.50,19.43
010000117,BOIRON ARNICA MONTANA 30 CH GOCCE ORALI 30ML,Fitoterapia e Omeopatia,,42.95,42.85,42.30,42.13,41.85,42.22,42.33,42.72,42.72
010000120,BOIRON ARNICA MONTANA 30 CH FIALE ORALI 20 PEZZI,Fitoterapia e Omeopatia,,43.59,43.76,41.89,43.59,42.76,44.19,44.13,43.02,42.17
010000123,BOIRON ARNICA MONTANA 30 CH UNGUENTO 50G,Fitoterapia e Omeopatia,,9.06,10.02,8.31,9.06,8.86,8.26,9.49,8.74,9.38
010000126,BOIRON ARNICA MONTANA 30 CH SCIROPPO 150ML,Fitoterapia e Omeopatia,,13.36,11.43,13.14,12.47,12.37,13.36,11.47,12.61,12.96
010000129,BOIRON ARNICA MONTANA 200 CH GRANULI 4G,Fitoterapia e Omeopatia,,34.97,34.30,34.28,33.89,34.88,34.70,34.21,34.22,35.15
010000132,BOIRON ARNICA MONTANA 200 CH GLOBULI DOSA UNICA,Fitoterapia e Omeopatia,,38.38,37.81,37.41,37.85,36.73,38.13,36.27,36.67,36.80
010000135,BOIRON ARNICA MONTANA 200 CH GOCCE ORALI 30ML,Fitoterapia e Omeopatia,,36.85,37.84,38.16,38.32,37.52,37.12,37.05,37.13,38.18
010000138,BOIRON ARNICA MONTANA 200 CH FIALE ORALI 20 PEZZI,Fitoterapia e Omeopatia,,32.81,34.02,34.86,34.07,32.77,33.13,33.30,33.84,34.32
010000141,BOIRON ARNICA MONTANA 200 CH UNGUENTO 50G,Fitoterapia e Omeopatia,,20.48,20.97,21.04,20.91,22.29,20.80,20.39,21.82,21.00
010000144,BOIRON ARNICA MONTANA 200 CH SCIROPPO 150ML,Fitoterapia e Omeopatia,,16.24,16.99,17.30,16.21,17.14,16.14,16.18,17.46,17.20
010000147,BOIRON ARNICA MONTANA 1MK GRANULI 4G,Fitoterapia e Omeopatia,,16.09,15.01,15.62,16.22,17.16,16.07,15.19,15.79,16.54
010000150,BOIRON ARNICA MONTANA 1MK GLOBULI DOSA UNICA,Fitoterapia e Omeopatia,,43.82,45.23,45.65,45.25,45.02,45.19,44.59,44.52,43.73
010000153,BOIRON ARNICA MONTANA 1MK GOCCE ORALI 30ML,Fitoterapia e Omeopatia,,21.61,21.32,22.12,21.63,22.37,23.39,23.33,22.77,22.96
010000156,BOIRON ARNICA MONTANA 1MK FIALE ORALI 20 PEZZI,Fitoterapia e Omeopatia,,28.36,27.25,27.48,28.50,28.31,28.30,28.71,27.60,27.22
010000159,BOIRON ARNICA MONTANA 1MK UNGUENTO 50G,Fitoterapia e Omeopatia,,13.71,13.21,14.44,14.02,13.04,14.58,13.41,13.21,14.50
010000162,BOIRON ARNICA MONTANA 1MK SCIROPPO 150ML,Fitoterapia e Omeopatia,,41.95,42.78,41.73,41.47,42.23,42.39,42.14,42.72,43.29
010000165,BOIRON ARNICA MONTANA 6DH GRANULI 4G,Fitoterapia e Omeopatia,,31.17,31.97,30.76,31.11,32.42,32.46,31.92,31.81,32.65
010000168,BOIRON ARNICA MONTANA 6DH GLOBULI DOSA UNICA,Fitoterapia e Omeopatia,,42.96,42.96,42.67,43.74,42.91,42.28,43.59,43.28,43.14
010000171,BOIRON ARNICA MONTANA 6DH GOCCE ORALI 30ML,Fitoterapia e Omeopatia,,34.30,32.84,34.27,33.25,34.66,33.58,34.09,34.35,33.14
010000174,BOIRON ARNICA MONTANA 6DH FIALE ORALI 20 PEZZI,Fitoterapia e Omeopatia,,18.44,18.18,17.74,17.51,17.47,17.66,17.27,18.11,18.12
010000177,BOIRON ARNICA MONTANA 6DH UNGUENTO 50G,Fitoterapia e Omeopatia,,22.42,20.76,20.51,21.33,22.60,21.89,22.00,22.53,20.99
010000180,BOIRON ARNICA MONTANA 6DH SCIROPPO 150ML,Fitoterapia e Omeopatia,,14.71,15.88,14.53,16.20,14.57,14.48,16.70,16.40,14.43
010000183,BOIRON ARNICA MONTANA 12DH GRANULI 4G,Fitoterapia e Omeopatia,,9.54,10.73,10.34,10.42,11.06,11.21,9.96,10.99,11.14
010000186,BOIRON ARNICA MONTANA 12DH GLOBULI DOSA UNICA,Fitoterapia e Omeopatia,,25.92,26.97,26.80,27.15,27.97,27.76,26.56,26.01,25.78
010000189,BOIRON ARNICA MONTANA 12DH GOCCE ORALI 30ML,Fitoterapia e Omeopatia,,24.51,25.56,24.24,24.82,24.60,26.20,23.90,23.95,24.67
010000192,BOIRON ARNICA MONTANA 12DH FIALE ORALI 20 PEZZI,Fitoterapia e Omeopatia,,37.97,37.03,37.07,37.20,36.98,36.50,36.56,36.37,37.17
010000195,BOIRON ARNICA MONTANA 12DH UNGUENTO 50G,Fitoterapia e Omeopatia,,15.62,15.52,16.42,16.09,15.33,16.10,16.93,17.07,15.31
010000198,BOIRON ARNICA MONTANA 12DH SCIROPPO 150ML,Fitoterapia e Omeopatia,,39.55,39.47,40.41,40.92,39.24,38.71,40.62,39.40,40.86
010000201,BOIRON BELLADONNA 4 CH GRANULI 4G,Fitoterapia e Omeopatia,,36.28,36.50,36.63,37.38,37.36,36.63,35.99,36.65,36.18
010000204,BOIRON BELLADONNA 4 CH GLOBULI DOSA UNICA,Fitoterapia e Omeopatia,,45.07,44.89,45.77,45.43,45.80,45.07,45.62,44.40,43.86
010000207,BOIRON BELLADONNA 4 CH GOCCE ORALI 30ML,Fitoterapia e Omeopatia,,13.98,15.77,15.84,15.54,15.22,16.07,14.82,15.95,16.00
010000210,BOIRON BELLADONNA 4 CH FIALE ORALI 20 PEZZI,Fitoterapia e Omeopatia,,14.71,15.52,15.70,13.99,15.36,15.56,13.99,15.46,15.46
010000213,BOIRON BELLADONNA 4 CH UNGUENTO 50G,Fitoterapia e Omeopatia,,26.40,27.55,26.27,27.39,27.42,26.37,27.20,27.31,25.93
010000216,BOIRON BELLADONNA 4 CH SCIROPPO 150ML,Fitoterapia e Omeopatia,,37.30,38.62,38.37,38.13,37.26,37.87,38.37,36.96,38.10
010000219,BOIRON BELLADONNA 5 CH GRANULI 4G,Fitoterapia e Omeopatia,,15.49,14.37,16.37,14.18,15.49,14.63,16.24,14.20,15.31
010000222,BOIRON BELLADONNA 5 CH GLOBULI DOSA UNICA,Fitoterapia e Omeopatia,,22.35,21.66,20.09,20.33,21.84,20.48,20.71,22.22,21.09
010000225,BOIRON BELLADONNA 5 CH GOCCE ORALI 30ML,Fitoterapia e Omeopatia,,35.68,36.22,35.78,35.54,34.27,35.77,35.20,34.39,35.14
010000228,BOIRON BELLADONNA 5 CH FIALE ORALI 20 PEZZI,Fitoterapia e Omeopatia,,25.21,24.40,24.12,24.77,25.76,24.53,25.07,25.29,25.42
010000231,BOIRON BELLADONNA 5 CH UNGUENTO 50G,Fitoterapia e Omeopatia,,33.28,31.82,32.06,33.40,32.87,32.68,33.27,32.87,32.48
010000234,BOIRON BELLADONNA 5 CH SCIROPPO 150ML,Fitoterapia e Omeopatia,,26.84,27.33,27.28,27.47,26.07,26.55,27.19,26.77,26.37
010000237,BOIRON BELLADONNA 7 CH GRANULI 4G,Fitoterapia e Omeopatia,,33.37,33.67,33.69,31.93,32.83,31.95,33.02,32.14,33.19
010000240,BOIRON BELLADONNA 7 CH GLOBULI DOSA UNICA,Fitoterapia e Omeopatia,,11.72,12.23,11.75,10.19,10.00,10.18,12.22,10.00,10.05
010000243,BOIRON BELLADONNA 7 CH GOCCE ORALI 30ML,Fitoterapia e Omeopatia,,38.44,39.93,38.18,39.85,38.07,39.09,38.57,38.80,39.18
010000246,BOIRON BELLADONNA 7 CH FIALE ORALI 20 PEZZI,Fitoterapia e Omeopatia,,36.40,37.88,36.49,37.28,37.28,37.42,37.57,35.63,37.02
010000249,BOIRON BELLADONNA 7 CH UNGUENTO 50G,Fitoterapia e Omeopatia,,29.46,31.20,29.85,30.42,29.51,29.82,31.66,29.70,29.41
010000252,BOIRON BELLADONNA 7 CH SCIROPPO 150ML,Fitoterapia e Omeopatia,,37.57,37.63,39.40,38.80,38.15,37.95,38.40,39.44,37.88
010000255,BOIRON BELLADONNA 9 CH GRANULI 4G,Fitoterapia e Omeopatia,,25.27,24.71,25.21,25.36,24.63,26.43,25.92,25.93,25.12
010000258,BOIRON BELLADONNA 9 CH GLOBULI DOSA UNICA,Fitoterapia e Omeopatia,,29.74,31.03,29.74,31.09,31.51,31.88,31.65,29.99,29.76
010000261,BOIRON BELLADONNA 9 CH GOCCE ORALI 30ML,Fitoterapia e Omeopatia,,22.81,23.83,22.75,23.95,21.70,22.42,22.26,23.70,22.87
010000264,BOIRON BELLADONNA 9 CH FIALE ORALI 20 PEZZI,Fitoterapia e Omeopatia,,26.70,28.80,28.67,27.73,27.77,27.07,28.17,28.25,27.64
010000267,BOIRON BELLADONNA 9 CH UNGUENTO 50G,Fitoterapia e Omeopatia,,37.53,36.35,36.71,37.52,37.81,37.58,36.26,37.32,37.70
010000270,BOIRON BELLADONNA 9 CH SCIROPPO 150ML,Fitoterapia e Omeopatia,,24.34,23.18,22.83,24.81,23.09,23.59,24.80,23.06,23.94
010000273,BOIRON BELLADONNA 12 CH GRANULI 4G,Fitoterapia e Omeopatia,,30.76,29.60,30.75,28.98,30.61,28.70,30.90,30.10,29.24
010000276,BOIRON BELLADONNA 12 CH GLOBULI DOSA UNICA,Fitoterapia e Omeopatia,,4.83,4.97,6.11,6.63,4.64,5.19,4.45,6.69,5.04
010000279,BOIRON BELLADONNA 12 CH GOCCE ORALI 30ML,Fitoterapia e Omeopatia,,39.18,39.10,40.31,38.96,40.47,38.96,39.21,39.64,39.46
010000282,BOIRON BELLADONNA 12 CH FIALE ORALI 20 PEZZI,Fitoterapia e Omeopatia,,24.44,23.35,23.27,23.21,22.99,22.59,24.67,24.05,23.34
010000285,BOIRON BELLADONNA 12 CH UNGUENTO 50G,Fitoterapia e Omeopatia,,31.97,32.36,31.39,30.98,32.83,32.70,31.27,31.34,31.32
010000288,BOIRON BELLADONNA 12 CH SCIROPPO 150ML,Fitoterapia e Omeopatia,,43.02,42.71,41.20,40.95,41.85,42.85,42.49,41.55,42.86
010000291,BOIRON BELLADONNA 15 CH GRANULI 4G,Fitoterapia e Omeopatia,,4.61,4.94,5.70,4.48,4.11,4.86,3.83,4.23,5.73
010000294,BOIRON BELLADONNA 15 CH GLOBULI DOSA UNICA,Fitoterapia e Omeopatia,,31.21,30.81,31.50,31.89,31.63,32.24,32.32,31.65,30.73
010000297,BOIRON BELLADONNA 15 CH GOCCE ORALI 30ML,Fitoterapia e Omeopatia,,18.83,18.27,19.30,18.77,19.35,19.89,18.33,18.32,18.12
010000300,BOIRON BELLADONNA 15 CH FIALE ORALI 20 PEZZI,Fitoterapia e Omeopatia,,12.20,13.60,13.52,14.09,13.42,12.98,13.42,12.66,12.88
010000303,BOIRON BELLADONNA 15 CH UNGUENTO 50G,Fitoterapia e Omeopatia,,37.40,36.94,35.25,36.97,35.80,36.02,35.87,37.01,35.50
010000306,BOIRON BELLADONNA 15 CH SCIROPPO 150ML,Fitoterapia e Omeopatia,,31.12,30.06,31.45,31.38,32.37,31.28,30.27,31.79,31.31
010000309,BOIRON BELLADONNA 30 CH GRANULI 4G,Fitoterapia e Omeopatia,,22.58,24.43,23.80,23.73,24.79,23.53,22.94,23.99,24.35
010000312,BOIRON BELLADONNA 30 CH GLOBULI DOSA UNICA,Fitoterapia e Omeopatia,,26.82,27.79,26.39,26.87,27.20,25.78,26.36,26.82,26.49
010000315,BOIRON BELLADONNA 30 CH GOCCE ORALI 30ML,Fitoterapia e Omeopatia,,21.96,21.67,22.29,22.82,22.75,23.20,23.05,21.28,22.92
010000318,BOIRON BELLADONNA 30 CH FIALE ORALI 20 PEZZI,Fitoterapia e Omeopatia,,15.26,16.44,17.20,16.88,16.34,16.59,16.35,16.55,14.93
010000321,BOIRON BELLADONNA 30 CH UNGUENTO 50G,Fitoterapia e Omeopatia,,28.52,28.15,28.80,29.23,29.42,28.55,29.67,29.31,30.07
010000324,BOIRON BELLADONNA 30 CH SCIROPPO 150ML,Fitoterapia e Omeopatia,,38.71,38.11,37.84,37.10,37.33,38.16,38.22,38.45,36.84
010000327,BOIRON BELLADONNA 200 CH GRANULI 4G,Fitoterapia e Omeopatia,,20.72,19.51,19.70,21.37,19.78,19.67,19.48,20.50,20.99
010000330,BOIRON BELLADONNA 200 CH GLOBULI DOSA UNICA,Fitoterapia e Omeopatia,,25.57,26.00,26.30,25.73,27.21,27.03,26.25,27.39,26.74
010000333,BOIRON BELLADONNA 200 CH GOCCE ORALI 30ML,Fitoterapia e Omeopatia,,31.27,30.95,31.84,30.76,31.51,31.66,31.20,29.81,30.98
010000336,BOIRON BELLADONNA 200 CH FIALE ORALI 20 PEZZI,Fitoterapia e Omeopatia,,42.79,43.77,42.75,43.28,43.12,43.53,43.28,42.24,42.72
010000339,BOIRON BELLADONNA 200 CH UNGUENTO 50G,Fitoterapia e Omeopatia,,23.69,23.17,21.44,22.95,23.31,23.42,22.59,22.08,21.82
010000342,BOIRON BELLADONNA 200 CH SCIROPPO 150ML,Fitoterapia e Omeopatia,,24.99,26.55,26.06,25.02,25.17,24.55,24.96,26.42,24.88
010000345,BOIRON BELLADONNA 1MK GRANULI 4G,Fitoterapia e Omeopatia,,16.29,17.02,17.75,16.01,17.43,17.19,15.92,17.64,17.34
010000348,BOIRON BELLADONNA 1MK GLOBULI DOSA UNICA,Fitoterapia e Omeopatia,,16.28,15.33,15.10,16.04,15.78,15.05,15.25,15.99,14.85
010000351,BOIRON BELLADONNA 1MK GOCCE ORALI 30ML,Fitoterapia e Omeopatia,,11.49,10.16,9.80,10.55,10.23,10.89,9.88,11.28,11.29
010000354,BOIRON BELLADONNA 1MK FIALE ORALI 20 PEZZI,Fitoterapia e Omeopatia,,19.16,19.73,19.33,18.67,19.75,20.08,19.74,19.09,20.46
010000357,BOIRON BELLADONNA 1MK UNGUENTO 50G,Fitoterapia e Omeopatia,,11.59,11.73,10.92,12.65,10.59,12.15,10.95,11.37,11.80
010000360,BOIRON BELLADONNA 1MK SCIROPPO 150ML,Fitoterapia e Omeopatia,,30.46,31.86,31.13,30.48,32.27,30.79,30.60,32.42,31.48
010000363,BOIRON BELLADONNA 6DH GRANULI 4G,Fitoterapia e Omeopatia,,32.65,30.69,31.53,32.51,31.13,31.13,32.37,31.72,30.88
010000366,BOIRON BELLADONNA 6DH GLOBULI DOSA UNICA,Fitoterapia e Omeopatia,,28.86,28.77,30.13,28.81,29.04,29.31,28.76,29.06,29.66
010000369,BOIRON BELLADONNA 6DH GOCCE ORALI 30ML,Fitoterapia e Omeopatia,,5.85,5.56,4.35,4.01,4.88,5.63,4.55,4.13,4.42
010000372,BOIRON BELLADONNA 6DH FIALE ORALI 20 PEZZI,Fitoterapia e Omeopatia,,26.10,26.35,26.56,26.27,27.46,26.46,26.05,25.87,25.36
010000375,BOIRON BELLADONNA 6DH UNGUENTO 50G,Fitoterapia e Omeopatia,,17.18,18.83,17.72,18.06,19.29,18.13,18.09,19.30,18.55
010000378,BOIRON BELLADONNA 6DH SCIROPPO 150ML,Fitoterapia e Omeopatia,,44.05,44.14,42.11,43.56,42.21,42.61,42.36,43.42,42.26
010000381,BOIRON BELLADONNA 12DH GRANULI 4G,Fitoterapia e Omeopatia,,36.00,36.37,35.04,36.27,36.83,35.52,35.54,37.11,36.98
010000384,BOIRON BELLADONNA 12DH GLOBULI DOSA UNICA,Fitoterapia e Omeopatia,,5.25,7.35,6.21,6.34,6.04,6.63,5.88,7.52,6.49
010000387,BOIRON BELLADONNA 12DH GOCCE ORALI 30ML,Fitoterapia e Omeopatia,,29.56,28.60,28.21,29.59,27.35,29.28,28.28,27.82,27.88
010000390,BOIRON BELLADONNA 12DH FIALE ORALI 20 PEZZI,Fitoterapia e Omeopatia,,35.62,34.08,34.26,36.27,34.19,35.15,35.33,35.01,34.98
010000393,BOIRON BELLADONNA 12DH UNGUENTO 50G,Fitoterapia e Omeopatia,,10.22,10.16,8.60,10.05,10.17,9.26,8.61,8.86,9.26
010000396,BOIRON BELLADONNA 12DH SCIROPPO 150ML,Fitoterapia e Omeopatia,,42.61,43.29,41.79,42.77,43.39,43.94,42.01,42.41,41.86
010000399,BOIRON BRYONIA 4 CH GRANULI 4G,Fitoterapia e Omeopatia,,22.70,20.76,20.86,22.16,20.97,21.11,20.86,20.67,20.82
010000402,BOIRON BRYONIA 4 CH GLOBULI DOSA UNICA,Fitoterapia e Omeopatia,,35.90,35.61,36.42,35.01,35.97,36.11,35.51,35.47,35.62
010000405,BOIRON BRYONIA 4 CH GOCCE ORALI 30ML,Fitoterapia e Omeopatia,,37.38,36.43,36.98,36.57,37.04,38.11,35.99,37.35,37.35
010000408,BOIRON BRYONIA 4 CH FIALE ORALI 20 PEZZI,Fitoterapia e Omeopatia,,12.57,13.66,14.61,14.29,13.23,14.36,12.76,12.76,13.24
010000411,BOIRON BRYONIA 4 CH UNGUENTO 50G,Fitoterapia e Omeopatia,,27.67,28.29,27.80,26.80,28.79,27.60,27.28,28.48,27.09
010000414,BOIRON BRYONIA 4 CH SCIROPPO 150ML,Fitoterapia e Omeopatia,,10.78,9.88,10.93,9.71,11.23,10.57,9.41,9.79,10.78
010000417,BOIRON BRYONIA 5 CH GRANULI 4G,Fitoterapia e Omeopatia,,4.46,5.87,4.42,4.17,6.10,4.72,5.64,5.54,4.34
010000420,BOIRON BRYONIA 5 CH GLOBULI DOSA UNICA,Fitoterapia e Omeopatia,,15.25,17.45,15.21,16.19,15.09,17.37,15.59,16.48,16.78
010000423,BOIRON BRYONIA 5 CH GOCCE ORALI 30ML,Fitoterapia e Omeopatia,,6.66,5.14,5.16,6.01,6.28,5.44,6.41,7.23,5.29
010000426,BOIRON BRYONIA 5 CH FIALE ORALI 20 PEZZI,Fitoterapia e Omeopatia,,41.68,43.57,43.21,42.64,43.90,41.78,42.43,42.85,42.29
010000429,BOIRON BRYONIA 5 CH UNGUENTO 50G,Fitoterapia e Omeopatia,,26.46,25.85,27.74,25.99,27.50,28.02,26.69,27.51,27.20
010000432,BOIRON BRYONIA 5 CH SCIROPPO 150ML,Fitoterapia e Omeopatia,,12.14,12.05,13.80,11.96,13.05,11.79,14.00,11.67,12.27
010000435,BOIRON BRYONIA 7 CH GRANULI 4G,Fitoterapia e Omeopatia,,28.68,28.50,28.87,29.18,27.29,29.20,27.22,28.35,27.66
010000438,BOIRON BRYONIA 7 CH GLOBULI DOSA UNICA,Fitoterapia e Omeopatia,,32.78,31.97,32.01,33.28,33.27,32.01,32.05,33.21,31.84
010000441,BOIRON BRYONIA 7 CH GOCCE ORALI 30ML,Fitoterapia e Omeopatia,,31.90,31.93,31.83,31.79,31.45,31.39,32.80,30.90,31.07
010000444,BOIRON BRYONIA 7 CH FIALE ORALI 20 PEZZI,Fitoterapia e Omeopatia,,41.82,42.25,42.51,43.25,42.91,42.29,42.65,43.38,43.27
010000447,BOIRON BRYONIA 7 CH UNGUENTO 50G,Fitoterapia e Omeopatia,,21.65,20.20,21.67,21.16,20.38,20.21,21.00,21.45,20.41
010000450,BOIRON BRYONIA 7 CH SCIROPPO 150ML,Fitoterapia e Omeopatia,,7.84,6.50,7.66,6.83,7.30,5.90,6.50,6.75,6.68
010000453,BOIRON BRYONIA 9 CH GRANULI 4G,Fitoterapia e Omeopatia,,31.10,32.56,32.29,32.13,32.73,31.24,32.14,32.66,31.92
010000456,BOIRON BRYONIA 9 CH GLOBULI DOSA UNICA,Fitoterapia e Omeopatia,,31.80,33.15,32.59,31.94,30.99,32.54,31.28,31.62,32.58
010000459,BOIRON BRYONIA 9 CH GOCCE ORALI 30ML,Fitoterapia e Omeopatia,,20.31,20.73,20.82,20.14,20.11,20.77,22.06,20.59,21.98
010000462,BOIRON BRYONIA 9 CH FIALE ORALI 20 PEZZI,Fitoterapia e Omeopatia,,37.73,35.67,37.96,37.30,36.56,37.85,37.82,37.05,37.04
010000465,BOIRON BRYONIA 9 CH UNGUENTO 50G,Fitoterapia e Omeopatia,,42.48,42.54,43.29,41.97,43.42,42.73,42.80,43.86,42.28
010000468,BOIRON BRYONIA 9 CH SCIROPPO 150ML,Fitoterapia e Omeopatia,,40.43,39.92,42.04,40.45,41.65,39.89,41.60,41.39,41.20
010000471,BOIRON BRYONIA 12 CH GRANULI 4G,Fitoterapia e Omeopatia,,24.72,24.72,22.82,24.54,23.42,23.53,22.68,22.88,23.65
010000474,BOIRON BRYONIA 12 CH GLOBULI DOSA UNICA,Fitoterapia e Omeopatia,,33.48,32.36,32.28,34.02,33.31,33.35,32.17,33.94,32.36
010000477,BOIRON BRYONIA 12 CH GOCCE ORALI 30ML,Fitoterapia e Omeopatia,,9.67,10.03,8.68,10.18,8.75,9.97,10.02,9.25,9.68
010000480,BOIRON BRYONIA 12 CH FIALE ORALI 20 PEZZI,Fitoterapia e Omeopatia,,6.17,7.56,6.75,7.30,6.49,7.92,6.32,7.72,6.36
010000483,BOIRON BRYONIA 12 CH UNGUENTO 50G,Fitoterapia e Omeopatia,,39.87,39.67,39.50,38.74,38.60,38.19,38.44,38.42,38.13
010000486,BOIRON BRYONIA 12 CH SCIROPPO 150ML,Fitoterapia e Omeopatia,,15.90,15.52,14.90,14.52,15.87,16.02,13.94,14.29,15.61
010000489,BOIRON BRYONIA 15 CH GRANULI 4G,Fitoterapia e Omeopatia,,28.82,27.89,29.17,29.58,29.05,28.40,28.87,29.00,28.38
010000492,BOIRON BRYONIA 15 CH GLOBULI DOSA UNICA,Fitoterapia e Omeopatia,,22.18,22.70,23.93,24.11,23.09,22.72,23.18,22.89,23.42
010000495,BOIRON BRYONIA 15 CH GOCCE ORALI 30ML,Fitoterapia e Omeopatia,,43.47,43.92,41.76,41.83,42.18,42.41,42.59,42.41,43.22
010000498,BOIRON BRYONIA 15 CH FIALE ORALI 20 PEZZI,Fitoterapia e Omeopatia,,11.68,13.19,12.88,13.65,11.98,13.85,13.81,12.62,12.40
010000501,BOIRON BRYONIA 15 CH UNGUENTO 50G,Fitoterapia e Omeopatia,,37.61,38.45,38.21,38.08,37.42,36.88,38.47,37.92,38.48
010000504,BOIRON BRYONIA 15 CH SCIROPPO 150ML,Fitoterapia e Omeopatia,,5.12,4.07,4.62,4.02,5.37,3.77,3.37,4.47,4.10
010000507,BOIRON BRYONIA 30 CH GRANULI 4G,Fitoterapia e Omeopatia,,37.02,36.31,36.80,37.80,37.73,37.30,37.85,37.62,37.37
010000510,BOIRON BRYONIA 30 CH GLOBULI DOSA UNICA,Fitoterapia e Omeopatia,,8.27,9.59,10.39,9.80,8.58,9.02,10.27,10.62,9.64
010000513,BOIRON BRYONIA 30 CH GOCCE ORALI 30ML,Fitoterapia e Omeopatia,,30.08,31.76,31.84,31.88,30.64,30.27,31.48,30.77,31.78
010000516,BOIRON BRYONIA 30 CH FIALE ORALI 20 PEZZI,Fitoterapia e Omeopatia,,28.41,28.35,28.71,27.61,28.94,29.17,28.47,27.18,27.96
010000519,BOIRON BRYONIA 30 CH UNGUENTO 50G,Fitoterapia e Omeopatia,,39.30,38.42,38.62,39.93,40.19,39.80,39.27,38.39,38.40
010000522,BOIRON BRYONIA 30 CH SCIROPPO 150ML,Fitoterapia e Omeopatia,,25.87,25.98,25.18,25.66,25.06,25.09,24.83,24.56,26.24
010000525,BOIRON BRYONIA 200 CH GRANULI 4G,Fitoterapia e Omeopatia,,30.49,30.89,30.82,30.39,30.32,31.32,29.64,29.82,31.01
010000528,BOIRON BRYONIA 200 CH GLOBULI DOSA UNICA,Fitoterapia e Omeopatia,,5.78,6.37,7.30,7.25,6.25,6.15,7.32,5.72,6.92
010000531,BOIRON BRYONIA 200 CH GOCCE ORALI 30ML,Fitoterapia e Omeopatia,,26.22,28.02,27.14,27.33,27.17,27.76,26.91,27.07,27.05
010000534,BOIRON BRYONIA 200 CH FIALE ORALI 20 PEZZI,Fitoterapia e Omeopatia,,38.59,39.68,38.01,37.80,37.84,39.50,39.29,39.10,38.23
010000537,BOIRON BRYONIA 200 CH UNGUENTO 50G,Fitoterapia e Omeopatia,,32.23,33.07,32.75,31.85,32.65,32.59,31.88,33.18,33.15
010000540,BOIRON BRYONIA 200 CH SCIROPPO 150ML,Fitoterapia e Omeopatia,,27.10,26.75,25.85,27.68,27.42,27.11,27.03,25.81,27.34
010000543,BOIRON BRYONIA 1MK GRANULI 4G,Fitoterapia e Omeopatia,,9.98,10.42,11.03,9.45,9.59,9.74,9.91,9.81,11.18
010000546,BOIRON BRYONIA 1MK GLOBULI DOSA UNICA,Fitoterapia e Omeopatia,,14.97,13.98,14.13,14.98,13.04,14.52,14.62,12.89,13.39
010000549,BOIRON BRYONIA 1MK GOCCE ORALI 30ML,Fitoterapia e Omeopatia,,43.42,43.68,43.91,43.75,45.71,44.46,44.81,45.36,45.13
010000552,BOIRON BRYONIA 1MK FIALE ORALI 20 PEZZI,Fitoterapia e Omeopatia,,43.17,44.15,43.04,43.26,42.82,42.36,44.32,43.17,43.73
010000555,BOIRON BRYONIA 1MK UNGUENTO 50G,Fitoterapia e Omeopatia,,9.97,10.38,12.02,10.45,11.42,10.54,12.12,10.88,12.18
010000558,BOIRON BRYONIA 1MK SCIROPPO 150ML,Fitoterapia e Omeopatia,,5.60,5.96,5.45,5.34,4.82,6.31,6.07,6.31,5.04
010000561,BOIRON BRYONIA 6DH GRANULI 4G,Fitoterapia e Omeopatia,,27.01,25.49,25.60,27.18,26.28,26.27,27.07,26.85,27.61
010000564,BOIRON BRYONIA 6DH GLOBULI DOSA UNICA,Fitoterapia e Omeopatia,,13.21,13.89,12.05,12.18,12.32,12.46,13.15,13.52,13.80
010000567,BOIRON BRYONIA 6DH GOCCE ORALI 30ML,Fitoterapia e Omeopatia,,17.58,17.66,17.86,17.29,17.62,17.16,17.25,17.14,18.16
010000570,BOIRON BRYONIA 6DH FIALE ORALI 20 PEZZI,Fitoterapia e Omeopatia,,11.41,10.97,11.11,11.03,11.37,10.38,10.75,11.79,11.70
010000573,BOIRON BRYONIA 6DH UNGUENTO 50G,Fitoterapia e Omeopatia,,23.14,22.62,23.80,23.35,23.36,23.05,23.16,24.44,24.12
010000576,BOIRON BRYONIA 6DH SCIROPPO 150ML,Fitoterapia e Omeopatia,,22.09,22.84,21.79,22.80,22.22,23.19,22.64,21.71,21.64
010000579,BOIRON BRYONIA 12DH GRANULI 4G,Fitoterapia e Omeopatia,,24.73,24.75,24.54,26.19,24.56,25.68,25.66,24.43,26.07
010000582,BOIRON BRYONIA 12DH GLOBULI DOSA UNICA,Fitoterapia e Omeopatia,,40.05,40.88,41.44,40.04,40.73,39.56,40.06,39.97,40.35
010000585,BOIRON BRYONIA 12DH GOCCE ORALI 30ML,Fitoterapia e Omeopatia,,12.59,12.10,12.98,13.70,13.26,13.05,12.18,11.95,13.20
010000588,BOIRON BRYONIA 12DH FIALE ORALI 20 PEZZI,Fitoterapia e Omeopatia,,26.22,26.01,28.03,26.51,26.11,27.91,27.55,26.03,27.77
010000591,BOIRON BRYONIA 12DH UNGUENTO 50G,Fitoterapia e Omeopatia,,37.05,36.66,38.23,37.40,37.30,37.72,37.06,36.73,37.61
010000594,BOIRON BRYONIA 12DH SCIROPPO 150ML,Fitoterapia e Omeopatia,,21.60,21.54,21.58,21.04,21.00,21.09,21.48,22.37,21.55
010000597,BOIRON IGNATIA AMARA 4 CH GRANULI 4G,Fitoterapia e Omeopatia,,33.90,33.57,33.29,33.69,33.05,34.61,34.65,34.23,34.64
010000600,BOIRON IGNATIA AMARA 4 CH GLOBULI DOSA UNICA,Fitoterapia e Omeopatia,,32.17,34.07,32.49,32.49,33.54,34.18,33.64,33.35,32.99
010000603,BOIRON IGNATIA AMARA 4 CH GOCCE ORALI 30ML,Fitoterapia e Omeopatia,,13.64,11.61,13.16,12.55,12.87,12.68,12.16,12.12,13.91
010000606,BOIRON IGNATIA AMARA 4 CH FIALE ORALI 20 PEZZI,Fitoterapia e Omeopatia,,18.39,17.56,19.82,18.44,18.28,18.13,19.59,18.39,19.47
010000609,BOIRON IGNATIA AMARA 4 CH UNGUENTO 50G,Fitoterapia e Omeopatia,,36.29,37.40,37.55,36.66,37.19,36.93,37.29,35.51,37.40
010000612,BOIRON IGNATIA AMARA 4 CH SCIROPPO 150ML,Fitoterapia e Omeopatia,,6.89,8.16,6.67,7.97,8.73,7.30,8.60,6.77,7.75
010000615,BOIRON IGNATIA AMARA 5 CH GRANULI 4G,Fitoterapia e Omeopatia,,25.85,25.42,26.70,26.82,25.68,26.38,25.31,27.08,25.29
010000618,BOIRON IGNATIA AMARA 5 CH GLOBULI DOSA UNICA,Fitoterapia e Omeopatia,,40.15,40.43,39.28,39.36,39.09,40.18,38.92,40.68,38.70
010000621,BOIRON IGNATIA AMARA 5 CH GOCCE ORALI 30ML,Fitoterapia e Omeopatia,,27.94,28.59,28.45,28.87,29.48,27.63,29.27,29.66,28.53
010000624,BOIRON IGNATIA AMARA 5 CH FIALE ORALI 20 PEZZI,Fitoterapia e Omeopatia,,30.79,30.10,32.08,32.05,31.58,31.51,30.99,30.85,31.31
010000627,BOIRON IGNATIA AMARA 5 CH UNGUENTO 50G,Fitoterapia e Omeopatia,,12.86,14.06,12.40,11.76,13.62,12.66,12.34,13.19,14.01
010000630,BOIRON IGNATIA AMARA 5 CH SCIROPPO 150ML,Fitoterapia e Omeopatia,,20.68,21.53,20.29,21.90,19.69,19.70,19.94,20.42,21.93
010000633,BOIRON IGNATIA AMARA 7 CH GRANULI 4G,Fitoterapia e Omeopatia,,44.27,43.16,43.97,43.31,43.20,44.20,44.04,44.49,43.67
010000636,BOIRON IGNATIA AMARA 7 CH GLOBULI DOSA UNICA,Fitoterapia e Omeopatia,,17.94,17.03,18.41,17.62,16.58,17.34,16.75,17.76,17.78
010000639,BOIRON IGNATIA AMARA 7 CH GOCCE ORALI 30ML,Fitoterapia e Omeopatia,,27.60,26.41,26.10,27.69,25.74,26.88,26.54,26.83,27.10
010000642,BOIRON IGNATIA AMARA 7 CH FIALE ORALI 20 PEZZI,Fitoterapia e Omeopatia,,23.52,24.43,23.10,24.73,23.91,25.19,24.63,24.32,24.39
010000645,BOIRON IGNATIA AMARA 7 CH UNGUENTO 50G,Fitoterapia e Omeopatia,,24.44,25.41,25.07,23.71,24.24,23.88,24.34,25.76,24.33
010000648,BOIRON IGNATIA AMARA 7 CH SCIROPPO 150ML,Fitoterapia e Omeopatia,,38.00,38.07,39.82,38.62,38.78,37.47,39.16,38.23,38.31
010000651,BOIRON IGNATIA AMARA 9 CH GRANULI 4G,Fitoterapia e Omeopatia,,44.68,43.38,43.99,44.02,45.30,45.59,44.16,45.44,43.51
010000654,BOIRON IGNATIA AMARA 9 CH GLOBULI DOSA UNICA,Fitoterapia e Omeopatia,,7.22,7.41,7.00,8.11,7.66,8.21,8.20,8.56,6.55
010000657,BOIRON IGNATIA AMARA 9 CH GOCCE ORALI 30ML,Fitoterapia e Omeopatia,,6.35,5.33,6.75,6.75,6.94,6.28,4.87,5.46,7.00
010000660,BOIRON IGNATIA AMARA 9 CH FIALE ORALI 20 PEZZI,Fitoterapia e Omeopatia,,44.89,43.57,44.87,44.58,43.83,43.78,44.16,43.46,45.06
010000663,BOIRON IGNATIA AMARA 9 CH UNGUENTO 50G,Fitoterapia e Omeopatia,,43.70,43.62,42.95,43.59,41.75,43.38,42.79,42.80,42.30
010000666,BOIRON IGNATIA AMARA 9 CH SCIROPPO 150ML,Fitoterapia e Omeopatia,,36.26,36.88,36.82,37.31,36.98,36.83,35.95,35.63,36.96
010000669,BOIRON IGNATIA AMARA 12 CH GRANULI 4G,Fitoterapia e Omeopatia,,20.87,22.15,21.72,21.12,22.64,22.01,22.19,21.00,22.38
010000672,BOIRON IGNATIA AMARA 12 CH GLOBULI DOSA UNICA,Fitoterapia e Omeopatia,,8.43,6.93,8.86,7.61,8.39,8.78,8.06,8.81,8.98
010000675,BOIRON IGNATIA AMARA 12 CH GOCCE ORALI 30ML,Fitoterapia e Omeopatia,,43.31,41.74,41.13,42.86,42.60,41.22,41.21,42.41,41.10
010000678,BOIRON IGNATIA AMARA 12 CH FIALE ORALI 20 PEZZI,Fitoterapia e Omeopatia,,38.45,38.57,38.64,39.64,38.06,40.42,38.84,40.41,38.10
010000681,BOIRON IGNATIA AMARA 12 CH UNGUENTO 50G,Fitoterapia e Omeopatia,,6.42,6.28,4.99,5.64,6.55,4.82,4.68,6.14,4.53
010000684,BOIRON IGNATIA AMARA 12 CH SCIROPPO 150ML,Fitoterapia e Omeopatia,,38.68,39.02,38.63,39.82,39.53,38.18,38.98,38.61,38.24
010000687,BOIRON IGNATIA AMARA 15 CH GRANULI 4G,Fitoterapia e Omeopatia,,36.16,35.35,36.03,35.71,36.01,35.57,34.66,34.73,36.21
010000690,BOIRON IGNATIA AMARA 15 CH GLOBULI DOSA UNICA,Fitoterapia e Omeopatia,,9.80,10.67,9.40,9.23,11.02,11.27,9.27,10.27,11.26
010000693,BOIRON IGNATIA AMARA 15 CH GOCCE ORALI 30ML,Fitoterapia e Omeopatia,,35.09,36.84,35.32,36.87,34.84,35.35,34.82,35.42,34.65
010000696,BOIRON IGNATIA AMARA 15 CH FIALE ORALI 20 PEZZI,Fitoterapia e Omeopatia,,40.41,40.17,39.00,41.07,39.81,39.84,39.77,39.56,39.31
010000699,BOIRON IGNATIA AMARA 15 CH UNGUENTO 50G,Fitoterapia e Omeopatia,,42.64,41.93,43.46,42.59,43.52,43.39,41.92,42.11,42.58
010000702,BOIRON IGNATIA AMARA 15 CH SCIROPPO 150ML,Fitoterapia e Omeopatia,,27.62,28.91,28.35,27.08,27.64,29.10,26.97,29.10,28.95
010000705,BOIRON IGNATIA AMARA 30 CH GRANULI 4G,Fitoterapia e Omeopatia,,29.32,30.45,31.06,30.34,31.04,29.92,29.59,31.31,29.79
010000708,BOIRON IGNATIA AMARA 30 CH GLOBULI DOSA UNICA,Fitoterapia e Omeopatia,,24.97,25.97,24.72,24.78,24.33,25.73,25.86,25.85,24.75
010000711,BOIRON IGNATIA AMARA 30 CH GOCCE ORALI 30ML,Fitoterapia e Omeopatia,,10.99,12.28,11.85,12.26,10.90,11.44,10.21,10.19,11.35
010000714,BOIRON IGNATIA AMARA 30 CH FIALE ORALI 20 PEZZI,Fitoterapia e Omeopatia,,31.21,31.45,31.82,32.04,32.43,31.62,32.25,30.92,31.49
010000717,BOIRON IGNATIA AMARA 30 CH UNGUENTO 50G,Fitoterapia e Omeopatia,,9.28,9.66,11.46,10.27,10.48,11.35,11.47,9.24,11.29
010000720,BOIRON IGNATIA AMARA 30 CH SCIROPPO 150ML,Fitoterapia e Omeopatia,,8.54,9.12,7.36,8.59,8.72,8.12,7.49,9.09,8.51
010000723,BOIRON IGNATIA AMARA 200 CH GRANULI 4G,Fitoterapia e Omeopatia,,10.32,10.63,9.32,9.88,9.03,10.28,9.51,10.04,10.03
010000726,BOIRON IGNATIA AMARA 200 CH GLOBULI DOSA UNICA,Fitoterapia e Omeopatia,,41.33,41.47,43.34,41.43,41.52,42.76,42.99,41.36,41.66
010000729,BOIRON IGNATIA AMARA 200 CH GOCCE ORALI 30ML,Fitoterapia e Omeopatia,,13.56,13.37,13.44,13.87,15.43,14.70,15.36,13.80,13.64
010000732,BOIRON IGNATIA AMARA 200 CH FIALE ORALI 20 PEZZI,Fitoterapia e Omeopatia,,30.75,31.14,29.66,30.48,30.69,30.31,30.53,30.26,31.27
010000735,BOIRON IGNATIA AMARA 200 CH UNGUENTO 50G,Fitoterapia e Omeopatia,,31.85,31.70,31.58,30.44,31.59,32.01,30.90,32.03,30.43
010000738,BOIRON IGNATIA AMARA 200 CH SCIROPPO 150ML,Fitoterapia e Omeopatia,,16.16,16.05,16.51,15.22,16.12,16.08,17.18,16.35,16.19
010000741,BOIRON IGNATIA AMARA 1MK GRANULI 4G,Fitoterapia e Omeopatia,,42.97,42.80,42.06,42.17,42.42,41.13,41.95,41.08,40.90
010000744,BOIRON IGNATIA AMARA 1MK GLOBULI DOSA UNICA,Fitoterapia e Omeopatia,,38.24,37.96,37.84,37.70,37.96,37.40,37.21,37.85,37.12
010000747,BOIRON IGNATIA AMARA 1MK GOCCE ORALI 30ML,Fitoterapia e Omeopatia,,22.38,22.18,24.28,22.54,22.43,24.14,24.22,22.89,23.95
010000750,BOIRON IGNATIA AMARA 1MK FIALE ORALI 20 PEZZI,Fitoterapia e Omeopatia,,42.38,43.16,41.84,42.22,42.29,42.79,41.30,42.14,43.07
010000753,BOIRON IGNATIA AMARA 1MK UNGUENTO 50G,Fitoterapia e Omeopatia,,31.55,31.09,32.87,32.07,31.95,32.61,32.67,32.24,32.07
010000756,BOIRON IGNATIA AMARA 1MK SCIROPPO 150ML,Fitoterapia e Omeopatia,,43.89,44.44,45.13,44.71,44.60,45.92,43.71,46.07,43.77
010000759,BOIRON IGNATIA AMARA 6DH GRANULI 4G,Fitoterapia e Omeopatia,,29.63,28.90,27.82,29.98,29.78,28.25,28.17,28.63,28.52
010000762,BOIRON IGNATIA AMARA 6DH GLOBULI DOSA UNICA,Fitoterapia e Omeopatia,,35.13,33.40,35.06,33.29,33.58,34.35,34.58,33.32,33.53
010000765,BOIRON IGNATIA AMARA 6DH GOCCE ORALI 30ML,Fitoterapia e Omeopatia,,41.39,42.97,42.20,41.88,41.18,41.37,42.17,42.24,42.10
010000768,BOIRON IGNATIA AMARA 6DH FIALE ORALI 20 PEZZI,Fitoterapia e Omeopatia,,27.76,27.40,27.23,28.38,27.61,26.91,27.70,28.57,27.68
010000771,BOIRON IGNATIA AMARA 6DH UNGUENTO 50G,Fitoterapia e Omeopatia,,23.13,23.95,22.62,23.85,22.82,24.09,23.38,22.66,23.00
010000774,BOIRON IGNATIA AMARA 6DH SCIROPPO 150ML,Fitoterapia e Omeopatia,,21.67,22.42,21.18,20.14,21.51,21.40,21.70,21.22,20.44
010000777,BOIRON IGNATIA AMARA 12DH GRANULI 4G,Fitoterapia e Omeopatia,,5.45,5.37,6.39,6.36,6.14,4.92,5.64,5.18,5.48
010000780,BOIRON IGNATIA AMARA 12DH GLOBULI DOSA UNICA,Fitoterapia e Omeopatia,,19.61,20.83,19.70,20.94,20.01,19.06,20.40,19.15,20.32
010000783,BOIRON IGNATIA AMARA 12DH GOCCE ORALI 30ML,Fitoterapia e Omeopatia,,41.53,41.05,41.95,42.45,42.04,40.69,42.45,41.88,42.12
010000786,BOIRON IGNATIA AMARA 12DH FIALE ORALI 20 PEZZI,Fitoterapia e Omeopatia,,45.27,43.39,43.45,44.08,43.17,44.93,45.17,44.25,44.97
010000789,BOIRON IGNATIA AMARA 12DH UNGUENTO 50G,Fitoterapia e Omeopatia,,10.77,10.24,11.79,12.28,11.97,11.77,12.31,12.36,10.52
010000792,BOIRON IGNATIA AMARA 12DH SCIROPPO 150ML,Fitoterapia e Omeopatia,,26.04,24.90,26.59,24.87,25.13,24.81,26.00,25.37,25.75
010000795,BOIRON NUX VOMICA 4 CH GRANULI 4G,Fitoterapia e Omeopatia,,21.07,22.02,21.02,22.30,20.42,22.09,21.99,22.49,22.06
010000798,BOIRON NUX VOMICA 4 CH GLOBULI DOSA UNICA,Fitoterapia e Omeopatia,,30.16,30.66,30.02,31.28,31.46,30.30,31.00,30.52,30.61
010000801,BOIRON NUX VOMICA 4 CH GOCCE ORALI 30ML,Fitoterapia e Omeopatia,,29.61,29.00,30.41,30.98,29.84,29.92,30.73,29.94,29.09
010000804,BOIRON NUX VOMICA 4 CH FIALE ORALI 20 PEZZI,Fitoterapia e Omeopatia,,40.89,40.97,41.41,39.75,40.74,40.15,41.08,41.23,41.31
010000807,BOIRON NUX VOMICA 4 CH UNGUENTO 50G,Fitoterapia e Omeopatia,,25.22,26.10,25.44,24.48,24.44,25.60,24.74,25.84,25.84
010000810,BOIRON NUX VOMICA 4 CH SCIROPPO 150ML,Fitoterapia e Omeopatia,,42.14,42.38,43.03,43.44,42.41,44.00,43.06,43.83,43.43
010000813,BOIRON NUX VOMICA 5 CH GRANULI 4G,Fitoterapia e Omeopatia,,18.82,17.14,17.46,18.70,16.73,18.20,18.54,18.94,17.73
010000816,BOIRON NUX VOMICA 5 CH GLOBULI DOSA UNICA,Fitoterapia e Omeopatia,,40.28,41.10,41.38,41.03,40.24,40.40,40.13,40.97,40.01
010000819,BOIRON NUX VOMICA 5 CH GOCCE ORALI 30ML,Fitoterapia e Omeopatia,,10.38,9.82,9.11,10.63,8.95,10.28,10.34,10.57,10.81
010000822,BOIRON NUX VOMICA 5 CH FIALE ORALI 20 PEZZI,Fitoterapia e Omeopatia,,33.87,34.39,35.19,35.13,33.72,33.96,33.76,34.95,34.46
010000825,BOIRON NUX VOMICA 5 CH UNGUENTO 50G,Fitoterapia e Omeopatia,,7.42,6.08,5.86,7.51,7.34,5.97,6.49,6.20,8.04
010000828,BOIRON NUX VOMICA 5 CH SCIROPPO 150ML,Fitoterapia e Omeopatia,,18.18,18.29,18.58,18.38,19.59,19.92,18.73,19.83,18.00
010000831,BOIRON NUX VOMICA 7 CH GRANULI 4G,Fitoterapia e Omeopatia,,18.00,17.31,18.60,19.03,18.59,18.29,17.84,18.61,18.12
010000834,BOIRON NUX VOMICA 7 CH GLOBULI DOSA UNICA,Fitoterapia e Omeopatia,,39.67,39.95,39.86,39.78,39.81,38.74,39.51,38.69,40.05
010000837,BOIRON NUX VOMICA 7 CH GOCCE ORALI 30ML,Fitoterapia e Omeopatia,,23.74,24.33,24.56,24.71,22.97,22.72,22.87,24.03,22.86
010000840,BOIRON NUX VOMICA 7 CH FIALE ORALI 20 PEZZI,Fitoterapia e Omeopatia,,13.60,14.60,13.00,14.74,14.16,13.71,12.79,13.54,13.60
010000843,BOIRON NUX VOMICA 7 CH UNGUENTO 50G,Fitoterapia e Omeopatia,,5.21,5.19,7.31,6.16,7.08,6.43,7.04,6.76,7.27
010000846,BOIRON NUX VOMICA 7 CH SCIROPPO 150ML,Fitoterapia e Omeopatia,,40.42,40.46,41.75,41.35,42.37,41.58,41.47,42.00,41.63
010000849,BOIRON NUX VOMICA 9 CH GRANULI 4G,Fitoterapia e Omeopatia,,17.38,16.63,17.85,17.77,18.38,16.67,17.43,17.29,17.75
010000852,BOIRON NUX VOMICA 9 CH GLOBULI DOSA UNICA,Fitoterapia e Omeopatia,,4.73,4.95,5.20,6.23,5.85,5.67,5.37,5.91,6.05
010000855,BOIRON NUX VOMICA 9 CH GOCCE ORALI 30ML,Fitoterapia e Omeopatia,,6.85,6.66,8.71,7.55,6.90,8.25,8.80,6.86,7.73
010000858,BOIRON NUX VOMICA 9 CH FIALE ORALI 20 PEZZI,Fitoterapia e Omeopatia,,38.79,38.26,39.60,40.32,38.87,38.68,39.99,39.43,39.34
010000861,BOIRON NUX VOMICA 9 CH UNGUENTO 50G,Fitoterapia e Omeopatia,,13.76,13.48,14.43,13.73,13.49,14.34,14.12,13.88,15.07
010000864,BOIRON NUX VOMICA 9 CH SCIROPPO 150ML,Fitoterapia e Omeopatia,,15.44,16.11,14.99,14.30,14.89,14.90,15.65,16.08,16.10
010000867,BOIRON NUX VOMICA 12 CH GRANULI 4G,Fitoterapia e Omeopatia,,41.04,42.15,40.90,41.25,42.96,41.52,42.25,41.12,40.85
010000870,BOIRON NUX VOMICA 12 CH GLOBULI DOSA UNICA,Fitoterapia e Omeopatia,,19.48,20.85,20.53,19.48,19.65,20.65,18.94,19.75,20.94
010000873,BOIRON NUX VOMICA 12 CH GOCCE ORALI 30ML,Fitoterapia e Omeopatia,,17.45,18.73,17.63,16.84,17.41,16.77,17.76,17.36,18.13
010000876,BOIRON NUX VOMICA 12 CH FIALE ORALI 20 PEZZI,Fitoterapia e Omeopatia,,35.11,36.19,37.17,36.11,35.30,35.63,36.07,37.09,35.18
010000879,BOIRON NUX VOMICA 12 CH UNGUENTO 50G,Fitoterapia e Omeopatia,,17.52,18.50,18.54,18.16,18.34,17.46,16.89,17.73,18.38
010000882,BOIRON NUX VOMICA 12 CH SCIROPPO 150ML,Fitoterapia e Omeopatia,,16.75,15.45,16.03,15.81,15.59,14.95,16.94,15.99,15.60
010000885,BOIRON NUX VOMICA 15 CH GRANULI 4G,Fitoterapia e Omeopatia,,15.33,14.20,14.74,14.47,13.72,14.42,15.47,15.14,14.59
010000888,BOIRON NUX VOMICA 15 CH GLOBULI DOSA UNICA,Fitoterapia e Omeopatia,,27.67,26.10,26.20,27.41,25.92,27.03,26.25,27.67,27.62
010000891,BOIRON NUX VOMICA 15 CH GOCCE ORALI 30ML,Fitoterapia e Omeopatia,,25.81,25.61,24.51,26.02,24.73,25.43,24.81,25.20,26.29
010000894,BOIRON NUX VOMICA 15 CH FIALE ORALI 20 PEZZI,Fitoterapia e Omeopatia,,11.07,11.27,11.31,9.43,9.95,10.40,9.81,10.42,10.83
010000897,BOIRON NUX VOMICA 15 CH UNGUENTO 50G,Fitoterapia e Omeopatia,,31.91,30.80,31.94,32.58,30.93,32.17,32.15,32.41,32.54
010000900,BOIRON NUX VOMICA 15 CH SCIROPPO 150ML,Fitoterapia e Omeopatia,,18.19,17.70,17.74,17.71,16.57,18.17,16.85,18.26,16.20
010000903,BOIRON NUX VOMICA 30 CH GRANULI 4G,Fitoterapia e Omeopatia,,22.38,23.44,23.21,23.10,21.21,21.27,21.83,21.92,21.12
010000906,BOIRON NUX VOMICA 30 CH GLOBULI DOSA UNICA,Fitoterapia e Omeopatia,,9.17,7.74,8.79,8.16,9.38,8.02,7.71,9.27,7.63
010000909,BOIRON NUX VOMICA 30 CH GOCCE ORALI 30ML,Fitoterapia e Omeopatia,,8.11,8.08,9.49,10.08,9.41,8.36,9.66,9.44,8.46
010000912,BOIRON NUX VOMICA 30 CH FIALE ORALI 20 PEZZI,Fitoterapia e Omeopatia,,24.31,23.79,22.87,24.56,22.85,24.21,24.54,23.10,23.54
010000915,BOIRON NUX VOMICA 30 CH UNGUENTO 50G,Fitoterapia e Omeopatia,,25.02,26.88,25.94,26.79,25.08,25.33,25.90,26.88,25.00
010000918,BOIRON NUX VOMICA 30 CH SCIROPPO 150ML,Fitoterapia e Omeopatia,,28.56,30.10,29.08,28.80,29.51,28.39,30.34,29.45,29.18
010000921,BOIRON NUX VOMICA 200 CH GRANULI 4G,Fitoterapia e Omeopatia,,41.93,41.57,43.10,42.64,42.37,42.08,42.79,42.85,41.15
010000924,BOIRON NUX VOMICA 200 CH GLOBULI DOSA UNICA,Fitoterapia e Omeopatia,,6.58,7.50,5.79,6.68,7.70,6.48,7.40,7.74,7.57
010000927,BOIRON NUX VOMICA 200 CH GOCCE ORALI 30ML,Fitoterapia e Omeopatia,,43.73,43.52,44.10,44.62,43.65,44.49,43.42,44.29,43.05
010000930,BOIRON NUX VOMICA 200 CH FIALE ORALI 20 PEZZI,Fitoterapia e Omeopatia,,23.29,21.43,21.55,22.69,22.12,22.08,22.25,21.36,22.12
010000933,BOIRON NUX VOMICA 200 CH UNGUENTO 50G,Fitoterapia e Omeopatia,,5.01,5.41,4.64,4.64,3.53,5.89,5.38,3.88,5.69
010000936,BOIRON NUX VOMICA 200 CH SCIROPPO 150ML,Fitoterapia e Omeopatia,,20.55,21.27,21.12,21.29,21.64,21.08,21.63,19.83,20.34
010000939,BOIRON NUX VOMICA 1MK GRANULI 4G,Fitoterapia e Omeopatia,,26.40,27.31,27.09,28.19,26.18,26.83,26.35,26.29,27.88
010000942,BOIRON NUX VOMICA 1MK GLOBULI DOSA UNICA,Fitoterapia e Omeopatia,,11.94,12.75,11.78,11.20,10.50,12.20,11.18,11.91,11.10
010000945,BOIRON NUX VOMICA 1MK GOCCE ORALI 30ML,Fitoterapia e Omeopatia,,19.62,17.87,18.49,20.03,17.93,17.90,19.58,19.27,18.68
010000948,BOIRON NUX VOMICA 1MK FIALE ORALI 20 PEZZI,Fitoterapia e Omeopatia,,12.20,12.82,11.46,11.36,11.33,13.01,12.06,11.31,12.20
010000951,BOIRON NUX VOMICA 1MK UNGUENTO 50G,Fitoterapia e Omeopatia,,41.21,40.34,41.43,41.74,41.33,40.11,39.64,40.84,40.45
010000954,BOIRON NUX VOMICA 1MK SCIROPPO 150ML,Fitoterapia e Omeopatia,,28.03,27.66,28.99,28.92,28.52,28.64,28.96,27.51,27.39
010000957,BOIRON NUX VOMICA 6DH GRANULI 4G,Fitoterapia e Omeopatia,,18.06,16.10,16.36,17.30,17.16,15.79,15.78,16.32,17.64
010000960,BOIRON NUX VOMICA 6DH GLOBULI DOSA UNICA,Fitoterapia e Omeopatia,,9.48,8.98,8.90,9.14,9.43,10.47,10.30,8.26,9.91
010000963,BOIRON NUX VOMICA 6DH GOCCE ORALI 30ML,Fitoterapia e Omeopatia,,42.44,44.39,44.29,43.41,42.99,44.06,43.02,44.40,44.35
010000966,BOIRON NUX VOMICA 6DH FIALE ORALI 20 PEZZI,Fitoterapia e Omeopatia,,4.07,4.26,4.32,4.71,5.03,4.76,4.62,5.99,4.68
010000969,BOIRON NUX VOMICA 6DH UNGUENTO 50G,Fitoterapia e Omeopatia,,10.22,12.42,10.26,11.84,10.39,10.69,10.64,10.38,10.79
010000972,BOIRON NUX VOMICA 6DH SCIROPPO 150ML,Fitoterapia e Omeopatia,,16.09,13.87,13.90,14.74,14.72,13.90,14.19,16.03,15.52
010000975,BOIRON NUX VOMICA 12DH GRANULI 4G,Fitoterapia e Omeopatia,,31.74,32.27,32.47,32.90,32.83,31.23,31.96,31.57,31.65
010000978,BOIRON NUX VOMICA 12DH GLOBULI DOSA UNICA,Fitoterapia e Omeopatia,,37.45,36.05,37.93,37.15,36.23,37.43,36.53,37.96,36.87
010000981,BOIRON NUX VOMICA 12DH GOCCE ORALI 30ML,Fitoterapia e Omeopatia,,14.24,13.46,13.29,14.65,12.73,13.77,14.08,14.04,14.01
010000984,BOIRON NUX VOMICA 12DH FIALE ORALI 20 PEZZI,Fitoterapia e Omeopatia,,20.33,20.15,20.40,20.73,20.79,19.63,19.45,19.94,20.47
010000987,BOIRON NUX VOMICA 12DH UNGUENTO 50G,Fitoterapia e Omeopatia,,26.64,28.08,27.84,26.37,27.65,27.18,27.86,26.46,27.77
010000990,BOIRON NUX VOMICA 12DH SCIROPPO 150ML,Fitoterapia e Omeopatia,,40.74,39.70,39.12,39.43,40.57,41.12,38.91,39.19,39.55
010000993,BOIRON PULSATILLA 4 CH GRANULI 4G,Fitoterapia e Omeopatia,,22.69,23.09,22.20,23.23,23.91,24.31,22.40,22.60,24.10
010000996,BOIRON PULSATILLA 4 CH GLOBULI DOSA UNICA,Fitoterapia e Omeopatia,,30.73,32.47,31.67,31.49,30.75,30.30,30.45,30.28,32.41
010000999,BOIRON PULSATILLA 4 CH GOCCE ORALI 30ML,Fitoterapia e Omeopatia,,39.46,38.87,39.51,37.48,39.02,38.36,37.70,39.48,38.15
010001002,BOIRON PULSATILLA 4 CH FIALE ORALI 20 PEZZI,Fitoterapia e Omeopatia,,43.87,44.72,44.50,44.74,44.61,43.90,44.17,44.08,43.90
010001005,BOIRON PULSATILLA 4 CH UNGUENTO 50G,Fitoterapia e Omeopatia,,21.69,21.41,22.37,20.79,22.18,20.81,21.14,20.50,22.48
010001008,BOIRON PULSATILLA 4 CH SCIROPPO 150ML,Fitoterapia e Omeopatia,,29.81,29.72,29.57,31.23,30.04,30.99,30.25,31.06,30.32
010001011,BOIRON PULSATILLA 5 CH GRANULI 4G,Fitoterapia e Omeopatia,,9.29,9.79,8.23,7.82,9.82,9.46,8.36,9.45,9.31
010001014,BOIRON PULSATILLA 5 CH GLOBULI DOSA UNICA,Fitoterapia e Omeopatia,,9.59,10.63,11.12,9.69,9.98,9.49,10.90,9.63,10.69
010001017,BOIRON PULSATILLA 5 CH GOCCE ORALI 30ML,Fitoterapia e Omeopatia,,17.84,17.32,16.90,18.78,17.92,18.06,19.03,17.91,16.95
010001020,BOIRON PULSATILLA 5 CH FIALE ORALI 20 PEZZI,Fitoterapia e Omeopatia,,44.03,44.99,44.47,43.04,44.24,44.89,44.11,43.70,44.35
010001023,BOIRON PULSATILLA 5 CH UNGUENTO 50G,Fitoterapia e Omeopatia,,6.69,7.27,5.37,6.02,7.40,6.29,6.66,6.54,7.04
010001026,BOIRON PULSATILLA 5 CH SCIROPPO 150ML,Fitoterapia e Omeopatia,,5.43,4.22,6.40,4.73,5.29,6.13,5.31,4.64,5.73
010001029,BOIRON PULSATILLA 7 CH GRANULI 4G,Fitoterapia e Omeopatia,,10.20,10.35,9.54,8.50,10.35,8.94,8.69,10.58,10.07
010001032,BOIRON PULSATILLA 7 CH GLOBULI DOSA UNICA,Fitoterapia e Omeopatia,,28.11,27.92,27.93,27.61,28.79,28.89,28.36,27.31,28.71
010001035,BOIRON PULSATILLA 7 CH GOCCE ORALI 30ML,Fitoterapia e Omeopatia,,35.89,35.92,36.87,35.58,36.41,34.89,35.69,37.07,36.19
010001038,BOIRON PULSATILLA 7 CH FIALE ORALI 20 PEZZI,Fitoterapia e Omeopatia,,37.80,38.98,38.80,36.74,38.75,36.78,38.24,36.72,37.37
010001041,BOIRON PULSATILLA 7 CH UNGUENTO 50G,Fitoterapia e Omeopatia,,37.30,37.81,38.29,39.44,37.36,38.50,38.88,38.15,38.17
010001044,BOIRON PULSATILLA 7 CH SCIROPPO 150ML,Fitoterapia e Omeopatia,,17.56,16.90,17.92,18.60,18.28,17.71,18.78,17.41,18.57
010001047,BOIRON PULSATILLA 9 CH GRANULI 4G,Fitoterapia e Omeopatia,,12.15,14.22,13.65,14.17,12.48,12.55,12.17,13.61,13.03
010001050,BOIRON PULSATILLA 9 CH GLOBULI DOSA UNICA,Fitoterapia e Omeopatia,,10.94,11.24,10.63,9.58,10.97,10.08,9.98,9.93,9.73
010001053,BOIRON PULSATILLA 9 CH GOCCE ORALI 30ML,Fitoterapia e Omeopatia,,41.84,43.29,41.23,43.02,43.02,43.39,43.06,42.39,42.16
010001056,BOIRON PULSATILLA 9 CH FIALE ORALI 20 PEZZI,Fitoterapia e Omeopatia,,43.73,45.08,43.46,43.20,43.81,43.35,44.58,44.13,43.07
010001059,BOIRON PULSATILLA 9 CH UNGUENTO 50G,Fitoterapia e Omeopatia,,16.62,15.67,15.92,15.95,15.05,17.14,17.29,16.04,15.73
010001062,BOIRON PULSATILLA 9 CH SCIROPPO 150ML,Fitoterapia e Omeopatia,,24.81,25.78,25.47,25.46,24.77,26.88,25.80,26.32,25.97
010001065,BOIRON PULSATILLA 12 CH GRANULI 4G,Fitoterapia e Omeopatia,,8.52,7.82,8.29,9.10,8.00,9.39,9.43,7.77,7.83
010001068,BOIRON PULSATILLA 12 CH GLOBULI DOSA UNICA,Fitoterapia e Omeopatia,,14.36,14.43,16.52,16.03,15.56,15.94,15.23,14.54,14.85
010001071,BOIRON PULSATILLA 12 CH GOCCE ORALI 30ML,Fitoterapia e Omeopatia,,39.14,38.66,37.83,38.45,40.02,39.21,39.29,38.29,38.11
010001074,BOIRON PULSATILLA 12 CH FIALE ORALI 20 PEZZI,Fitoterapia e Omeopatia,,9.51,10.96,9.73,9.93,9.07,9.37,9.14,9.81,9.51
010001077,BOIRON PULSATILLA 12 CH UNGUENTO 50G,Fitoterapia e Omeopatia,,11.64,12.10,11.46,12.44,11.97,11.80,11.72,10.97,12.14
010001080,BOIRON PULSATILLA 12 CH SCIROPPO 150ML,Fitoterapia e Omeopatia,,8.48,9.01,8.43,8.30,9.63,8.96,7.81,8.10,8.57
010001083,BOIRON PULSATILLA 15 CH GRANULI 4G,Fitoterapia e Omeopatia,,6.82,5.45,5.66,7.60,7.04,6.90,7.23,6.45,6.03
010001086,BOIRON PULSATILLA 15 CH GLOBULI DOSA UNICA,Fitoterapia e Omeopatia,,7.07,7.41,6.68,6.76,7.05,8.45,8.44,8.55,8.83
010001089,BOIRON PULSATILLA 15 CH GOCCE ORALI 30ML,Fitoterapia e Omeopatia,,20.46,20.47,21.18,21.56,22.25,21.49,21.13,20.00,21.73
010001092,BOIRON PULSATILLA 15 CH FIALE ORALI 20 PEZZI,Fitoterapia e Omeopatia,,33.21,34.44,33.96,34.69,33.56,34.77,34.16,33.66,33.92
010001095,BOIRON PULSATILLA 15 CH UNGUENTO 50G,Fitoterapia e Omeopatia,,14.36,13.69,14.63,13.89,12.83,12.45,12.64,14.14,14.57
010001098,BOIRON PULSATILLA 15 CH SCIROPPO 150ML,Fitoterapia e Omeopatia,,5.26,3.63,3.61,4.85,3.96,5.16,5.60,5.02,3.77
010001101,BOIRON PULSATILLA 30 CH GRANULI 4G,Fitoterapia e Omeopatia,,41.98,43.20,42.24,41.04,43.12,42.63,42.97,42.37,41.94
010001104,BOIRON PULSATILLA 30 CH GLOBULI DOSA UNICA,Fitoterapia e Omeopatia,,12.14,12.44,13.12,12.19,11.90,12.94,11.30,11.24,12.30
010001107,BOIRON PULSATILLA 30 CH GOCCE ORALI 30ML,Fitoterapia e Omeopatia,,20.35,19.20,20.84,18.85,20.27,19.26,20.27,19.47,20.26
010001110,BOIRON PULSATILLA 30 CH FIALE ORALI 20 PEZZI,Fitoterapia e Omeopatia,,45.98,44.13,45.23,44.59,44.28,45.56,45.67,43.91,44.85
010001113,BOIRON PULSATILLA 30 CH UNGUENTO 50G,Fitoterapia e Omeopatia,,21.71,22.80,21.81,23.38,22.79,22.27,22.08,21.27,21.89
010001116,BOIRON PULSATILLA 30 CH SCIROPPO 150ML,Fitoterapia e Omeopatia,,6.13,6.95,5.37,6.92,5.27,7.11,5.29,6.72,6.04
010001119,BOIRON PULSATILLA 200 CH GRANULI 4G,Fitoterapia e Omeopatia,,41.71,42.51,41.21,42.99,40.82,41.03,42.45,40.85,40.85
010001122,BOIRON PULSATILLA 200 CH GLOBULI DOSA UNICA,Fitoterapia e Omeopatia,,34.13,33.53,32.74,32.86,34.19,32.44,34.37,33.30,34.15
010001125,BOIRON PULSATILLA 200 CH GOCCE ORALI 30ML,Fitoterapia e Omeopatia,,33.95,33.89,33.94,33.95,35.47,35.13,34.25,34.13,33.67
010001128,BOIRON PULSATILLA 200 CH FIALE ORALI 20 PEZZI,Fitoterapia e Omeopatia,,29.75,31.99,31.73,32.01,30.85,30.22,30.10,31.22,30.98
010001131,BOIRON PULSATILLA 200 CH UNGUENTO 50G,Fitoterapia e Omeopatia,,34.06,34.13,34.25,35.01,35.61,35.06,35.20,35.71,34.16
010001134,BOIRON PULSATILLA 200 CH SCIROPPO 150ML,Fitoterapia e Omeopatia,,30.40,30.75,30.07,30.24,30.36,30.38,29.33,29.36,29.29
010001137,BOIRON PULSATILLA 1MK GRANULI 4G,Fitoterapia e Omeopatia,,13.75,13.42,14.32,15.22,15.32,14.33,14.82,15.43,13.44
010001140,BOIRON PULSATILLA 1MK GLOBULI DOSA UNICA,Fitoterapia e Omeopatia,,42.63,43.82,43.35,44.40,44.07,43.95,43.21,43.29,43.14
010001143,BOIRON PULSATILLA 1MK GOCCE ORALI 30ML,Fitoterapia e Omeopatia,,31.53,30.30,31.60,30.97,30.10,30.87,30.81,30.89,31.69
010001146,BOIRON PULSATILLA 1MK FIALE ORALI 20 PEZZI,Fitoterapia e Omeopatia,,17.50,17.22,17.06,16.55,16.30,16.45,16.67,15.79,15.92
010001149,BOIRON PULSATILLA 1MK UNGUENTO 50G,Fitoterapia e Omeopatia,,42.89,43.35,42.59,42.82,42.61,42.18,43.52,42.77,41.79
010001152,BOIRON PULSATILLA 1MK SCIROPPO 150ML,Fitoterapia e Omeopatia,,21.22,21.09,20.43,22.50,22.68,22.12,20.98,22.18,21.84
010001155,BOIRON PULSATILLA 6DH GRANULI 4G,Fitoterapia e Omeopatia,,16.63,16.33,18.15,18.35,18.17,18.48,16.86,16.64,17.65
010001158,BOIRON PULSATILLA 6DH GLOBULI DOSA UNICA,Fitoterapia e Omeopatia,,7.34,8.65,7.51,7.56,8.18,8.70,7.11,9.20,9.15
010001161,BOIRON PULSATILLA 6DH GOCCE ORALI 30ML,Fitoterapia e Omeopatia,,31.23,30.09,30.70,30.09,30.41,31.60,30.06,31.35,29.72
010001164,BOIRON PULSATILLA 6DH FIALE ORALI 20 PEZZI,Fitoterapia e Omeopatia,,14.17,15.52,16.03,15.31,14.08,15.34,14.53,14.36,16.19
010001167,BOIRON PULSATILLA 6DH UNGUENTO 50G,Fitoterapia e Omeopatia,,7.79,7.50,7.57,9.30,7.82,8.62,8.58,7.43,8.94
010001170,BOIRON PULSATILLA 6DH SCIROPPO 150ML,Fitoterapia e Omeopatia,,11.42,12.35,12.59,12.20,12.65,11.37,13.08,11.38,11.91
010001173,BOIRON PULSATILLA 12DH GRANULI 4G,Fitoterapia e Omeopatia,,18.43,18.94,19.42,18.17,18.18,19.56,19.86,19.22,19.78
010001176,BOIRON PULSATILLA 12DH GLOBULI DOSA UNICA,Fitoterapia e Omeopatia,,9.97,9.86,8.74,10.17,10.11,8.00,8.01,8.76,8.72
010001179,BOIRON PULSATILLA 12DH GOCCE ORALI 30ML,Fitoterapia e Omeopatia,,15.75,15.37,13.65,14.79,14.02,15.31,15.40,13.45,13.64
010001182,BOIRON PULSATILLA 12DH FIALE ORALI 20 PEZZI,Fitoterapia e Omeopatia,,38.29,40.31,40.57,38.96,40.20,39.31,39.28,39.27,40.36
010001185,BOIRON PULSATILLA 12DH UNGUENTO 50G,Fitoterapia e Omeopatia,,28.76,29.36,28.53,29.07,29.09,28.93,29.49,28.80,29.89
010001188,BOIRON PULSATILLA 12DH SCIROPPO 150ML,Fitoterapia e Omeopatia,,17.52,17.44,16.59,18.29,18.49,18.28,17.12,18.11,17.25
010001191,BOIRON SEPIA 4 CH GRANULI 4G,Fitoterapia e Omeopatia,,25.63,23.90,23.99,23.95,24.60,23.63,24.43,24.43,25.32
010001194,BOIRON SEPIA 4 CH GLOBULI DOSA UNICA,Fitoterapia e Omeopatia,,28.05,28.31,26.83,26.76,28.06,27.21,27.26,27.75,28.26
010001197,BOIRON SEPIA 4 CH GOCCE ORALI 30ML,Fitoterapia e Omeopatia,,9.59,9.18,9.75,7.80,8.90,8.23,8.04,9.57,9.90
010001200,BOIRON SEPIA 4 CH FIALE ORALI 20 PEZZI,Fitoterapia e Omeopatia,,39.50,39.20,39.02,38.42,39.87,39.25,39.13,37.79,38.81
010001203,BOIRON SEPIA 4 CH UNGUENTO 50G,Fitoterapia e Omeopatia,,10.89,10.02,10.96,9.11,10.36,9.19,10.61,9.47,11.43
010001206,BOIRON SEPIA 4 CH SCIROPPO 150ML,Fitoterapia e Omeopatia,,39.25,38.09,38.74,39.36,38.77,38.95,38.33,39.62,38.75
010001209,BOIRON SEPIA 5 CH GRANULI 4G,Fitoterapia e Omeopatia,,15.25,14.71,15.29,15.64,14.11,15.09,14.35,15.75,15.25
010001212,BOIRON SEPIA 5 CH GLOBULI DOSA UNICA,Fitoterapia e Omeopatia,,22.76,22.32,21.92,22.48,22.99,21.94,23.25,21.82,21.96
010001215,BOIRON SEPIA 5 CH GOCCE ORALI 30ML,Fitoterapia e Omeopatia,,20.65,20.12,20.50,19.64,20.49,18.78,19.93,18.89,20.58
010001218,BOIRON SEPIA 5 CH FIALE ORALI 20 PEZZI,Fitoterapia e Omeopatia,,43.99,42.75,42.61,43.48,42.60,42.76,43.53,42.72,42.28
010001221,BOIRON SEPIA 5 CH UNGUENTO 50G,Fitoterapia e Omeopatia,,9.45,8.09,9.34,9.55,9.72,8.58,9.42,8.81,9.89
010001224,BOIRON SEPIA 5 CH SCIROPPO 150ML,Fitoterapia e Omeopatia,,35.19,33.94,35.00,34.58,35.31,33.74,34.55,35.57,34.78
010001227,BOIRON SEPIA 7 CH GRANULI 4G,Fitoterapia e Omeopatia,,13.46,14.99,15.12,14.01,13.28,13.81,14.50,14.04,13.06
010001230,BOIRON SEPIA 7 CH GLOBULI DOSA UNICA,Fitoterapia e Omeopatia,,19.95,19.21,18.55,18.60,19.75,18.91,19.92,19.09,20.57
010001233,BOIRON SEPIA 7 CH GOCCE ORALI 30ML,Fitoterapia e Omeopatia,,11.23,11.73,10.29,10.07,9.85,11.83,10.41,11.18,9.68
010001236,BOIRON SEPIA 7 CH FIALE ORALI 20 PEZZI,Fitoterapia e Omeopatia,,43.58,43.87,43.62,44.12,42.93,44.01,44.18,43.80,42.80
010001239,BOIRON SEPIA 7 CH UNGUENTO 50G,Fitoterapia e Omeopatia,,14.46,13.59,12.74,12.71,13.47,13.75,14.48,14.68,14.27
010001242,BOIRON SEPIA 7 CH SCIROPPO 150ML,Fitoterapia e Omeopatia,,19.09,18.87,18.68,20.08,19.86,20.12,18.27,18.10,18.70
010001245,BOIRON SEPIA 9 CH GRANULI 4G,Fitoterapia e Omeopatia,,39.35,39.02,38.45,38.76,38.89,37.41,39.40,38.36,38.59
010001248,BOIRON SEPIA 9 CH GLOBULI DOSA UNICA,Fitoterapia e Omeopatia,,9.49,9.89,10.29,11.27,10.56,10.91,9.94,11.20,11.00
010001251,BOIRON SEPIA 9 CH GOCCE ORALI 30ML,Fitoterapia e Omeopatia,,15.55,16.86,15.86,17.15,16.67,17.26,15.67,16.28,16.42
010001254,BOIRON SEPIA 9 CH FIALE ORALI 20 PEZZI,Fitoterapia e Omeopatia,,12.28,10.47,10.64,12.36,10.86,11.71,12.75,12.69,12.50
010001257,BOIRON SEPIA 9 CH UNGUENTO 50G,Fitoterapia e Omeopatia,,25.98,24.96,25.72,24.64,26.30,26.18,26.05,26.59,25.18
010001260,BOIRON SEPIA 9 CH SCIROPPO 150ML,Fitoterapia e Omeopatia,,36.34,38.42,36.95,36.33,37.30,36.74,38.01,36.74,38.18
010001263,BOIRON SEPIA 12 CH GRANULI 4G,Fitoterapia e Omeopatia,,10.43,9.43,9.49,9.28,11.07,9.83,11.24,10.36,9.94
010001266,BOIRON SEPIA 12 CH GLOBULI DOSA UNICA,Fitoterapia e Omeopatia,,10.30,10.19,10.10,10.83,10.16,10.40,10.02,11.01,9.82
010001269,BOIRON SEPIA 12 CH GOCCE ORALI 30ML,Fitoterapia e Omeopatia,,42.24,43.31,42.75,43.00,41.77,41.69,41.14,42.84,42.63
010001272,BOIRON SEPIA 12 CH FIALE ORALI 20 PEZZI,Fitoterapia e Omeopatia,,12.51,12.78,13.42,13.46,12.29,12.49,11.51,13.15,13.43
010001275,BOIRON SEPIA 12 CH UNGUENTO 50G,Fitoterapia e Omeopatia,,14.16,16.37,16.37,16.08,15.11,15.63,15.73,16.35,15.10
010001278,BOIRON SEPIA 12 CH SCIROPPO 150ML,Fitoterapia e Omeopatia,,14.73,14.26,14.17,15.54,14.25,16.04,15.57,15.64,15.97
010001281,BOIRON SEPIA 15 CH GRANULI 4G,Fitoterapia e Omeopatia,,11.79,12.17,12.60,13.77,11.73,11.76,11.86,12.62,12.00
010001284,BOIRON SEPIA 15 CH GLOBULI DOSA UNICA,Fitoterapia e Omeopatia,,33.43,32.99,33.38,34.18,32.17,34.40,32.95,32.83,33.93
010001287,BOIRON SEPIA 15 CH GOCCE ORALI 30ML,Fitoterapia e Omeopatia,,13.55,14.21,14.18,14.91,14.49,13.08,12.86,13.76,12.89
010001290,BOIRON SEPIA 15 CH FIALE ORALI 20 PEZZI,Fitoterapia e Omeopatia,,35.41,35.67,35.84,35.87,34.40,35.21,34.27,36.34,34.52
010001293,BOIRON SEPIA 15 CH UNGUENTO 50G,Fitoterapia e Omeopatia,,8.99,7.10,7.03,7.18,7.79,7.29,9.02,8.68,7.91
010001296,BOIRON SEPIA 15 CH SCIROPPO 150ML,Fitoterapia e Omeopatia,,23.43,24.18,23.07,23.67,22.84,25.21,22.88,24.63,24.58
010001299,BOIRON SEPIA 30 CH GRANULI 4G,Fitoterapia e Omeopatia,,19.70,21.38,19.34,19.59,21.36,21.08,20.68,21.49,19.72
010001302,BOIRON SEPIA 30 CH GLOBULI DOSA UNICA,Fitoterapia e Omeopatia,,31.70,30.11,31.86,31.71,31.32,30.48,31.80,30.60,31.68
010001305,BOIRON SEPIA 30 CH GOCCE ORALI 30ML,Fitoterapia e Omeopatia,,32.13,32.40,30.97,32.62,33.21,32.27,32.76,31.42,32.64
010001308,BOIRON SEPIA 30 CH FIALE ORALI 20 PEZZI,Fitoterapia e Omeopatia,,7.01,8.14,6.83,6.90,7.31,7.36,5.98,7.21,7.58
010001311,BOIRON SEPIA 30 CH UNGUENTO 50G,Fitoterapia e Omeopatia,,32.15,32.09,32.16,31.48,32.05,30.27,32.15,30.14,30.55
010001314,BOIRON SEPIA 30 CH SCIROPPO 150ML,Fitoterapia e Omeopatia,,23.10,22.19,23.85,22.82,22.99,23.95,23.27,22.47,23.28
010001317,BOIRON SEPIA 200 CH GRANULI 4G,Fitoterapia e Omeopatia,,24.04,22.81,23.74,24.59,23.04,24.89,24.13,22.82,24.50
010001320,BOIRON SEPIA 200 CH GLOBULI DOSA UNICA,Fitoterapia e Omeopatia,,29.48,31.17,31.07,30.85,30.87,29.56,30.30,29.28,29.22
010001323,BOIRON SEPIA 200 CH GOCCE ORALI 30ML,Fitoterapia e Omeopatia,,27.95,29.65,29.16,30.30,29.92,28.68,29.85,29.21,28.15
010001326,BOIRON SEPIA 200 CH FIALE ORALI 20 PEZZI,Fitoterapia e Omeopatia,,23.05,23.13,22.57,21.99,23.92,22.03,23.13,23.63,24.15
010001329,BOIRON SEPIA 200 CH UNGUENTO 50G,Fitoterapia e Omeopatia,,9.60,9.78,9.46,10.12,10.32,9.56,9.21,10.27,10.12
010001332,BOIRON SEPIA 200 CH SCIROPPO 150ML,Fitoterapia e Omeopatia,,28.31,26.63,26.33,27.22,26.67,26.97,28.32,28.48,27.84
010001335,BOIRON SEPIA 1MK GRANULI 4G,Fitoterapia e Omeopatia,,10.94,11.26,10.95,10.02,10.75,10.53,10.53,10.35,10.05
010001338,BOIRON SEPIA 1MK GLOBULI DOSA UNICA,Fitoterapia e Omeopatia,,14.41,14.50,15.21,14.20,13.43,15.26,13.69,13.56,13.24
010001341,BOIRON SEPIA 1MK GOCCE ORALI 30ML,Fitoterapia e Omeopatia,,19.15,19.27,19.92,20.45,19.39,19.24,21.20,19.57,20.09
010001344,BOIRON SEPIA 1MK FIALE ORALI 20 PEZZI,Fitoterapia e Omeopatia,,40.13,40.42,39.26,39.01,40.85,39.38,39.77,39.93,38.80
010001347,BOIRON SEPIA 1MK UNGUENTO 50G,Fitoterapia e Omeopatia,,26.53,25.80,26.14,25.47,27.34,25.90,27.14,26.82,26.74
010001350,BOIRON SEPIA 1MK SCIROPPO 150ML,Fitoterapia e Omeopatia,,20.58,20.79,21.50,21.95,20.34,21.03,19.71,21.29,21.53
010001353,BOIRON SEPIA 6DH GRANULI 4G,Fitoterapia e Omeopatia,,36.13,38.35,38.10,37.61,36.49,36.33,37.22,37.82,36.13
010001356,BOIRON SEPIA 6DH GLOBULI DOSA UNICA,Fitoterapia e Omeopatia,,32.65,34.28,32.62,34.76,34.31,34.21,33.75,32.85,32.70
010001359,BOIRON SEPIA 6DH GOCCE ORALI 30ML,Fitoterapia e Omeopatia,,24.17,25.29,24.81,25.00,23.78,25.51,24.77,25.10,25.39
010001362,BOIRON SEPIA 6DH FIALE ORALI 20 PEZZI,Fitoterapia e Omeopatia,,39.34,38.32,37.24,37.79,38.29,39.39,38.20,37.16,37.50
010001365,BOIRON SEPIA 6DH UNGUENTO 50G,Fitoterapia e Omeopatia,,13.87,13.69,12.83,14.33,13.90,12.48,12.83,12.99,14.23
010001368,BOIRON SEPIA 6DH SCIROPPO 150ML,Fitoterapia e Omeopatia,,27.57,27.00,26.50,25.89,26.60,25.93,26.17,27.78,26.32
010001371,BOIRON SEPIA 12DH GRANULI 4G,Fitoterapia e Omeopatia,,33.75,33.90,32.63,33.28,34.01,33.39,33.14,33.23,33.69
010001374,BOIRON SEPIA 12DH GLOBULI DOSA UNICA,Fitoterapia e Omeopatia,,7.73,7.03,8.98,7.69,8.90,9.17,7.99,7.65,7.01
010001377,BOIRON SEPIA 12DH GOCCE ORALI 30ML,Fitoterapia e Omeopatia,,32.61,32.84,33.38,33.65,31.97,33.18,31.62,33.14,31.99
010001380,BOIRON SEPIA 12DH FIALE ORALI 20 PEZZI,Fitoterapia e Omeopatia,,6.53,6.49,4.97,5.20,6.53,5.34,5.77,5.20,5.33
010001383,BOIRON SEPIA 12DH UNGUENTO 50G,Fitoterapia e Omeopatia,,10.65,11.46,12.29,11.82,11.67,11.72,10.69,10.96,12.85
010001386,BOIRON SEPIA 12DH SCIROPPO 150ML,Fitoterapia e Omeopatia,,35.35,35.91,36.18,35.91,36.34,36.22,36.20,36.35,36.18
010001389,BOIRON THUYA OCCIDENTALIS 4 CH GRANULI 4G,Fitoterapia e Omeopatia,,32.70,33.05,32.77,32.35,31.99,31.87,31.67,32.54,33.13
010001392,BOIRON THUYA OCCIDENTALIS 4 CH GLOBULI DOSA UNICA,Fitoterapia e Omeopatia,,24.30,23.96,25.46,24.22,23.63,24.04,24.33,25.53,24.02
010001395,BOIRON THUYA OCCIDENTALIS 4 CH GOCCE ORALI 30ML,Fitoterapia e Omeopatia,,9.67,8.60,7.79,8.20,9.64,9.48,9.15,8.72,7.49
010001398,BOIRON THUYA OCCIDENTALIS 4 CH FIALE ORALI 20 PEZZI,Fitoterapia e Omeopatia,,3.90,3.53,3.85,4.24,5.22,4.56,4.24,4.10,3.48
010001401,BOIRON THUYA OCCIDENTALIS 4 CH UNGUENTO 50G,Fitoterapia e Omeopatia,,44.94,43.20,43.59,43.03,43.55,43.83,42.89,44.02,45.10
010001404,BOIRON THUYA OCCIDENTALIS 4 CH SCIROPPO 150ML,Fitoterapia e Omeopatia,,24.97,26.00,26.33,26.32,24.73,26.19,26.49,25.22,26.17
010001407,BOIRON THUYA OCCIDENTALIS 5 CH GRANULI 4G,Fitoterapia e Omeopatia,,36.68,35.24,35.53,36.64,36.84,35.73,34.87,34.74,37.07
010001410,BOIRON THUYA OCCIDENTALIS 5 CH GLOBULI DOSA UNICA,Fitoterapia e Omeopatia,,21.67,22.41,22.57,22.77,21.81,21.30,22.27,21.38,23.08
010001413,BOIRON THUYA OCCIDENTALIS 5 CH GOCCE ORALI 30ML,Fitoterapia e Omeopatia,,18.97,19.85,19.32,18.60,19.04,18.86,19.26,19.93,20.20
010001416,BOIRON THUYA OCCIDENTALIS 5 CH FIALE ORALI 20 PEZZI,Fitoterapia e Omeopatia,,38.06,38.81,40.16,38.83,39.90,39.83,39.28,38.05,38.40
010001419,BOIRON THUYA OCCIDENTALIS 5 CH UNGUENTO 50G,Fitoterapia e Omeopatia,,45.10,44.07,45.22,44.02,44.24,45.01,44.99,45.15,44.10
010001422,BOIRON THUYA OCCIDENTALIS 5 CH SCIROPPO 150ML,Fitoterapia e Omeopatia,,16.19,15.25,14.47,14.55,14.60,15.05,15.29,14.91,16.75
010001425,BOIRON THUYA OCCIDENTALIS 7 CH GRANULI 4G,Fitoterapia e Omeopatia,,9.08,9.68,8.98,9.49,7.80,9.71,9.14,9.64,8.26
010001428,BOIRON THUYA OCCIDENTALIS 7 CH GLOBULI DOSA UNICA,Fitoterapia e Omeopatia,,9.09,11.28,9.92,11.23,9.55,10.78,9.74,9.62,10.28
010001431,BOIRON THUYA OCCIDENTALIS 7 CH GOCCE ORALI 30ML,Fitoterapia e Omeopatia,,6.77,7.07,6.79,6.21,5.68,7.18,5.62,5.23,6.46
010001434,BOIRON THUYA OCCIDENTALIS 7 CH FIALE ORALI 20 PEZZI,Fitoterapia e Omeopatia,,28.12,28.17,29.85,28.84,29.32,27.79,27.98,29.16,29.23
010001437,BOIRON THUYA OCCIDENTALIS 7 CH UNGUENTO 50G,Fitoterapia e Omeopatia,,23.60,24.85,23.09,25.20,24.15,24.77,24.27,24.53,23.90
010001440,BOIRON THUYA OCCIDENTALIS 7 CH SCIROPPO 150ML,Fitoterapia e Omeopatia,,42.92,43.18,42.67,42.66,41.57,42.54,41.41,42.85,41.84
010001443,BOIRON THUYA OCCIDENTALIS 9 CH GRANULI 4G,Fitoterapia e Omeopatia,,21.36,21.01,20.48,21.92,21.50,21.74,20.95,21.34,21.10
010001446,BOIRON THUYA OCCIDENTALIS 9 CH GLOBULI DOSA UNICA,Fitoterapia e Omeopatia,,44.61,45.57,44.59,43.78,45.61,44.98,43.79,44.00,45.72
010001449,BOIRON THUYA OCCIDENTALIS 9 CH GOCCE ORALI 30ML,Fitoterapia e Omeopatia,,27.40,27.76,26.32,26.26,26.75,27.40,27.07,26.81,27.47
010001452,BOIRON THUYA OCCIDENTALIS 9 CH FIALE ORALI 20 PEZZI,Fitoterapia e Omeopatia,,41.05,40.98,40.41,41.25,39.79,40.57,40.72,39.77,41.37
010001455,BOIRON THUYA OCCIDENTALIS 9 CH UNGUENTO 50G,Fitoterapia e Omeopatia,,6.33,6.08,4.79,5.47,6.14,5.26,5.06,5.74,4.77
010001458,BOIRON THUYA OCCIDENTALIS 9 CH SCIROPPO 150ML,Fitoterapia e Omeopatia,,41.95,40.66,41.38,42.65,41.39,42.58,40.76,41.10,41.78
010001461,BOIRON THUYA OCCIDENTALIS 12 CH GRANULI 4G,Fitoterapia e Omeopatia,,7.65,8.03,8.62,8.40,9.49,8.74,8.56,8.26,8.92
010001464,BOIRON THUYA OCCIDENTALIS 12 CH GLOBULI DOSA UNICA,Fitoterapia e Omeopatia,,21.28,20.40,21.60,21.04,20.14,20.72,20.81,20.31,20.83
010001467,BOIRON THUYA OCCIDENTALIS 12 CH GOCCE ORALI 30ML,Fitoterapia e Omeopatia,,10.85,9.61,10.66,11.44,11.80,11.72,9.96,11.68,11.12
010001470,BOIRON THUYA OCCIDENTALIS 12 CH FIALE ORALI 20 PEZZI,Fitoterapia e Omeopatia,,12.90,14.34,14.16,14.01,13.91,13.82,12.25,14.16,13.36
010001473,BOIRON THUYA OCCIDENTALIS 12 CH UNGUENTO 50G,Fitoterapia e Omeopatia,,34.73,33.46,34.58,34.52,33.74,35.08,33.80,34.54,35.09
010001476,BOIRON THUYA OCCIDENTALIS 12 CH SCIROPPO 150ML,Fitoterapia e Omeopatia,,19.71,18.91,19.86,19.02,18.26,20.23,18.57,20.19,20.01
010001479,BOIRON THUYA OCCIDENTALIS 15 CH GRANULI 4G,Fitoterapia e Omeopatia,,22.17,23.63,22.26,21.40,22.71,22.16,22.10,21.49,21.87
010001482,BOIRON THUYA OCCIDENTALIS 15 CH GLOBULI DOSA UNICA,Fitoterapia e Omeopatia,,5.50,7.18,5.65,7.57,6.78,7.07,7.65,6.49,6.96
010001485,BOIRON THUYA OCCIDENTALIS 15 CH GOCCE ORALI 30ML,Fitoterapia e Omeopatia,,33.90,34.05,34.67,34.31,33.05,34.62,33.87,34.28,32.78
010001488,BOIRON THUYA OCCIDENTALIS 15 CH FIALE ORALI 20 PEZZI,Fitoterapia e Omeopatia,,41.74,42.59,43.33,42.01,42.46,42.91,43.12,42.79,42.71
010001491,BOIRON THUYA OCCIDENTALIS 15 CH UNGUENTO 50G,Fitoterapia e Omeopatia,,30.01,29.67,29.32,29.87,30.45,28.83,29.14,28.60,29.25
010001494,BOIRON THUYA OCCIDENTALIS 15 CH SCIROPPO 150ML,Fitoterapia e Omeopatia,,27.86,28.00,29.62,28.15,27.78,29.52,29.07,29.79,29.98
010001497,BOIRON THUYA OCCIDENTALIS 30 CH GRANULI 4G,Fitoterapia e Omeopatia,,21.27,20.72,21.97,21.60,20.97,21.61,21.98,20.23,20.81
010001500,BOIRON THUYA OCCIDENTALIS 30 CH GLOBULI DOSA UNICA,Fitoterapia e Omeopatia,,35.54,33.61,34.99,34.32,34.69,35.22,35.10,35.71,34.96
010001503,BOIRON THUYA OCCIDENTALIS 30 CH GOCCE ORALI 30ML,Fitoterapia e Omeopatia,,30.75,30.49,31.95,31.88,31.03,32.18,31.67,30.50,32.12
010001506,BOIRON THUYA OCCIDENTALIS 30 CH FIALE ORALI 20 PEZZI,Fitoterapia e Omeopatia,,27.60,27.48,26.31,26.95,27.94,27.68,25.75,27.36,26.76
010001509,BOIRON THUYA OCCIDENTALIS 30 CH UNGUENTO 50G,Fitoterapia e Omeopatia,,17.98,17.74,18.41,16.54,18.15,18.02,17.98,18.20,18.00
010001512,BOIRON THUYA OCCIDENTALIS 30 CH SCIROPPO 150ML,Fitoterapia e Omeopatia,,19.52,19.86,20.28,19.16,19.57,19.16,20.96,20.95,19.86
010001515,BOIRON THUYA OCCIDENTALIS 200 CH GRANULI 4G,Fitoterapia e Omeopatia,,33.14,33.61,33.41,31.57,33.12,33.27,32.04,32.64,32.23
010001518,BOIRON THUYA OCCIDENTALIS 200 CH GLOBULI DOSA UNICA,Fitoterapia e Omeopatia,,19.76,18.02,18.30,18.48,18.27,20.12,18.71,20.19,20.20
010001521,BOIRON THUYA OCCIDENTALIS 200 CH GOCCE ORALI 30ML,Fitoterapia e Omeopatia,,9.44,11.17,9.69,10.36,9.81,10.46,9.11,10.44,10.49
010001524,BOIRON THUYA OCCIDENTALIS 200 CH FIALE ORALI 20 PEZZI,Fitoterapia e Omeopatia,,18.63,20.28,19.97,19.00,18.11,19.78,19.07,18.21,20.04
010001527,BOIRON THUYA OCCIDENTALIS 200 CH UNGUENTO 50G,Fitoterapia e Omeopatia,,15.09,15.11,13.64,14.27,13.20,15.31,13.88,13.64,14.88
010001530,BOIRON THUYA OCCIDENTALIS 200 CH SCIROPPO 150ML,Fitoterapia e Omeopatia,,5.62,4.90,6.40,7.05,6.10,5.53,4.78,5.83,7.03
010001533,BOIRON THUYA OCCIDENTALIS 1MK GRANULI 4G,Fitoterapia e Omeopatia,,25.61,26.38,25.31,26.42,26.08,26.01,26.72,26.02,24.79
010001536,BOIRON THUYA OCCIDENTALIS 1MK GLOBULI DOSA UNICA,Fitoterapia e Omeopatia,,4.92,3.72,5.75,4.09,5.60,3.72,4.89,4.31,5.36
010001539,BOIRON THUYA OCCIDENTALIS 1MK GOCCE ORALI 30ML,Fitoterapia e Omeopatia,,8.95,10.26,9.04,10.56,10.47,9.19,9.66,10.68,9.09
010001542,BOIRON THUYA OCCIDENTALIS 1MK FIALE ORALI 20 PEZZI,Fitoterapia e Omeopatia,,24.89,24.31,24.48,23.49,22.93,23.28,24.16,24.61,23.44
010001545,BOIRON THUYA OCCIDENTALIS 1MK UNGUENTO 50G,Fitoterapia e Omeopatia,,11.60,12.03,10.33,11.75,12.13,12.04,11.52,11.40,10.95
010001548,BOIRON THUYA OCCIDENTALIS 1MK SCIROPPO 150ML,Fitoterapia e Omeopatia,,41.68,41.46,41.59,41.83,41.86,41.59,40.80,40.05,39.99
010001551,BOIRON THUYA OCCIDENTALIS 6DH GRANULI 4G,Fitoterapia e Omeopatia,,36.09,34.66,34.53,35.24,34.59,34.98,34.92,35.13,34.44
010001554,BOIRON THUYA OCCIDENTALIS 6DH GLOBULI DOSA UNICA,Fitoterapia e Omeopatia,,23.07,22.24,22.96,21.84,21.84,21.74,21.89,23.58,21.74
010001557,BOIRON THUYA OCCIDENTALIS 6DH GOCCE ORALI 30ML,Fitoterapia e Omeopatia,,31.82,30.35,30.81,32.18,31.11,30.76,31.37,30.92,32.19
010001560,BOIRON THUYA OCCIDENTALIS 6DH FIALE ORALI 20 PEZZI,Fitoterapia e Omeopatia,,41.89,42.08,42.98,41.63,42.82,42.51,41.24,42.74,41.53
010001563,BOIRON THUYA OCCIDENTALIS 6DH UNGUENTO 50G,Fitoterapia e Omeopatia,,17.33,18.20,18.18,18.40,17.82,18.43,17.46,19.03,17.65
010001566,BOIRON THUYA OCCIDENTALIS 6DH SCIROPPO 150ML,Fitoterapia e Omeopatia,,39.76,39.19,39.85,38.73,40.70,39.08,39.23,39.89,39.76
010001569,BOIRON THUYA OCCIDENTALIS 12DH GRANULI 4G,Fitoterapia e Omeopatia,,28.13,27.76,28.10,26.61,26.82,26.38,28.65,27.26,27.96
010001572,BOIRON THUYA OCCIDENTALIS 12DH GLOBULI DOSA UNICA,Fitoterapia e Omeopatia,,41.54,43.55,41.64,42.33,43.72,43.64,43.71,42.21,43.66
010001575,BOIRON THUYA OCCIDENTALIS 12DH GOCCE ORALI 30ML,Fitoterapia e Omeopatia,,35.59,36.54,35.12,35.42,36.33,36.13,35.92,35.61,36.11
010001578,BOIRON THUYA OCCIDENTALIS 12DH FIALE ORALI 20 PEZZI,Fitoterapia e Omeopatia,,22.54,24.15,23.68,24.67,24.03,22.83,24.28,22.52,24.38
010001581,BOIRON THUYA OCCIDENTALIS 12DH UNGUENTO 50G,Fitoterapia e Omeopatia,,23.53,22.49,21.40,23.47,23.01,23.37,22.93,21.69,21.48
010001584,BOIRON THUYA OCCIDENTALIS 12DH SCIROPPO 150ML,Fitoterapia e Omeopatia,,31.30,32.08,31.04,31.27,31.16,31.19,32.38,32.81,31.57
010001587,BOIRON SILICEA 4 CH GRANULI 4G,Fitoterapia e Omeopatia,,6.68,8.38,7.71,6.58,6.90,8.18,7.54,7.08,8.08
010001590,BOIRON SILICEA 4 CH GLOBULI DOSA UNICA,Fitoterapia e Omeopatia,,29.06,29.34,29.44,29.93,29.03,28.91,30.05,30.35,29.64
010001593,BOIRON SILICEA 4 CH GOCCE ORALI 30ML,Fitoterapia e Omeopatia,,12.17,11.16,12.14,12.50,11.85,11.59,13.32,11.29,12.02
010001596,BOIRON SILICEA 4 CH FIALE ORALI 20 PEZZI,Fitoterapia e Omeopatia,,18.55,19.72,19.77,18.81,19.68,20.50,19.83,19.98,18.28
010001599,BOIRON SILICEA 4 CH UNGUENTO 50G,Fitoterapia e Omeopatia,,5.88,7.85,5.72,6.32,7.65,7.26,6.14,7.56,7.93
010001602,BOIRON SILICEA 4 CH SCIROPPO 150ML,Fitoterapia e Omeopatia,,13.16,12.33,12.19,13.29,12.39,12.08,12.56,11.88,13.03
010001605,BOIRON SILICEA 5 CH GRANULI 4G,Fitoterapia e Omeopatia,,22.95,23.37,23.84,23.08,22.01,22.78,23.22,23.26,22.30
010001608,BOIRON SILICEA 5 CH GLOBULI DOSA UNICA,Fitoterapia e Omeopatia,,37.82,37.12,36.05,37.72,36.53,36.45,37.01,36.67,37.54
010001611,BOIRON SILICEA 5 CH GOCCE ORALI 30ML,Fitoterapia e Omeopatia,,32.42,32.17,33.09,32.61,31.81,33.68,32.60,31.62,33.30
010001614,BOIRON SILICEA 5 CH FIALE ORALI 20 PEZZI,Fitoterapia e Omeopatia,,31.72,32.83,32.28,32.15,31.62,32.66,31.63,32.78,32.48
010001617,BOIRON SILICEA 5 CH UNGUENTO 50G,Fitoterapia e Omeopatia,,4.76,6.18,6.06,4.69,5.60,4.91,6.69,5.68,5.79
010001620,BOIRON SILICEA 5 CH SCIROPPO 150ML,Fitoterapia e Omeopatia,,30.20,29.43,28.84,29.37,30.07,29.90,30.91,29.09,30.20
010001623,BOIRON SILICEA 7 CH GRANULI 4G,Fitoterapia e Omeopatia,,39.30,39.19,40.06,39.62,38.25,38.23,38.80,39.05,39.96
010001626,BOIRON SILICEA 7 CH GLOBULI DOSA UNICA,Fitoterapia e Omeopatia,,43.83,45.50,43.58,44.79,45.27,44.17,44.93,45.01,44.40
010001629,BOIRON SILICEA 7 CH GOCCE ORALI 30ML,Fitoterapia e Omeopatia,,15.01,14.89,16.31,16.20,15.24,15.02,16.30,15.09,16.41
010001632,BOIRON SILICEA 7 CH FIALE ORALI 20 PEZZI,Fitoterapia e Omeopatia,,10.05,12.09,11.43,10.33,10.44,11.56,12.21,11.29,11.60
010001635,BOIRON SILICEA 7 CH UNGUENTO 50G,Fitoterapia e Omeopatia,,20.09,19.96,20.07,20.13,20.83,20.26,19.95,20.36,20.85
010001638,BOIRON SILICEA 7 CH SCIROPPO 150ML,Fitoterapia e Omeopatia,,34.95,33.73,32.87,33.87,33.37,33.86,33.93,33.22,32.84
010001641,BOIRON SILICEA 9 CH GRANULI 4G,Fitoterapia e Omeopatia,,8.56,9.25,9.18,8.22,9.55,8.90,9.86,8.06,8.61
010001644,BOIRON SILICEA 9 CH GLOBULI DOSA UNICA,Fitoterapia e Omeopatia,,14.61,13.87,15.32,14.58,14.25,14.15,15.13,15.54,15.68
010001647,BOIRON SILICEA 9 CH GOCCE ORALI 30ML,Fitoterapia e Omeopatia,,45.54,45.44,44.03,45.51,43.80,43.52,44.66,44.85,44.02
010001650,BOIRON SILICEA 9 CH FIALE ORALI 20 PEZZI,Fitoterapia e Omeopatia,,30.30,31.01,29.81,30.57,30.27,30.01,30.80,31.17,30.00
010001653,BOIRON SILICEA 9 CH UNGUENTO 50G,Fitoterapia e Omeopatia,,22.44,24.29,22.31,22.68,22.49,22.28,24.23,23.22,22.59
010001656,BOIRON SILICEA 9 CH SCIROPPO 150ML,Fitoterapia e Omeopatia,,29.25,31.16,29.60,30.44,30.12,31.07,30.21,30.65,30.19
010001659,BOIRON SILICEA 12 CH GRANULI 4G,Fitoterapia e Omeopatia,,10.97,10.40,11.30,8.96,9.97,10.58,9.57,9.71,9.16
010001662,BOIRON SILICEA 12 CH GLOBULI DOSA UNICA,Fitoterapia e Omeopatia,,18.64,19.45,19.05,19.42,18.26,19.88,18.42,18.65,19.81
010001665,BOIRON SILICEA 12 CH GOCCE ORALI 30ML,Fitoterapia e Omeopatia,,43.24,44.71,43.38,43.29,43.52,43.95,44.23,42.36,42.91
010001668,BOIRON SILICEA 12 CH FIALE ORALI 20 PEZZI,Fitoterapia e Omeopatia,,17.37,17.68,18.04,18.48,18.10,18.84,17.88,17.04,19.36
010001671,BOIRON SILICEA 12 CH UNGUENTO 50G,Fitoterapia e Omeopatia,,38.44,38.33,38.07,38.62,38.23,37.81,39.64,38.36,37.69
010001674,BOIRON SILICEA 12 CH SCIROPPO 150ML,Fitoterapia e Omeopatia,,30.38,29.93,29.00,30.53,29.32,29.11,29.37,28.53,29.71
010001677,BOIRON SILICEA 15 CH GRANULI 4G,Fitoterapia e Omeopatia,,35.09,35.42,35.07,35.23,34.77,35.06,35.80,34.77,35.57
010001680,BOIRON SILICEA 15 CH GLOBULI DOSA UNICA,Fitoterapia e Omeopatia,,31.66,30.58,31.54,31.72,30.89,30.34,29.86,30.31,29.95
010001683,BOIRON SILICEA 15 CH GOCCE ORALI 30ML,Fitoterapia e Omeopatia,,44.97,45.25,44.83,44.28,44.44,45.39,44.58,44.35,44.51
010001686,BOIRON SILICEA 15 CH FIALE ORALI 20 PEZZI,Fitoterapia e Omeopatia,,4.65,5.58,4.84,4.06,4.57,5.89,5.08,3.82,4.93
010001689,BOIRON SILICEA 15 CH UNGUENTO 50G,Fitoterapia e Omeopatia,,33.68,34.65,34.81,34.12,35.07,33.17,34.28,33.69,34.51
010001692,BOIRON SILICEA 15 CH SCIROPPO 150ML,Fitoterapia e Omeopatia,,34.36,35.11,36.18,34.72,33.99,34.57,33.94,35.22,35.41
010001695,BOIRON SILICEA 30 CH GRANULI 4G,Fitoterapia e Omeopatia,,44.49,42.61,44.00,42.99,44.61,43.92,43.97,43.58,44.64
010001698,BOIRON SILICEA 30 CH GLOBULI DOSA UNICA,Fitoterapia e Omeopatia,,11.04,13.06,10.92,11.74,11.89,11.86,11.82,12.37,12.03
010001701,BOIRON SILICEA 30 CH GOCCE ORALI 30ML,Fitoterapia e Omeopatia,,38.92,37.57,37.79,37.67,37.94,36.70,36.69,38.61,38.65
010001704,BOIRON SILICEA 30 CH FIALE ORALI 20 PEZZI,Fitoterapia e Omeopatia,,25.99,26.26,26.92,25.59,25.94,26.29,26.93,25.00,25.96
010001707,BOIRON SILICEA 30 CH UNGUENTO 50G,Fitoterapia e Omeopatia,,13.67,12.77,12.26,12.20,13.46,13.87,13.53,14.12,14.13
010001710,BOIRON SILICEA 30 CH SCIROPPO 150ML,Fitoterapia e Omeopatia,,21.34,22.97,23.18,21.57,21.58,23.52,23.56,23.53,22.15
010001713,BOIRON SILICEA 200 CH GRANULI 4G,Fitoterapia e Omeopatia,,34.92,34.33,34.16,34.18,33.42,33.35,33.86,32.84,33.76
010001716,BOIRON SILICEA 200 CH GLOBULI DOSA UNICA,Fitoterapia e Omeopatia,,37.55,36.75,37.27,35.54,37.92,36.94,36.31,35.84,35.64
010001719,BOIRON SILICEA 200 CH GOCCE ORALI 30ML,Fitoterapia e Omeopatia,,34.85,35.29,34.10,33.91,34.39,34.36,34.19,33.34,34.83
010001722,BOIRON SILICEA 200 CH FIALE ORALI 20 PEZZI,Fitoterapia e Omeopatia,,17.02,18.55,17.53,16.71,16.93,17.62,16.90,17.95,17.86
010001725,BOIRON SILICEA 200 CH UNGUENTO 50G,Fitoterapia e Omeopatia,,12.52,12.30,11.21,12.17,10.17,11.10,10.80,12.49,11.05
010001728,BOIRON SILICEA 200 CH SCIROPPO 150ML,Fitoterapia e Omeopatia,,32.23,32.88,32.95,31.59,31.96,32.72,31.69,33.49,32.27
010001731,BOIRON SILICEA 1MK GRANULI 4G,Fitoterapia e Omeopatia,,13.44,14.70,13.42,13.42,12.84,13.07,13.50,13.79,13.20
010001734,BOIRON SILICEA 1MK GLOBULI DOSA UNICA,Fitoterapia e Omeopatia,,10.66,11.06,9.64,11.35,10.81,10.36,9.48,11.29,9.92
010001737,BOIRON SILICEA 1MK GOCCE ORALI 30ML,Fitoterapia e Omeopatia,,8.32,8.43,8.09,9.19,9.86,9.58,10.13,10.16,10.07
010001740,BOIRON SILICEA 1MK FIALE ORALI 20 PEZZI,Fitoterapia e Omeopatia,,22.54,21.40,22.71,22.77,22.50,22.10,22.80,21.13,20.66
010001743,BOIRON SILICEA 1MK UNGUENTO 50G,Fitoterapia e Omeopatia,,42.23,42.17,42.53,41.74,42.65,42.52,41.71,42.21,42.25
010001746,BOIRON SILICEA 1MK SCIROPPO 150ML,Fitoterapia e Omeopatia,,39.40,39.35,39.19,39.25,40.99,39.00,39.74,41.10,40.57
010001749,BOIRON SILICEA 6DH GRANULI 4G,Fitoterapia e Omeopatia,,19.83,20.13,18.66,20.48,20.24,18.46,20.46,19.48,19.63
010001752,BOIRON SILICEA 6DH GLOBULI DOSA UNICA,Fitoterapia e Omeopatia,,36.50,35.60,34.98,36.50,35.04,34.94,36.52,35.09,35.85
010001755,BOIRON SILICEA 6DH GOCCE ORALI 30ML,Fitoterapia e Omeopatia,,33.37,32.86,32.93,31.66,33.11,33.21,31.57,33.47,33.14
010001758,BOIRON SILICEA 6DH FIALE ORALI 20 PEZZI,Fitoterapia e Omeopatia,,30.68,31.64,31.55,31.52,31.74,30.31,31.34,30.27,31.77
010001761,BOIRON SILICEA 6DH UNGUENTO 50G,Fitoterapia e Omeopatia,,26.23,24.85,25.76,26.40,26.18,24.26,25.82,26.02,24.58
010001764,BOIRON SILICEA 6DH SCIROPPO 150ML,Fitoterapia e Omeopatia,,34.47,33.43,33.69,34.34,33.42,32.31,34.61,33.27,33.98
010001767,BOIRON SILICEA 12DH GRANULI 4G,Fitoterapia e Omeopatia,,15.32,14.79,16.44,15.16,15.44,16.37,16.85,15.23,16.33
010001770,BOIRON SILICEA 12DH GLOBULI DOSA UNICA,Fitoterapia e Omeopatia,,40.26,39.31,39.74,39.24,39.44,39.71,38.40,39.92,39.95
010001773,BOIRON SILICEA 12DH GOCCE ORALI 30ML,Fitoterapia e Omeopatia,,20.51,20.60,21.46,20.77,21.70,20.72,21.17,21.99,19.90
010001776,BOIRON SILICEA 12DH FIALE ORALI 20 PEZZI,Fitoterapia e Omeopatia,,20.52,20.91,21.73,22.44,21.88,22.60,20.94,20.88,22.07
010001779,BOIRON SILICEA 12DH UNGUENTO 50G,Fitoterapia e Omeopatia,,17.44,17.70,16.74,17.74,16.36,16.04,17.21,16.47,16.13
010001782,BOIRON SILICEA 12DH SCIROPPO 150ML,Fitoterapia e Omeopatia,,6.47,7.57,6.14,7.50,7.16,6.77,6.41,6.44,7.35
010001785,BOIRON APIS MELLIFICA 4 CH GRANULI 4G,Fitoterapia e Omeopatia,,39.12,38.03,38.75,37.29,37.69,38.39,39.35,37.40,38.44
010001788,BOIRON APIS MELLIFICA 4 CH GLOBULI DOSA UNICA,Fitoterapia e Omeopatia,,28.16,26.68,26.91,27.51,27.40,26.21,27.29,25.80,26.11
010001791,BOIRON APIS MELLIFICA 4 CH GOCCE ORALI 30ML,Fitoterapia e Omeopatia,,16.62,18.13,18.31,18.02,18.13,17.56,16.62,17.31,17.58
010001794,BOIRON APIS MELLIFICA 4 CH FIALE ORALI 20 PEZZI,Fitoterapia e Omeopatia,,11.01,12.53,11.78,12.82,11.22,11.07,11.51,13.08,12.59
010001797,BOIRON APIS MELLIFICA 4 CH UNGUENTO 50G,Fitoterapia e Omeopatia,,18.55,19.98,18.70,19.62,20.19,20.58,18.37,18.89,18.97
010001800,BOIRON APIS MELLIFICA 4 CH SCIROPPO 150ML,Fitoterapia e Omeopatia,,14.97,15.34,15.05,15.02,14.55,15.61,14.03,15.88,14.26
010001803,BOIRON APIS MELLIFICA 5 CH GRANULI 4G,Fitoterapia e Omeopatia,,27.26,26.02,25.86,27.65,25.94,27.00,25.83,26.52,26.16
010001806,BOIRON APIS MELLIFICA 5 CH GLOBULI DOSA UNICA,Fitoterapia e Omeopatia,,27.27,28.34,28.36,27.10,26.72,27.89,28.31,27.83,27.16
010001809,BOIRON APIS MELLIFICA 5 CH GOCCE ORALI 30ML,Fitoterapia e Omeopatia,,22.78,23.34,23.32,23.18,22.75,24.53,22.75,22.37,23.69
010001812,BOIRON APIS MELLIFICA 5 CH FIALE ORALI 20 PEZZI,Fitoterapia e Omeopatia,,16.92,15.91,15.78,15.56,15.44,16.68,16.99,16.09,15.35
010001815,BOIRON APIS MELLIFICA 5 CH UNGUENTO 50G,Fitoterapia e Omeopatia,,18.45,18.22,18.85,18.58,17.81,17.38,18.66,18.19,17.83
010001818,BOIRON APIS MELLIFICA 5 CH SCIROPPO 150ML,Fitoterapia e Omeopatia,,20.15,20.90,20.57,19.87,20.05,21.97,21.97,21.71,21.77
010001821,BOIRON APIS MELLIFICA 7 CH GRANULI 4G,Fitoterapia e Omeopatia,,10.55,10.35,8.65,8.51,8.28,8.65,8.75,9.16,10.33
010001824,BOIRON APIS MELLIFICA 7 CH GLOBULI DOSA UNICA,Fitoterapia e Omeopatia,,46.02,43.95,45.88,45.02,45.24,44.82,45.50,44.76,45.87
010001827,BOIRON APIS MELLIFICA 7 CH GOCCE ORALI 30ML,Fitoterapia e Omeopatia,,7.15,6.30,7.51,7.38,7.87,8.07,6.29,6.68,6.11
010001830,BOIRON APIS MELLIFICA 7 CH FIALE ORALI 20 PEZZI,Fitoterapia e Omeopatia,,43.46,43.19,43.15,42.23,43.24,42.47,42.58,43.81,42.08
010001833,BOIRON APIS MELLIFICA 7 CH UNGUENTO 50G,Fitoterapia e Omeopatia,,22.17,23.87,21.85,22.49,21.94,22.89,23.20,23.64,23.26
010001836,BOIRON APIS MELLIFICA 7 CH SCIROPPO 150ML,Fitoterapia e Omeopatia,,25.10,24.71,23.62,24.02,25.10,23.41,24.93,23.38,24.76
010001839,BOIRON APIS MELLIFICA 9 CH GRANULI 4G,Fitoterapia e Omeopatia,,16.26,16.95,17.08,14.83,15.91,16.73,15.12,15.30,15.70
010001842,BOIRON APIS MELLIFICA 9 CH GLOBULI DOSA UNICA,Fitoterapia e Omeopatia,,39.08,39.82,38.72,39.96,38.23,39.30,38.10,39.35,39.78
010001845,BOIRON APIS MELLIFICA 9 CH GOCCE ORALI 30ML,Fitoterapia e Omeopatia,,10.60,10.78,10.07,9.55,10.93,9.33,10.77,9.36,11.21
010001848,BOIRON APIS MELLIFICA 9 CH FIALE ORALI 20 PEZZI,Fitoterapia e Omeopatia,,6.83,5.27,7.25,6.31,5.18,5.05,5.18,5.75,5.12
010001851,BOIRON APIS MELLIFICA 9 CH UNGUENTO 50G,Fitoterapia e Omeopatia,,9.68,8.16,8.48,9.88,8.23,7.90,9.62,7.66,9.76
010001854,BOIRON APIS MELLIFICA 9 CH SCIROPPO 150ML,Fitoterapia e Omeopatia,,32.99,31.31,32.44,32.67,31.47,32.46,31.14,32.29,33.23
010001857,BOIRON APIS MELLIFICA 12 CH GRANULI 4G,Fitoterapia e Omeopatia,,24.94,23.39,25.49,24.05,24.15,23.79,25.43,23.38,25.27
010001860,BOIRON APIS MELLIFICA 12 CH GLOBULI DOSA UNICA,Fitoterapia e Omeopatia,,7.47,7.95,8.19,9.37,7.37,9.31,7.47,9.16,8.62
010001863,BOIRON APIS MELLIFICA 12 CH GOCCE ORALI 30ML,Fitoterapia e Omeopatia,,32.80,33.43,32.76,32.33,33.41,32.46,32.90,32.47,32.27
010001866,BOIRON APIS MELLIFICA 12 CH FIALE ORALI 20 PEZZI,Fitoterapia e Omeopatia,,37.11,36.57,37.28,36.27,37.09,36.66,37.94,38.06,37.45
010001869,BOIRON APIS MELLIFICA 12 CH UNGUENTO 50G,Fitoterapia e Omeopatia,,31.02,30.98,29.81,29.65,31.09,29.99,30.03,30.84,31.12
010001872,BOIRON APIS MELLIFICA 12 CH SCIROPPO 150ML,Fitoterapia e Omeopatia,,17.27,17.27,18.27,18.41,17.72,17.27,18.42,17.13,18.16
010001875,BOIRON APIS MELLIFICA 15 CH GRANULI 4G,Fitoterapia e Omeopatia,,31.36,32.67,32.09,30.89,31.42,31.13,30.57,32.39,32.08
010001878,BOIRON APIS MELLIFICA 15 CH GLOBULI DOSA UNICA,Fitoterapia e Omeopatia,,39.08,39.79,41.00,39.91,39.78,39.78,39.06,39.50,39.78
010001881,BOIRON APIS MELLIFICA 15 CH GOCCE ORALI 30ML,Fitoterapia e Omeopatia,,27.75,28.34,27.71,27.98,28.15,27.60,27.64,27.91,27.44
010001884,BOIRON APIS MELLIFICA 15 CH FIALE ORALI 20 PEZZI,Fitoterapia e Omeopatia,,36.67,36.92,37.21,36.19,36.73,36.10,37.27,36.26,36.16
010001887,BOIRON APIS MELLIFICA 15 CH UNGUENTO 50G,Fitoterapia e Omeopatia,,43.69,43.66,43.89,43.93,42.81,42.19,43.58,44.12,42.26
010001890,BOIRON APIS MELLIFICA 15 CH SCIROPPO 150ML,Fitoterapia e Omeopatia,,19.25,19.73,19.60,19.08,18.16,20.29,19.84,18.62,20.33
010001893,BOIRON APIS MELLIFICA 30 CH GRANULI 4G,Fitoterapia e Omeopatia,,18.27,18.58,18.65,17.29,18.66,18.86,17.56,19.03,17.63
010001896,BOIRON APIS MELLIFICA 30 CH GLOBULI DOSA UNICA,Fitoterapia e Omeopatia,,34.19,35.34,35.79,35.08,35.04,34.73,35.96,34.13,33.97
010001899,BOIRON APIS MELLIFICA 30 CH GOCCE ORALI 30ML,Fitoterapia e Omeopatia,,9.01,8.75,7.30,7.48,8.27,8.82,7.68,7.92,7.59
010001902,BOIRON APIS MELLIFICA 30 CH FIALE ORALI 20 PEZZI,Fitoterapia e Omeopatia,,32.21,32.33,30.97,31.58,31.87,32.92,31.12,31.90,31.78
010001905,BOIRON APIS MELLIFICA 30 CH UNGUENTO 50G,Fitoterapia e Omeopatia,,31.17,32.64,32.23,32.90,32.14,30.83,32.12,30.65,31.93
010001908,BOIRON APIS MELLIFICA 30 CH SCIROPPO 150ML,Fitoterapia e Omeopatia,,38.88,38.37,38.39,37.28,38.98,36.97,38.08,39.00,39.12
010001911,BOIRON APIS MELLIFICA 200 CH GRANULI 4G,Fitoterapia e Omeopatia,,19.94,20.68,19.55,18.77,19.54,18.79,18.83,18.86,19.98
010001914,BOIRON APIS MELLIFICA 200 CH GLOBULI DOSA UNICA,Fitoterapia e Omeopatia,,37.88,38.23,38.31,38.96,37.21,37.82,38.28,37.85,37.34
010001917,BOIRON APIS MELLIFICA 200 CH GOCCE ORALI 30ML,Fitoterapia e Omeopatia,,14.28,14.19,15.41,15.49,14.65,14.67,16.18,16.00,14.39
010001920,BOIRON APIS MELLIFICA 200 CH FIALE ORALI 20 PEZZI,Fitoterapia e Omeopatia,,7.70,8.02,7.53,8.56,9.35,9.01,8.88,7.63,7.52
010001923,BOIRON APIS MELLIFICA 200 CH UNGUENTO 50G,Fitoterapia e Omeopatia,,36.90,38.51,37.27,37.28,38.40,37.80,36.96,38.86,38.43
010001926,BOIRON APIS MELLIFICA 200 CH SCIROPPO 150ML,Fitoterapia e Omeopatia,,9.86,9.77,9.89,10.31,8.98,9.53,10.65,9.71,10.94
010001929,BOIRON APIS MELLIFICA 1MK GRANULI 4G,Fitoterapia e Omeopatia,,16.71,15.06,15.83,15.80,15.30,15.23,15.45,15.25,15.21
010001932,BOIRON APIS MELLIFICA 1MK GLOBULI DOSA UNICA,Fitoterapia e Omeopatia,,33.74,31.84,32.39,33.36,31.65,33.21,32.83,33.50,32.30
010001935,BOIRON APIS MELLIFICA 1MK GOCCE ORALI 30ML,Fitoterapia e Omeopatia,,8.30,8.39,8.30,7.85,7.66,8.68,7.43,9.32,8.45
010001938,BOIRON APIS MELLIFICA 1MK FIALE ORALI 20 PEZZI,Fitoterapia e Omeopatia,,20.25,20.42,20.26,19.85,21.31,20.30,20.29,20.40,19.58
010001941,BOIRON APIS MELLIFICA 1MK UNGUENTO 50G,Fitoterapia e Omeopatia,,35.56,35.39,33.89,34.93,34.60,33.58,34.05,35.33,35.24
010001944,BOIRON APIS MELLIFICA 1MK SCIROPPO 150ML,Fitoterapia e Omeopatia,,11.83,11.29,11.55,10.38,11.65,11.78,10.70,10.27,11.07
010001947,BOIRON APIS MELLIFICA 6DH GRANULI 4G,Fitoterapia e Omeopatia,,4.00,4.30,3.66,4.55,3.41,4.59,4.10,4.34,4.90
010001950,BOIRON APIS MELLIFICA 6DH GLOBULI DOSA UNICA,Fitoterapia e Omeopatia,,11.25,10.19,10.88,9.47,10.49,10.83,9.35,11.40,10.24
010001953,BOIRON APIS MELLIFICA 6DH GOCCE ORALI 30ML,Fitoterapia e Omeopatia,,7.94,7.01,8.40,8.01,8.17,7.58,6.13,6.70,7.39
010001956,BOIRON APIS MELLIFICA 6DH FIALE ORALI 20 PEZZI,Fitoterapia e Omeopatia,,9.81,10.83,9.26,8.71,10.40,9.52,10.57,9.12,10.08
010001959,BOIRON APIS MELLIFICA 6DH UNGUENTO 50G,Fitoterapia e Omeopatia,,22.23,21.24,21.78,21.61,21.53,22.44,20.35,20.19,22.07
010001962,BOIRON APIS MELLIFICA 6DH SCIROPPO 150ML,Fitoterapia e Omeopatia,,16.31,17.65,18.41,17.02,16.31,17.15,17.20,18.46,17.54
010001965,BOIRON APIS MELLIFICA 12DH GRANULI 4G,Fitoterapia e Omeopatia,,35.22,34.96,35.95,34.57,36.79,36.37,35.95,34.95,34.82
010001968,BOIRON APIS MELLIFICA 12DH GLOBULI DOSA UNICA,Fitoterapia e Omeopatia,,39.37,38.32,39.94,38.35,38.95,38.50,39.58,40.07,38.58
010001971,BOIRON APIS MELLIFICA 12DH GOCCE ORALI 30ML,Fitoterapia e Omeopatia,,29.24,30.98,29.81,28.83,31.03,31.16,30.18,30.88,30.61
010001974,BOIRON APIS MELLIFICA 12DH FIALE ORALI 20 PEZZI,Fitoterapia e Omeopatia,,45.50,43.38,45.17,45.45,44.48,44.96,43.98,45.14,43.63
010001977,BOIRON APIS MELLIFICA 12DH UNGUENTO 50G,Fitoterapia e Omeopatia,,4.93,6.61,5.56,6.66,5.40,4.53,5.67,5.07,6.38
010001980,BOIRON APIS MELLIFICA 12DH SCIROPPO 150ML,Fitoterapia e Omeopatia,,11.77,9.93,11.63,11.30,11.66,10.36,10.27,9.79,11.62
010001983,BOIRON RHUS TOXICODENDRON 4 CH GRANULI 4G,Fitoterapia e Omeopatia,,21.73,22.31,22.65,21.96,21.79,21.65,22.07,21.43,22.36
010001986,BOIRON RHUS TOXICODENDRON 4 CH GLOBULI DOSA UNICA,Fitoterapia e Omeopatia,,15.27,16.09,16.02,15.96,16.32,15.05,15.80,16.54,16.28
010001989,BOIRON RHUS TOXICODENDRON 4 CH GOCCE ORALI 30ML,Fitoterapia e Omeopatia,,37.70,36.18,37.07,37.37,38.03,37.50,36.55,37.85,37.67
010001992,BOIRON RHUS TOXICODENDRON 4 CH FIALE ORALI 20 PEZZI,Fitoterapia e Omeopatia,,32.69,34.26,34.22,33.49,32.81,34.02,32.65,32.20,33.39
010001995,BOIRON RHUS TOXICODENDRON 4 CH UNGUENTO 50G,Fitoterapia e Omeopatia,,16.88,17.13,15.50,16.18,16.13,16.84,16.42,16.78,15.53
010001998,BOIRON RHUS TOXICODENDRON 4 CH SCIROPPO 150ML,Fitoterapia e Omeopatia,,6.03,3.80,5.59,5.04,4.01,4.17,5.69,4.29,4.76
010002001,BOIRON RHUS TOXICODENDRON 5 CH GRANULI 4G,Fitoterapia e Omeopatia,,42.69,44.11,44.29,44.50,44.68,44.07,44.08,42.70,43.12
010002004,BOIRON RHUS TOXICODENDRON 5 CH GLOBULI DOSA UNICA,Fitoterapia e Omeopatia,,22.18,24.31,22.95,23.05,22.14,22.45,23.37,23.37,23.08
010002007,BOIRON RHUS TOXICODENDRON 5 CH GOCCE ORALI 30ML,Fitoterapia e Omeopatia,,33.66,35.40,35.47,35.44,35.52,33.89,33.56,35.01,35.38
010002010,BOIRON RHUS TOXICODENDRON 5 CH FIALE ORALI 20 PEZZI,Fitoterapia e Omeopatia,,16.52,16.92,16.17,16.50,17.45,15.79,17.06,16.79,16.61
010002013,BOIRON RHUS TOXICODENDRON 5 CH UNGUENTO 50G,Fitoterapia e Omeopatia,,5.81,5.05,5.79,5.44,5.64,4.32,5.42,5.42,5.23
010002016,BOIRON RHUS TOXICODENDRON 5 CH SCIROPPO 150ML,Fitoterapia e Omeopatia,,17.76,19.30,17.68,18.03,17.27,18.01,19.36,17.63,18.47
010002019,BOIRON RHUS TOXICODENDRON 7 CH GRANULI 4G,Fitoterapia e Omeopatia,,5.40,5.73,4.33,4.54,5.58,4.81,3.86,5.36,4.29
010002022,BOIRON RHUS TOXICODENDRON 7 CH GLOBULI DOSA UNICA,Fitoterapia e Omeopatia,,31.74,33.32,31.90,33.09,33.25,32.21,33.20,33.02,32.59
010002025,BOIRON RHUS TOXICODENDRON 7 CH GOCCE ORALI 30ML,Fitoterapia e Omeopatia,,11.85,10.99,11.80,12.05,12.21,12.73,12.23,11.37,12.80
010002028,BOIRON RHUS TOXICODENDRON 7 CH FIALE ORALI 20 PEZZI,Fitoterapia e Omeopatia,,24.99,24.10,24.10,25.30,23.16,23.30,24.48,23.31,23.49
010002031,BOIRON RHUS TOXICODENDRON 7 CH UNGUENTO 50G,Fitoterapia e Omeopatia,,25.12,27.25,26.28,25.52,27.26,27.40,27.23,25.58,26.06
010002034,BOIRON RHUS TOXICODENDRON 7 CH SCIROPPO 150ML,Fitoterapia e Omeopatia,,26.29,26.59,26.35,24.95,26.52,26.58,25.21,26.59,26.81
010002037,BOIRON RHUS TOXICODENDRON 9 CH GRANULI 4G,Fitoterapia e Omeopatia,,31.05,30.64,31.38,31.55,29.89,30.86,30.23,30.92,31.34
010002040,BOIRON RHUS TOXICODENDRON 9 CH GLOBULI DOSA UNICA,Fitoterapia e Omeopatia,,5.32,6.77,4.63,5.06,5.65,5.52,5.09,4.87,4.59
010002043,BOIRON RHUS TOXICODENDRON 9 CH GOCCE ORALI 30ML,Fitoterapia e Omeopatia,,11.50,10.67,11.09,11.25,12.53,12.37,10.67,12.35,10.92
010002046,BOIRON RHUS TOXICODENDRON 9 CH FIALE ORALI 20 PEZZI,Fitoterapia e Omeopatia,,8.15,7.71,7.37,8.44,7.74,7.93,8.03,6.86,8.23
010002049,BOIRON RHUS TOXICODENDRON 9 CH UNGUENTO 50G,Fitoterapia e Omeopatia,,22.91,21.74,21.85,22.65,21.28,20.94,21.06,21.51,22.43
010002052,BOIRON RHUS TOXICODENDRON 9 CH SCIROPPO 150ML,Fitoterapia e Omeopatia,,36.32,37.57,35.76,35.93,37.53,36.19,35.75,36.95,36.50
010002055,BOIRON RHUS TOXICODENDRON 12 CH GRANULI 4G,Fitoterapia e Omeopatia,,38.20,37.69,39.58,38.40,38.99,38.82,37.76,38.02,38.08
010002058,BOIRON RHUS TOXICODENDRON 12 CH GLOBULI DOSA UNICA,Fitoterapia e Omeopatia,,9.38,8.03,9.52,8.02,8.96,9.01,10.03,8.10,8.40
010002061,BOIRON RHUS TOXICODENDRON 12 CH GOCCE ORALI 30ML,Fitoterapia e Omeopatia,,31.91,30.79,30.69,31.01,32.34,32.09,31.40,31.76,30.97
010002064,BOIRON RHUS TOXICODENDRON 12 CH FIALE ORALI 20 PEZZI,Fitoterapia e Omeopatia,,28.76,28.46,27.83,28.55,29.71,27.79,27.61,29.50,28.68
010002067,BOIRON RHUS TOXICODENDRON 12 CH UNGUENTO 50G,Fitoterapia e Omeopatia,,20.05,20.68,21.54,22.01,20.47,21.75,20.83,20.43,20.15
010002070,BOIRON RHUS TOXICODENDRON 12 CH SCIROPPO 150ML,Fitoterapia e Omeopatia,,31.89,32.29,31.15,30.22,31.74,32.24,32.21,31.14,31.65
010002073,BOIRON RHUS TOXICODENDRON 15 CH GRANULI 4G,Fitoterapia e Omeopatia,,11.76,13.06,11.68,11.37,12.24,12.72,12.09,11.22,11.15
010002076,BOIRON RHUS TOXICODENDRON 15 CH GLOBULI DOSA UNICA,Fitoterapia e Omeopatia,,26.26,24.77,26.85,25.06,25.30,25.50,26.86,25.66,25.67
010002079,BOIRON RHUS TOXICODENDRON 15 CH GOCCE ORALI 30ML,Fitoterapia e Omeopatia,,41.43,42.46,41.33,42.43,43.29,43.06,43.01,41.52,43.11
010002082,BOIRON RHUS TOXICODENDRON 15 CH FIALE ORALI 20 PEZZI,Fitoterapia e Omeopatia,,31.14,30.40,31.41,31.91,30.68,31.48,31.56,32.14,30.72
010002085,BOIRON RHUS TOXICODENDRON 15 CH UNGUENTO 50G,Fitoterapia e Omeopatia,,11.33,11.44,11.66,12.11,11.37,12.46,11.85,12.28,12.26
010002088,BOIRON RHUS TOXICODENDRON 15 CH SCIROPPO 150ML,Fitoterapia e Omeopatia,,42.34,41.98,43.27,43.34,42.33,43.06,43.48,43.51,42.86
010002091,BOIRON RHUS TOXICODENDRON 30 CH GRANULI 4G,Fitoterapia e Omeopatia,,36.28,36.49,36.41,37.58,35.89,37.09,37.47,37.06,35.73
010002094,BOIRON RHUS TOXICODENDRON 30 CH GLOBULI DOSA UNICA,Fitoterapia e Omeopatia,,37.24,37.92,37.41,35.98,35.99,37.35,37.93,36.88,36.10
010002097,BOIRON RHUS TOXICODENDRON 30 CH GOCCE ORALI 30ML,Fitoterapia e Omeopatia,,10.90,9.68,10.49,11.29,9.89,10.95,11.03,10.23,10.52
010002100,BOIRON RHUS TOXICODENDRON 30 CH FIALE ORALI 20 PEZZI,Fitoterapia e Omeopatia,,9.15,9.46,10.75,8.76,8.62,10.26,10.67,8.73,10.28
010002103,BOIRON RHUS TOXICODENDRON 30 CH UNGUENTO 50G,Fitoterapia e Omeopatia,,25.78,25.89,25.25,27.36,26.63,27.03,26.08,25.52,26.95
010002106,BOIRON RHUS TOXICODENDRON 30 CH SCIROPPO 150ML,Fitoterapia e Omeopatia,,32.72,31.13,32.10,32.76,33.15,33.43,33.22,32.59,31.88
010002109,BOIRON RHUS TOXICODENDRON 200 CH GRANULI 4G,Fitoterapia e Omeopatia,,7.94,7.83,6.27,6.26,5.95,6.50,7.51,6.03,5.76
010002112,BOIRON RHUS TOXICODENDRON 200 CH GLOBULI DOSA UNICA,Fitoterapia e Omeopatia,,33.13,31.48,32.24,31.23,32.50,31.44,31.77,32.02,33.04
010002115,BOIRON RHUS TOXICODENDRON 200 CH GOCCE ORALI 30ML,Fitoterapia e Omeopatia,,15.48,14.78,16.50,15.75,14.75,15.68,16.14,15.33,16.53
010002118,BOIRON RHUS TOXICODENDRON 200 CH FIALE ORALI 20 PEZZI,Fitoterapia e Omeopatia,,33.66,33.84,35.92,35.05,35.49,35.82,34.62,35.18,34.85
010002121,BOIRON RHUS TOXICODENDRON 200 CH UNGUENTO 50G,Fitoterapia e Omeopatia,,13.03,12.66,13.51,14.03,13.68,12.78,12.28,12.95,14.11
010002124,BOIRON RHUS TOXICODENDRON 200 CH SCIROPPO 150ML,Fitoterapia e Omeopatia,,36.46,34.62,34.88,35.69,34.72,34.91,35.41,34.36,36.35
010002127,BOIRON RHUS TOXICODENDRON 1MK GRANULI 4G,Fitoterapia e Omeopatia,,28.91,28.84,28.24,29.45,28.28,29.28,29.34,28.34,29.64
010002130,BOIRON RHUS TOXICODENDRON 1MK GLOBULI DOSA UNICA,Fitoterapia e Omeopatia,,42.10,41.90,42.29,42.47,42.27,42.16,40.89,41.79,41.78
010002133,BOIRON RHUS TOXICODENDRON 1MK GOCCE ORALI 30ML,Fitoterapia e Omeopatia,,27.81,27.44,26.40,26.93,26.67,27.23,26.18,27.42,26.72
010002136,BOIRON RHUS TOXICODENDRON 1MK FIALE ORALI 20 PEZZI,Fitoterapia e Omeopatia,,10.89,11.38,10.45,10.33,10.23,12.29,11.57,10.68,11.39
010002139,BOIRON RHUS TOXICODENDRON 1MK UNGUENTO 50G,Fitoterapia e Omeopatia,,30.10,30.25,28.22,28.32,29.11,29.88,28.48,28.62,28.28
010002142,BOIRON RHUS TOXICODENDRON 1MK SCIROPPO 150ML,Fitoterapia e Omeopatia,,38.15,38.89,38.16,37.96,38.11,37.85,37.89,38.87,38.66
010002145,BOIRON RHUS TOXICODENDRON 6DH GRANULI 4G,Fitoterapia e Omeopatia,,8.47,6.67,7.17,7.99,8.81,8.19,7.96,8.57,7.21
010002148,BOIRON RHUS TOXICODENDRON 6DH GLOBULI DOSA UNICA,Fitoterapia e Omeopatia,,15.91,16.22,16.55,15.25,16.73,17.03,15.29,15.84,15.90
010002151,BOIRON RHUS TOXICODENDRON 6DH GOCCE ORALI 30ML,Fitoterapia e Omeopatia,,42.93,42.52,43.46,42.33,43.80,42.24,44.47,42.74,42.95
010002154,BOIRON RHUS TOXICODENDRON 6DH FIALE ORALI 20 PEZZI,Fitoterapia e Omeopatia,,14.20,14.67,14.18,14.58,14.32,15.33,13.85,14.73,15.52
010002157,BOIRON RHUS TOXICODENDRON 6DH UNGUENTO 50G,Fitoterapia e Omeopatia,,29.11,29.28,29.95,30.34,31.03,29.66,30.35,29.55,30.86
010002160,BOIRON RHUS TOXICODENDRON 6DH SCIROPPO 150ML,Fitoterapia e Omeopatia,,17.57,19.31,18.04,18.54,18.10,18.23,18.05,17.87,18.38
010002163,BOIRON RHUS TOXICODENDRON 12DH GRANULI 4G,Fitoterapia e Omeopatia,,43.46,41.68,41.83,43.45,43.70,42.10,42.73,43.59,42.10
010002166,BOIRON RHUS TOXICODENDRON 12DH GLOBULI DOSA UNICA,Fitoterapia e Omeopatia,,13.87,12.93,12.23,13.08,13.79,12.18,12.75,14.08,13.32
010002169,BOIRON RHUS TOXICODENDRON 12DH GOCCE ORALI 30ML,Fitoterapia e Omeopatia,,20.19,20.71,20.82,21.18,19.72,21.20,20.07,21.13,20.81
010002172,BOIRON RHUS TOXICODENDRON 12DH FIALE ORALI 20 PEZZI,Fitoterapia e Omeopatia,,30.82,29.47,30.23,30.85,30.37,30.46,30.43,31.69,30.92
010002175,BOIRON RHUS TOXICODENDRON 12DH UNGUENTO 50G,Fitoterapia e Omeopatia,,19.93,20.34,19.98,19.68,19.12,19.47,18.56,20.80,20.58
010002178,BOIRON RHUS TOXICODENDRON 12DH SCIROPPO 150ML,Fitoterapia e Omeopatia,,23.75,24.61,24.31,22.92,24.94,25.10,24.47,25.06,24.10
010002181,BOIRON GELSEMIUM 4 CH GRANULI 4G,Fitoterapia e Omeopatia,,44.48,43.43,44.08,43.88,42.33,42.80,43.92,43.81,43.91
010002184,BOIRON GELSEMIUM 4 CH GLOBULI DOSA UNICA,Fitoterapia e Omeopatia,,23.08,23.49,22.80,23.35,23.33,23.24,22.92,23.25,23.51
010002187,BOIRON GELSEMIUM 4 CH GOCCE ORALI 30ML,Fitoterapia e Omeopatia,,25.46,27.36,26.55,27.18,26.15,26.21,26.49,26.05,26.65
010002190,BOIRON GELSEMIUM 4 CH FIALE ORALI 20 PEZZI,Fitoterapia e Omeopatia,,8.06,6.51,6.68,6.83,6.55,8.12,7.67,7.81,7.11
010002193,BOIRON GELSEMIUM 4 CH UNGUENTO 50G,Fitoterapia e Omeopatia,,6.27,7.11,6.45,5.91,7.71,7.48,6.20,7.64,6.77
010002196,BOIRON GELSEMIUM 4 CH SCIROPPO 150ML,Fitoterapia e Omeopatia,,7.25,5.97,5.66,5.74,5.91,6.25,6.15,6.58,5.22
010002199,BOIRON GELSEMIUM 5 CH GRANULI 4G,Fitoterapia e Omeopatia,,40.17,39.69,40.60,38.81,39.43,38.90,39.47,39.92,41.10
010002202,BOIRON GELSEMIUM 5 CH GLOBULI DOSA UNICA,Fitoterapia e Omeopatia,,16.78,17.12,17.24,17.57,18.05,16.24,16.31,17.74,17.63
010002205,BOIRON GELSEMIUM 5 CH GOCCE ORALI 30ML,Fitoterapia e Omeopatia,,13.67,11.96,12.68,13.58,12.56,13.46,14.21,12.57,13.31
010002208,BOIRON GELSEMIUM 5 CH FIALE ORALI 20 PEZZI,Fitoterapia e Omeopatia,,21.32,20.80,21.40,20.29,20.04,21.44,20.36,19.47,19.83
010002211,BOIRON GELSEMIUM 5 CH UNGUENTO 50G,Fitoterapia e Omeopatia,,18.92,17.12,17.94,18.38,19.11,18.57,18.00,19.16,17.25
010002214,BOIRON GELSEMIUM 5 CH SCIROPPO 150ML,Fitoterapia e Omeopatia,,9.31,10.00,9.14,9.58,8.85,10.09,10.66,8.52,9.28
010002217,BOIRON GELSEMIUM 7 CH GRANULI 4G,Fitoterapia e Omeopatia,,6.30,6.34,6.81,6.27,7.46,5.64,7.34,6.38,7.51
010002220,BOIRON GELSEMIUM 7 CH GLOBULI DOSA UNICA,Fitoterapia e Omeopatia,,29.84,30.07,30.13,28.65,30.33,30.11,30.13,29.62,30.37
010002223,BOIRON GELSEMIUM 7 CH GOCCE ORALI 30ML,Fitoterapia e Omeopatia,,42.14,42.29,40.95,42.24,41.47,41.28,41.39,41.26,42.06
010002226,BOIRON GELSEMIUM 7 CH FIALE ORALI 20 PEZZI,Fitoterapia e Omeopatia,,18.69,20.61,19.46,20.57,20.09,18.50,18.61,19.95,18.79
010002229,BOIRON GELSEMIUM 7 CH UNGUENTO 50G,Fitoterapia e Omeopatia,,17.24,17.54,16.90,17.13,15.90,16.89,15.79,15.69,16.58
010002232,BOIRON GELSEMIUM 7 CH SCIROPPO 150ML,Fitoterapia e Omeopatia,,20.76,21.04,20.79,22.73,23.02,22.20,20.97,22.36,22.58
010002235,BOIRON GELSEMIUM 9 CH GRANULI 4G,Fitoterapia e Omeopatia,,4.30,6.07,5.84,5.99,5.47,6.19,5.28,5.61,5.70
010002238,BOIRON GELSEMIUM 9 CH GLOBULI DOSA UNICA,Fitoterapia e Omeopatia,,12.89,12.53,14.23,12.86,13.98,12.89,12.93,12.64,12.72
010002241,BOIRON GELSEMIUM 9 CH GOCCE ORALI 30ML,Fitoterapia e Omeopatia,,15.72,14.72,14.34,15.53,13.93,13.77,16.06,15.91,14.15
010002244,BOIRON GELSEMIUM 9 CH FIALE ORALI 20 PEZZI,Fitoterapia e Omeopatia,,34.05,33.33,32.98,34.24,33.17,33.52,34.73,34.41,33.00
010002247,BOIRON GELSEMIUM 9 CH UNGUENTO 50G,Fitoterapia e Omeopatia,,23.21,23.79,22.53,23.41,21.99,23.50,22.86,24.07,23.90
010002250,BOIRON GELSEMIUM 9 CH SCIROPPO 150ML,Fitoterapia e Omeopatia,,25.91,23.97,25.27,24.53,25.20,23.75,23.60,24.31,24.44
010002253,BOIRON GELSEMIUM 12 CH GRANULI 4G,Fitoterapia e Omeopatia,,10.51,10.33,9.62,8.64,9.42,10.71,8.85,9.86,9.89
010002256,BOIRON GELSEMIUM 12 CH GLOBULI DOSA UNICA,Fitoterapia e Omeopatia,,19.83,18.49,18.64,19.05,19.67,20.00,17.91,17.99,19.34
010002259,BOIRON GELSEMIUM 12 CH GOCCE ORALI 30ML,Fitoterapia e Omeopatia,,9.13,7.29,8.75,7.89,8.33,9.41,7.97,8.48,9.43
010002262,BOIRON GELSEMIUM 12 CH FIALE ORALI 20 PEZZI,Fitoterapia e Omeopatia,,8.73,8.65,7.11,8.23,6.97,7.19,6.84,8.51,7.62
010002265,BOIRON GELSEMIUM 12 CH UNGUENTO 50G,Fitoterapia e Omeopatia,,13.49,13.40,12.59,12.96,12.71,11.96,12.79,12.75,12.81
010002268,BOIRON GELSEMIUM 12 CH SCIROPPO 150ML,Fitoterapia e Omeopatia,,16.69,17.74,18.03,18.49,17.69,18.29,16.86,18.66,17.51
010002271,BOIRON GELSEMIUM 15 CH GRANULI 4G,Fitoterapia e Omeopatia,,5.96,5.56,5.44,5.36,6.32,6.00,5.80,5.44,5.51
010002274,BOIRON GELSEMIUM 15 CH GLOBULI DOSA UNICA,Fitoterapia e Omeopatia,,12.23,13.75,12.42,13.19,11.85,13.65,13.80,13.82,13.80
010002277,BOIRON GELSEMIUM 15 CH GOCCE ORALI 30ML,Fitoterapia e Omeopatia,,13.02,12.25,13.34,12.70,12.93,13.23,11.95,13.31,13.71
010002280,BOIRON GELSEMIUM 15 CH FIALE ORALI 20 PEZZI,Fitoterapia e Omeopatia,,12.98,12.81,13.06,12.93,12.38,13.14,11.84,13.26,12.03
010002283,BOIRON GELSEMIUM 15 CH UNGUENTO 50G,Fitoterapia e Omeopatia,,43.28,42.11,43.76,41.86,43.31,43.01,42.46,43.96,42.29
010002286,BOIRON GELSEMIUM 15 CH SCIROPPO 150ML,Fitoterapia e Omeopatia,,7.51,8.13,7.21,7.88,7.21,6.55,7.41,8.21,7.06
010002289,BOIRON GELSEMIUM 30 CH GRANULI 4G,Fitoterapia e Omeopatia,,11.48,11.56,10.88,9.77,10.24,9.70,10.80,10.82,10.65
010002292,BOIRON GELSEMIUM 30 CH GLOBULI DOSA UNICA,Fitoterapia e Omeopatia,,28.14,29.68,28.31,29.15,28.33,27.95,28.54,29.96,28.44
010002295,BOIRON GELSEMIUM 30 CH GOCCE ORALI 30ML,Fitoterapia e Omeopatia,,19.19,20.41,19.54,20.86,19.49,18.86,20.55,18.63,19.85
010002298,BOIRON GELSEMIUM 30 CH FIALE ORALI 20 PEZZI,Fitoterapia e Omeopatia,,8.26,6.93,7.05,8.27,8.19,6.82,7.93,6.98,6.97
010002301,BOIRON GELSEMIUM 30 CH UNGUENTO 50G,Fitoterapia e Omeopatia,,43.88,42.40,43.80,43.59,42.46,44.00,42.62,43.11,43.79
010002304,BOIRON GELSEMIUM 30 CH SCIROPPO 150ML,Fitoterapia e Omeopatia,,20.31,18.93,18.44,19.22,19.98,20.27,18.47,20.54,19.00
010002307,BOIRON GELSEMIUM 200 CH GRANULI 4G,Fitoterapia e Omeopatia,,13.46,12.61,13.11,12.26,12.74,12.96,11.79,12.74,11.91
010002310,BOIRON GELSEMIUM 200 CH GLOBULI DOSA UNICA,Fitoterapia e Omeopatia,,23.30,23.43,24.63,25.24,24.08,23.89,23.27,24.36,24.85
010002313,BOIRON GELSEMIUM 200 CH GOCCE ORALI 30ML,Fitoterapia e Omeopatia,,28.34,27.41,27.56,28.43,28.34,27.61,27.20,28.57,27.96
010002316,BOIRON GELSEMIUM 200 CH FIALE ORALI 20 PEZZI,Fitoterapia e Omeopatia,,26.97,26.59,26.67,27.17,28.74,27.45,28.82,27.42,28.93
010002319,BOIRON GELSEMIUM 200 CH UNGUENTO 50G,Fitoterapia e Omeopatia,,13.96,14.46,13.39,13.40,14.99,15.33,15.05,14.22,13.97
010002322,BOIRON GELSEMIUM 200 CH SCIROPPO 150ML,Fitoterapia e Omeopatia,,29.24,27.67,27.06,28.65,28.91,27.03,27.79,28.57,27.04
010002325,BOIRON GELSEMIUM 1MK GRANULI 4G,Fitoterapia e Omeopatia,,37.65,38.56,38.83,37.62,37.10,37.63,37.86,37.31,37.77
010002328,BOIRON GELSEMIUM 1MK GLOBULI DOSA UNICA,Fitoterapia e Omeopatia,,24.78,25.78,23.81,24.05,25.42,25.85,25.55,25.47,24.10
010002331,BOIRON GELSEMIUM 1MK GOCCE ORALI 30ML,Fitoterapia e Omeopatia,,24.35,24.30,24.51,22.82,23.73,23.17,22.91,22.66,22.54
010002334,BOIRON GELSEMIUM 1MK FIALE ORALI 20 PEZZI,Fitoterapia e Omeopatia,,32.96,34.23,32.62,32.32,33.76,34.30,32.33,32.82,32.62
010002337,BOIRON GELSEMIUM 1MK UNGUENTO 50G,Fitoterapia e Omeopatia,,8.01,9.35,8.24,8.44,10.13,9.95,8.51,10.11,9.13
010002340,BOIRON GELSEMIUM 1MK SCIROPPO 150ML,Fitoterapia e Omeopatia,,23.73,23.00,22.51,23.75,22.55,22.77,24.17,24.05,24.26
010002343,BOIRON GELSEMIUM 6DH GRANULI 4G,Fitoterapia e Omeopatia,,22.19,21.98,21.94,23.06,22.32,22.19,22.30,20.70,20.70
010002346,BOIRON GELSEMIUM 6DH GLOBULI DOSA UNICA,Fitoterapia e Omeopatia,,5.87,4.65,4.84,3.69,5.23,5.57,5.24,4.83,4.84
010002349,BOIRON GELSEMIUM 6DH GOCCE ORALI 30ML,Fitoterapia e Omeopatia,,5.65,5.70,4.82,3.43,4.53,4.93,5.60,4.67,3.45
010002352,BOIRON GELSEMIUM 6DH FIALE ORALI 20 PEZZI,Fitoterapia e Omeopatia,,36.40,36.88,37.85,38.02,36.79,37.62,37.73,36.75,37.30
010002355,BOIRON GELSEMIUM 6DH UNGUENTO 50G,Fitoterapia e Omeopatia,,30.57,30.61,30.43,31.63,30.22,31.01,30.51,31.81,30.17
010002358,BOIRON GELSEMIUM 6DH SCIROPPO 150ML,Fitoterapia e Omeopatia,,29.68,29.64,30.33,30.77,29.52,30.75,29.74,31.75,29.63
010002361,BOIRON GELSEMIUM 12DH GRANULI 4G,Fitoterapia e Omeopatia,,33.59,33.76,34.60,35.48,34.29,34.78,34.09,35.07,34.58
010002364,BOIRON GELSEMIUM 12DH GLOBULI DOSA UNICA,Fitoterapia e Omeopatia,,32.30,31.08,32.93,31.34,31.02,32.41,31.61,32.65,31.43
010002367,BOIRON GELSEMIUM 12DH GOCCE ORALI 30ML,Fitoterapia e Omeopatia,,23.23,23.45,21.81,22.34,22.62,21.92,23.62,23.30,23.93
010002370,BOIRON GELSEMIUM 12DH FIALE ORALI 20 PEZZI,Fitoterapia e Omeopatia,,14.97,15.76,14.73,15.20,13.73,15.20,14.03,15.70,13.81
010002373,BOIRON GELSEMIUM 12DH UNGUENTO 50G,Fitoterapia e Omeopatia,,32.02,31.84,30.04,31.92,30.59,29.89,31.50,31.40,30.61
010002376,BOIRON GELSEMIUM 12DH SCIROPPO 150ML,Fitoterapia e Omeopatia,,27.51,28.34,28.53,27.89,27.64,28.14,28.84,27.14,28.71
010002379,BOIRON CALCAREA CARBONICA 4 CH GRANULI 4G,Fitoterapia e Omeopatia,,13.07,11.02,11.55,10.76,12.97,12.11,11.50,12.05,11.11
010002382,BOIRON CALCAREA CARBONICA 4 CH GLOBULI DOSA UNICA,Fitoterapia e Omeopatia,,18.43,17.50,16.77,18.66,17.62,17.24,16.89,17.99,17.97
010002385,BOIRON CALCAREA CARBONICA 4 CH GOCCE ORALI 30ML,Fitoterapia e Omeopatia,,29.25,29.14,28.42,28.24,27.76,28.88,28.70,28.96,29.55
010002388,BOIRON CALCAREA CARBONICA 4 CH FIALE ORALI 20 PEZZI,Fitoterapia e Omeopatia,,35.16,36.39,35.66,35.96,34.55,34.70,35.32,34.44,36.60
010002391,BOIRON CALCAREA CARBONICA 4 CH UNGUENTO 50G,Fitoterapia e Omeopatia,,40.22,38.98,40.16,38.86,38.47,40.81,38.67,39.80,39.81
010002394,BOIRON CALCAREA CARBONICA 4 CH SCIROPPO 150ML,Fitoterapia e Omeopatia,,15.17,16.21,16.43,16.22,16.49,15.09,16.36,15.11,14.76
010002397,BOIRON CALCAREA CARBONICA 5 CH GRANULI 4G,Fitoterapia e Omeopatia,,22.46,23.19,21.78,23.14,23.04,23.28,22.42,22.53,21.86
010002400,BOIRON CALCAREA CARBONICA 5 CH GLOBULI DOSA UNICA,Fitoterapia e Omeopatia,,33.11,35.13,35.17,33.46,34.75,33.97,33.45,33.67,33.70
010002403,BOIRON CALCAREA CARBONICA 5 CH GOCCE ORALI 30ML,Fitoterapia e Omeopatia,,29.16,29.99,29.55,30.20,29.04,29.94,28.19,30.15,29.65
010002406,BOIRON CALCAREA CARBONICA 5 CH FIALE ORALI 20 PEZZI,Fitoterapia e Omeopatia,,20.59,21.44,20.09,20.87,20.93,20.50,21.03,20.51,19.66
010002409,BOIRON CALCAREA CARBONICA 5 CH UNGUENTO 50G,Fitoterapia e Omeopatia,,9.20,8.48,9.55,10.07,8.48,10.17,10.52,9.84,9.84
010002412,BOIRON CALCAREA CARBONICA 5 CH SCIROPPO 150ML,Fitoterapia e Omeopatia,,30.92,33.11,32.50,33.04,31.33,31.69,33.04,31.51,31.06
010002415,BOIRON CALCAREA CARBONICA 7 CH GRANULI 4G,Fitoterapia e Omeopatia,,34.17,35.43,35.70,34.29,35.15,34.74,35.00,35.20,35.22
010002418,BOIRON CALCAREA CARBONICA 7 CH GLOBULI DOSA UNICA,Fitoterapia e Omeopatia,,11.30,11.45,11.34,11.34,10.43,11.34,10.39,12.30,11.85
010002421,BOIRON CALCAREA CARBONICA 7 CH GOCCE ORALI 30ML,Fitoterapia e Omeopatia,,30.27,30.28,31.80,31.16,30.27,31.23,30.42,30.38,30.40
010002424,BOIRON CALCAREA CARBONICA 7 CH FIALE ORALI 20 PEZZI,Fitoterapia e Omeopatia,,37.29,37.58,38.30,38.36,38.47,37.40,38.20,36.98,37.03
010002427,BOIRON CALCAREA CARBONICA 7 CH UNGUENTO 50G,Fitoterapia e Omeopatia,,9.43,9.93,10.57,8.90,9.89,10.40,10.41,10.85,10.72
010002430,BOIRON CALCAREA CARBONICA 7 CH SCIROPPO 150ML,Fitoterapia e Omeopatia,,26.39,26.22,25.28,26.23,26.58,25.84,25.30,26.43,26.08
010002433,BOIRON CALCAREA CARBONICA 9 CH GRANULI 4G,Fitoterapia e Omeopatia,,35.61,33.82,33.48,34.96,33.67,35.48,33.76,35.49,34.93
010002436,BOIRON CALCAREA CARBONICA 9 CH GLOBULI DOSA UNICA,Fitoterapia e Omeopatia,,34.83,33.75,34.16,34.58,33.66,34.05,34.89,34.76,35.34
010002439,BOIRON CALCAREA CARBONICA 9 CH GOCCE ORALI 30ML,Fitoterapia e Omeopatia,,41.46,41.42,40.34,40.36,40.69,42.09,40.31,40.93,40.51
010002442,BOIRON CALCAREA CARBONICA 9 CH FIALE ORALI 20 PEZZI,Fitoterapia e Omeopatia,,16.14,16.26,16.10,17.29,16.54,17.11,17.06,17.22,17.70
010002445,BOIRON CALCAREA CARBONICA 9 CH UNGUENTO 50G,Fitoterapia e Omeopatia,,12.18,11.90,12.05,11.60,12.62,11.11,10.73,12.62,11.24
010002448,BOIRON CALCAREA CARBONICA 9 CH SCIROPPO 150ML,Fitoterapia e Omeopatia,,13.80,13.21,12.36,11.64,12.11,13.97,13.67,13.08,12.41
010002451,BOIRON CALCAREA CARBONICA 12 CH GRANULI 4G,Fitoterapia e Omeopatia,,4.92,4.11,4.43,5.21,4.06,4.74,4.81,5.99,5.11
010002454,BOIRON CALCAREA CARBONICA 12 CH GLOBULI DOSA UNICA,Fitoterapia e Omeopatia,,12.55,12.75,11.49,11.15,12.13,11.67,12.71,10.71,11.38
010002457,BOIRON CALCAREA CARBONICA 12 CH GOCCE ORALI 30ML,Fitoterapia e Omeopatia,,45.67,44.88,45.75,44.34,44.66,45.12,44.36,44.00,44.33
010002460,BOIRON CALCAREA CARBONICA 12 CH FIALE ORALI 20 PEZZI,Fitoterapia e Omeopatia,,5.81,4.50,4.27,4.47,4.92,5.32,5.91,4.72,5.09
010002463,BOIRON CALCAREA CARBONICA 12 CH UNGUENTO 50G,Fitoterapia e Omeopatia,,32.47,33.01,32.37,33.25,31.84,31.01,32.18,31.33,32.94
010002466,BOIRON CALCAREA CARBONICA 12 CH SCIROPPO 150ML,Fitoterapia e Omeopatia,,42.96,43.88,44.15,43.81,44.01,43.92,43.19,43.85,43.62
010002469,BOIRON CALCAREA CARBONICA 15 CH GRANULI 4G,Fitoterapia e Omeopatia,,7.54,8.24,8.15,7.07,6.27,7.43,8.00,6.04,6.50
010002472,BOIRON CALCAREA CARBONICA 15 CH GLOBULI DOSA UNICA,Fitoterapia e Omeopatia,,6.17,5.27,5.00,4.50,4.78,6.17,4.78,6.49,6.02
010002475,BOIRON CALCAREA CARBONICA 15 CH GOCCE ORALI 30ML,Fitoterapia e Omeopatia,,7.81,7.36,8.03,9.25,7.38,8.76,9.69,9.14,8.86
010002478,BOIRON CALCAREA CARBONICA 15 CH FIALE ORALI 20 PEZZI,Fitoterapia e Omeopatia,,11.27,10.63,9.69,11.66,11.06,11.88,11.82,10.58,9.64
010002481,BOIRON CALCAREA CARBONICA 15 CH UNGUENTO 50G,Fitoterapia e Omeopatia,,7.90,7.69,8.37,9.51,8.25,9.59,8.60,8.79,9.07
010002484,BOIRON CALCAREA CARBONICA 15 CH SCIROPPO 150ML,Fitoterapia e Omeopatia,,40.67,40.23,40.78,41.43,42.07,40.59,41.50,41.62,41.39
010002487,BOIRON CALCAREA CARBONICA 30 CH GRANULI 4G,Fitoterapia e Omeopatia,,4.50,4.99,5.80,5.80,5.73,5.15,5.03,4.62,5.34
010002490,BOIRON CALCAREA CARBONICA 30 CH GLOBULI DOSA UNICA,Fitoterapia e Omeopatia,,22.55,22.13,23.85,23.80,23.68,23.24,22.32,22.22,22.26
010002493,BOIRON CALCAREA CARBONICA 30 CH GOCCE ORALI 30ML,Fitoterapia e Omeopatia,,28.76,29.18,30.78,28.97,29.55,30.64,30.29,30.20,29.04
010002496,BOIRON CALCAREA CARBONICA 30 CH FIALE ORALI 20 PEZZI,Fitoterapia e Omeopatia,,5.32,4.18,5.46,4.23,4.76,4.44,3.85,4.15,4.08
010002499,BOIRON CALCAREA CARBONICA 30 CH UNGUENTO 50G,Fitoterapia e Omeopatia,,7.35,5.88,6.17,6.29,5.80,5.93,7.60,5.34,5.77
010002502,BOIRON CALCAREA CARBONICA 30 CH SCIROPPO 150ML,Fitoterapia e Omeopatia,,36.85,36.18,36.39,35.28,35.02,36.28,36.29,35.32,36.00
010002505,BOIRON CALCAREA CARBONICA 200 CH GRANULI 4G,Fitoterapia e Omeopatia,,15.57,16.78,16.72,15.36,16.24,15.83,16.61,16.95,16.43
010002508,BOIRON CALCAREA CARBONICA 200 CH GLOBULI DOSA UNICA,Fitoterapia e Omeopatia,,31.12,31.29,29.92,29.24,30.03,29.61,29.65,30.42,29.30
010002511,BOIRON CALCAREA CARBONICA 200 CH GOCCE ORALI 30ML,Fitoterapia e Omeopatia,,33.31,33.79,32.32,33.12,33.26,34.51,33.89,33.65,34.34
010002514,BOIRON CALCAREA CARBONICA 200 CH FIALE ORALI 20 PEZZI,Fitoterapia e Omeopatia,,14.62,14.02,13.27,12.74,14.65,12.84,14.64,12.40,13.03
010002517,BOIRON CALCAREA CARBONICA 200 CH UNGUENTO 50G,Fitoterapia e Omeopatia,,20.81,20.41,19.32,19.46,19.83,20.47,20.39,19.54,19.73
010002520,BOIRON CALCAREA CARBONICA 200 CH SCIROPPO 150ML,Fitoterapia e Omeopatia,,36.11,33.82,34.10,35.39,34.76,35.92,34.58,34.07,35.77
010002523,BOIRON CALCAREA CARBONICA 1MK GRANULI 4G,Fitoterapia e Omeopatia,,9.10,10.03,10.69,10.29,9.81,10.02,9.22,9.41,10.65
010002526,BOIRON CALCAREA CARBONICA 1MK GLOBULI DOSA UNICA,Fitoterapia e Omeopatia,,33.17,32.71,34.57,33.03,32.82,33.11,33.86,32.85,33.91
010002529,BOIRON CALCAREA CARBONICA 1MK GOCCE ORALI 30ML,Fitoterapia e Omeopatia,,41.72,40.87,41.63,41.11,42.02,41.23,41.92,41.46,40.67
010002532,BOIRON CALCAREA CARBONICA 1MK FIALE ORALI 20 PEZZI,Fitoterapia e Omeopatia,,25.86,27.52,26.78,26.15,27.11,27.72,26.45,27.35,26.37
010002535,BOIRON CALCAREA CARBONICA 1MK UNGUENTO 50G,Fitoterapia e Omeopatia,,6.58,7.42,6.77,7.62,6.44,5.74,6.79,7.32,6.78
010002538,BOIRON CALCAREA CARBONICA 1MK SCIROPPO 150ML,Fitoterapia e Omeopatia,,31.38,30.80,30.60,30.21,31.16,30.50,31.06,31.11,30.11
010002541,BOIRON CALCAREA CARBONICA 6DH GRANULI 4G,Fitoterapia e Omeopatia,,38.20,37.55,38.79,39.29,38.69,38.52,39.58,39.66,38.77
010002544,BOIRON CALCAREA CARBONICA 6DH GLOBULI DOSA UNICA,Fitoterapia e Omeopatia,,32.47,33.85,32.06,33.52,33.30,33.85,33.88,33.60,33.31
010002547,BOIRON CALCAREA CARBONICA 6DH GOCCE ORALI 30ML,Fitoterapia e Omeopatia,,44.81,45.62,44.40,45.37,44.27,45.63,44.70,43.69,45.49
010002550,BOIRON CALCAREA CARBONICA 6DH FIALE ORALI 20 PEZZI,Fitoterapia e Omeopatia,,22.64,21.13,21.10,22.30,21.67,22.42,22.15,21.28,21.78
010002553,BOIRON CALCAREA CARBONICA 6DH UNGUENTO 50G,Fitoterapia e Omeopatia,,40.73,41.19,41.27,42.43,40.83,42.11,42.67,40.99,42.12
010002556,BOIRON CALCAREA CARBONICA 6DH SCIROPPO 150ML,Fitoterapia e Omeopatia,,9.38,9.32,9.08,8.77,9.05,10.36,9.11,8.95,10.00
010002559,BOIRON CALCAREA CARBONICA 12DH GRANULI 4G,Fitoterapia e Omeopatia,,28.39,29.31,29.80,30.17,28.43,28.90,29.02,30.36,28.64
010002562,BOIRON CALCAREA CARBONICA 12DH GLOBULI DOSA UNICA,Fitoterapia e Omeopatia,,35.32,35.49,34.35,34.01,34.21,35.69,35.46,35.00,33.97
010002565,BOIRON CALCAREA CARBONICA 12DH GOCCE ORALI 30ML,Fitoterapia e Omeopatia,,21.73,20.89,20.03,20.46,19.93,21.60,21.99,21.74,21.55
010002568,BOIRON CALCAREA CARBONICA 12DH FIALE ORALI 20 PEZZI,Fitoterapia e Omeopatia,,29.09,28.78,28.88,29.01,29.36,29.02,29.05,27.39,27.61
010002571,BOIRON CALCAREA CARBONICA 12DH UNGUENTO 50G,Fitoterapia e Omeopatia,,14.90,16.29,15.61,15.97,16.18,16.15,16.26,15.42,15.04
010002574,BOIRON CALCAREA CARBONICA 12DH SCIROPPO 150ML,Fitoterapia e Omeopatia,,5.70,6.07,6.19,5.91,5.87,7.42,7.95,6.05,6.33
010002577,BOIRON LYCOPODIUM 4 CH GRANULI 4G,Fitoterapia e Omeopatia,,23.63,22.52,23.95,24.42,22.79,23.81,23.34,23.62,24.03
010002580,BOIRON LYCOPODIUM 4 CH GLOBULI DOSA UNICA,Fitoterapia e Omeopatia,,5.84,7.54,7.12,6.45,7.43,7.70,6.28,5.70,6.95
010002583,BOIRON LYCOPODIUM 4 CH GOCCE ORALI 30ML,Fitoterapia e Omeopatia,,34.83,35.84,36.02,35.79,36.55,35.57,36.23,35.42,35.63
010002586,BOIRON LYCOPODIUM 4 CH FIALE ORALI 20 PEZZI,Fitoterapia e Omeopatia,,34.53,34.39,35.56,35.53,34.40,35.68,34.81,34.76,35.55
010002589,BOIRON LYCOPODIUM 4 CH UNGUENTO 50G,Fitoterapia e Omeopatia,,7.52,7.60,8.32,8.44,8.38,9.26,8.80,9.27,8.91
010002592,BOIRON LYCOPODIUM 4 CH SCIROPPO 150ML,Fitoterapia e Omeopatia,,12.98,12.81,11.11,10.66,10.84,13.02,12.30,10.88,10.76
010002595,BOIRON LYCOPODIUM 5 CH GRANULI 4G,Fitoterapia e Omeopatia,,40.35,40.79,41.58,39.98,40.23,40.86,40.77,40.14,41.10
010002598,BOIRON LYCOPODIUM 5 CH GLOBULI DOSA UNICA,Fitoterapia e Omeopatia,,21.80,23.20,21.90,22.82,23.21,22.72,23.16,23.23,21.53
010002601,BOIRON LYCOPODIUM 5 CH GOCCE ORALI 30ML,Fitoterapia e Omeopatia,,37.23,37.73,38.28,37.56,37.10,37.52,36.62,37.76,36.26
010002604,BOIRON LYCOPODIUM 5 CH FIALE ORALI 20 PEZZI,Fitoterapia e Omeopatia,,9.87,9.43,8.71,8.50,8.80,8.81,10.56,8.71,8.42
010002607,BOIRON LYCOPODIUM 5 CH UNGUENTO 50G,Fitoterapia e Omeopatia,,34.56,34.72,34.57,36.07,35.79,34.13,34.27,35.29,36.33
010002610,BOIRON LYCOPODIUM 5 CH SCIROPPO 150ML,Fitoterapia e Omeopatia,,8.27,9.14,9.18,8.94,8.90,9.32,9.11,8.28,8.58
010002613,BOIRON LYCOPODIUM 7 CH GRANULI 4G,Fitoterapia e Omeopatia,,5.98,5.02,4.43,5.16,4.00,4.12,4.40,4.71,5.58
010002616,BOIRON LYCOPODIUM 7 CH GLOBULI DOSA UNICA,Fitoterapia e Omeopatia,,29.70,30.99,30.69,30.27,29.15,30.12,30.99,29.32,30.37
010002619,BOIRON LYCOPODIUM 7 CH GOCCE ORALI 30ML,Fitoterapia e Omeopatia,,30.55,29.58,30.63,31.60,31.70,31.65,30.17,30.79,30.11
010002622,BOIRON LYCOPODIUM 7 CH FIALE ORALI 20 PEZZI,Fitoterapia e Omeopatia,,21.52,22.27,23.58,22.18,22.22,23.30,22.15,21.88,23.31
010002625,BOIRON LYCOPODIUM 7 CH UNGUENTO 50G,Fitoterapia e Omeopatia,,42.34,40.58,41.80,40.70,42.38,41.06,42.65,41.17,41.59
010002628,BOIRON LYCOPODIUM 7 CH SCIROPPO 150ML,Fitoterapia e Omeopatia,,15.23,14.74,15.42,15.50,14.37,14.37,13.92,14.56,15.73
010002631,BOIRON LYCOPODIUM 9 CH GRANULI 4G,Fitoterapia e Omeopatia,,26.70,26.05,25.75,25.85,27.00,27.03,26.04,25.44,26.81
010002634,BOIRON LYCOPODIUM 9 CH GLOBULI DOSA UNICA,Fitoterapia e Omeopatia,,15.85,14.90,14.64,16.31,16.72,15.82,16.00,16.38,15.63
010002637,BOIRON LYCOPODIUM 9 CH GOCCE ORALI 30ML,Fitoterapia e Omeopatia,,6.99,6.92,8.48,7.31,6.39,8.19,8.60,7.68,7.80
010002640,BOIRON LYCOPODIUM 9 CH FIALE ORALI 20 PEZZI,Fitoterapia e Omeopatia,,22.44,22.02,23.98,21.90,22.37,23.60,22.10,23.55,23.69
010002643,BOIRON LYCOPODIUM 9 CH UNGUENTO 50G,Fitoterapia e Omeopatia,,9.70,8.81,9.11,9.59,9.74,8.84,9.72,8.73,7.88
010002646,BOIRON LYCOPODIUM 9 CH SCIROPPO 150ML,Fitoterapia e Omeopatia,,6.88,6.43,6.29,7.21,6.50,5.74,6.27,7.35,7.86
010002649,BOIRON LYCOPODIUM 12 CH GRANULI 4G,Fitoterapia e Omeopatia,,10.65,12.10,11.13,12.51,11.15,11.52,11.36,12.16,10.79
010002652,BOIRON LYCOPODIUM 12 CH GLOBULI DOSA UNICA,Fitoterapia e Omeopatia,,6.86,5.99,5.93,6.26,5.38,7.29,7.43,6.88,6.33
010002655,BOIRON LYCOPODIUM 12 CH GOCCE ORALI 30ML,Fitoterapia e Omeopatia,,22.48,22.51,22.36,22.43,22.69,21.88,23.05,23.31,21.85
010002658,BOIRON LYCOPODIUM 12 CH FIALE ORALI 20 PEZZI,Fitoterapia e Omeopatia,,5.49,6.24,7.02,6.96,6.96,6.92,6.17,6.79,5.87
010002661,BOIRON LYCOPODIUM 12 CH UNGUENTO 50G,Fitoterapia e Omeopatia,,26.46,26.03,26.16,24.69,25.47,25.39,25.83,26.59,24.81
010002664,BOIRON LYCOPODIUM 12 CH SCIROPPO 150ML,Fitoterapia e Omeopatia,,29.41,29.37,29.89,31.11,30.64,30.15,31.13,31.16,31.18
010002667,BOIRON LYCOPODIUM 15 CH GRANULI 4G,Fitoterapia e Omeopatia,,14.75,14.90,15.21,14.10,14.21,14.54,13.63,15.68,14.11
010002670,BOIRON LYCOPODIUM 15 CH GLOBULI DOSA UNICA,Fitoterapia e Omeopatia,,40.42,40.46,41.38,39.75,41.32,40.79,40.88,41.06,40.47
010002673,BOIRON LYCOPODIUM 15 CH GOCCE ORALI 30ML,Fitoterapia e Omeopatia,,43.10,42.46,43.11,43.25,43.26,42.12,42.61,42.56,44.17
010002676,BOIRON LYCOPODIUM 15 CH FIALE ORALI 20 PEZZI,Fitoterapia e Omeopatia,,4.75,5.29,6.60,6.52,5.83,4.58,4.52,6.73,4.93
010002679,BOIRON LYCOPODIUM 15 CH UNGUENTO 50G,Fitoterapia e Omeopatia,,42.18,41.82,40.99,41.27,41.24,41.00,40.72,41.34,40.09
010002682,BOIRON LYCOPODIUM 15 CH SCIROPPO 150ML,Fitoterapia e Omeopatia,,15.29,13.42,15.54,14.75,15.24,13.62,13.24,13.76,13.20
010002685,BOIRON LYCOPODIUM 30 CH GRANULI 4G,Fitoterapia e Omeopatia,,40.34,39.65,41.02,41.62,40.75,39.67,39.84,39.82,39.33
010002688,BOIRON LYCOPODIUM 30 CH GLOBULI DOSA UNICA,Fitoterapia e Omeopatia,,32.99,32.97,34.17,33.96,33.67,32.94,32.82,34.00,33.51
010002691,BOIRON LYCOPODIUM 30 CH GOCCE ORALI 30ML,Fitoterapia e Omeopatia,,43.61,42.73,42.19,43.30,43.74,43.78,43.35,43.19,43.07
010002694,BOIRON LYCOPODIUM 30 CH FIALE ORALI 20 PEZZI,Fitoterapia e Omeopatia,,32.49,32.84,33.07,33.56,32.28,32.47,31.65,32.43,31.91
010002697,BOIRON LYCOPODIUM 30 CH UNGUENTO 50G,Fitoterapia e Omeopatia,,33.18,32.53,32.94,33.21,31.76,33.66,32.65,32.80,32.04
010002700,BOIRON LYCOPODIUM 30 CH SCIROPPO 150ML,Fitoterapia e Omeopatia,,31.22,31.61,32.20,32.62,32.63,31.24,33.20,31.94,31.94
010002703,BOIRON LYCOPODIUM 200 CH GRANULI 4G,Fitoterapia e Omeopatia,,33.41,33.45,34.18,33.74,33.92,32.98,32.63,34.52,34.93
010002706,BOIRON LYCOPODIUM 200 CH GLOBULI DOSA UNICA,Fitoterapia e Omeopatia,,13.32,15.26,13.43,14.56,13.03,14.65,15.13,14.29,14.39
010002709,BOIRON LYCOPODIUM 200 CH GOCCE ORALI 30ML,Fitoterapia e Omeopatia,,45.34,43.52,44.43,45.38,45.64,44.93,44.54,43.54,43.96
010002712,BOIRON LYCOPODIUM 200 CH FIALE ORALI 20 PEZZI,Fitoterapia e Omeopatia,,29.28,30.07,29.83,29.52,30.74,29.29,30.40,28.36,28.58
010002715,BOIRON LYCOPODIUM 200 CH UNGUENTO 50G,Fitoterapia e Omeopatia,,38.05,37.22,38.57,37.21,38.01,38.16,37.51,39.07,38.40
010002718,BOIRON LYCOPODIUM 200 CH SCIROPPO 150ML,Fitoterapia e Omeopatia,,34.21,34.50,34.10,34.18,33.47,34.25,34.97,35.11,35.16
010002721,BOIRON LYCOPODIUM 1MK GRANULI 4G,Fitoterapia e Omeopatia,,20.60,20.45,21.16,21.20,21.98,20.06,20.54,21.65,21.84
010002724,BOIRON LYCOPODIUM 1MK GLOBULI DOSA UNICA,Fitoterapia e Omeopatia,,15.03,15.33,14.66,16.07,14.48,15.79,15.12,15.60,14.93
010002727,BOIRON LYCOPODIUM 1MK GOCCE ORALI 30ML,Fitoterapia e Omeopatia,,38.14,38.23,37.54,38.12,38.05,37.21,38.69,36.72,38.55
010002730,BOIRON LYCOPODIUM 1MK FIALE ORALI 20 PEZZI,Fitoterapia e Omeopatia,,15.09,15.16,16.47,14.82,15.68,15.73,15.84,16.62,15.11
010002733,BOIRON LYCOPODIUM 1MK UNGUENTO 50G,Fitoterapia e Omeopatia,,11.94,11.35,11.81,12.17,11.53,11.34,12.11,12.20,11.86
010002736,BOIRON LYCOPODIUM 1MK SCIROPPO 150ML,Fitoterapia e Omeopatia,,6.97,6.51,6.83,8.28,7.57,6.96,8.02,7.04,7.41
010002739,BOIRON LYCOPODIUM 6DH GRANULI 4G,Fitoterapia e Omeopatia,,39.75,39.82,39.52,38.69,39.98,38.27,38.83,39.53,39.70
010002742,BOIRON LYCOPODIUM 6DH GLOBULI DOSA UNICA,Fitoterapia e Omeopatia,,4.80,4.55,6.46,5.15,6.80,6.64,6.72,4.91,6.68
010002745,BOIRON LYCOPODIUM 6DH GOCCE ORALI 30ML,Fitoterapia e Omeopatia,,10.47,10.68,9.58,11.51,10.36,9.67,11.34,9.96,10.59
010002748,BOIRON LYCOPODIUM 6DH FIALE ORALI 20 PEZZI,Fitoterapia e Omeopatia,,10.47,11.86,11.36,11.61,10.58,11.16,10.77,11.77,12.50
010002751,BOIRON LYCOPODIUM 6DH UNGUENTO 50G,Fitoterapia e Omeopatia,,11.65,11.85,12.47,10.97,11.04,11.46,12.19,11.85,11.81
010002754,BOIRON LYCOPODIUM 6DH SCIROPPO 150ML,Fitoterapia e Omeopatia,,37.77,38.38,39.22,39.81,39.07,39.42,39.04,39.70,37.71
010002757,BOIRON LYCOPODIUM 12DH GRANULI 4G,Fitoterapia e Omeopatia,,28.97,28.83,27.10,27.10,26.89,27.58,27.10,26.90,28.99
010002760,BOIRON LYCOPODIUM 12DH GLOBULI DOSA UNICA,Fitoterapia e Omeopatia,,33.96,33.42,32.31,33.59,32.78,34.30,32.77,34.24,32.72
010002763,BOIRON LYCOPODIUM 12DH GOCCE ORALI 30ML,Fitoterapia e Omeopatia,,24.52,26.21,25.42,25.86,24.40,25.74,24.41,26.22,25.05
010002766,BOIRON LYCOPODIUM 12DH FIALE ORALI 20 PEZZI,Fitoterapia e Omeopatia,,28.30,28.16,27.14,29.04,28.98,29.02,28.92,27.61,27.19
010002769,BOIRON LYCOPODIUM 12DH UNGUENTO 50G,Fitoterapia e Omeopatia,,37.57,39.90,37.78,39.44,37.84,39.00,39.38,39.53,39.79
010002772,BOIRON LYCOPODIUM 12DH SCIROPPO 150ML,Fitoterapia e Omeopatia,,25.32,26.51,25.12,24.91,24.66,26.87,26.03,26.29,24.76
010002775,BOIRON ACONITUM NAPELLUS 4 CH GRANULI 4G,Fitoterapia e Omeopatia,,24.95,23.15,24.24,24.43,25.13,23.00,24.77,24.80,23.44
010002778,BOIRON ACONITUM NAPELLUS 4 CH GLOBULI DOSA UNICA,Fitoterapia e Omeopatia,,26.07,26.05,25.86,25.96,25.54,25.40,24.84,25.99,26.27
010002781,BOIRON ACONITUM NAPELLUS 4 CH GOCCE ORALI 30ML,Fitoterapia e Omeopatia,,17.27,19.16,17.36,17.91,17.75,17.05,18.74,18.73,17.91
010002784,BOIRON ACONITUM NAPELLUS 4 CH FIALE ORALI 20 PEZZI,Fitoterapia e Omeopatia,,13.03,13.39,11.79,11.62,12.26,13.13,11.58,11.82,13.03
010002787,BOIRON ACONITUM NAPELLUS 4 CH UNGUENTO 50G,Fitoterapia e Omeopatia,,37.11,37.06,36.38,36.94,34.92,36.11,35.80,35.66,36.52
010002790,BOIRON ACONITUM NAPELLUS 4 CH SCIROPPO 150ML,Fitoterapia e Omeopatia,,29.59,29.97,30.04,28.59,29.93,28.03,29.39,28.35,29.10
010002793,BOIRON ACONITUM NAPELLUS 5 CH GRANULI 4G,Fitoterapia e Omeopatia,,33.59,33.11,34.06,33.00,34.70,33.56,33.57,33.28,34.38
010002796,BOIRON ACONITUM NAPELLUS 5 CH GLOBULI DOSA UNICA,Fitoterapia e Omeopatia,,13.84,14.29,15.05,14.03,14.16,15.33,14.54,15.76,15.90
010002799,BOIRON ACONITUM NAPELLUS 5 CH GOCCE ORALI 30ML,Fitoterapia e Omeopatia,,28.37,28.13,26.92,27.63,27.90,26.92,27.87,26.85,27.72
010002802,BOIRON ACONITUM NAPELLUS 5 CH FIALE ORALI 20 PEZZI,Fitoterapia e Omeopatia,,23.33,22.07,22.15,21.83,23.45,22.49,21.74,21.94,22.40
010002805,BOIRON ACONITUM NAPELLUS 5 CH UNGUENTO 50G,Fitoterapia e Omeopatia,,6.44,6.09,6.72,7.00,5.89,6.26,5.47,6.64,5.14
010002808,BOIRON ACONITUM NAPELLUS 5 CH SCIROPPO 150ML,Fitoterapia e Omeopatia,,16.63,17.79,17.00,18.40,17.12,18.56,18.66,18.48,18.79
010002811,BOIRON ACONITUM NAPELLUS 7 CH GRANULI 4G,Fitoterapia e Omeopatia,,8.43,8.17,7.58,7.78,7.26,8.37,7.01,7.15,8.14
010002814,BOIRON ACONITUM NAPELLUS 7 CH GLOBULI DOSA UNICA,Fitoterapia e Omeopatia,,41.42,41.00,40.80,41.52,40.85,41.18,40.14,40.10,41.54
010002817,BOIRON ACONITUM NAPELLUS 7 CH GOCCE ORALI 30ML,Fitoterapia e Omeopatia,,10.76,11.99,11.54,10.43,11.62,11.61,11.67,11.52,10.58
010002820,BOIRON ACONITUM NAPELLUS 7 CH FIALE ORALI 20 PEZZI,Fitoterapia e Omeopatia,,11.24,11.27,12.62,12.23,11.67,10.90,13.01,11.02,12.65
010002823,BOIRON ACONITUM NAPELLUS 7 CH UNGUENTO 50G,Fitoterapia e Omeopatia,,12.49,13.50,13.63,14.05,11.76,12.17,12.25,12.77,13.19
010002826,BOIRON ACONITUM NAPELLUS 7 CH SCIROPPO 150ML,Fitoterapia e Omeopatia,,7.81,8.38,8.60,7.47,6.70,8.14,8.85,7.38,7.63
010002829,BOIRON ACONITUM NAPELLUS 9 CH GRANULI 4G,Fitoterapia e Omeopatia,,40.43,41.76,40.48,41.49,41.54,40.40,39.84,42.07,41.83
010002832,BOIRON ACONITUM NAPELLUS 9 CH GLOBULI DOSA UNICA,Fitoterapia e Omeopatia,,43.38,43.24,43.08,43.29,42.70,42.02,43.30,41.49,42.14
010002835,BOIRON ACONITUM NAPELLUS 9 CH GOCCE ORALI 30ML,Fitoterapia e Omeopatia,,37.38,37.48,37.61,37.05,37.36,38.02,37.87,37.93,36.28
010002838,BOIRON ACONITUM NAPELLUS 9 CH FIALE ORALI 20 PEZZI,Fitoterapia e Omeopatia,,9.78,10.29,11.45,11.85,10.27,11.37,11.10,11.02,11.98
010002841,BOIRON ACONITUM NAPELLUS 9 CH UNGUENTO 50G,Fitoterapia e Omeopatia,,9.76,9.50,9.06,8.64,7.55,9.46,8.71,9.43,9.28
010002844,BOIRON ACONITUM NAPELLUS 9 CH SCIROPPO 150ML,Fitoterapia e Omeopatia,,8.10,9.32,7.53,8.48,7.35,8.02,9.24,8.38,8.14
010002847,BOIRON ACONITUM NAPELLUS 12 CH GRANULI 4G,Fitoterapia e Omeopatia,,37.82,37.80,36.73,37.70,36.88,36.71,37.72,36.77,36.85
010002850,BOIRON ACONITUM NAPELLUS 12 CH GLOBULI DOSA UNICA,Fitoterapia e Omeopatia,,41.50,41.48,41.78,40.75,39.46,40.18,40.08,41.07,40.16
010002853,BOIRON ACONITUM NAPELLUS 12 CH GOCCE ORALI 30ML,Fitoterapia e Omeopatia,,6.11,7.04,6.22,6.44,6.31,8.17,5.98,6.39,8.10
010002856,BOIRON ACONITUM NAPELLUS 12 CH FIALE ORALI 20 PEZZI,Fitoterapia e Omeopatia,,30.50,31.22,30.92,30.72,30.95,30.35,32.56,31.03,31.72
010002859,BOIRON ACONITUM NAPELLUS 12 CH UNGUENTO 50G,Fitoterapia e Omeopatia,,11.54,13.02,11.43,12.42,13.25,13.59,11.61,12.56,11.78
010002862,BOIRON ACONITUM NAPELLUS 12 CH SCIROPPO 150ML,Fitoterapia e Omeopatia,,30.05,29.89,28.73,29.91,28.08,29.56,27.84,29.53,28.60
010002865,BOIRON ACONITUM NAPELLUS 15 CH GRANULI 4G,Fitoterapia e Omeopatia,,12.22,11.50,11.94,11.40,10.36,11.68,10.80,12.10,11.30
010002868,BOIRON ACONITUM NAPELLUS 15 CH GLOBULI DOSA UNICA,Fitoterapia e Omeopatia,,29.07,31.09,31.19,29.91,30.55,29.41,30.09,30.93,29.09
010002871,BOIRON ACONITUM NAPELLUS 15 CH GOCCE ORALI 30ML,Fitoterapia e Omeopatia,,18.98,18.76,18.55,19.29,17.76,17.35,19.13,18.51,19.23
010002874,BOIRON ACONITUM NAPELLUS 15 CH FIALE ORALI 20 PEZZI,Fitoterapia e Omeopatia,,8.05,7.54,7.78,7.35,7.18,6.65,8.13,7.82,8.07
010002877,BOIRON ACONITUM NAPELLUS 15 CH UNGUENTO 50G,Fitoterapia e Omeopatia,,4.62,4.93,4.18,4.00,4.64,3.84,4.96,4.90,3.79
010002880,BOIRON ACONITUM NAPELLUS 15 CH SCIROPPO 150ML,Fitoterapia e Omeopatia,,19.81,20.40,19.65,18.29,20.12,18.60,20.02,19.84,20.13
010002883,BOIRON ACONITUM NAPELLUS 30 CH GRANULI 4G,Fitoterapia e Omeopatia,,31.35,32.03,30.88,30.65,30.41,31.51,30.38,31.08,30.39
010002886,BOIRON ACONITUM NAPELLUS 30 CH GLOBULI DOSA UNICA,Fitoterapia e Omeopatia,,30.38,29.11,30.30,28.78,30.50,29.65,30.22,29.48,29.60
010002889,BOIRON ACONITUM NAPELLUS 30 CH GOCCE ORALI 30ML,Fitoterapia e Omeopatia,,11.38,9.88,10.78,10.58,10.29,10.12,10.92,10.89,10.92
010002892,BOIRON ACONITUM NAPELLUS 30 CH FIALE ORALI 20 PEZZI,Fitoterapia e Omeopatia,,38.09,40.34,38.88,40.41,39.58,38.84,40.21,40.23,39.66
010002895,BOIRON ACONITUM NAPELLUS 30 CH UNGUENTO 50G,Fitoterapia e Omeopatia,,41.42,43.03,41.16,41.37,41.00,42.34,41.07,41.75,41.79
010002898,BOIRON ACONITUM NAPELLUS 30 CH SCIROPPO 150ML,Fitoterapia e Omeopatia,,21.70,23.06,23.73,21.43,21.41,22.87,23.59,21.79,22.36
010002901,BOIRON ACONITUM NAPELLUS 200 CH GRANULI 4G,Fitoterapia e Omeopatia,,27.80,28.00,29.91,28.89,29.08,27.98,30.04,27.93,27.78
010002904,BOIRON ACONITUM NAPELLUS 200 CH GLOBULI DOSA UNICA,Fitoterapia e Omeopatia,,18.70,18.53,20.21,19.64,20.23,20.02,18.86,20.26,18.66
010002907,BOIRON ACONITUM NAPELLUS 200 CH GOCCE ORALI 30ML,Fitoterapia e Omeopatia,,23.03,22.73,22.09,23.41,21.89,22.19,22.09,23.43,22.87
010002910,BOIRON ACONITUM NAPELLUS 200 CH FIALE ORALI 20 PEZZI,Fitoterapia e Omeopatia,,32.38,31.86,31.84,33.48,32.37,31.68,33.42,32.52,31.97
010002913,BOIRON ACONITUM NAPELLUS 200 CH UNGUENTO 50G,Fitoterapia e Omeopatia,,9.68,9.79,8.37,9.61,9.73,8.87,9.46,9.39,9.99
010002916,BOIRON ACONITUM NAPELLUS 200 CH SCIROPPO 150ML,Fitoterapia e Omeopatia,,13.41,12.70,12.33,13.49,13.32,12.87,14.11,13.85,12.41
010002919,BOIRON ACONITUM NAPELLUS 1MK GRANULI 4G,Fitoterapia e Omeopatia,,24.09,26.07,25.64,25.19,25.54,25.45,24.11,24.34,25.86
010002922,BOIRON ACONITUM NAPELLUS 1MK GLOBULI DOSA UNICA,Fitoterapia e Omeopatia,,41.96,43.87,42.57,41.95,42.63,42.81,42.14,42.08,43.76
010002925,BOIRON ACONITUM NAPELLUS 1MK GOCCE ORALI 30ML,Fitoterapia e Omeopatia,,40.77,41.28,42.22,40.57,41.48,41.48,40.69,42.01,41.05
010002928,BOIRON ACONITUM NAPELLUS 1MK FIALE ORALI 20 PEZZI,Fitoterapia e Omeopatia,,18.76,17.88,18.21,18.97,18.99,18.13,17.90,17.36,17.73
010002931,BOIRON ACONITUM NAPELLUS 1MK UNGUENTO 50G,Fitoterapia e Omeopatia,,22.00,20.67,20.72,20.94,22.91,21.29,20.65,20.84,21.49
010002934,BOIRON ACONITUM NAPELLUS 1MK SCIROPPO 150ML,Fitoterapia e Omeopatia,,23.24,23.84,22.20,24.01,22.16,22.65,22.33,23.05,23.70
010002937,BOIRON ACONITUM NAPELLUS 6DH GRANULI 4G,Fitoterapia e Omeopatia,,18.80,20.22,20.37,18.83,18.29,20.09,20.08,18.82,19.27
010002940,BOIRON ACONITUM NAPELLUS 6DH GLOBULI DOSA UNICA,Fitoterapia e Omeopatia,,30.08,31.04,29.82,29.96,31.05,29.88,30.93,29.24,29.44
010002943,BOIRON ACONITUM NAPELLUS 6DH GOCCE ORALI 30ML,Fitoterapia e Omeopatia,,21.37,20.94,21.79,20.86,20.68,21.28,21.84,21.74,20.45
010002946,BOIRON ACONITUM NAPELLUS 6DH FIALE ORALI 20 PEZZI,Fitoterapia e Omeopatia,,25.02,24.05,23.92,23.99,25.74,24.59,24.78,23.64,24.15
010002949,BOIRON ACONITUM NAPELLUS 6DH UNGUENTO 50G,Fitoterapia e Omeopatia,,11.52,12.92,11.92,11.60,12.17,11.69,13.05,12.55,11.42
010002952,BOIRON ACONITUM NAPELLUS 6DH SCIROPPO 150ML,Fitoterapia e Omeopatia,,26.85,27.39,25.10,27.15,26.52,26.23,26.94,25.25,26.84
010002955,BOIRON ACONITUM NAPELLUS 12DH GRANULI 4G,Fitoterapia e Omeopatia,,37.44,38.50,38.50,38.62,38.86,38.57,39.13,37.79,39.20
010002958,BOIRON ACONITUM NAPELLUS 12DH GLOBULI DOSA UNICA,Fitoterapia e Omeopatia,,26.88,28.32,28.09,27.35,27.31,27.14,26.88,27.26,28.29
010002961,BOIRON ACONITUM NAPELLUS 12DH GOCCE ORALI 30ML,Fitoterapia e Omeopatia,,23.42,24.96,24.52,24.12,24.84,23.33,23.15,22.90,22.92
010002964,BOIRON ACONITUM NAPELLUS 12DH FIALE ORALI 20 PEZZI,Fitoterapia e Omeopatia,,25.06,25.68,26.33,25.57,26.46,26.50,24.33,26.60,24.37
010002967,BOIRON ACONITUM NAPELLUS 12DH UNGUENTO 50G,Fitoterapia e Omeopatia,,4.58,4.26,4.98,5.68,5.96,4.52,4.47,4.09,5.04
010002970,BOIRON ACONITUM NAPELLUS 12DH SCIROPPO 150ML,Fitoterapia e Omeopatia,,24.69,23.28,23.17,23.41,24.82,24.21,23.00,23.53,24.49
010002973,BOIRON ALLIUM CEPA 4 CH GRANULI 4G,Fitoterapia e Omeopatia,,40.50,42.00,40.57,41.65,40.43,41.64,41.45,41.52,41.40
010002976,BOIRON ALLIUM CEPA 4 CH GLOBULI DOSA UNICA,Fitoterapia e Omeopatia,,28.96,29.10,29.24,27.99,27.96,29.20,27.45,27.88,27.54
010002979,BOIRON ALLIUM CEPA 4 CH GOCCE ORALI 30ML,Fitoterapia e Omeopatia,,24.66,25.91,26.09,24.33,25.66,26.27,24.93,26.24,25.32
010002982,BOIRON ALLIUM CEPA 4 CH FIALE ORALI 20 PEZZI,Fitoterapia e Omeopatia,,39.44,39.03,39.28,38.83,39.90,39.95,39.80,39.76,40.61
010002985,BOIRON ALLIUM CEPA 4 CH UNGUENTO 50G,Fitoterapia e Omeopatia,,21.71,19.95,20.39,21.35,21.85,22.00,21.75,21.52,21.09
010002988,BOIRON ALLIUM CEPA 4 CH SCIROPPO 150ML,Fitoterapia e Omeopatia,,31.76,31.99,33.95,33.92,33.33,32.34,32.92,32.23,33.20
010002991,BOIRON ALLIUM CEPA 5 CH GRANULI 4G,Fitoterapia e Omeopatia,,9.14,8.93,9.34,10.25,9.32,9.13,8.98,9.38,9.94
010002994,BOIRON ALLIUM CEPA 5 CH GLOBULI DOSA UNICA,Fitoterapia e Omeopatia,,19.68,18.38,17.77,18.49,19.28,19.36,17.37,19.55,19.41
010002997,BOIRON ALLIUM CEPA 5 CH GOCCE ORALI 30ML,Fitoterapia e Omeopatia,,6.22,5.86,4.80,4.72,5.94,6.21,5.88,5.00,6.84
010003000,BOIRON ALLIUM CEPA 5 CH FIALE ORALI 20 PEZZI,Fitoterapia e Omeopatia,,37.01,38.12,37.25,38.87,37.48,37.26,37.31,37.35,38.47
010003003,BOIRON ALLIUM CEPA 5 CH UNGUENTO 50G,Fitoterapia e Omeopatia,,20.44,19.13,19.04,19.63,20.24,20.57,20.88,21.35,20.51
010003006,BOIRON ALLIUM CEPA 5 CH SCIROPPO 150ML,Fitoterapia e Omeopatia,,28.62,27.98,28.35,29.05,27.58,28.86,29.47,29.71,28.70
010003009,BOIRON ALLIUM CEPA 7 CH GRANULI 4G,Fitoterapia e Omeopatia,,21.67,20.27,19.84,20.54,21.51,20.33,21.69,19.87,20.88
010003012,BOIRON ALLIUM CEPA 7 CH GLOBULI DOSA UNICA,Fitoterapia e Omeopatia,,10.34,9.87,10.12,11.01,11.61,10.29,10.08,11.27,10.59
010003015,BOIRON ALLIUM CEPA 7 CH GOCCE ORALI 30ML,Fitoterapia e Omeopatia,,15.34,15.95,16.16,16.06,14.51,15.64,16.50,15.75,15.09
010003018,BOIRON ALLIUM CEPA 7 CH FIALE ORALI 20 PEZZI,Fitoterapia e Omeopatia,,17.79,18.83,18.73,17.83,17.27,17.85,18.05,17.92,16.79
010003021,BOIRON ALLIUM CEPA 7 CH UNGUENTO 50G,Fitoterapia e Omeopatia,,11.88,12.99,12.91,11.93,11.81,11.72,11.52,12.78,11.25
010003024,BOIRON ALLIUM CEPA 7 CH SCIROPPO 150ML,Fitoterapia e Omeopatia,,34.98,36.53,34.57,36.41,35.18,36.65,36.38,36.07,34.71
010003027,BOIRON ALLIUM CEPA 9 CH GRANULI 4G,Fitoterapia e Omeopatia,,45.83,43.65,45.54,43.52,43.77,44.51,44.63,43.73,44.36
010003030,BOIRON ALLIUM CEPA 9 CH GLOBULI DOSA UNICA,Fitoterapia e Omeopatia,,23.92,23.43,23.95,23.22,22.86,24.25,24.18,24.17,24.18
010003033,BOIRON ALLIUM CEPA 9 CH GOCCE ORALI 30ML,Fitoterapia e Omeopatia,,28.51,30.56,29.46,29.50,28.39,29.00,28.71,29.07,29.42
010003036,BOIRON ALLIUM CEPA 9 CH FIALE ORALI 20 PEZZI,Fitoterapia e Omeopatia,,28.57,28.64,27.91,28.40,29.05,27.35,28.82,29.21,29.29
010003039,BOIRON ALLIUM CEPA 9 CH UNGUENTO 50G,Fitoterapia e Omeopatia,,35.62,36.32,37.22,37.23,37.19,37.11,36.61,36.15,37.38
010003042,BOIRON ALLIUM CEPA 9 CH SCIROPPO 150ML,Fitoterapia e Omeopatia,,43.77,43.22,42.55,43.70,42.73,43.99,43.82,42.52,43.54
010003045,BOIRON ALLIUM CEPA 12 CH GRANULI 4G,Fitoterapia e Omeopatia,,29.13,28.99,28.27,28.22,28.65,27.86,27.96,30.20,29.72
010003048,BOIRON ALLIUM CEPA 12 CH GLOBULI DOSA UNICA,Fitoterapia e Omeopatia,,23.71,23.01,24.02,23.27,22.24,23.08,23.25,22.68,22.96
010003051,BOIRON ALLIUM CEPA 12 CH GOCCE ORALI 30ML,Fitoterapia e Omeopatia,,32.41,32.37,31.84,32.28,32.83,32.92,31.71,32.38,31.59
010003054,BOIRON ALLIUM CEPA 12 CH FIALE ORALI 20 PEZZI,Fitoterapia e Omeopatia,,11.09,11.84,10.07,11.43,10.38,10.41,10.24,9.84,10.55
010003057,BOIRON ALLIUM CEPA 12 CH UNGUENTO 50G,Fitoterapia e Omeopatia,,9.42,10.11,10.55,9.10,10.18,9.92,9.74,8.57,9.55
010003060,BOIRON ALLIUM CEPA 12 CH SCIROPPO 150ML,Fitoterapia e Omeopatia,,44.02,42.74,42.02,42.91,43.73,42.83,42.71,42.85,42.54
010003063,BOIRON ALLIUM CEPA 15 CH GRANULI 4G,Fitoterapia e Omeopatia,,35.65,33.48,35.21,34.23,34.44,34.80,34.31,34.23,35.01
010003066,BOIRON ALLIUM CEPA 15 CH GLOBULI DOSA UNICA,Fitoterapia e Omeopatia,,16.82,16.79,17.76,18.53,18.18,17.40,17.46,17.72,17.28
010003069,BOIRON ALLIUM CEPA 15 CH GOCCE ORALI 30ML,Fitoterapia e Omeopatia,,34.64,33.96,35.24,34.57,33.39,34.32,34.13,35.56,35.13
010003072,BOIRON ALLIUM CEPA 15 CH FIALE ORALI 20 PEZZI,Fitoterapia e Omeopatia,,23.38,22.71,24.68,23.68,22.61,23.24,24.12,22.36,22.61
010003075,BOIRON ALLIUM CEPA 15 CH UNGUENTO 50G,Fitoterapia e Omeopatia,,23.72,22.52,24.31,23.02,23.67,24.66,24.65,22.92,24.84
010003078,BOIRON ALLIUM CEPA 15 CH SCIROPPO 150ML,Fitoterapia e Omeopatia,,42.03,41.60,42.78,41.61,40.96,42.13,42.26,41.03,41.23
010003081,BOIRON ALLIUM CEPA 30 CH GRANULI 4G,Fitoterapia e Omeopatia,,7.25,6.48,7.02,7.07,6.93,6.21,7.04,6.93,8.01
010003084,BOIRON ALLIUM CEPA 30 CH GLOBULI DOSA UNICA,Fitoterapia e Omeopatia,,23.73,22.43,22.41,23.16,22.25,23.72,22.43,23.67,23.47
010003087,BOIRON ALLIUM CEPA 30 CH GOCCE ORALI 30ML,Fitoterapia e Omeopatia,,36.62,37.46,37.37,38.16,36.64,36.43,36.09,36.64,38.10
010003090,BOIRON ALLIUM CEPA 30 CH FIALE ORALI 20 PEZZI,Fitoterapia e Omeopatia,,34.95,33.88,34.75,34.37,35.51,35.51,35.70,35.65,34.29
010003093,BOIRON ALLIUM CEPA 30 CH UNGUENTO 50G,Fitoterapia e Omeopatia,,34.59,35.10,36.42,35.33,36.42,35.73,35.34,35.57,35.96
010003096,BOIRON ALLIUM CEPA 30 CH SCIROPPO 150ML,Fitoterapia e Omeopatia,,26.41,25.87,25.15,27.03,26.69,26.92,26.71,25.76,26.15
010003099,BOIRON ALLIUM CEPA 200 CH GRANULI 4G,Fitoterapia e Omeopatia,,5.60,5.39,5.76,6.00,4.28,4.20,4.10,5.85,5.39
010003102,BOIRON ALLIUM CEPA 200 CH GLOBULI DOSA UNICA,Fitoterapia e Omeopatia,,41.18,41.04,39.60,41.25,39.60,41.72,40.61,39.80,40.08
010003105,BOIRON ALLIUM CEPA 200 CH GOCCE ORALI 30ML,Fitoterapia e Omeopatia,,31.31,31.57,32.84,33.39,32.26,31.99,33.37,32.44,33.28
010003108,BOIRON ALLIUM CEPA 200 CH FIALE ORALI 20 PEZZI,Fitoterapia e Omeopatia,,9.68,10.11,9.50,9.98,9.66,8.75,10.93,8.72,9.10
010003111,BOIRON ALLIUM CEPA 200 CH UNGUENTO 50G,Fitoterapia e Omeopatia,,17.07,17.04,15.40,17.09,16.34,17.62,15.52,17.03,15.55
010003114,BOIRON ALLIUM CEPA 200 CH SCIROPPO 150ML,Fitoterapia e Omeopatia,,24.50,25.23,25.12,25.22,24.91,24.92,24.85,23.23,25.00
010003117,BOIRON ALLIUM CEPA 1MK GRANULI 4G,Fitoterapia e Omeopatia,,23.20,23.37,22.78,22.23,23.82,22.07,23.94,21.98,23.84
010003120,BOIRON ALLIUM CEPA 1MK GLOBULI DOSA UNICA,Fitoterapia e Omeopatia,,30.15,29.22,30.17,29.06,29.93,29.55,28.63,30.19,29.58
010003123,BOIRON ALLIUM CEPA 1MK GOCCE ORALI 30ML,Fitoterapia e Omeopatia,,23.73,23.11,23.53,22.46,23.22,22.74,22.43,22.24,22.71
010003126,BOIRON ALLIUM CEPA 1MK FIALE ORALI 20 PEZZI,Fitoterapia e Omeopatia,,23.59,23.71,24.59,23.26,25.59,24.95,23.73,25.17,24.50
010003129,BOIRON ALLIUM CEPA 1MK UNGUENTO 50G,Fitoterapia e Omeopatia,,11.40,11.14,10.40,10.89,10.36,11.53,11.39,11.72,11.78
010003132,BOIRON ALLIUM CEPA 1MK SCIROPPO 150ML,Fitoterapia e Omeopatia,,11.40,11.50,13.18,11.01,11.35,13.04,12.10,12.05,12.52
010003135,BOIRON ALLIUM CEPA 6DH GRANULI 4G,Fitoterapia e Omeopatia,,29.26,30.19,28.71,30.21,30.34,29.60,28.55,28.96,28.38
010003138,BOIRON ALLIUM CEPA 6DH GLOBULI DOSA UNICA,Fitoterapia e Omeopatia,,4.92,4.35,5.53,5.07,4.55,5.55,4.42,5.77,5.77
010003141,BOIRON ALLIUM CEPA 6DH GOCCE ORALI 30ML,Fitoterapia e Omeopatia,,21.57,20.27,19.52,20.90,21.50,20.52,21.75,20.42,19.65
010003144,BOIRON ALLIUM CEPA 6DH FIALE ORALI 20 PEZZI,Fitoterapia e Omeopatia,,22.99,23.27,22.30,23.64,21.38,22.42,23.36,22.90,23.48
010003147,BOIRON ALLIUM CEPA 6DH UNGUENTO 50G,Fitoterapia e Omeopatia,,16.95,16.19,18.44,17.18,16.60,18.34,17.21,17.91,16.78
010003150,BOIRON ALLIUM CEPA 6DH SCIROPPO 150ML,Fitoterapia e Omeopatia,,35.81,36.15,35.33,35.98,35.89,37.54,36.69,36.23,35.32
010003153,BOIRON ALLIUM CEPA 12DH GRANULI 4G,Fitoterapia e Omeopatia,,43.68,42.24,43.31,43.18,43.97,44.17,42.82,44.21,42.79
010003156,BOIRON ALLIUM CEPA 12DH GLOBULI DOSA UNICA,Fitoterapia e Omeopatia,,9.26,8.50,8.38,9.11,9.76,9.75,9.10,8.30,9.04
010003159,BOIRON ALLIUM CEPA 12DH GOCCE ORALI 30ML,Fitoterapia e Omeopatia,,7.99,7.90,9.56,8.71,9.27,8.01,8.67,7.90,8.63
010003162,BOIRON ALLIUM CEPA 12DH FIALE ORALI 20 PEZZI,Fitoterapia e Omeopatia,,13.29,12.79,14.25,13.66,13.19,13.13,14.87,14.28,13.43
010003165,BOIRON ALLIUM CEPA 12DH UNGUENTO 50G,Fitoterapia e Omeopatia,,31.53,32.35,32.43,31.59,30.07,30.71,31.59,32.04,31.14
010003168,BOIRON ALLIUM CEPA 12DH SCIROPPO 150ML,Fitoterapia e Omeopatia,,37.79,39.23,37.66,37.96,39.58,39.37,39.88,38.42,38.22
010003171,BOIRON ARGENTUM NITRICUM 4 CH GRANULI 4G,Fitoterapia e Omeopatia,,24.01,23.00,23.59,22.76,24.15,24.31,23.46,23.78,24.51
010003174,BOIRON ARGENTUM NITRICUM 4 CH GLOBULI DOSA UNICA,Fitoterapia e Omeopatia,,23.31,24.01,22.48,24.10,22.85,23.22,22.49,23.24,23.51
010003177,BOIRON ARGENTUM NITRICUM 4 CH GOCCE ORALI 30ML,Fitoterapia e Omeopatia,,41.99,43.07,42.33,41.07,42.68,42.56,41.42,41.14,43.04
010003180,BOIRON ARGENTUM NITRICUM 4 CH FIALE ORALI 20 PEZZI,Fitoterapia e Omeopatia,,11.06,12.68,11.82,12.96,11.45,12.98,12.22,11.72,12.48
010003183,BOIRON ARGENTUM NITRICUM 4 CH UNGUENTO 50G,Fitoterapia e Omeopatia,,6.50,6.74,7.10,8.20,8.62,8.48,6.71,7.54,6.61
010003186,BOIRON ARGENTUM NITRICUM 4 CH SCIROPPO 150ML,Fitoterapia e Omeopatia,,42.44,43.25,43.23,42.06,42.22,43.69,42.69,42.31,41.94
010003189,BOIRON ARGENTUM NITRICUM 5 CH GRANULI 4G,Fitoterapia e Omeopatia,,10.40,9.11,8.81,9.08,8.77,8.85,9.28,9.94,9.45
010003192,BOIRON ARGENTUM NITRICUM 5 CH GLOBULI DOSA UNICA,Fitoterapia e Omeopatia,,19.20,19.35,19.36,18.85,19.99,19.12,19.47,19.56,18.72
010003195,BOIRON ARGENTUM NITRICUM 5 CH GOCCE ORALI 30ML,Fitoterapia e Omeopatia,,32.53,32.48,31.87,30.94,31.90,30.28,31.93,30.26,30.44
010003198,BOIRON ARGENTUM NITRICUM 5 CH FIALE ORALI 20 PEZZI,Fitoterapia e Omeopatia,,29.41,29.68,28.92,29.55,28.79,30.44,29.57,30.07,30.24
010003201,BOIRON ARGENTUM NITRICUM 5 CH UNGUENTO 50G,Fitoterapia e Omeopatia,,15.05,14.06,15.29,13.72,14.38,15.70,14.62,14.46,14.17
010003204,BOIRON ARGENTUM NITRICUM 5 CH SCIROPPO 150ML,Fitoterapia e Omeopatia,,34.46,35.06,35.69,35.83,35.64,36.55,36.07,36.62,36.12
010003207,BOIRON ARGENTUM NITRICUM 7 CH GRANULI 4G,Fitoterapia e Omeopatia,,27.83,27.22,26.99,26.35,25.92,25.87,26.83,26.47,26.71
010003210,BOIRON ARGENTUM NITRICUM 7 CH GLOBULI DOSA UNICA,Fitoterapia e Omeopatia,,41.13,43.33,42.38,41.24,41.98,41.07,43.30,41.09,43.22
010003213,BOIRON ARGENTUM NITRICUM 7 CH GOCCE ORALI 30ML,Fitoterapia e Omeopatia,,19.83,19.40,19.70,19.80,20.01,19.26,18.16,18.00,19.01
010003216,BOIRON ARGENTUM NITRICUM 7 CH FIALE ORALI 20 PEZZI,Fitoterapia e Omeopatia,,10.21,9.01,9.52,9.78,10.51,8.87,11.11,10.09,8.98
010003219,BOIRON ARGENTUM NITRICUM 7 CH UNGUENTO 50G,Fitoterapia e Omeopatia,,27.61,27.38,28.52,28.69,28.93,27.46,28.79,28.53,27.63
010003222,BOIRON ARGENTUM NITRICUM 7 CH SCIROPPO 150ML,Fitoterapia e Omeopatia,,39.60,40.66,39.21,40.34,39.91,39.62,40.52,39.73,39.32
010003225,BOIRON ARGENTUM NITRICUM 9 CH GRANULI 4G,Fitoterapia e Omeopatia,,22.46,23.50,23.87,22.73,22.51,23.83,23.01,23.40,22.92
010003228,BOIRON ARGENTUM NITRICUM 9 CH GLOBULI DOSA UNICA,Fitoterapia e Omeopatia,,5.49,5.11,4.90,4.88,4.89,3.48,4.31,4.17,5.47
010003231,BOIRON ARGENTUM NITRICUM 9 CH GOCCE ORALI 30ML,Fitoterapia e Omeopatia,,7.12,6.11,7.64,6.79,5.70,7.81,6.17,6.50,5.84
010003234,BOIRON ARGENTUM NITRICUM 9 CH FIALE ORALI 20 PEZZI,Fitoterapia e Omeopatia,,34.94,35.21,35.03,35.92,35.15,36.07,35.12,37.08,35.01
010003237,BOIRON ARGENTUM NITRICUM 9 CH UNGUENTO 50G,Fitoterapia e Omeopatia,,18.74,19.13,19.95,18.30,19.56,19.85,19.09,19.57,17.83
010003240,BOIRON ARGENTUM NITRICUM 9 CH SCIROPPO 150ML,Fitoterapia e Omeopatia,,17.28,15.87,16.44,15.37,15.20,16.35,17.11,17.30,17.13
010003243,BOIRON ARGENTUM NITRICUM 12 CH GRANULI 4G,Fitoterapia e Omeopatia,,25.64,24.51,25.60,24.61,24.35,26.04,26.02,26.21,25.45
010003246,BOIRON ARGENTUM NITRICUM 12 CH GLOBULI DOSA UNICA,Fitoterapia e Omeopatia,,45.27,44.44,44.94,43.62,44.50,44.37,44.81,44.03,43.16
010003249,BOIRON ARGENTUM NITRICUM 12 CH GOCCE ORALI 30ML,Fitoterapia e Omeopatia,,7.90,7.46,6.75,7.12,6.45,7.79,5.93,7.49,7.08
010003252,BOIRON ARGENTUM NITRICUM 12 CH FIALE ORALI 20 PEZZI,Fitoterapia e Omeopatia,,42.82,43.66,43.25,43.50,42.10,42.97,44.12,43.40,42.38
010003255,BOIRON ARGENTUM NITRICUM 12 CH UNGUENTO 50G,Fitoterapia e Omeopatia,,20.84,18.62,20.35,19.92,19.86,18.75,18.90,20.27,20.42
010003258,BOIRON ARGENTUM NITRICUM 12 CH SCIROPPO 150ML,Fitoterapia e Omeopatia,,18.21,18.74,18.14,19.83,19.67,18.17,19.14,20.01,18.84
010003261,BOIRON ARGENTUM NITRICUM 15 CH GRANULI 4G,Fitoterapia e Omeopatia,,31.89,32.31,31.48,31.13,32.70,31.37,31.73,30.57,32.56
010003264,BOIRON ARGENTUM NITRICUM 15 CH GLOBULI DOSA UNICA,Fitoterapia e Omeopatia,,33.01,33.10,34.39,34.87,33.73,33.91,34.61,32.93,33.43
010003267,BOIRON ARGENTUM NITRICUM 15 CH GOCCE ORALI 30ML,Fitoterapia e Omeopatia,,31.40,32.05,33.44,32.25,32.76,33.01,33.15,32.05,33.57
010003270,BOIRON ARGENTUM NITRICUM 15 CH FIALE ORALI 20 PEZZI,Fitoterapia e Omeopatia,,14.68,14.55,14.66,13.94,14.89,13.00,14.79,14.63,14.16
010003273,BOIRON ARGENTUM NITRICUM 15 CH UNGUENTO 50G,Fitoterapia e Omeopatia,,30.30,29.88,30.81,30.36,29.71,29.29,30.81,30.10,30.89
010003276,BOIRON ARGENTUM NITRICUM 15 CH SCIROPPO 150ML,Fitoterapia e Omeopatia,,28.45,29.01,29.05,29.98,27.99,29.51,29.83,29.50,28.47
010003279,BOIRON ARGENTUM NITRICUM 30 CH GRANULI 4G,Fitoterapia e Omeopatia,,15.80,17.11,17.30,16.15,17.52,17.53,16.24,15.49,17.13
010003282,BOIRON ARGENTUM NITRICUM 30 CH GLOBULI DOSA UNICA,Fitoterapia e Omeopatia,,43.10,43.81,43.72,43.01,44.21,43.24,43.50,43.86,43.96
010003285,BOIRON ARGENTUM NITRICUM 30 CH GOCCE ORALI 30ML,Fitoterapia e Omeopatia,,22.07,22.13,21.20,23.12,22.56,23.14,22.26,22.89,23.42
010003288,BOIRON ARGENTUM NITRICUM 30 CH FIALE ORALI 20 PEZZI,Fitoterapia e Omeopatia,,37.27,36.32,35.49,37.20,37.02,36.97,36.83,35.63,36.41
010003291,BOIRON ARGENTUM NITRICUM 30 CH UNGUENTO 50G,Fitoterapia e Omeopatia,,37.46,37.77,37.49,36.91,35.78,36.66,36.53,37.25,36.13
010003294,BOIRON ARGENTUM NITRICUM 30 CH SCIROPPO 150ML,Fitoterapia e Omeopatia,,35.83,35.61,34.23,35.31,33.81,35.73,34.18,34.88,34.65
010003297,BOIRON ARGENTUM NITRICUM 200 CH GRANULI 4G,Fitoterapia e Omeopatia,,45.04,43.66,43.83,44.60,42.90,43.66,45.04,44.54,44.26
010003300,BOIRON ARGENTUM NITRICUM 200 CH GLOBULI DOSA UNICA,Fitoterapia e Omeopatia,,16.84,17.79,17.95,16.93,16.81,16.52,17.27,16.53,18.23
010003303,BOIRON ARGENTUM NITRICUM 200 CH GOCCE ORALI 30ML,Fitoterapia e Omeopatia,,6.02,5.92,5.38,5.92,6.96,5.08,6.88,6.98,6.01
010003306,BOIRON ARGENTUM NITRICUM 200 CH FIALE ORALI 20 PEZZI,Fitoterapia e Omeopatia,,27.76,28.63,27.25,27.27,27.61,28.42,29.17,29.04,29.32
010003309,BOIRON ARGENTUM NITRICUM 200 CH UNGUENTO 50G,Fitoterapia e Omeopatia,,27.38,26.53,26.19,25.67,25.47,27.05,27.31,27.04,27.00
010003312,BOIRON ARGENTUM NITRICUM 200 CH SCIROPPO 150ML,Fitoterapia e Omeopatia,,34.79,36.34,34.38,35.43,35.46,36.17,36.60,34.52,34.97
010003315,BOIRON ARGENTUM NITRICUM 1MK GRANULI 4G,Fitoterapia e Omeopatia,,5.59,5.70,4.86,4.86,4.25,5.74,4.88,5.54,4.36
010003318,BOIRON ARGENTUM NITRICUM 1MK GLOBULI DOSA UNICA,Fitoterapia e Omeopatia,,32.87,33.94,33.83,33.29,32.50,33.24,33.50,33.72,34.57
010003321,BOIRON ARGENTUM NITRICUM 1MK GOCCE ORALI 30ML,Fitoterapia e Omeopatia,,6.43,4.21,5.97,4.57,4.53,4.26,6.31,6.45,4.38
010003324,BOIRON ARGENTUM NITRICUM 1MK FIALE ORALI 20 PEZZI,Fitoterapia e Omeopatia,,11.72,10.86,10.93,11.68,11.39,10.93,12.02,11.14,10.41
010003327,BOIRON ARGENTUM NITRICUM 1MK UNGUENTO 50G,Fitoterapia e Omeopatia,,42.84,41.19,43.36,41.31,42.68,43.07,42.92,43.34,42.30
010003330,BOIRON ARGENTUM NITRICUM 1MK SCIROPPO 150ML,Fitoterapia e Omeopatia,,12.92,13.57,13.98,13.52,13.58,15.05,13.56,13.30,14.05
010003333,BOIRON ARGENTUM NITRICUM 6DH GRANULI 4G,Fitoterapia e Omeopatia,,10.86,11.04,12.92,12.96,10.95,10.71,12.89,12.92,13.00
010003336,BOIRON ARGENTUM NITRICUM 6DH GLOBULI DOSA UNICA,Fitoterapia e Omeopatia,,36.29,37.77,37.70,36.76,36.63,37.04,37.85,36.58,38.31
010003339,BOIRON ARGENTUM NITRICUM 6DH GOCCE ORALI 30ML,Fitoterapia e Omeopatia,,9.25,9.55,10.86,10.05,9.54,9.86,11.10,11.10,10.75
010003342,BOIRON ARGENTUM NITRICUM 6DH FIALE ORALI 20 PEZZI,Fitoterapia e Omeopatia,,15.46,16.67,16.05,14.37,15.14,15.71,16.16,15.25,16.31
010003345,BOIRON ARGENTUM NITRICUM 6DH UNGUENTO 50G,Fitoterapia e Omeopatia,,24.52,26.38,25.59,25.06,25.13,26.59,26.10,25.34,25.95
010003348,BOIRON ARGENTUM NITRICUM 6DH SCIROPPO 150ML,Fitoterapia e Omeopatia,,22.03,23.27,23.55,21.99,23.11,21.95,23.87,21.82,22.14
010003351,BOIRON ARGENTUM NITRICUM 12DH GRANULI 4G,Fitoterapia e Omeopatia,,42.14,43.15,42.06,41.45,43.22,42.05,43.39,41.77,42.77
010003354,BOIRON ARGENTUM NITRICUM 12DH GLOBULI DOSA UNICA,Fitoterapia e Omeopatia,,17.45,16.80,16.92,16.48,16.08,17.31,16.19,16.81,17.41
010003357,BOIRON ARGENTUM NITRICUM 12DH GOCCE ORALI 30ML,Fitoterapia e Omeopatia,,37.26,37.37,36.84,37.37,36.54,36.81,37.47,36.70,37.77
010003360,BOIRON ARGENTUM NITRICUM 12DH FIALE ORALI 20 PEZZI,Fitoterapia e Omeopatia,,23.67,22.90,24.00,23.30,22.39,23.79,24.47,23.26,22.14
010003363,BOIRON ARGENTUM NITRICUM 12DH UNGUENTO 50G,Fitoterapia e Omeopatia,,42.22,42.74,43.61,42.88,43.46,43.16,42.80,42.51,42.49
010003366,BOIRON ARGENTUM NITRICUM 12DH SCIROPPO 150ML,Fitoterapia e Omeopatia,,7.00,7.58,7.61,8.34,7.37,7.95,8.06,7.18,7.78
010003369,BOIRON ARSENICUM ALBUM 4 CH GRANULI 4G,Fitoterapia e Omeopatia,,21.58,22.45,21.53,22.70,22.74,22.93,21.92,22.10,22.53
010003372,BOIRON ARSENICUM ALBUM 4 CH GLOBULI DOSA UNICA,Fitoterapia e Omeopatia,,37.84,38.05,37.06,38.45,36.66,37.73,38.17,36.24,36.79
010003375,BOIRON ARSENICUM ALBUM 4 CH GOCCE ORALI 30ML,Fitoterapia e Omeopatia,,44.65,43.17,44.45,42.81,44.19,44.60,42.55,43.14,43.79
010003378,BOIRON ARSENICUM ALBUM 4 CH FIALE ORALI 20 PEZZI,Fitoterapia e Omeopatia,,30.07,28.40,28.39,29.21,29.56,30.68,29.54,29.83,28.48
010003381,BOIRON ARSENICUM ALBUM 4 CH UNGUENTO 50G,Fitoterapia e Omeopatia,,12.65,12.79,12.75,11.75,12.30,11.68,12.00,11.73,11.55
010003384,BOIRON ARSENICUM ALBUM 4 CH SCIROPPO 150ML,Fitoterapia e Omeopatia,,38.77,38.68,38.15,38.28,39.22,39.35,39.70,38.20,39.25
010003387,BOIRON ARSENICUM ALBUM 5 CH GRANULI 4G,Fitoterapia e Omeopatia,,45.70,44.57,45.96,45.99,44.77,45.22,43.93,45.52,44.83
010003390,BOIRON ARSENICUM ALBUM 5 CH GLOBULI DOSA UNICA,Fitoterapia e Omeopatia,,15.85,16.13,15.15,16.38,15.13,14.86,15.94,14.75,16.51
010003393,BOIRON ARSENICUM ALBUM 5 CH GOCCE ORALI 30ML,Fitoterapia e Omeopatia,,14.64,15.52,13.66,15.11,13.73,13.80,13.41,14.93,13.47
010003396,BOIRON ARSENICUM ALBUM 5 CH FIALE ORALI 20 PEZZI,Fitoterapia e Omeopatia,,23.42,23.23,23.07,22.31,22.61,24.31,23.19,22.31,22.86
010003399,BOIRON ARSENICUM ALBUM 5 CH UNGUENTO 50G,Fitoterapia e Omeopatia,,15.54,16.02,15.62,15.76,16.26,17.47,15.71,17.61,17.52
010003402,BOIRON ARSENICUM ALBUM 5 CH SCIROPPO 150ML,Fitoterapia e Omeopatia,,14.82,14.57,13.29,14.07,13.88,14.12,14.54,15.19,13.40
010003405,BOIRON ARSENICUM ALBUM 7 CH GRANULI 4G,Fitoterapia e Omeopatia,,4.03,5.23,4.53,5.47,4.33,3.76,4.95,4.30,5.06
010003408,BOIRON ARSENICUM ALBUM 7 CH GLOBULI DOSA UNICA,Fitoterapia e Omeopatia,,40.94,39.62,39.78,40.17,41.23,41.21,41.05,40.33,40.71
010003411,BOIRON ARSENICUM ALBUM 7 CH GOCCE ORALI 30ML,Fitoterapia e Omeopatia,,42.20,42.01,41.06,42.98,41.98,41.00,42.80,40.93,41.68
010003414,BOIRON ARSENICUM ALBUM 7 CH FIALE ORALI 20 PEZZI,Fitoterapia e Omeopatia,,23.62,23.25,22.47,23.78,24.23,24.15,22.90,22.98,22.61
010003417,BOIRON ARSENICUM ALBUM 7 CH UNGUENTO 50G,Fitoterapia e Omeopatia,,19.31,20.46,20.21,20.81,19.12,21.13,19.84,21.24,19.75
010003420,BOIRON ARSENICUM ALBUM 7 CH SCIROPPO 150ML,Fitoterapia e Omeopatia,,41.23,40.55,41.45,40.57,40.87,39.92,41.66,39.90,41.55
010003423,BOIRON ARSENICUM ALBUM 9 CH GRANULI 4G,Fitoterapia e Omeopatia,,10.98,13.11,12.21,12.04,11.17,12.85,12.92,13.15,11.95
010003426,BOIRON ARSENICUM ALBUM 9 CH GLOBULI DOSA UNICA,Fitoterapia e Omeopatia,,6.35,6.42,5.90,7.04,7.34,6.31,7.15,5.92,7.43
010003429,BOIRON ARSENICUM ALBUM 9 CH GOCCE ORALI 30ML,Fitoterapia e Omeopatia,,4.63,5.40,4.76,5.73,6.20,4.77,4.21,4.33,4.19
010003432,BOIRON ARSENICUM ALBUM 9 CH FIALE ORALI 20 PEZZI,Fitoterapia e Omeopatia,,10.73,10.49,9.35,8.46,8.50,10.13,8.82,10.42,9.63
010003435,BOIRON ARSENICUM ALBUM 9 CH UNGUENTO 50G,Fitoterapia e Omeopatia,,39.10,39.84,39.10,39.73,39.07,39.47,40.28,40.82,39.87
010003438,BOIRON ARSENICUM ALBUM 9 CH SCIROPPO 150ML,Fitoterapia e Omeopatia,,33.15,32.51,33.06,33.64,33.03,33.95,33.66,32.23,33.87
010003441,BOIRON ARSENICUM ALBUM 12 CH GRANULI 4G,Fitoterapia e Omeopatia,,23.79,22.00,22.48,23.82,21.68,23.22,23.67,22.13,22.40
010003444,BOIRON ARSENICUM ALBUM 12 CH GLOBULI DOSA UNICA,Fitoterapia e Omeopatia,,11.39,9.65,9.68,10.65,9.75,9.73,9.51,10.03,10.72
010003447,BOIRON ARSENICUM ALBUM 12 CH GOCCE ORALI 30ML,Fitoterapia e Omeopatia,,34.92,35.50,35.22,35.46,36.23,36.17,36.30,36.46,35.68
010003450,BOIRON ARSENICUM ALBUM 12 CH FIALE ORALI 20 PEZZI,Fitoterapia e Omeopatia,,40.72,39.94,40.48,41.00,40.90,40.81,40.14,40.53,40.26
010003453,BOIRON ARSENICUM ALBUM 12 CH UNGUENTO 50G,Fitoterapia e Omeopatia,,36.38,36.25,35.01,37.17,36.41,35.36,36.19,35.26,35.99
010003456,BOIRON ARSENICUM ALBUM 12 CH SCIROPPO 150ML,Fitoterapia e Omeopatia,,10.79,11.70,10.71,10.15,10.06,11.45,9.57,10.97,9.56
010003459,BOIRON ARSENICUM ALBUM 15 CH GRANULI 4G,Fitoterapia e Omeopatia,,11.12,10.88,10.89,11.99,10.58,12.32,10.80,12.12,10.52
010003462,BOIRON ARSENICUM ALBUM 15 CH GLOBULI DOSA UNICA,Fitoterapia e Omeopatia,,16.23,16.14,17.87,16.14,15.70,16.93,16.60,16.29,16.66
010003465,BOIRON ARSENICUM ALBUM 15 CH GOCCE ORALI 30ML,Fitoterapia e Omeopatia,,42.99,41.48,41.82,43.01,42.18,42.21,41.73,41.04,41.26
010003468,BOIRON ARSENICUM ALBUM 15 CH FIALE ORALI 20 PEZZI,Fitoterapia e Omeopatia,,31.41,30.24,31.95,31.00,30.18,31.48,30.34,30.12,30.93
010003471,BOIRON ARSENICUM ALBUM 15 CH UNGUENTO 50G,Fitoterapia e Omeopatia,,22.92,24.55,24.61,25.06,24.89,22.80,24.87,23.59,24.53
010003474,BOIRON ARSENICUM ALBUM 15 CH SCIROPPO 150ML,Fitoterapia e Omeopatia,,33.24,32.40,31.39,33.06,32.84,31.72,33.20,32.54,33.63
010003477,BOIRON ARSENICUM ALBUM 30 CH GRANULI 4G,Fitoterapia e Omeopatia,,39.69,38.46,38.69,39.78,38.56,38.80,39.75,39.86,38.68
010003480,BOIRON ARSENICUM ALBUM 30 CH GLOBULI DOSA UNICA,Fitoterapia e Omeopatia,,22.65,21.94,23.79,23.28,22.62,22.85,21.58,23.59,22.07
010003483,BOIRON ARSENICUM ALBUM 30 CH GOCCE ORALI 30ML,Fitoterapia e Omeopatia,,21.78,21.81,22.54,22.18,21.32,21.84,21.45,22.41,22.95
010003486,BOIRON ARSENICUM ALBUM 30 CH FIALE ORALI 20 PEZZI,Fitoterapia e Omeopatia,,23.26,24.13,24.11,22.59,23.29,24.02,24.11,23.35,23.48
010003489,BOIRON ARSENICUM ALBUM 30 CH UNGUENTO 50G,Fitoterapia e Omeopatia,,28.00,29.27,30.00,28.32,30.21,29.45,29.70,28.00,29.12
010003492,BOIRON ARSENICUM ALBUM 30 CH SCIROPPO 150ML,Fitoterapia e Omeopatia,,14.04,14.68,14.55,15.06,14.65,15.22,14.16,14.99,15.13
010003495,BOIRON ARSENICUM ALBUM 200 CH GRANULI 4G,Fitoterapia e Omeopatia,,21.38,20.40,20.07,19.90,21.40,20.86,19.59,21.23,20.78
010003498,BOIRON ARSENICUM ALBUM 200 CH GLOBULI DOSA UNICA,Fitoterapia e Omeopatia,,11.23,11.07,11.41,11.64,11.18,11.06,11.91,9.94,10.55
010003501,BOIRON ARSENICUM ALBUM 200 CH GOCCE ORALI 30ML,Fitoterapia e Omeopatia,,21.56,22.31,21.76,21.77,21.57,22.17,22.53,20.86,22.43
010003504,BOIRON ARSENICUM ALBUM 200 CH FIALE ORALI 20 PEZZI,Fitoterapia e Omeopatia,,34.64,35.35,36.01,35.10,34.75,35.41,36.19,35.62,34.62
010003507,BOIRON ARSENICUM ALBUM 200 CH UNGUENTO 50G,Fitoterapia e Omeopatia,,42.43,43.02,41.49,42.53,42.75,41.89,41.11,41.73,42.45
010003510,BOIRON ARSENICUM ALBUM 200 CH SCIROPPO 150ML,Fitoterapia e Omeopatia,,42.77,43.09,42.91,43.81,43.81,43.26,42.52,43.36,42.83
010003513,BOIRON ARSENICUM ALBUM 1MK GRANULI 4G,Fitoterapia e Omeopatia,,11.02,10.47,9.70,10.92,9.69,10.80,9.60,10.60,11.24
010003516,BOIRON ARSENICUM ALBUM 1MK GLOBULI DOSA UNICA,Fitoterapia e Omeopatia,,30.74,30.80,32.06,31.99,31.03,30.34,32.44,32.21,31.65
010003519,BOIRON ARSENICUM ALBUM 1MK GOCCE ORALI 30ML,Fitoterapia e Omeopatia,,39.26,39.40,38.46,39.42,38.63,40.71,38.62,39.84,38.77
010003522,BOIRON ARSENICUM ALBUM 1MK FIALE ORALI 20 PEZZI,Fitoterapia e Omeopatia,,34.07,33.94,36.07,35.54,34.37,35.87,35.96,34.76,34.96
010003525,BOIRON ARSENICUM ALBUM 1MK UNGUENTO 50G,Fitoterapia e Omeopatia,,42.37,41.84,43.37,42.72,41.63,43.11,43.00,43.48,41.56
010003528,BOIRON ARSENICUM ALBUM 1MK SCIROPPO 150ML,Fitoterapia e Omeopatia,,28.15,28.66,28.56,27.44,27.81,28.29,29.09,28.19,28.27
010003531,BOIRON ARSENICUM ALBUM 6DH GRANULI 4G,Fitoterapia e Omeopatia,,23.07,23.30,23.78,23.64,23.29,23.41,22.23,23.47,23.35
010003534,BOIRON ARSENICUM ALBUM 6DH GLOBULI DOSA UNICA,Fitoterapia e Omeopatia,,45.90,44.06,45.78,44.32,44.13,45.23,43.92,45.97,45.35
010003537,BOIRON ARSENICUM ALBUM 6DH GOCCE ORALI 30ML,Fitoterapia e Omeopatia,,16.07,16.74,16.25,15.65,17.04,17.56,16.88,15.67,15.74
010003540,BOIRON ARSENICUM ALBUM 6DH FIALE ORALI 20 PEZZI,Fitoterapia e Omeopatia,,44.54,43.58,43.57,42.95,44.59,42.97,43.86,43.64,43.11
010003543,BOIRON ARSENICUM ALBUM 6DH UNGUENTO 50G,Fitoterapia e Omeopatia,,12.54,10.68,11.70,11.42,12.19,11.19,12.28,10.40,10.74
010003546,BOIRON ARSENICUM ALBUM 6DH SCIROPPO 150ML,Fitoterapia e Omeopatia,,13.43,12.31,14.58,12.84,13.84,13.77,13.62,12.72,14.06
010003549,BOIRON ARSENICUM ALBUM 12DH GRANULI 4G,Fitoterapia e Omeopatia,,41.25,40.65,41.44,40.52,41.88,40.30,41.44,41.89,41.46
010003552,BOIRON ARSENICUM ALBUM 12DH GLOBULI DOSA UNICA,Fitoterapia e Omeopatia,,19.45,18.54,18.47,18.23,17.67,18.03,17.72,18.29,17.94
010003555,BOIRON ARSENICUM ALBUM 12DH GOCCE ORALI 30ML,Fitoterapia e Omeopatia,,31.79,31.39,32.15,31.54,31.07,31.01,31.20,30.30,32.13
010003558,BOIRON ARSENICUM ALBUM 12DH FIALE ORALI 20 PEZZI,Fitoterapia e Omeopatia,,36.83,37.17,36.93,35.42,36.56,36.71,37.46,37.26,35.67
010003561,BOIRON ARSENICUM ALBUM 12DH UNGUENTO 50G,Fitoterapia e Omeopatia,,33.24,33.78,34.21,35.08,33.10,34.80,34.57,33.69,33.72
010003564,BOIRON ARSENICUM ALBUM 12DH SCIROPPO 150ML,Fitoterapia e Omeopatia,,24.91,24.97,26.56,24.79,26.99,25.41,26.97,26.39,25.35
010003567,BOIRON CHAMOMILLA 4 CH GRANULI 4G,Fitoterapia e Omeopatia,,37.74,37.87,39.23,38.83,38.12,39.61,38.93,37.51,39.66
010003570,BOIRON CHAMOMILLA 4 CH GLOBULI DOSA UNICA,Fitoterapia e Omeopatia,,28.68,28.65,29.52,27.85,27.52,28.72,29.62,29.02,27.55
010003573,BOIRON CHAMOMILLA 4 CH GOCCE ORALI 30ML,Fitoterapia e Omeopatia,,12.96,13.43,13.13,13.00,13.05,12.49,13.59,13.41,14.61
010003576,BOIRON CHAMOMILLA 4 CH FIALE ORALI 20 PEZZI,Fitoterapia e Omeopatia,,9.93,10.46,9.87,8.41,9.34,10.58,8.71,10.00,8.40
010003579,BOIRON CHAMOMILLA 4 CH UNGUENTO 50G,Fitoterapia e Omeopatia,,29.73,30.09,30.47,31.72,31.05,30.09,31.78,29.85,30.73
010003582,BOIRON CHAMOMILLA 4 CH SCIROPPO 150ML,Fitoterapia e Omeopatia,,34.32,34.28,35.86,35.15,33.85,34.73,34.54,34.53,34.82
010003585,BOIRON CHAMOMILLA 5 CH GRANULI 4G,Fitoterapia e Omeopatia,,20.13,20.71,21.65,21.41,20.44,20.95,21.09,22.08,21.86
010003588,BOIRON CHAMOMILLA 5 CH GLOBULI DOSA UNICA,Fitoterapia e Omeopatia,,13.57,14.69,14.36,14.99,14.70,14.08,14.95,13.31,14.75
010003591,BOIRON CHAMOMILLA 5 CH GOCCE ORALI 30ML,Fitoterapia e Omeopatia,,19.40,18.25,18.03,19.40,19.72,18.35,19.46,17.72,17.45
010003594,BOIRON CHAMOMILLA 5 CH FIALE ORALI 20 PEZZI,Fitoterapia e Omeopatia,,28.73,28.05,28.76,28.28,29.17,27.65,29.15,28.16,28.44
010003597,BOIRON CHAMOMILLA 5 CH UNGUENTO 50G,Fitoterapia e Omeopatia,,23.00,23.98,22.46,23.95,23.86,23.78,23.72,23.22,24.20
010003600,BOIRON CHAMOMILLA 5 CH SCIROPPO 150ML,Fitoterapia e Omeopatia,,10.88,9.74,10.86,9.23,10.20,9.68,9.27,10.11,9.13
010003603,BOIRON CHAMOMILLA 7 CH GRANULI 4G,Fitoterapia e Omeopatia,,31.58,31.52,31.14,31.27,30.95,31.08,32.06,32.92,32.33
010003606,BOIRON CHAMOMILLA 7 CH GLOBULI DOSA UNICA,Fitoterapia e Omeopatia,,33.51,34.19,33.58,33.37,33.14,33.38,35.14,35.14,32.93
010003609,BOIRON CHAMOMILLA 7 CH GOCCE ORALI 30ML,Fitoterapia e Omeopatia,,11.55,12.74,12.29,13.23,12.35,11.79,13.45,13.12,13.70
010003612,BOIRON CHAMOMILLA 7 CH FIALE ORALI 20 PEZZI,Fitoterapia e Omeopatia,,28.40,27.93,27.74,28.26,26.86,27.51,27.29,26.61,27.70
010003615,BOIRON CHAMOMILLA 7 CH UNGUENTO 50G,Fitoterapia e Omeopatia,,44.82,44.13,44.19,44.04,45.05,44.29,45.12,44.51,44.65
010003618,BOIRON CHAMOMILLA 7 CH SCIROPPO 150ML,Fitoterapia e Omeopatia,,37.88,38.56,36.62,37.47,36.89,36.84,36.29,37.57,37.18
010003621,BOIRON CHAMOMILLA 9 CH GRANULI 4G,Fitoterapia e Omeopatia,,44.16,43.32,44.64,44.30,42.90,42.98,42.66,44.77,42.65
010003624,BOIRON CHAMOMILLA 9 CH GLOBULI DOSA UNICA,Fitoterapia e Omeopatia,,20.95,21.19,20.01,21.35,20.44,20.37,20.48,19.66,21.14
010003627,BOIRON CHAMOMILLA 9 CH GOCCE ORALI 30ML,Fitoterapia e Omeopatia,,20.02,20.34,18.57,19.95,19.43,19.72,20.22,20.16,18.84
010003630,BOIRON CHAMOMILLA 9 CH FIALE ORALI 20 PEZZI,Fitoterapia e Omeopatia,,40.42,40.16,39.45,41.05,40.96,41.04,40.51,41.02,40.44
010003633,BOIRON CHAMOMILLA 9 CH UNGUENTO 50G,Fitoterapia e Omeopatia,,17.41,19.02,17.31,19.60,17.91,17.67,18.00,19.59,18.38
010003636,BOIRON CHAMOMILLA 9 CH SCIROPPO 150ML,Fitoterapia e Omeopatia,,6.66,6.55,6.78,7.42,6.67,8.38,6.96,8.40,7.90
010003639,BOIRON CHAMOMILLA 12 CH GRANULI 4G,Fitoterapia e Omeopatia,,23.00,22.41,23.92,24.55,23.61,24.37,23.62,23.16,22.84
010003642,BOIRON CHAMOMILLA 12 CH GLOBULI DOSA UNICA,Fitoterapia e Omeopatia,,11.50,12.83,11.75,10.80,12.98,12.41,12.11,12.27,11.30
010003645,BOIRON CHAMOMILLA 12 CH GOCCE ORALI 30ML,Fitoterapia e Omeopatia,,19.16,19.51,19.56,19.35,18.88,20.24,18.88,20.77,19.34
010003648,BOIRON CHAMOMILLA 12 CH FIALE ORALI 20 PEZZI,Fitoterapia e Omeopatia,,23.40,24.17,23.42,23.11,24.48,24.19,23.45,23.72,23.54
010003651,BOIRON CHAMOMILLA 12 CH UNGUENTO 50G,Fitoterapia e Omeopatia,,5.71,6.98,7.18,5.66,7.67,7.21,6.69,6.69,7.01
010003654,BOIRON CHAMOMILLA 12 CH SCIROPPO 150ML,Fitoterapia e Omeopatia,,14.97,14.72,15.76,16.35,16.27,16.75,15.46,14.96,16.59
010003657,BOIRON CHAMOMILLA 15 CH GRANULI 4G,Fitoterapia e Omeopatia,,14.61,12.73,12.83,12.89,13.22,14.68,14.01,13.23,13.32
010003660,BOIRON CHAMOMILLA 15 CH GLOBULI DOSA UNICA,Fitoterapia e Omeopatia,,42.97,43.29,41.96,42.74,44.29,42.00,43.53,42.98,42.44
010003663,BOIRON CHAMOMILLA 15 CH GOCCE ORALI 30ML,Fitoterapia e Omeopatia,,37.76,37.99,35.93,36.99,38.05,36.47,37.09,38.04,36.42
010003666,BOIRON CHAMOMILLA 15 CH FIALE ORALI 20 PEZZI,Fitoterapia e Omeopatia,,38.09,36.29,36.19,37.27,37.55,36.28,36.32,35.79,36.60
010003669,BOIRON CHAMOMILLA 15 CH UNGUENTO 50G,Fitoterapia e Omeopatia,,13.10,13.54,11.97,13.74,12.96,11.53,12.62,12.19,13.08
010003672,BOIRON CHAMOMILLA 15 CH SCIROPPO 150ML,Fitoterapia e Omeopatia,,12.53,11.41,12.67,11.14,12.21,11.71,13.03,11.93,10.79
010003675,BOIRON CHAMOMILLA 30 CH GRANULI 4G,Fitoterapia e Omeopatia,,38.95,39.46,38.59,37.26,37.23,37.52,39.43,37.21,37.61
010003678,BOIRON CHAMOMILLA 30 CH GLOBULI DOSA UNICA,Fitoterapia e Omeopatia,,12.65,14.04,13.61,13.41,12.25,13.77,14.02,12.47,14.01
010003681,BOIRON CHAMOMILLA 30 CH GOCCE ORALI 30ML,Fitoterapia e Omeopatia,,33.30,32.79,32.34,33.77,32.77,33.52,34.60,34.19,34.69
010003684,BOIRON CHAMOMILLA 30 CH FIALE ORALI 20 PEZZI,Fitoterapia e Omeopatia,,5.39,3.79,5.40,5.13,5.08,4.56,4.49,5.33,4.76
010003687,BOIRON CHAMOMILLA 30 CH UNGUENTO 50G,Fitoterapia e Omeopatia,,41.43,39.91,40.48,39.75,39.94,41.30,39.93,41.53,40.20
010003690,BOIRON CHAMOMILLA 30 CH SCIROPPO 150ML,Fitoterapia e Omeopatia,,28.37,29.72,28.89,27.74,27.90,29.59,27.40,27.57,28.93
010003693,BOIRON CHAMOMILLA 200 CH GRANULI 4G,Fitoterapia e Omeopatia,,6.71,7.26,6.62,5.65,7.11,6.77,7.42,6.76,6.62
010003696,BOIRON CHAMOMILLA 200 CH GLOBULI DOSA UNICA,Fitoterapia e Omeopatia,,21.69,21.92,22.14,22.63,21.95,23.08,23.01,21.16,22.51
010003699,BOIRON CHAMOMILLA 200 CH GOCCE ORALI 30ML,Fitoterapia e Omeopatia,,33.62,33.21,34.47,33.13,32.19,32.70,33.32,32.38,34.27
010003702,BOIRON CHAMOMILLA 200 CH FIALE ORALI 20 PEZZI,Fitoterapia e Omeopatia,,4.93,5.41,4.94,5.08,3.75,5.02,3.42,4.13,4.27
010003705,BOIRON CHAMOMILLA 200 CH UNGUENTO 50G,Fitoterapia e Omeopatia,,42.60,43.09,41.05,43.19,41.18,43.30,41.18,41.81,41.45
010003708,BOIRON CHAMOMILLA 200 CH SCIROPPO 150ML,Fitoterapia e Omeopatia,,29.41,28.46,29.89,28.94,30.03,28.15,28.82,29.50,29.34
010003711,BOIRON CHAMOMILLA 1MK GRANULI 4G,Fitoterapia e Omeopatia,,28.26,28.19,28.30,29.96,28.37,29.18,29.86,27.99,29.96
010003714,BOIRON CHAMOMILLA 1MK GLOBULI DOSA UNICA,Fitoterapia e Omeopatia,,10.67,11.64,12.05,12.41,10.51,10.75,11.27,11.74,11.25
010003717,BOIRON CHAMOMILLA 1MK GOCCE ORALI 30ML,Fitoterapia e Omeopatia,,16.07,16.13,15.57,16.76,16.08,16.84,15.06,16.20,14.59
010003720,BOIRON CHAMOMILLA 1MK FIALE ORALI 20 PEZZI,Fitoterapia e Omeopatia,,45.22,45.59,43.84,44.32,43.62,44.23,43.71,43.58,43.67
010003723,BOIRON CHAMOMILLA 1MK UNGUENTO 50G,Fitoterapia e Omeopatia,,13.59,13.19,14.39,14.53,12.82,14.05,12.99,14.29,13.47
010003726,BOIRON CHAMOMILLA 1MK SCIROPPO 150ML,Fitoterapia e Omeopatia,,29.05,28.98,28.59,28.13,29.67,29.32,28.78,29.56,28.91
010003729,BOIRON CHAMOMILLA 6DH GRANULI 4G,Fitoterapia e Omeopatia,,10.05,8.51,8.09,10.39,9.19,10.18,8.13,8.61,9.53
010003732,BOIRON CHAMOMILLA 6DH GLOBULI DOSA UNICA,Fitoterapia e Omeopatia,,43.86,43.31,43.58,44.44,43.64,43.73,43.13,45.16,43.71
010003735,BOIRON CHAMOMILLA 6DH GOCCE ORALI 30ML,Fitoterapia e Omeopatia,,22.27,22.90,21.01,21.08,21.05,21.33,21.79,21.27,21.15
010003738,BOIRON CHAMOMILLA 6DH FIALE ORALI 20 PEZZI,Fitoterapia e Omeopatia,,10.07,10.23,9.95,10.58,9.62,8.69,10.39,9.74,9.68
010003741,BOIRON CHAMOMILLA 6DH UNGUENTO 50G,Fitoterapia e Omeopatia,,39.30,38.98,38.44,39.32,39.28,38.60,39.32,39.73,38.09
010003744,BOIRON CHAMOMILLA 6DH SCIROPPO 150ML,Fitoterapia e Omeopatia,,23.33,22.88,24.25,24.87,24.16,24.47,23.14,24.75,23.38
010003747,BOIRON CHAMOMILLA 12DH GRANULI 4G,Fitoterapia e Omeopatia,,11.99,12.44,13.06,13.58,11.76,12.78,12.48,12.99,12.17
010003750,BOIRON CHAMOMILLA 12DH GLOBULI DOSA UNICA,Fitoterapia e Omeopatia,,27.70,27.51,28.61,27.95,28.74,28.85,28.44,28.48,28.37
010003753,BOIRON CHAMOMILLA 12DH GOCCE ORALI 30ML,Fitoterapia e Omeopatia,,36.99,37.59,36.43,38.42,38.26,36.44,36.42,37.08,38.02
010003756,BOIRON CHAMOMILLA 12DH FIALE ORALI 20 PEZZI,Fitoterapia e Omeopatia,,23.22,24.25,23.14,22.33,24.15,24.04,22.75,23.58,23.79
010003759,BOIRON CHAMOMILLA 12DH UNGUENTO 50G,Fitoterapia e Omeopatia,,8.07,8.73,7.76,9.68,9.63,7.60,7.76,7.62,7.51
010003762,BOIRON CHAMOMILLA 12DH SCIROPPO 150ML,Fitoterapia e Omeopatia,,34.37,33.33,35.15,34.18,34.22,35.47,35.30,34.07,35.12
010003765,BOIRON EUPATORIUM 4 CH GRANULI 4G,Fitoterapia e Omeopatia,,35.61,35.98,35.89,36.77,36.56,34.54,36.71,34.73,34.52
010003768,BOIRON EUPATORIUM 4 CH GLOBULI DOSA UNICA,Fitoterapia e Omeopatia,,14.84,14.59,15.45,13.88,14.00,13.99,15.14,13.84,13.11
010003771,BOIRON EUPATORIUM 4 CH GOCCE ORALI 30ML,Fitoterapia e Omeopatia,,21.53,20.54,20.29,20.26,22.12,20.95,22.11,21.97,20.97
010003774,BOIRON EUPATORIUM 4 CH FIALE ORALI 20 PEZZI,Fitoterapia e Omeopatia,,43.28,42.50,43.10,41.17,42.15,43.11,41.64,41.23,43.22
010003777,BOIRON EUPATORIUM 4 CH UNGUENTO 50G,Fitoterapia e Omeopatia,,39.36,39.39,38.75,40.62,39.79,40.41,40.81,40.54,40.65
010003780,BOIRON EUPATORIUM 4 CH SCIROPPO 150ML,Fitoterapia e Omeopatia,,35.09,35.56,33.92,34.38,33.90,34.51,33.37,33.49,34.55
010003783,BOIRON EUPATORIUM 5 CH GRANULI 4G,Fitoterapia e Omeopatia,,11.18,10.16,10.14,10.88,9.40,9.26,10.24,10.32,10.97
010003786,BOIRON EUPATORIUM 5 CH GLOBULI DOSA UNICA,Fitoterapia e Omeopatia,,28.72,28.57,29.73,30.42,30.45,28.17,29.21,30.49,30.21
010003789,BOIRON EUPATORIUM 5 CH GOCCE ORALI 30ML,Fitoterapia e Omeopatia,,26.21,25.98,25.35,26.81,24.95,24.92,26.33,25.14,25.93
010003792,BOIRON EUPATORIUM 5 CH FIALE ORALI 20 PEZZI,Fitoterapia e Omeopatia,,37.04,37.93,37.44,36.14,36.77,36.08,36.99,35.86,36.86
010003795,BOIRON EUPATORIUM 5 CH UNGUENTO 50G,Fitoterapia e Omeopatia,,28.34,27.63,27.06,26.79,28.22,27.49,28.06,27.00,27.84
010003798,BOIRON EUPATORIUM 5 CH SCIROPPO 150ML,Fitoterapia e Omeopatia,,17.23,15.99,16.11,16.78,15.93,16.83,16.82,16.32,17.67
010003801,BOIRON EUPATORIUM 7 CH GRANULI 4G,Fitoterapia e Omeopatia,,15.93,16.69,16.24,16.18,14.52,16.39,14.70,15.35,15.43
010003804,BOIRON EUPATORIUM 7 CH GLOBULI DOSA UNICA,Fitoterapia e Omeopatia,,40.48,41.80,40.30,40.91,41.94,41.92,41.29,41.83,40.66
010003807,BOIRON EUPATORIUM 7 CH GOCCE ORALI 30ML,Fitoterapia e Omeopatia,,9.88,8.79,10.91,10.15,10.22,10.11,10.70,10.79,11.01
010003810,BOIRON EUPATORIUM 7 CH FIALE ORALI 20 PEZZI,Fitoterapia e Omeopatia,,36.70,36.55,36.10,38.43,37.24,37.12,37.82,36.06,36.71
010003813,BOIRON EUPATORIUM 7 CH UNGUENTO 50G,Fitoterapia e Omeopatia,,36.33,36.26,35.64,36.74,35.59,36.25,35.91,35.56,35.31
010003816,BOIRON EUPATORIUM 7 CH SCIROPPO 150ML,Fitoterapia e Omeopatia,,40.30,39.80,40.30,40.77,40.19,40.53,41.02,39.65,39.43
010003819,BOIRON EUPATORIUM 9 CH GRANULI 4G,Fitoterapia e Omeopatia,,13.50,13.44,15.44,13.23,13.15,14.64,13.69,15.44,13.63
010003822,BOIRON EUPATORIUM 9 CH GLOBULI DOSA UNICA,Fitoterapia e Omeopatia,,9.04,9.21,9.01,9.16,7.63,7.99,7.68,9.87,9.05
010003825,BOIRON EUPATORIUM 9 CH GOCCE ORALI 30ML,Fitoterapia e Omeopatia,,35.63,34.78,35.69,34.78,35.61,35.25,35.95,36.64,34.97
010003828,BOIRON EUPATORIUM 9 CH FIALE ORALI 20 PEZZI,Fitoterapia e Omeopatia,,34.56,34.96,35.46,34.69,35.48,35.83,35.80,34.45,35.44
010003831,BOIRON EUPATORIUM 9 CH UNGUENTO 50G,Fitoterapia e Omeopatia,,29.98,31.80,30.10,30.76,31.89,31.63,30.69,30.70,31.03
010003834,BOIRON EUPATORIUM 9 CH SCIROPPO 150ML,Fitoterapia e Omeopatia,,11.79,13.34,11.21,12.01,13.29,11.45,11.02,12.88,12.83
010003837,BOIRON EUPATORIUM 12 CH GRANULI 4G,Fitoterapia e Omeopatia,,24.87,25.47,26.79,26.41,25.89,25.89,26.65,25.26,25.38
010003840,BOIRON EUPATORIUM 12 CH GLOBULI DOSA UNICA,Fitoterapia e Omeopatia,,29.83,29.47,30.46,29.08,28.75,29.96,30.43,28.73,30.05
010003843,BOIRON EUPATORIUM 12 CH GOCCE ORALI 30ML,Fitoterapia e Omeopatia,,13.79,13.04,12.07,13.45,13.80,12.62,12.41,12.17,13.44
010003846,BOIRON EUPATORIUM 12 CH FIALE ORALI 20 PEZZI,Fitoterapia e Omeopatia,,17.65,16.76,16.87,16.21,15.72,15.91,15.60,17.29,17.10
010003849,BOIRON EUPATORIUM 12 CH UNGUENTO 50G,Fitoterapia e Omeopatia,,18.65,17.10,17.07,17.73,18.77,19.18,17.09,18.66,17.75
010003852,BOIRON EUPATORIUM 12 CH SCIROPPO 150ML,Fitoterapia e Omeopatia,,10.62,10.27,8.94,10.53,9.61,9.43,10.26,9.68,9.98
010003855,BOIRON EUPATORIUM 15 CH GRANULI 4G,Fitoterapia e Omeopatia,,13.41,12.56,13.42,13.55,14.16,13.82,14.43,12.60,13.82
010003858,BOIRON EUPATORIUM 15 CH GLOBULI DOSA UNICA,Fitoterapia e Omeopatia,,40.25,41.27,39.54,40.65,40.64,40.27,39.17,39.64,39.88
010003861,BOIRON EUPATORIUM 15 CH GOCCE ORALI 30ML,Fitoterapia e Omeopatia,,26.62,28.11,26.99,26.63,28.14,28.15,27.12,27.95,26.75
010003864,BOIRON EUPATORIUM 15 CH FIALE ORALI 20 PEZZI,Fitoterapia e Omeopatia,,28.97,29.21,30.91,30.75,30.43,31.17,31.01,29.12,31.07
010003867,BOIRON EUPATORIUM 15 CH UNGUENTO 50G,Fitoterapia e Omeopatia,,34.92,35.24,35.20,36.04,35.01,36.04,35.67,35.10,34.93
010003870,BOIRON EUPATORIUM 15 CH SCIROPPO 150ML,Fitoterapia e Omeopatia,,14.71,15.24,13.82,14.02,14.58,14.91,14.12,14.87,15.10
010003873,BOIRON EUPATORIUM 30 CH GRANULI 4G,Fitoterapia e Omeopatia,,8.93,8.10,7.81,7.73,8.05,8.87,7.40,8.80,8.62
010003876,BOIRON EUPATORIUM 30 CH GLOBULI DOSA UNICA,Fitoterapia e Omeopatia,,5.92,6.34,6.24,6.74,5.30,5.92,6.77,6.40,5.74
010003879,BOIRON EUPATORIUM 30 CH GOCCE ORALI 30ML,Fitoterapia e Omeopatia,,20.59,19.77,20.25,20.31,19.41,20.06,19.16,18.91,20.92
010003882,BOIRON EUPATORIUM 30 CH FIALE ORALI 20 PEZZI,Fitoterapia e Omeopatia,,10.55,12.44,11.28,10.13,11.78,10.99,11.51,10.36,10.65
010003885,BOIRON EUPATORIUM 30 CH UNGUENTO 50G,Fitoterapia e Omeopatia,,22.03,22.91,21.30,22.67,21.84,21.80,21.44,22.58,22.83
010003888,BOIRON EUPATORIUM 30 CH SCIROPPO 150ML,Fitoterapia e Omeopatia,,8.78,7.59,7.68,8.44,9.30,9.39,7.39,7.92,8.72
010003891,BOIRON EUPATORIUM 200 CH GRANULI 4G,Fitoterapia e Omeopatia,,23.15,24.02,24.03,22.19,22.00,22.31,23.99,23.63,23.28
010003894,BOIRON EUPATORIUM 200 CH GLOBULI DOSA UNICA,Fitoterapia e Omeopatia,,25.96,25.27,24.21,26.05,24.95,25.72,24.24,24.55,24.59
010003897,BOIRON EUPATORIUM 200 CH GOCCE ORALI 30ML,Fitoterapia e Omeopatia,,33.57,33.53,34.55,34.87,34.23,33.20,33.69,34.76,33.76
010003900,BOIRON EUPATORIUM 200 CH FIALE ORALI 20 PEZZI,Fitoterapia e Omeopatia,,9.67,9.45,9.70,8.76,11.06,8.87,10.05,8.78,8.77
010003903,BOIRON EUPATORIUM 200 CH UNGUENTO 50G,Fitoterapia e Omeopatia,,20.66,20.61,19.86,20.50,19.38,20.52,19.90,19.13,20.61
010003906,BOIRON EUPATORIUM 200 CH SCIROPPO 150ML,Fitoterapia e Omeopatia,,31.18,31.74,30.99,30.70,32.62,31.15,32.12,31.88,32.36
010003909,BOIRON EUPATORIUM 1MK GRANULI 4G,Fitoterapia e Omeopatia,,17.19,18.97,17.08,17.74,17.34,17.86,18.44,17.45,18.87
010003912,BOIRON EUPATORIUM 1MK GLOBULI DOSA UNICA,Fitoterapia e Omeopatia,,17.01,16.36,15.39,16.42,15.61,15.64,15.68,16.80,16.61
010003915,BOIRON EUPATORIUM 1MK GOCCE ORALI 30ML,Fitoterapia e Omeopatia,,25.23,26.12,23.87,25.06,24.88,25.75,25.99,24.29,24.87
010003918,BOIRON EUPATORIUM 1MK FIALE ORALI 20 PEZZI,Fitoterapia e Omeopatia,,40.16,39.23,40.26,39.78,40.44,38.56,40.44,40.62,40.20
010003921,BOIRON EUPATORIUM 1MK UNGUENTO 50G,Fitoterapia e Omeopatia,,30.83,30.96,29.57,30.87,30.69,29.97,29.42,29.94,28.96
010003924,BOIRON EUPATORIUM 1MK SCIROPPO 150ML,Fitoterapia e Omeopatia,,7.52,7.68,5.59,6.08,7.33,7.41,5.66,6.35,6.18
010003927,BOIRON EUPATORIUM 6DH GRANULI 4G,Fitoterapia e Omeopatia,,19.18,17.48,19.56,19.11,19.25,17.54,18.95,17.47,18.09
010003930,BOIRON EUPATORIUM 6DH GLOBULI DOSA UNICA,Fitoterapia e Omeopatia,,21.89,20.27,21.25,22.26,22.04,22.29,22.07,20.11,22.07
010003933,BOIRON EUPATORIUM 6DH GOCCE ORALI 30ML,Fitoterapia e Omeopatia,,27.80,27.02,27.57,26.09,27.87,27.53,28.29,26.64,28.23
010003936,BOIRON EUPATORIUM 6DH FIALE ORALI 20 PEZZI,Fitoterapia e Omeopatia,,14.59,14.31,13.15,14.57,15.01,14.98,13.42,14.11,13.44
010003939,BOIRON EUPATORIUM 6DH UNGUENTO 50G,Fitoterapia e Omeopatia,,22.14,21.93,22.98,23.22,22.98,23.64,22.41,23.42,21.47
010003942,BOIRON EUPATORIUM 6DH SCIROPPO 150ML,Fitoterapia e Omeopatia,,43.05,41.61,41.77,43.56,42.39,41.65,41.50,42.25,42.25
010003945,BOIRON EUPATORIUM 12DH GRANULI 4G,Fitoterapia e Omeopatia,,32.20,32.20,32.25,32.83,31.48,31.34,31.85,33.47,32.81
010003948,BOIRON EUPATORIUM 12DH GLOBULI DOSA UNICA,Fitoterapia e Omeopatia,,38.83,38.44,38.03,37.67,38.09,39.32,39.48,38.62,39.81
010003951,BOIRON EUPATORIUM 12DH GOCCE ORALI 30ML,Fitoterapia e Omeopatia,,33.51,33.84,33.29,33.53,32.27,32.38,33.12,32.99,32.82
010003954,BOIRON EUPATORIUM 12DH FIALE ORALI 20 PEZZI,Fitoterapia e Omeopatia,,23.92,25.18,24.40,23.58,24.67,24.73,23.61,24.00,24.69
010003957,BOIRON EUPATORIUM 12DH UNGUENTO 50G,Fitoterapia e Omeopatia,,27.86,27.69,28.33,26.33,27.36,28.18,27.62,27.88,28.44
010003960,BOIRON EUPATORIUM 12DH SCIROPPO 150ML,Fitoterapia e Omeopatia,,11.45,11.88,10.53,12.49,11.92,11.46,12.08,10.93,10.83
010003963,BOIRON FERRUM PHOSPHORICUM 4 CH GRANULI 4G,Fitoterapia e Omeopatia,,30.45,32.11,29.99,31.53,32.15,31.49,31.67,30.08,31.06
010003966,BOIRON FERRUM PHOSPHORICUM 4 CH GLOBULI DOSA UNICA,Fitoterapia e Omeopatia,,31.95,32.30,32.19,33.20,33.27,31.93,32.78,33.55,32.47
010003969,BOIRON FERRUM PHOSPHORICUM 4 CH GOCCE ORALI 30ML,Fitoterapia e Omeopatia,,5.41,6.79,6.44,6.93,6.54,6.46,6.04,4.99,5.56
010003972,BOIRON FERRUM PHOSPHORICUM 4 CH FIALE ORALI 20 PEZZI,Fitoterapia e Omeopatia,,10.06,9.39,9.79,9.44,10.39,10.52,10.59,10.00,10.14
010003975,BOIRON FERRUM PHOSPHORICUM 4 CH UNGUENTO 50G,Fitoterapia e Omeopatia,,43.74,44.15,43.79,43.13,44.37,43.06,44.75,42.53,43.05
010003978,BOIRON FERRUM PHOSPHORICUM 4 CH SCIROPPO 150ML,Fitoterapia e Omeopatia,,26.61,24.63,25.17,26.11,24.41,24.56,24.94,25.09,24.93
010003981,BOIRON FERRUM PHOSPHORICUM 5 CH GRANULI 4G,Fitoterapia e Omeopatia,,12.38,13.31,11.99,11.51,11.49,12.06,12.16,13.23,11.99
010003984,BOIRON FERRUM PHOSPHORICUM 5 CH GLOBULI DOSA UNICA,Fitoterapia e Omeopatia,,13.47,13.79,14.65,12.98,13.58,13.54,14.41,14.39,12.92
010003987,BOIRON FERRUM PHOSPHORICUM 5 CH GOCCE ORALI 30ML,Fitoterapia e Omeopatia,,29.73,29.44,28.65,28.63,29.19,28.86,29.29,29.59,30.45
010003990,BOIRON FERRUM PHOSPHORICUM 5 CH FIALE ORALI 20 PEZZI,Fitoterapia e Omeopatia,,29.87,29.10,30.55,29.20,29.43,30.33,29.05,30.26,29.80
010003993,BOIRON FERRUM PHOSPHORICUM 5 CH UNGUENTO 50G,Fitoterapia e Omeopatia,,33.46,33.43,32.46,33.43,32.23,33.35,33.98,32.38,33.32
010003996,BOIRON FERRUM PHOSPHORICUM 5 CH SCIROPPO 150ML,Fitoterapia e Omeopatia,,40.41,40.99,39.92,39.34,39.30,40.32,40.52,40.84,40.90
010003999,BOIRON FERRUM PHOSPHORICUM 7 CH GRANULI 4G,Fitoterapia e Omeopatia,,14.64,14.29,14.50,14.84,13.76,13.83,13.73,14.63,14.63
010004002,BOIRON FERRUM PHOSPHORICUM 7 CH GLOBULI DOSA UNICA,Fitoterapia e Omeopatia,,25.98,27.29,26.64,25.87,25.94,26.93,27.37,27.38,27.06
010004005,BOIRON FERRUM PHOSPHORICUM 7 CH GOCCE ORALI 30ML,Fitoterapia e Omeopatia,,20.93,21.32,22.06,20.34,21.32,20.28,21.52,20.85,19.91
010004008,BOIRON FERRUM PHOSPHORICUM 7 CH FIALE ORALI 20 PEZZI,Fitoterapia e Omeopatia,,36.45,37.99,37.97,37.42,37.55,36.64,37.35,36.77,37.10
010004011,BOIRON FERRUM PHOSPHORICUM 7 CH UNGUENTO 50G,Fitoterapia e Omeopatia,,39.05,39.89,39.82,38.01,39.19,39.29,39.41,38.35,38.56
010004014,BOIRON FERRUM PHOSPHORICUM 7 CH SCIROPPO 150ML,Fitoterapia e Omeopatia,,7.27,9.16,6.99,8.41,8.63,7.23,8.65,8.04,8.43
010004017,BOIRON FERRUM PHOSPHORICUM 9 CH GRANULI 4G,Fitoterapia e Omeopatia,,7.70,7.99,7.79,8.58,8.29,7.57,8.29,8.97,9.13
010004020,BOIRON FERRUM PHOSPHORICUM 9 CH GLOBULI DOSA UNICA,Fitoterapia e Omeopatia,,16.01,16.01,15.58,15.56,13.90,14.35,14.62,15.89,15.39
010004023,BOIRON FERRUM PHOSPHORICUM 9 CH GOCCE ORALI 30ML,Fitoterapia e Omeopatia,,36.67,38.28,36.57,38.42,36.91,36.69,37.07,37.82,38.61
010004026,BOIRON FERRUM PHOSPHORICUM 9 CH FIALE ORALI 20 PEZZI,Fitoterapia e Omeopatia,,38.38,37.92,39.01,39.11,38.12,38.30,38.56,38.45,38.47
010004029,BOIRON FERRUM PHOSPHORICUM 9 CH UNGUENTO 50G,Fitoterapia e Omeopatia,,13.98,14.43,14.11,14.35,15.33,13.55,13.27,12.99,13.17
010004032,BOIRON FERRUM PHOSPHORICUM 9 CH SCIROPPO 150ML,Fitoterapia e Omeopatia,,41.95,42.89,41.27,42.06,42.38,42.24,41.93,41.20,40.90
010004035,BOIRON FERRUM PHOSPHORICUM 12 CH GRANULI 4G,Fitoterapia e Omeopatia,,8.02,6.94,6.90,7.38,8.91,8.09,7.36,7.02,7.01
010004038,BOIRON FERRUM PHOSPHORICUM 12 CH GLOBULI DOSA UNICA,Fitoterapia e Omeopatia,,17.25,16.52,16.75,16.71,15.83,17.22,16.52,15.61,16.86
010004041,BOIRON FERRUM PHOSPHORICUM 12 CH GOCCE ORALI 30ML,Fitoterapia e Omeopatia,,22.33,21.23,22.22,21.01,21.67,20.63,22.11,20.56,20.56
010004044,BOIRON FERRUM PHOSPHORICUM 12 CH FIALE ORALI 20 PEZZI,Fitoterapia e Omeopatia,,14.16,13.37,14.08,13.48,13.80,14.31,14.98,14.57,14.65
010004047,BOIRON FERRUM PHOSPHORICUM 12 CH UNGUENTO 50G,Fitoterapia e Omeopatia,,45.36,45.31,44.87,43.96,44.77,45.00,45.55,45.81,45.53
010004050,BOIRON FERRUM PHOSPHORICUM 12 CH SCIROPPO 150ML,Fitoterapia e Omeopatia,,9.38,10.82,9.67,8.96,9.55,10.22,10.92,10.79,10.63
010004053,BOIRON FERRUM PHOSPHORICUM 15 CH GRANULI 4G,Fitoterapia e Omeopatia,,19.97,18.47,19.66,19.16,18.87,19.08,19.65,19.22,20.12
010004056,BOIRON FERRUM PHOSPHORICUM 15 CH GLOBULI DOSA UNICA,Fitoterapia e Omeopatia,,26.34,25.12,25.48,25.33,25.47,25.64,25.36,26.16,24.94
010004059,BOIRON FERRUM PHOSPHORICUM 15 CH GOCCE ORALI 30ML,Fitoterapia e Omeopatia,,23.52,23.08,24.44,23.10,22.53,24.00,24.56,23.27,24.02
010004062,BOIRON FERRUM PHOSPHORICUM 15 CH FIALE ORALI 20 PEZZI,Fitoterapia e Omeopatia,,9.46,8.74,9.56,9.33,8.50,8.27,9.98,9.38,8.96
010004065,BOIRON FERRUM PHOSPHORICUM 15 CH UNGUENTO 50G,Fitoterapia e Omeopatia,,15.47,15.14,15.11,13.79,15.53,14.11,15.30,15.05,13.44
010004068,BOIRON FERRUM PHOSPHORICUM 15 CH SCIROPPO 150ML,Fitoterapia e Omeopatia,,37.18,37.60,38.72,37.07,36.88,38.19,37.61,39.04,37.28
010004071,BOIRON FERRUM PHOSPHORICUM 30 CH GRANULI 4G,Fitoterapia e Omeopatia,,18.13,18.71,17.97,17.58,19.20,19.04,18.58,18.70,19.64
010004074,BOIRON FERRUM PHOSPHORICUM 30 CH GLOBULI DOSA UNICA,Fitoterapia e Omeopatia,,22.41,20.55,20.29,21.97,21.68,21.53,20.33,20.99,22.15
010004077,BOIRON FERRUM PHOSPHORICUM 30 CH GOCCE ORALI 30ML,Fitoterapia e Omeopatia,,34.33,32.54,33.85,33.47,34.06,32.94,33.17,34.03,32.90
010004080,BOIRON FERRUM PHOSPHORICUM 30 CH FIALE ORALI 20 PEZZI,Fitoterapia e Omeopatia,,7.55,8.21,8.61,8.04,8.55,8.08,8.26,8.73,9.25
010004083,BOIRON FERRUM PHOSPHORICUM 30 CH UNGUENTO 50G,Fitoterapia e Omeopatia,,30.53,32.35,32.43,31.29,32.42,31.69,31.51,30.71,31.34
010004086,BOIRON FERRUM PHOSPHORICUM 30 CH SCIROPPO 150ML,Fitoterapia e Omeopatia,,38.27,37.76,39.16,38.95,38.56,39.28,39.27,39.56,37.66
010004089,BOIRON FERRUM PHOSPHORICUM 200 CH GRANULI 4G,Fitoterapia e Omeopatia,,33.34,33.12,31.52,33.23,33.35,32.56,32.36,32.91,31.84
010004092,BOIRON FERRUM PHOSPHORICUM 200 CH GLOBULI DOSA UNICA,Fitoterapia e Omeopatia,,10.93,12.07,9.96,10.39,10.21,10.49,10.97,10.47,11.62
010004095,BOIRON FERRUM PHOSPHORICUM 200 CH GOCCE ORALI 30ML,Fitoterapia e Omeopatia,,16.88,17.62,18.75,18.07,18.55,17.81,17.32,17.69,17.84
010004098,BOIRON FERRUM PHOSPHORICUM 200 CH FIALE ORALI 20 PEZZI,Fitoterapia e Omeopatia,,12.88,10.87,10.84,10.90,11.17,11.61,11.11,11.37,11.50
010004101,BOIRON FERRUM PHOSPHORICUM 200 CH UNGUENTO 50G,Fitoterapia e Omeopatia,,25.70,24.06,25.25,26.26,24.02,25.06,24.11,26.18,26.20
010004104,BOIRON FERRUM PHOSPHORICUM 200 CH SCIROPPO 150ML,Fitoterapia e Omeopatia,,16.32,15.46,16.98,15.57,16.71,15.91,16.73,15.91,15.47
010004107,BOIRON FERRUM PHOSPHORICUM 1MK GRANULI 4G,Fitoterapia e Omeopatia,,7.12,6.88,4.87,5.56,6.76,6.18,6.47,7.20,6.72
010004110,BOIRON FERRUM PHOSPHORICUM 1MK GLOBULI DOSA UNICA,Fitoterapia e Omeopatia,,9.29,9.69,10.44,9.51,10.82,10.62,11.02,11.12,9.68
010004113,BOIRON FERRUM PHOSPHORICUM 1MK GOCCE ORALI 30ML,Fitoterapia e Omeopatia,,40.36,40.52,40.99,41.72,40.43,40.88,40.01,40.81,39.64
010004116,BOIRON FERRUM PHOSPHORICUM 1MK FIALE ORALI 20 PEZZI,Fitoterapia e Omeopatia,,29.67,28.77,29.38,28.34,28.80,29.75,30.50,28.30,28.61
010004119,BOIRON FERRUM PHOSPHORICUM 1MK UNGUENTO 50G,Fitoterapia e Omeopatia,,6.40,5.67,7.20,7.54,6.87,6.77,7.20,6.66,6.11
010004122,BOIRON FERRUM PHOSPHORICUM 1MK SCIROPPO 150ML,Fitoterapia e Omeopatia,,28.27,27.92,27.03,27.02,27.74,28.16,28.40,28.66,27.77
010004125,BOIRON FERRUM PHOSPHORICUM 6DH GRANULI 4G,Fitoterapia e Omeopatia,,32.05,32.04,30.46,31.05,31.46,30.14,30.83,30.63,30.26
010004128,BOIRON FERRUM PHOSPHORICUM 6DH GLOBULI DOSA UNICA,Fitoterapia e Omeopatia,,15.63,14.07,13.85,13.39,13.89,14.06,14.12,14.39,15.47
010004131,BOIRON FERRUM PHOSPHORICUM 6DH GOCCE ORALI 30ML,Fitoterapia e Omeopatia,,13.72,11.72,13.71,13.16,13.30,12.12,11.79,13.12,13.02
010004134,BOIRON FERRUM PHOSPHORICUM 6DH FIALE ORALI 20 PEZZI,Fitoterapia e Omeopatia,,30.12,28.60,28.21,29.95,28.15,29.24,28.58,28.32,29.28
010004137,BOIRON FERRUM PHOSPHORICUM 6DH UNGUENTO 50G,Fitoterapia e Omeopatia,,22.07,21.96,22.42,22.18,22.92,22.89,22.58,22.67,22.94
010004140,BOIRON FERRUM PHOSPHORICUM 6DH SCIROPPO 150ML,Fitoterapia e Omeopatia,,31.08,31.70,30.95,32.15,31.11,31.51,31.02,31.90,32.40
010004143,BOIRON FERRUM PHOSPHORICUM 12DH GRANULI 4G,Fitoterapia e Omeopatia,,39.43,40.77,40.47,39.85,40.35,40.29,40.20,41.34,40.84
010004146,BOIRON FERRUM PHOSPHORICUM 12DH GLOBULI DOSA UNICA,Fitoterapia e Omeopatia,,37.15,37.88,37.75,37.26,36.39,37.82,36.92,36.20,36.43
010004149,BOIRON FERRUM PHOSPHORICUM 12DH GOCCE ORALI 30ML,Fitoterapia e Omeopatia,,24.13,22.63,22.86,22.73,24.19,23.43,23.23,23.62,23.89
010004152,BOIRON FERRUM PHOSPHORICUM 12DH FIALE ORALI 20 PEZZI,Fitoterapia e Omeopatia,,12.00,13.26,13.63,14.28,13.43,13.63,13.10,12.29,12.61
010004155,BOIRON FERRUM PHOSPHORICUM 12DH UNGUENTO 50G,Fitoterapia e Omeopatia,,31.84,31.28,32.63,31.86,32.19,31.41,31.46,31.97,31.81
010004158,BOIRON FERRUM PHOSPHORICUM 12DH SCIROPPO 150ML,Fitoterapia e Omeopatia,,30.76,31.99,32.55,32.93,32.33,32.98,32.60,30.72,31.18
010004161,BOIRON HYPERICUM 4 CH GRANULI 4G,Fitoterapia e Omeopatia,,35.53,35.76,35.72,35.74,34.39,34.04,35.66,35.49,33.64
010004164,BOIRON HYPERICUM 4 CH GLOBULI DOSA UNICA,Fitoterapia e Omeopatia,,38.48,38.61,39.23,40.12,38.95,38.06,38.23,38.62,40.23
010004167,BOIRON HYPERICUM 4 CH GOCCE ORALI 30ML,Fitoterapia e Omeopatia,,7.92,8.09,7.34,8.53,8.44,7.29,8.31,7.49,7.88
010004170,BOIRON HYPERICUM 4 CH FIALE ORALI 20 PEZZI,Fitoterapia e Omeopatia,,16.16,15.40,15.93,15.07,14.21,14.92,14.77,14.31,15.14
010004173,BOIRON HYPERICUM 4 CH UNGUENTO 50G,Fitoterapia e Omeopatia,,18.90,18.08,18.23,17.43,17.66,17.54,18.67,19.09,19.50
010004176,BOIRON HYPERICUM 4 CH SCIROPPO 150ML,Fitoterapia e Omeopatia,,7.46,7.06,8.62,9.01,8.17,9.22,8.06,9.19,7.42
010004179,BOIRON HYPERICUM 5 CH GRANULI 4G,Fitoterapia e Omeopatia,,9.06,8.11,8.40,8.80,9.17,8.55,9.56,8.40,9.14
010004182,BOIRON HYPERICUM 5 CH GLOBULI DOSA UNICA,Fitoterapia e Omeopatia,,30.58,31.78,32.27,32.05,32.10,31.12,30.20,31.39,31.34
010004185,BOIRON HYPERICUM 5 CH GOCCE ORALI 30ML,Fitoterapia e Omeopatia,,20.35,21.98,21.30,21.00,22.13,20.76,21.89,21.26,20.47
010004188,BOIRON HYPERICUM 5 CH FIALE ORALI 20 PEZZI,Fitoterapia e Omeopatia,,23.98,22.35,22.22,22.96,23.17,24.24,24.25,23.71,23.91
010004191,BOIRON HYPERICUM 5 CH UNGUENTO 50G,Fitoterapia e Omeopatia,,31.55,32.73,32.25,31.27,31.58,31.48,31.30,32.04,32.20
010004194,BOIRON HYPERICUM 5 CH SCIROPPO 150ML,Fitoterapia e Omeopatia,,15.71,17.13,16.65,16.86,16.21,17.22,15.61,17.15,16.63
010004197,BOIRON HYPERICUM 7 CH GRANULI 4G,Fitoterapia e Omeopatia,,25.68,24.73,24.82,24.55,24.18,23.78,23.70,25.07,24.50
010004200,BOIRON HYPERICUM 7 CH GLOBULI DOSA UNICA,Fitoterapia e Omeopatia,,44.13,44.23,44.12,45.06,43.29,45.15,44.75,44.32,44.53
010004203,BOIRON HYPERICUM 7 CH GOCCE ORALI 30ML,Fitoterapia e Omeopatia,,41.59,41.94,42.04,43.21,41.99,43.10,41.70,43.41,41.53
010004206,BOIRON HYPERICUM 7 CH FIALE ORALI 20 PEZZI,Fitoterapia e Omeopatia,,30.78,31.09,28.99,30.94,30.01,30.76,30.82,30.87,29.16
010004209,BOIRON HYPERICUM 7 CH UNGUENTO 50G,Fitoterapia e Omeopatia,,8.28,8.10,7.93,8.44,8.00,7.35,8.62,8.72,8.06
010004212,BOIRON HYPERICUM 7 CH SCIROPPO 150ML,Fitoterapia e Omeopatia,,21.61,23.91,23.78,22.03,23.57,22.37,21.92,22.08,23.08
010004215,BOIRON HYPERICUM 9 CH GRANULI 4G,Fitoterapia e Omeopatia,,45.74,43.86,45.70,44.40,44.61,45.77,45.31,45.00,44.30
010004218,BOIRON HYPERICUM 9 CH GLOBULI DOSA UNICA,Fitoterapia e Omeopatia,,27.81,25.88,27.33,28.25,27.33,28.05,26.62,26.80,26.38
010004221,BOIRON HYPERICUM 9 CH GOCCE ORALI 30ML,Fitoterapia e Omeopatia,,15.92,17.15,14.96,15.97,17.11,16.95,16.64,16.16,16.86
010004224,BOIRON HYPERICUM 9 CH FIALE ORALI 20 PEZZI,Fitoterapia e Omeopatia,,32.24,30.37,31.03,31.46,30.40,31.73,31.63,32.40,31.16
010004227,BOIRON HYPERICUM 9 CH UNGUENTO 50G,Fitoterapia e Omeopatia,,22.17,21.16,21.45,22.39,22.07,21.56,22.42,20.58,20.42
010004230,BOIRON HYPERICUM 9 CH SCIROPPO 150ML,Fitoterapia e Omeopatia,,7.58,7.62,8.18,8.55,8.48,7.60,7.89,7.96,6.46
010004233,BOIRON HYPERICUM 12 CH GRANULI 4G,Fitoterapia e Omeopatia,,34.40,34.67,34.45,34.93,34.56,34.99,33.17,35.05,34.52
010004236,BOIRON HYPERICUM 12 CH GLOBULI DOSA UNICA,Fitoterapia e Omeopatia,,20.37,21.45,21.24,21.12,19.35,20.46,20.31,20.26,19.80
010004239,BOIRON HYPERICUM 12 CH GOCCE ORALI 30ML,Fitoterapia e Omeopatia,,16.10,16.50,17.21,17.03,15.68,15.57,17.55,15.35,16.17
010004242,BOIRON HYPERICUM 12 CH FIALE ORALI 20 PEZZI,Fitoterapia e Omeopatia,,29.61,30.18,30.42,29.92,29.00,29.63,28.69,29.21,29.48
010004245,BOIRON HYPERICUM 12 CH UNGUENTO 50G,Fitoterapia e Omeopatia,,31.58,32.57,32.67,31.19,31.71,30.82,31.40,32.09,31.91
010004248,BOIRON HYPERICUM 12 CH SCIROPPO 150ML,Fitoterapia e Omeopatia,,31.95,31.94,32.54,33.95,33.96,32.85,32.98,33.64,33.11
010004251,BOIRON HYPERICUM 15 CH GRANULI 4G,Fitoterapia e Omeopatia,,25.66,24.44,25.03,23.63,23.91,24.79,24.50,23.83,25.42
010004254,BOIRON HYPERICUM 15 CH GLOBULI DOSA UNICA,Fitoterapia e Omeopatia,,43.60,45.22,44.76,45.29,44.40,44.53,45.26,43.04,43.20
010004257,BOIRON HYPERICUM 15 CH GOCCE ORALI 30ML,Fitoterapia e Omeopatia,,22.28,22.54,24.32,24.20,22.06,22.03,23.91,23.32,21.95
010004260,BOIRON HYPERICUM 15 CH FIALE ORALI 20 PEZZI,Fitoterapia e Omeopatia,,31.86,31.82,31.30,31.97,31.70,32.35,31.48,32.88,31.68
010004263,BOIRON HYPERICUM 15 CH UNGUENTO 50G,Fitoterapia e Omeopatia,,13.90,14.74,14.80,14.25,12.60,13.63,12.56,14.54,13.31
010004266,BOIRON HYPERICUM 15 CH SCIROPPO 150ML,Fitoterapia e Omeopatia,,39.30,38.32,38.62,38.68,39.23,39.81,38.03,38.38,38.55
010004269,BOIRON HYPERICUM 30 CH GRANULI 4G,Fitoterapia e Omeopatia,,6.28,5.05,7.31,7.29,6.45,5.98,5.26,7.13,5.96
010004272,BOIRON HYPERICUM 30 CH GLOBULI DOSA UNICA,Fitoterapia e Omeopatia,,19.54,20.13,20.78,20.75,21.51,20.31,20.70,19.76,20.55
010004275,BOIRON HYPERICUM 30 CH GOCCE ORALI 30ML,Fitoterapia e Omeopatia,,32.56,32.31,34.15,33.09,34.06,32.18,32.30,32.73,33.07
010004278,BOIRON HYPERICUM 30 CH FIALE ORALI 20 PEZZI,Fitoterapia e Omeopatia,,40.22,40.62,39.32,40.51,39.06,40.60,40.54,38.97,40.82
010004281,BOIRON HYPERICUM 30 CH UNGUENTO 50G,Fitoterapia e Omeopatia,,14.96,14.29,14.87,13.18,13.73,15.10,13.08,14.65,15.15
010004284,BOIRON HYPERICUM 30 CH SCIROPPO 150ML,Fitoterapia e Omeopatia,,9.71,8.16,9.74,9.12,8.24,8.43,9.48,9.12,9.42
010004287,BOIRON HYPERICUM 200 CH GRANULI 4G,Fitoterapia e Omeopatia,,18.82,19.58,19.58,18.31,18.96,18.12,19.78,19.71,19.67
010004290,BOIRON HYPERICUM 200 CH GLOBULI DOSA UNICA,Fitoterapia e Omeopatia,,28.38,26.89,27.80,27.06,26.77,28.06,27.08,28.63,28.86
010004293,BOIRON HYPERICUM 200 CH GOCCE ORALI 30ML,Fitoterapia e Omeopatia,,13.79,15.31,15.23,13.84,15.25,14.22,14.20,14.39,14.11
010004296,BOIRON HYPERICUM 200 CH FIALE ORALI 20 PEZZI,Fitoterapia e Omeopatia,,35.60,36.66,36.38,36.15,36.80,36.45,35.51,37.22,37.20
010004299,BOIRON HYPERICUM 200 CH UNGUENTO 50G,Fitoterapia e Omeopatia,,32.21,31.16,30.97,31.25,30.38,31.41,31.10,31.29,31.03
010004302,BOIRON HYPERICUM 200 CH SCIROPPO 150ML,Fitoterapia e Omeopatia,,34.38,33.27,34.00,33.46,33.86,33.18,34.72,34.60,33.26
010004305,BOIRON HYPERICUM 1MK GRANULI 4G,Fitoterapia e Omeopatia,,42.87,42.75,43.83,43.24,42.38,43.20,41.68,43.50,42.48
010004308,BOIRON HYPERICUM 1MK GLOBULI DOSA UNICA,Fitoterapia e Omeopatia,,39.32,40.80,39.70,40.07,39.66,39.24,39.34,40.31,40.06
010004311,BOIRON HYPERICUM 1MK GOCCE ORALI 30ML,Fitoterapia e Omeopatia,,31.12,31.32,32.65,31.12,30.74,32.32,31.05,32.34,31.29
010004314,BOIRON HYPERICUM 1MK FIALE ORALI 20 PEZZI,Fitoterapia e Omeopatia,,30.22,29.47,29.84,28.67,30.49,29.57,28.47,28.93,28.20
010004317,BOIRON HYPERICUM 1MK UNGUENTO 50G,Fitoterapia e Omeopatia,,16.65,15.76,17.46,16.81,16.15,17.38,15.87,16.09,16.23
010004320,BOIRON HYPERICUM 1MK SCIROPPO 150ML,Fitoterapia e Omeopatia,,14.38,14.98,15.32,15.90,13.55,13.55,13.54,15.12,14.71
010004323,BOIRON HYPERICUM 6DH GRANULI 4G,Fitoterapia e Omeopatia,,22.59,22.40,20.68,20.32,21.84,20.71,22.44,22.49,21.57
010004326,BOIRON HYPERICUM 6DH GLOBULI DOSA UNICA,Fitoterapia e Omeopatia,,19.50,20.36,18.87,18.53,18.60,18.43,19.28,18.48,19.41
010004329,BOIRON HYPERICUM 6DH GOCCE ORALI 30ML,Fitoterapia e Omeopatia,,31.64,31.75,33.08,32.48,31.72,33.32,31.17,32.20,32.01
010004332,BOIRON HYPERICUM 6DH FIALE ORALI 20 PEZZI,Fitoterapia e Omeopatia,,19.81,19.24,19.92,19.37,18.94,19.60,19.01,18.02,17.87
010004335,BOIRON HYPERICUM 6DH UNGUENTO 50G,Fitoterapia e Omeopatia,,36.89,35.73,37.31,36.23,35.52,36.36,36.44,36.40,36.89
010004338,BOIRON HYPERICUM 6DH SCIROPPO 150ML,Fitoterapia e Omeopatia,,44.85,45.97,45.75,44.48,45.94,45.82,45.87,45.62,44.67
010004341,BOIRON HYPERICUM 12DH GRANULI 4G,Fitoterapia e Omeopatia,,42.55,42.51,43.75,44.20,43.84,42.15,44.18,42.40,42.08
010004344,BOIRON HYPERICUM 12DH GLOBULI DOSA UNICA,Fitoterapia e Omeopatia,,35.48,34.39,34.12,34.80,34.40,33.19,34.16,34.91,33.19
010004347,BOIRON HYPERICUM 12DH GOCCE ORALI 30ML,Fitoterapia e Omeopatia,,45.02,44.30,44.48,45.76,44.97,43.91,44.38,43.89,45.36
010004350,BOIRON HYPERICUM 12DH FIALE ORALI 20 PEZZI,Fitoterapia e Omeopatia,,29.18,30.18,28.94,30.73,29.23,29.96,28.62,29.50,29.84
010004353,BOIRON HYPERICUM 12DH UNGUENTO 50G,Fitoterapia e Omeopatia,,32.23,33.92,33.51,33.20,32.53,34.06,33.75,33.42,31.76
010004356,BOIRON HYPERICUM 12DH SCIROPPO 150ML,Fitoterapia e Omeopatia,,16.37,15.79,17.11,17.00,16.06,16.02,15.74,15.67,15.34
010004359,BOIRON LEDUM PALUSTRE 4 CH GRANULI 4G,Fitoterapia e Omeopatia,,33.64,35.00,33.26,33.85,34.37,33.79,33.64,34.43,33.36
010004362,BOIRON LEDUM PALUSTRE 4 CH GLOBULI DOSA UNICA,Fitoterapia e Omeopatia,,14.11,15.03,13.89,14.49,15.88,14.66,15.78,14.03,15.13
010004365,BOIRON LEDUM PALUSTRE 4 CH GOCCE ORALI 30ML,Fitoterapia e Omeopatia,,26.65,25.04,26.71,24.66,24.48,25.68,26.45,26.13,26.33
010004368,BOIRON LEDUM PALUSTRE 4 CH FIALE ORALI 20 PEZZI,Fitoterapia e Omeopatia,,44.09,44.66,43.19,45.15,44.69,44.91,43.69,45.16,44.59
010004371,BOIRON LEDUM PALUSTRE 4 CH UNGUENTO 50G,Fitoterapia e Omeopatia,,25.66,26.32,26.98,25.99,25.73,27.09,26.65,25.87,26.82
010004374,BOIRON LEDUM PALUSTRE 4 CH SCIROPPO 150ML,Fitoterapia e Omeopatia,,38.87,40.18,38.52,39.05,38.98,40.23,39.80,40.00,38.09
010004377,BOIRON LEDUM PALUSTRE 5 CH GRANULI 4G,Fitoterapia e Omeopatia,,29.43,28.36,28.12,29.17,29.90,28.59,28.02,29.01,28.03
010004380,BOIRON LEDUM PALUSTRE 5 CH GLOBULI DOSA UNICA,Fitoterapia e Omeopatia,,18.72,17.04,17.08,17.20,17.65,18.06,17.37,18.97,18.41
010004383,BOIRON LEDUM PALUSTRE 5 CH GOCCE ORALI 30ML,Fitoterapia e Omeopatia,,6.27,6.29,5.73,5.04,5.47,5.60,5.98,5.58,5.38
010004386,BOIRON LEDUM PALUSTRE 5 CH FIALE ORALI 20 PEZZI,Fitoterapia e Omeopatia,,14.47,14.29,14.52,13.14,14.51,13.48,12.81,13.36,14.04
010004389,BOIRON LEDUM PALUSTRE 5 CH UNGUENTO 50G,Fitoterapia e Omeopatia,,11.90,12.08,10.25,9.72,11.67,9.87,12.02,11.91,10.37
010004392,BOIRON LEDUM PALUSTRE 5 CH SCIROPPO 150ML,Fitoterapia e Omeopatia,,39.76,38.70,40.45,39.20,40.72,39.48,40.56,40.03,38.97
010004395,BOIRON LEDUM PALUSTRE 7 CH GRANULI 4G,Fitoterapia e Omeopatia,,17.00,18.51,19.33,19.17,17.48,18.21,19.03,17.00,17.60
010004398,BOIRON LEDUM PALUSTRE 7 CH GLOBULI DOSA UNICA,Fitoterapia e Omeopatia,,26.18,26.01,26.18,26.34,25.01,26.19,25.41,26.84,25.08
010004401,BOIRON LEDUM PALUSTRE 7 CH GOCCE ORALI 30ML,Fitoterapia e Omeopatia,,15.80,16.61,15.65,16.51,15.34,16.73,16.03,14.79,15.10
010004404,BOIRON LEDUM PALUSTRE 7 CH FIALE ORALI 20 PEZZI,Fitoterapia e Omeopatia,,7.91,9.66,9.33,8.65,9.46,8.31,9.84,8.61,8.58
010004407,BOIRON LEDUM PALUSTRE 7 CH UNGUENTO 50G,Fitoterapia e Omeopatia,,44.68,43.78,43.72,43.83,45.06,45.48,43.33,45.41,44.05
010004410,BOIRON LEDUM PALUSTRE 7 CH SCIROPPO 150ML,Fitoterapia e Omeopatia,,25.96,25.94,27.02,27.00,25.57,26.70,27.35,25.25,27.43
010004413,BOIRON LEDUM PALUSTRE 9 CH GRANULI 4G,Fitoterapia e Omeopatia,,7.18,7.48,5.37,7.67,5.48,7.56,7.04,5.88,7.25
010004416,BOIRON LEDUM PALUSTRE 9 CH GLOBULI DOSA UNICA,Fitoterapia e Omeopatia,,17.44,17.45,18.04,18.57,17.76,18.76,18.56,18.09,17.87
010004419,BOIRON LEDUM PALUSTRE 9 CH GOCCE ORALI 30ML,Fitoterapia e Omeopatia,,13.17,13.75,13.56,13.90,13.03,14.27,13.57,13.14,13.34
010004422,BOIRON LEDUM PALUSTRE 9 CH FIALE ORALI 20 PEZZI,Fitoterapia e Omeopatia,,35.83,35.49,34.20,34.48,33.76,33.94,35.44,35.49,35.32
010004425,BOIRON LEDUM PALUSTRE 9 CH UNGUENTO 50G,Fitoterapia e Omeopatia,,11.34,10.92,10.37,12.04,12.43,10.37,11.94,11.96,12.36
010004428,BOIRON LEDUM PALUSTRE 9 CH SCIROPPO 150ML,Fitoterapia e Omeopatia,,32.18,31.92,31.02,30.07,30.40,30.76,31.22,31.89,31.71
010004431,BOIRON LEDUM PALUSTRE 12 CH GRANULI 4G,Fitoterapia e Omeopatia,,5.81,5.45,4.72,4.87,4.77,4.86,3.93,4.09,4.49
010004434,BOIRON LEDUM PALUSTRE 12 CH GLOBULI DOSA UNICA,Fitoterapia e Omeopatia,,10.54,9.29,9.62,9.15,10.43,9.43,10.74,10.20,8.75
010004437,BOIRON LEDUM PALUSTRE 12 CH GOCCE ORALI 30ML,Fitoterapia e Omeopatia,,12.41,12.08,11.60,13.33,12.38,13.03,11.44,11.56,11.63
010004440,BOIRON LEDUM PALUSTRE 12 CH FIALE ORALI 20 PEZZI,Fitoterapia e Omeopatia,,21.60,22.06,20.37,20.05,20.35,21.17,21.71,21.98,21.27
010004443,BOIRON LEDUM PALUSTRE 12 CH UNGUENTO 50G,Fitoterapia e Omeopatia,,37.53,36.42,37.72,37.69,37.86,37.63,37.36,37.10,36.73
010004446,BOIRON LEDUM PALUSTRE 12 CH SCIROPPO 150ML,Fitoterapia e Omeopatia,,39.51,40.24,38.89,40.35,40.71,40.90,40.92,39.70,39.86
010004449,BOIRON LEDUM PALUSTRE 15 CH GRANULI 4G,Fitoterapia e Omeopatia,,43.30,42.40,44.52,44.16,44.38,43.36,43.07,43.73,43.48
010004452,BOIRON LEDUM PALUSTRE 15 CH GLOBULI DOSA UNICA,Fitoterapia e Omeopatia,,22.85,23.38,23.70,24.29,24.98,24.88,24.57,24.00,24.81
010004455,BOIRON LEDUM PALUSTRE 15 CH GOCCE ORALI 30ML,Fitoterapia e Omeopatia,,33.54,35.14,34.42,34.33,34.27,34.34,34.19,35.44,34.05
010004458,BOIRON LEDUM PALUSTRE 15 CH FIALE ORALI 20 PEZZI,Fitoterapia e Omeopatia,,33.70,35.40,35.05,35.80,35.67,34.58,35.04,35.26,34.53
010004461,BOIRON LEDUM PALUSTRE 15 CH UNGUENTO 50G,Fitoterapia e Omeopatia,,36.57,38.65,37.65,37.62,38.81,38.30,37.05,37.79,37.98
010004464,BOIRON LEDUM PALUSTRE 15 CH SCIROPPO 150ML,Fitoterapia e Omeopatia,,17.71,17.41,16.42,17.53,17.40,16.98,18.31,17.43,17.55
010004467,BOIRON LEDUM PALUSTRE 30 CH GRANULI 4G,Fitoterapia e Omeopatia,,34.02,35.47,34.65,35.16,35.81,34.71,35.54,35.76,34.80
010004470,BOIRON LEDUM PALUSTRE 30 CH GLOBULI DOSA UNICA,Fitoterapia e Omeopatia,,29.93,30.07,30.40,29.37,28.73,30.33,30.65,29.04,30.25
010004473,BOIRON LEDUM PALUSTRE 30 CH GOCCE ORALI 30ML,Fitoterapia e Omeopatia,,35.47,36.99,35.26,35.72,37.31,37.43,36.16,35.31,37.39
010004476,BOIRON LEDUM PALUSTRE 30 CH FIALE ORALI 20 PEZZI,Fitoterapia e Omeopatia,,34.62,33.52,35.05,33.59,33.06,34.01,33.90,34.98,33.40
010004479,BOIRON LEDUM PALUSTRE 30 CH UNGUENTO 50G,Fitoterapia e Omeopatia,,36.19,35.71,35.56,36.79,37.27,37.60,35.47,37.00,36.14
010004482,BOIRON LEDUM PALUSTRE 30 CH SCIROPPO 150ML,Fitoterapia e Omeopatia,,37.82,36.41,37.64,36.46,36.52,36.19,36.97,37.70,37.27
010004485,BOIRON LEDUM PALUSTRE 200 CH GRANULI 4G,Fitoterapia e Omeopatia,,35.53,37.11,36.27,37.01,37.05,37.44,37.17,36.75,35.88
010004488,BOIRON LEDUM PALUSTRE 200 CH GLOBULI DOSA UNICA,Fitoterapia e Omeopatia,,14.65,14.73,13.77,13.89,14.65,15.60,13.91,15.35,14.11
010004491,BOIRON LEDUM PALUSTRE 200 CH GOCCE ORALI 30ML,Fitoterapia e Omeopatia,,21.82,20.53,21.12,21.65,20.72,20.30,20.59,20.26,20.59
010004494,BOIRON LEDUM PALUSTRE 200 CH FIALE ORALI 20 PEZZI,Fitoterapia e Omeopatia,,24.04,23.74,22.30,24.11,24.25,24.49,23.09,22.50,22.71
010004497,BOIRON LEDUM PALUSTRE 200 CH UNGUENTO 50G,Fitoterapia e Omeopatia,,5.92,8.23,7.12,8.04,6.23,6.98,7.52,7.81,6.00
010004500,BOIRON LEDUM PALUSTRE 200 CH SCIROPPO 150ML,Fitoterapia e Omeopatia,,29.53,29.16,29.00,30.06,29.93,30.08,28.43,28.70,30.02
010004503,BOIRON LEDUM PALUSTRE 1MK GRANULI 4G,Fitoterapia e Omeopatia,,29.28,31.21,30.45,31.07,28.99,30.77,29.24,29.82,30.43
010004506,BOIRON LEDUM PALUSTRE 1MK GLOBULI DOSA UNICA,Fitoterapia e Omeopatia,,10.32,10.54,9.39,10.61,9.65,9.82,9.91,9.56,9.84
010004509,BOIRON LEDUM PALUSTRE 1MK GOCCE ORALI 30ML,Fitoterapia e Omeopatia,,20.73,19.30,20.19,20.48,20.45,20.60,19.46,19.67,20.20
010004512,BOIRON LEDUM PALUSTRE 1MK FIALE ORALI 20 PEZZI,Fitoterapia e Omeopatia,,10.78,11.54,10.54,10.23,10.39,9.99,11.75,12.11,10.89
010004515,BOIRON LEDUM PALUSTRE 1MK UNGUENTO 50G,Fitoterapia e Omeopatia,,30.53,31.58,29.44,30.17,30.13,29.99,30.82,30.81,31.58
010004518,BOIRON LEDUM PALUSTRE 1MK SCIROPPO 150ML,Fitoterapia e Omeopatia,,19.14,19.87,20.67,20.20,18.65,19.25,20.01,20.46,18.48
010004521,BOIRON LEDUM PALUSTRE 6DH GRANULI 4G,Fitoterapia e Omeopatia,,39.58,39.57,40.63,40.21,39.63,40.55,39.93,39.96,40.17
010004524,BOIRON LEDUM PALUSTRE 6DH GLOBULI DOSA UNICA,Fitoterapia e Omeopatia,,16.16,17.50,16.18,16.22,16.15,17.95,17.55,16.46,17.53
010004527,BOIRON LEDUM PALUSTRE 6DH GOCCE ORALI 30ML,Fitoterapia e Omeopatia,,23.12,23.83,22.99,22.83,22.15,21.63,22.29,23.07,21.71
010004530,BOIRON LEDUM PALUSTRE 6DH FIALE ORALI 20 PEZZI,Fitoterapia e Omeopatia,,35.23,35.37,34.41,34.24,33.20,33.52,33.61,35.20,33.56
010004533,BOIRON LEDUM PALUSTRE 6DH UNGUENTO 50G,Fitoterapia e Omeopatia,,8.07,8.78,8.14,8.13,9.01,7.89,9.28,8.47,7.79
010004536,BOIRON LEDUM PALUSTRE 6DH SCIROPPO 150ML,Fitoterapia e Omeopatia,,34.54,34.16,35.42,34.55,36.01,36.23,34.56,34.91,34.29
010004539,BOIRON LEDUM PALUSTRE 12DH GRANULI 4G,Fitoterapia e Omeopatia,,15.05,15.38,15.85,15.51,15.21,13.87,13.60,13.59,15.05
010004542,BOIRON LEDUM PALUSTRE 12DH GLOBULI DOSA UNICA,Fitoterapia e Omeopatia,,22.11,21.31,21.76,21.52,20.88,20.53,20.29,21.32,20.44
010004545,BOIRON LEDUM PALUSTRE 12DH GOCCE ORALI 30ML,Fitoterapia e Omeopatia,,12.59,12.05,12.20,12.51,12.70,11.46,11.85,12.07,10.64
010004548,BOIRON LEDUM PALUSTRE 12DH FIALE ORALI 20 PEZZI,Fitoterapia e Omeopatia,,19.47,18.99,18.87,20.08,18.68,20.13,19.76,18.95,19.37
010004551,BOIRON LEDUM PALUSTRE 12DH UNGUENTO 50G,Fitoterapia e Omeopatia,,31.57,29.34,31.10,31.14,30.73,30.45,29.97,29.89,30.76
010004554,BOIRON LEDUM PALUSTRE 12DH SCIROPPO 150ML,Fitoterapia e Omeopatia,,34.34,32.39,33.42,32.27,34.30,33.24,33.43,34.02,32.52
010004557,BOIRON MERCURIUS SOLUBILIS 4 CH GRANULI 4G,Fitoterapia e Omeopatia,,22.46,22.96,22.76,21.44,20.95,22.85,21.87,21.64,23.10
010004560,BOIRON MERCURIUS SOLUBILIS 4 CH GLOBULI DOSA UNICA,Fitoterapia e Omeopatia,,39.16,39.11,38.89,41.01,41.09,39.74,40.81,39.30,40.17
010004563,BOIRON MERCURIUS SOLUBILIS 4 CH GOCCE ORALI 30ML,Fitoterapia e Omeopatia,,8.82,9.69,7.79,9.44,7.41,8.62,8.06,8.65,7.41
010004566,BOIRON MERCURIUS SOLUBILIS 4 CH FIALE ORALI 20 PEZZI,Fitoterapia e Omeopatia,,4.86,5.00,4.14,4.48,4.67,5.70,4.09,4.90,5.05
010004569,BOIRON MERCURIUS SOLUBILIS 4 CH UNGUENTO 50G,Fitoterapia e Omeopatia,,8.77,8.87,8.88,8.69,9.62,9.47,9.61,8.53,9.72
010004572,BOIRON MERCURIUS SOLUBILIS 4 CH SCIROPPO 150ML,Fitoterapia e Omeopatia,,41.08,42.19,42.91,42.61,41.16,42.36,42.06,42.21,42.26
010004575,BOIRON MERCURIUS SOLUBILIS 5 CH GRANULI 4G,Fitoterapia e Omeopatia,,40.32,40.88,40.45,42.28,42.19,41.33,40.12,41.60,41.00
010004578,BOIRON MERCURIUS SOLUBILIS 5 CH GLOBULI DOSA UNICA,Fitoterapia e Omeopatia,,20.97,21.18,21.61,21.21,21.29,20.87,20.88,19.68,21.50
010004581,BOIRON MERCURIUS SOLUBILIS 5 CH GOCCE ORALI 30ML,Fitoterapia e Omeopatia,,11.20,11.16,12.09,10.86,11.02,11.04,10.55,11.19,12.85
010004584,BOIRON MERCURIUS SOLUBILIS 5 CH FIALE ORALI 20 PEZZI,Fitoterapia e Omeopatia,,21.73,22.15,22.68,22.36,22.19,23.55,23.02,22.65,22.18
010004587,BOIRON MERCURIUS SOLUBILIS 5 CH UNGUENTO 50G,Fitoterapia e Omeopatia,,40.14,41.09,41.72,41.61,40.86,41.19,40.53,39.54,40.05
010004590,BOIRON MERCURIUS SOLUBILIS 5 CH SCIROPPO 150ML,Fitoterapia e Omeopatia,,15.61,14.91,16.21,16.99,17.01,15.49,16.18,15.16,16.01
010004593,BOIRON MERCURIUS SOLUBILIS 7 CH GRANULI 4G,Fitoterapia e Omeopatia,,44.64,44.63,44.57,44.03,45.03,44.23,45.43,45.89,43.63
010004596,BOIRON MERCURIUS SOLUBILIS 7 CH GLOBULI DOSA UNICA,Fitoterapia e Omeopatia,,37.45,37.87,37.75,38.24,37.76,37.72,37.86,38.12,37.61
010004599,BOIRON MERCURIUS SOLUBILIS 7 CH GOCCE ORALI 30ML,Fitoterapia e Omeopatia,,35.68,35.71,36.17,34.22,34.99,34.98,34.12,34.30,35.78
010004602,BOIRON MERCURIUS SOLUBILIS 7 CH FIALE ORALI 20 PEZZI,Fitoterapia e Omeopatia,,23.07,24.13,24.75,23.30,24.73,22.71,22.83,23.18,24.70
010004605,BOIRON MERCURIUS SOLUBILIS 7 CH UNGUENTO 50G,Fitoterapia e Omeopatia,,20.92,21.76,22.92,20.96,22.06,22.63,21.95,20.85,21.98
010004608,BOIRON MERCURIUS SOLUBILIS 7 CH SCIROPPO 150ML,Fitoterapia e Omeopatia,,8.25,6.38,6.36,8.26,6.81,8.38,7.41,6.71,8.10
010004611,BOIRON MERCURIUS SOLUBILIS 9 CH GRANULI 4G,Fitoterapia e Omeopatia,,26.36,27.77,27.13,27.43,27.52,26.96,26.85,26.43,27.35
010004614,BOIRON MERCURIUS SOLUBILIS 9 CH GLOBULI DOSA UNICA,Fitoterapia e Omeopatia,,9.02,7.63,9.62,7.71,9.59,8.91,8.99,7.82,8.88
010004617,BOIRON MERCURIUS SOLUBILIS 9 CH GOCCE ORALI 30ML,Fitoterapia e Omeopatia,,33.19,33.08,33.12,32.18,32.09,33.36,32.68,32.05,31.96
010004620,BOIRON MERCURIUS SOLUBILIS 9 CH FIALE ORALI 20 PEZZI,Fitoterapia e Omeopatia,,9.19,9.40,10.01,10.12,10.56,9.91,9.38,8.53,10.48
010004623,BOIRON MERCURIUS SOLUBILIS 9 CH UNGUENTO 50G,Fitoterapia e Omeopatia,,31.70,32.87,32.85,31.69,31.96,32.98,32.65,32.58,31.71
010004626,BOIRON MERCURIUS SOLUBILIS 9 CH SCIROPPO 150ML,Fitoterapia e Omeopatia,,33.63,34.30,35.03,33.17,33.32,34.52,33.57,34.48,32.75
010004629,BOIRON MERCURIUS SOLUBILIS 12 CH GRANULI 4G,Fitoterapia e Omeopatia,,39.13,38.49,39.06,37.97,37.12,38.48,38.20,39.03,37.26
010004632,BOIRON MERCURIUS SOLUBILIS 12 CH GLOBULI DOSA UNICA,Fitoterapia e Omeopatia,,8.04,6.55,7.30,5.92,7.15,7.86,7.52,7.77,7.59
010004635,BOIRON MERCURIUS SOLUBILIS 12 CH GOCCE ORALI 30ML,Fitoterapia e Omeopatia,,18.85,19.63,19.04,19.96,18.56,18.27,18.95,18.67,18.34
010004638,BOIRON MERCURIUS SOLUBILIS 12 CH FIALE ORALI 20 PEZZI,Fitoterapia e Omeopatia,,40.91,41.09,41.57,41.73,39.99,41.47,42.10,39.79,42.04
010004641,BOIRON MERCURIUS SOLUBILIS 12 CH UNGUENTO 50G,Fitoterapia e Omeopatia,,34.65,34.28,35.19,34.29,35.60,34.41,34.79,34.87,35.46
010004644,BOIRON MERCURIUS SOLUBILIS 12 CH SCIROPPO 150ML,Fitoterapia e Omeopatia,,22.47,21.90,21.43,23.15,23.29,22.29,21.39,22.65,21.95
010004647,BOIRON MERCURIUS SOLUBILIS 15 CH GRANULI 4G,Fitoterapia e Omeopatia,,8.17,7.57,9.44,8.75,8.42,9.39,7.86,8.17,9.11
010004650,BOIRON MERCURIUS SOLUBILIS 15 CH GLOBULI DOSA UNICA,Fitoterapia e Omeopatia,,24.35,24.43,24.74,25.39,25.75,25.42,26.18,24.18,25.97
010004653,BOIRON MERCURIUS SOLUBILIS 15 CH GOCCE ORALI 30ML,Fitoterapia e Omeopatia,,19.15,19.47,17.89,18.31,19.02,18.73,19.57,17.82,17.89
010004656,BOIRON MERCURIUS SOLUBILIS 15 CH FIALE ORALI 20 PEZZI,Fitoterapia e Omeopatia,,14.20,12.43,12.16,13.63,12.42,13.29,12.96,13.93,14.11
010004659,BOIRON MERCURIUS SOLUBILIS 15 CH UNGUENTO 50G,Fitoterapia e Omeopatia,,23.89,26.21,25.25,24.84,25.80,25.58,24.74,24.43,24.28
010004662,BOIRON MERCURIUS SOLUBILIS 15 CH SCIROPPO 150ML,Fitoterapia e Omeopatia,,24.27,24.78,24.28,24.83,24.50,24.37,25.81,24.58,24.26
010004665,BOIRON MERCURIUS SOLUBILIS 30 CH GRANULI 4G,Fitoterapia e Omeopatia,,14.96,14.18,15.05,15.83,15.43,15.59,15.45,16.25,15.79
010004668,BOIRON MERCURIUS SOLUBILIS 30 CH GLOBULI DOSA UNICA,Fitoterapia e Omeopatia,,44.58,45.84,44.10,45.84,45.68,44.63,46.11,44.36,44.28
010004671,BOIRON MERCURIUS SOLUBILIS 30 CH GOCCE ORALI 30ML,Fitoterapia e Omeopatia,,32.95,33.85,33.27,34.26,33.85,34.72,33.38,34.31,34.91
010004674,BOIRON MERCURIUS SOLUBILIS 30 CH FIALE ORALI 20 PEZZI,Fitoterapia e Omeopatia,,32.43,30.38,32.29,30.82,30.84,30.76,31.33,30.75,30.41
010004677,BOIRON MERCURIUS SOLUBILIS 30 CH UNGUENTO 50G,Fitoterapia e Omeopatia,,38.68,37.89,38.39,37.07,38.14,36.69,36.87,36.89,37.81
010004680,BOIRON MERCURIUS SOLUBILIS 30 CH SCIROPPO 150ML,Fitoterapia e Omeopatia,,12.62,11.19,11.78,12.58,12.73,12.03,12.41,11.40,12.76
010004683,BOIRON MERCURIUS SOLUBILIS 200 CH GRANULI 4G,Fitoterapia e Omeopatia,,43.06,43.90,43.82,42.97,43.49,44.46,44.70,43.74,43.18
010004686,BOIRON MERCURIUS SOLUBILIS 200 CH GLOBULI DOSA UNICA,Fitoterapia e Omeopatia,,9.68,10.69,9.96,10.65,11.02,8.73,9.48,9.91,9.28
010004689,BOIRON MERCURIUS SOLUBILIS 200 CH GOCCE ORALI 30ML,Fitoterapia e Omeopatia,,32.84,33.26,34.59,32.49,33.81,33.67,34.26,34.46,32.77
010004692,BOIRON MERCURIUS SOLUBILIS 200 CH FIALE ORALI 20 PEZZI,Fitoterapia e Omeopatia,,6.26,4.96,6.10,5.14,5.07,5.91,5.93,5.38,4.98
010004695,BOIRON MERCURIUS SOLUBILIS 200 CH UNGUENTO 50G,Fitoterapia e Omeopatia,,7.84,8.40,6.92,6.42,7.65,8.00,8.61,8.33,7.60
010004698,BOIRON MERCURIUS SOLUBILIS 200 CH SCIROPPO 150ML,Fitoterapia e Omeopatia,,9.53,7.78,7.78,9.17,9.98,8.64,9.99,9.31,8.37
010004701,BOIRON MERCURIUS SOLUBILIS 1MK GRANULI 4G,Fitoterapia e Omeopatia,,41.52,42.04,42.85,42.44,40.84,42.27,41.77,41.38,42.74
010004704,BOIRON MERCURIUS SOLUBILIS 1MK GLOBULI DOSA UNICA,Fitoterapia e Omeopatia,,40.89,40.77,39.86,39.52,40.26,40.38,39.90,39.34,40.88
010004707,BOIRON MERCURIUS SOLUBILIS 1MK GOCCE ORALI 30ML,Fitoterapia e Omeopatia,,37.27,35.34,35.33,36.95,36.99,36.64,35.40,36.31,37.30
010004710,BOIRON MERCURIUS SOLUBILIS 1MK FIALE ORALI 20 PEZZI,Fitoterapia e Omeopatia,,41.05,40.73,39.72,41.22,40.89,39.84,39.56,40.67,40.10
010004713,BOIRON MERCURIUS SOLUBILIS 1MK UNGUENTO 50G,Fitoterapia e Omeopatia,,4.92,4.90,6.06,6.33,5.21,4.68,5.37,5.23,5.45
010004716,BOIRON MERCURIUS SOLUBILIS 1MK SCIROPPO 150ML,Fitoterapia e Omeopatia,,29.63,30.95,28.71,30.95,30.77,30.94,29.56,30.66,30.65
010004719,BOIRON MERCURIUS SOLUBILIS 6DH GRANULI 4G,Fitoterapia e Omeopatia,,26.58,27.80,26.07,27.45,25.95,25.92,26.56,25.95,26.10
010004722,BOIRON MERCURIUS SOLUBILIS 6DH GLOBULI DOSA UNICA,Fitoterapia e Omeopatia,,6.96,7.10,8.74,8.01,8.60,8.51,7.48,8.31,8.73
010004725,BOIRON MERCURIUS SOLUBILIS 6DH GOCCE ORALI 30ML,Fitoterapia e Omeopatia,,35.21,36.05,34.66,35.42,34.50,36.35,35.87,35.68,35.17
010004728,BOIRON MERCURIUS SOLUBILIS 6DH FIALE ORALI 20 PEZZI,Fitoterapia e Omeopatia,,29.41,30.06,28.37,29.54,29.45,29.78,29.38,29.17,28.86
010004731,BOIRON MERCURIUS SOLUBILIS 6DH UNGUENTO 50G,Fitoterapia e Omeopatia,,23.23,21.40,23.21,22.76,22.20,22.96,22.34,22.70,22.22
010004734,BOIRON MERCURIUS SOLUBILIS 6DH SCIROPPO 150ML,Fitoterapia e Omeopatia,,36.92,37.72,36.96,38.21,37.65,37.76,37.03,38.81,37.11
010004737,BOIRON MERCURIUS SOLUBILIS 12DH GRANULI 4G,Fitoterapia e Omeopatia,,11.05,11.14,10.68,10.45,10.78,10.88,10.48,11.99,11.82
010004740,BOIRON MERCURIUS SOLUBILIS 12DH GLOBULI DOSA UNICA,Fitoterapia e Omeopatia,,43.34,43.04,43.80,41.72,43.73,41.83,41.89,42.86,41.98
010004743,BOIRON MERCURIUS SOLUBILIS 12DH GOCCE ORALI 30ML,Fitoterapia e Omeopatia,,26.63,26.70,25.68,26.51,25.83,26.22,27.18,27.59,26.35
010004746,BOIRON MERCURIUS SOLUBILIS 12DH FIALE ORALI 20 PEZZI,Fitoterapia e Omeopatia,,12.91,12.89,13.51,14.06,13.35,13.22,14.63,12.34,13.04
010004749,BOIRON MERCURIUS SOLUBILIS 12DH UNGUENTO 50G,Fitoterapia e Omeopatia,,45.28,43.15,44.25,43.52,44.71,45.11,43.58,44.25,43.77
010004752,BOIRON MERCURIUS SOLUBILIS 12DH SCIROPPO 150ML,Fitoterapia e Omeopatia,,12.05,11.35,11.32,11.84,10.05,10.04,10.57,10.12,10.13
010004755,BOIRON NATRUM MURIATICUM 4 CH GRANULI 4G,Fitoterapia e Omeopatia,,12.48,11.43,13.27,12.63,12.42,11.49,12.76,12.57,11.79
010004758,BOIRON NATRUM MURIATICUM 4 CH GLOBULI DOSA UNICA,Fitoterapia e Omeopatia,,37.32,37.04,37.98,37.54,37.89,36.75,35.77,36.40,37.71
010004761,BOIRON NATRUM MURIATICUM 4 CH GOCCE ORALI 30ML,Fitoterapia e Omeopatia,,28.91,27.43,29.68,27.80,28.67,28.06,28.90,29.69,29.11
010004764,BOIRON NATRUM MURIATICUM 4 CH FIALE ORALI 20 PEZZI,Fitoterapia e Omeopatia,,36.18,35.52,36.93,35.66,36.71,37.28,36.47,35.57,35.69
010004767,BOIRON NATRUM MURIATICUM 4 CH UNGUENTO 50G,Fitoterapia e Omeopatia,,19.75,19.23,19.47,18.30,18.59,20.27,19.19,19.52,18.85
010004770,BOIRON NATRUM MURIATICUM 4 CH SCIROPPO 150ML,Fitoterapia e Omeopatia,,31.92,32.89,31.97,31.26,31.76,31.93,33.15,31.82,32.54
010004773,BOIRON NATRUM MURIATICUM 5 CH GRANULI 4G,Fitoterapia e Omeopatia,,8.73,10.52,9.89,8.48,9.78,10.44,8.96,10.31,9.85
010004776,BOIRON NATRUM MURIATICUM 5 CH GLOBULI DOSA UNICA,Fitoterapia e Omeopatia,,22.03,20.77,20.51,20.96,22.11,21.33,20.24,21.83,20.53
010004779,BOIRON NATRUM MURIATICUM 5 CH GOCCE ORALI 30ML,Fitoterapia e Omeopatia,,18.91,18.40,20.03,20.58,19.66,20.37,19.37,20.17,19.92
010004782,BOIRON NATRUM MURIATICUM 5 CH FIALE ORALI 20 PEZZI,Fitoterapia e Omeopatia,,34.57,34.61,34.41,34.49,35.99,34.90,36.02,36.24,35.20
010004785,BOIRON NATRUM MURIATICUM 5 CH UNGUENTO 50G,Fitoterapia e Omeopatia,,3.91,3.98,5.37,5.97,5.07,4.09,4.92,4.78,4.67
010004788,BOIRON NATRUM MURIATICUM 5 CH SCIROPPO 150ML,Fitoterapia e Omeopatia,,32.01,30.39,31.00,30.21,30.15,30.65,30.10,29.85,30.80
010004791,BOIRON NATRUM MURIATICUM 7 CH GRANULI 4G,Fitoterapia e Omeopatia,,14.41,13.39,12.83,13.19,13.66,13.47,13.02,13.66,12.21
010004794,BOIRON NATRUM MURIATICUM 7 CH GLOBULI DOSA UNICA,Fitoterapia e Omeopatia,,41.51,40.16,40.14,39.55,40.53,39.55,41.51,41.50,40.34
010004797,BOIRON NATRUM MURIATICUM 7 CH GOCCE ORALI 30ML,Fitoterapia e Omeopatia,,32.40,32.67,33.06,31.84,31.88,32.95,31.50,30.77,31.06
010004800,BOIRON NATRUM MURIATICUM 7 CH FIALE ORALI 20 PEZZI,Fitoterapia e Omeopatia,,39.13,38.86,39.24,39.55,39.32,39.64,39.77,39.56,39.10
010004803,BOIRON NATRUM MURIATICUM 7 CH UNGUENTO 50G,Fitoterapia e Omeopatia,,42.13,42.48,41.89,41.28,40.89,40.93,41.92,41.91,43.06
010004806,BOIRON NATRUM MURIATICUM 7 CH SCIROPPO 150ML,Fitoterapia e Omeopatia,,13.88,13.08,12.88,14.13,12.96,12.66,13.23,13.59,13.36
010004809,BOIRON NATRUM MURIATICUM 9 CH GRANULI 4G,Fitoterapia e Omeopatia,,12.14,12.83,12.64,12.83,13.13,12.82,12.52,13.00,12.73
010004812,BOIRON NATRUM MURIATICUM 9 CH GLOBULI DOSA UNICA,Fitoterapia e Omeopatia,,35.25,35.68,36.21,37.05,37.43,35.46,36.15,36.18,35.83
010004815,BOIRON NATRUM MURIATICUM 9 CH GOCCE ORALI 30ML,Fitoterapia e Omeopatia,,43.20,43.17,41.91,42.30,41.71,42.21,42.69,42.47,43.21
010004818,BOIRON NATRUM MURIATICUM 9 CH FIALE ORALI 20 PEZZI,Fitoterapia e Omeopatia,,20.01,17.69,19.44,18.91,17.80,18.14,17.71,20.01,17.76
010004821,BOIRON NATRUM MURIATICUM 9 CH UNGUENTO 50G,Fitoterapia e Omeopatia,,5.51,6.50,5.95,4.94,5.39,6.98,6.66,5.80,4.92
010004824,BOIRON NATRUM MURIATICUM 9 CH SCIROPPO 150ML,Fitoterapia e Omeopatia,,13.93,12.83,12.93,13.45,11.98,13.60,14.07,12.11,13.01
010004827,BOIRON NATRUM MURIATICUM 12 CH GRANULI 4G,Fitoterapia e Omeopatia,,26.76,24.71,25.86,24.86,26.11,25.99,25.42,26.95,24.57
010004830,BOIRON NATRUM MURIATICUM 12 CH GLOBULI DOSA UNICA,Fitoterapia e Omeopatia,,41.42,41.64,41.57,39.97,40.23,40.80,41.85,39.85,41.38
010004833,BOIRON NATRUM MURIATICUM 12 CH GOCCE ORALI 30ML,Fitoterapia e Omeopatia,,42.61,42.59,42.72,43.34,42.30,43.62,44.34,42.63,42.66
010004836,BOIRON NATRUM MURIATICUM 12 CH FIALE ORALI 20 PEZZI,Fitoterapia e Omeopatia,,11.90,9.89,10.36,10.77,11.98,10.95,10.54,10.12,11.23
010004839,BOIRON NATRUM MURIATICUM 12 CH UNGUENTO 50G,Fitoterapia e Omeopatia,,41.90,42.27,42.07,41.76,42.96,42.89,43.20,42.61,43.67
010004842,BOIRON NATRUM MURIATICUM 12 CH SCIROPPO 150ML,Fitoterapia e Omeopatia,,22.33,22.47,21.53,21.51,22.20,23.52,21.45,22.37,21.47
010004845,BOIRON NATRUM MURIATICUM 15 CH GRANULI 4G,Fitoterapia e Omeopatia,,42.85,44.14,42.23,43.63,43.05,42.78,42.23,42.77,43.62
010004848,BOIRON NATRUM MURIATICUM 15 CH GLOBULI DOSA UNICA,Fitoterapia e Omeopatia,,20.74,20.06,19.72,20.01,19.61,19.36,20.36,19.28,21.00
010004851,BOIRON NATRUM MURIATICUM 15 CH GOCCE ORALI 30ML,Fitoterapia e Omeopatia,,31.05,32.34,31.14,31.37,31.93,31.43,31.86,31.54,30.35
010004854,BOIRON NATRUM MURIATICUM 15 CH FIALE ORALI 20 PEZZI,Fitoterapia e Omeopatia,,37.60,38.59,37.41,37.79,36.67,36.84,38.60,37.61,38.66
010004857,BOIRON NATRUM MURIATICUM 15 CH UNGUENTO 50G,Fitoterapia e Omeopatia,,7.12,6.62,6.40,7.62,8.07,7.11,7.68,6.04,6.40
010004860,BOIRON NATRUM MURIATICUM 15 CH SCIROPPO 150ML,Fitoterapia e Omeopatia,,42.68,43.78,41.45,43.08,42.23,43.28,43.31,42.13,43.41
010004863,BOIRON NATRUM MURIATICUM 30 CH GRANULI 4G,Fitoterapia e Omeopatia,,31.58,31.42,31.49,31.37,29.90,31.51,30.61,29.76,29.84
010004866,BOIRON NATRUM MURIATICUM 30 CH GLOBULI DOSA UNICA,Fitoterapia e Omeopatia,,24.95,23.62,23.75,23.62,24.97,24.16,25.14,25.14,25.27
010004869,BOIRON NATRUM MURIATICUM 30 CH GOCCE ORALI 30ML,Fitoterapia e Omeopatia,,31.37,31.68,32.76,31.51,32.55,31.07,32.42,32.92,31.58
010004872,BOIRON NATRUM MURIATICUM 30 CH FIALE ORALI 20 PEZZI,Fitoterapia e Omeopatia,,20.26,20.45,21.57,20.70,20.40,22.11,20.15,20.75,20.16
010004875,BOIRON NATRUM MURIATICUM 30 CH UNGUENTO 50G,Fitoterapia e Omeopatia,,9.99,7.87,9.10,8.22,7.91,9.76,8.12,8.61,8.53
010004878,BOIRON NATRUM MURIATICUM 30 CH SCIROPPO 150ML,Fitoterapia e Omeopatia,,41.90,43.56,43.55,42.12,43.18,41.51,41.35,42.22,42.20
010004881,BOIRON NATRUM MURIATICUM 200 CH GRANULI 4G,Fitoterapia e Omeopatia,,15.48,15.24,15.78,15.65,15.82,15.90,15.47,16.90,14.89
010004884,BOIRON NATRUM MURIATICUM 200 CH GLOBULI DOSA UNICA,Fitoterapia e Omeopatia,,39.36,37.95,37.99,38.86,38.30,38.47,38.12,37.63,39.57
010004887,BOIRON NATRUM MURIATICUM 200 CH GOCCE ORALI 30ML,Fitoterapia e Omeopatia,,40.90,40.81,40.37,39.82,41.60,40.23,39.97,40.26,40.14
010004890,BOIRON NATRUM MURIATICUM 200 CH FIALE ORALI 20 PEZZI,Fitoterapia e Omeopatia,,32.39,33.00,32.97,32.20,33.05,31.83,31.77,32.85,33.02
010004893,BOIRON NATRUM MURIATICUM 200 CH UNGUENTO 50G,Fitoterapia e Omeopatia,,41.61,41.37,43.32,41.59,41.43,41.71,42.60,42.80,43.51
010004896,BOIRON NATRUM MURIATICUM 200 CH SCIROPPO 150ML,Fitoterapia e Omeopatia,,6.48,6.39,6.58,6.68,5.39,7.15,6.02,5.82,6.25
010004899,BOIRON NATRUM MURIATICUM 1MK GRANULI 4G,Fitoterapia e Omeopatia,,32.00,31.75,33.04,32.13,33.30,33.02,33.96,31.67,33.89
010004902,BOIRON NATRUM MURIATICUM 1MK GLOBULI DOSA UNICA,Fitoterapia e Omeopatia,,24.13,23.23,23.11,24.23,24.01,22.79,23.57,23.56,23.44
010004905,BOIRON NATRUM MURIATICUM 1MK GOCCE ORALI 30ML,Fitoterapia e Omeopatia,,31.49,32.92,32.16,33.76,33.00,33.32,33.31,32.04,33.01
010004908,BOIRON NATRUM MURIATICUM 1MK FIALE ORALI 20 PEZZI,Fitoterapia e Omeopatia,,11.53,11.71,12.01,12.96,12.18,10.73,11.21,11.11,11.09
010004911,BOIRON NATRUM MURIATICUM 1MK UNGUENTO 50G,Fitoterapia e Omeopatia,,28.12,27.94,28.56,28.79,29.25,27.87,28.23,28.29,27.63
010004914,BOIRON NATRUM MURIATICUM 1MK SCIROPPO 150ML,Fitoterapia e Omeopatia,,38.21,36.65,35.99,37.17,37.73,36.34,36.15,36.95,37.65
010004917,BOIRON NATRUM MURIATICUM 6DH GRANULI 4G,Fitoterapia e Omeopatia,,37.71,36.68,36.65,38.32,37.04,37.32,38.65,37.42,38.89
010004920,BOIRON NATRUM MURIATICUM 6DH GLOBULI DOSA UNICA,Fitoterapia e Omeopatia,,6.62,6.64,7.03,5.04,4.85,6.66,5.97,6.38,6.40
010004923,BOIRON NATRUM MURIATICUM 6DH GOCCE ORALI 30ML,Fitoterapia e Omeopatia,,31.05,31.82,31.51,32.36,32.89,33.30,32.65,31.37,32.65
010004926,BOIRON NATRUM MURIATICUM 6DH FIALE ORALI 20 PEZZI,Fitoterapia e Omeopatia,,36.37,36.21,36.68,36.75,35.94,36.88,36.61,36.59,36.52
010004929,BOIRON NATRUM MURIATICUM 6DH UNGUENTO 50G,Fitoterapia e Omeopatia,,38.81,40.41,39.03,39.32,39.34,39.93,40.46,39.43,41.05
010004932,BOIRON NATRUM MURIATICUM 6DH SCIROPPO 150ML,Fitoterapia e Omeopatia,,31.89,31.46,31.87,32.51,31.69,32.61,30.81,30.65,32.10
010004935,BOIRON NATRUM MURIATICUM 12DH GRANULI 4G,Fitoterapia e Omeopatia,,22.84,21.54,22.78,21.17,21.58,20.62,21.54,21.39,21.55
010004938,BOIRON NATRUM MURIATICUM 12DH GLOBULI DOSA UNICA,Fitoterapia e Omeopatia,,45.01,44.58,44.20,44.47,44.31,44.61,44.11,43.67,44.03
010004941,BOIRON NATRUM MURIATICUM 12DH GOCCE ORALI 30ML,Fitoterapia e Omeopatia,,44.29,43.52,43.44,42.86,43.76,44.91,43.32,44.49,44.18
010004944,BOIRON NATRUM MURIATICUM 12DH FIALE ORALI 20 PEZZI,Fitoterapia e Omeopatia,,43.93,42.10,42.42,43.93,43.26,42.99,42.03,43.86,43.77
010004947,BOIRON NATRUM MURIATICUM 12DH UNGUENTO 50G,Fitoterapia e Omeopatia,,12.94,12.08,12.52,11.66,13.20,11.36,13.36,12.52,11.81
010004950,BOIRON NATRUM MURIATICUM 12DH SCIROPPO 150ML,Fitoterapia e Omeopatia,,13.66,11.64,13.66,12.30,13.08,12.32,12.15,12.35,12.90
010004953,BOIRON PHOSPHORUS 4 CH GRANULI 4G,Fitoterapia e Omeopatia,,45.24,44.66,44.95,45.12,44.10,44.25,44.98,44.67,43.91
010004956,BOIRON PHOSPHORUS 4 CH GLOBULI DOSA UNICA,Fitoterapia e Omeopatia,,32.49,32.83,32.60,32.70,33.62,31.91,33.57,32.57,34.04
010004959,BOIRON PHOSPHORUS 4 CH GOCCE ORALI 30ML,Fitoterapia e Omeopatia,,18.53,18.49,18.76,16.67,17.38,16.91,17.29,18.08,17.93
010004962,BOIRON PHOSPHORUS 4 CH FIALE ORALI 20 PEZZI,Fitoterapia e Omeopatia,,31.85,30.71,30.11,30.71,30.33,30.89,30.04,31.16,30.36
010004965,BOIRON PHOSPHORUS 4 CH UNGUENTO 50G,Fitoterapia e Omeopatia,,8.13,6.47,7.60,6.79,6.97,6.07,5.75,6.12,7.87
010004968,BOIRON PHOSPHORUS 4 CH SCIROPPO 150ML,Fitoterapia e Omeopatia,,19.00,18.77,19.03,19.62,19.73,19.43,18.74,18.74,20.00
010004971,BOIRON PHOSPHORUS 5 CH GRANULI 4G,Fitoterapia e Omeopatia,,15.96,14.76,14.28,16.17,14.26,14.86,15.88,14.00,16.05
010004974,BOIRON PHOSPHORUS 5 CH GLOBULI DOSA UNICA,Fitoterapia e Omeopatia,,43.60,45.17,45.42,45.69,45.45,44.48,44.56,44.62,44.83
010004977,BOIRON PHOSPHORUS 5 CH GOCCE ORALI 30ML,Fitoterapia e Omeopatia,,22.48,21.80,21.98,24.07,21.96,23.83,23.01,21.74,22.04
010004980,BOIRON PHOSPHORUS 5 CH FIALE ORALI 20 PEZZI,Fitoterapia e Omeopatia,,28.26,29.79,28.77,29.91,29.52,28.71,28.20,28.01,29.69
010004983,BOIRON PHOSPHORUS 5 CH UNGUENTO 50G,Fitoterapia e Omeopatia,,28.31,29.93,29.21,29.01,28.09,28.80,29.86,28.26,28.17
010004986,BOIRON PHOSPHORUS 5 CH SCIROPPO 150ML,Fitoterapia e Omeopatia,,36.69,36.17,34.53,36.67,36.20,35.65,36.11,34.75,36.09
010004989,BOIRON PHOSPHORUS 7 CH GRANULI 4G,Fitoterapia e Omeopatia,,43.75,44.76,44.99,44.67,43.78,45.17,45.97,44.30,44.95
010004992,BOIRON PHOSPHORUS 7 CH GLOBULI DOSA UNICA,Fitoterapia e Omeopatia,,8.87,9.53,8.41,8.94,9.29,7.89,9.08,8.16,9.72
010004995,BOIRON PHOSPHORUS 7 CH GOCCE ORALI 30ML,Fitoterapia e Omeopatia,,13.00,12.69,12.30,11.45,12.93,12.31,10.98,12.32,12.49
010004998,BOIRON PHOSPHORUS 7 CH FIALE ORALI 20 PEZZI,Fitoterapia e Omeopatia,,4.73,4.64,4.28,4.17,5.23,5.63,3.59,5.88,3.90
010005001,BOIRON PHOSPHORUS 7 CH UNGUENTO 50G,Fitoterapia e Omeopatia,,22.52,23.47,23.80,23.79,21.89,21.60,21.82,22.74,23.65
010005004,BOIRON PHOSPHORUS 7 CH SCIROPPO 150ML,Fitoterapia e Omeopatia,,17.93,15.92,16.07,17.49,17.26,17.57,18.17,16.63,18.00
010005007,BOIRON PHOSPHORUS 9 CH GRANULI 4G,Fitoterapia e Omeopatia,,9.79,10.97,8.69,9.09,10.06,8.72,10.06,9.02,8.92
010005010,BOIRON PHOSPHORUS 9 CH GLOBULI DOSA UNICA,Fitoterapia e Omeopatia,,29.98,30.56,29.72,30.75,30.46,29.74,31.57,30.50,30.13
010005013,BOIRON PHOSPHORUS 9 CH GOCCE ORALI 30ML,Fitoterapia e Omeopatia,,37.81,37.71,38.16,37.96,37.87,36.98,38.42,38.21,37.79
010005016,BOIRON PHOSPHORUS 9 CH FIALE ORALI 20 PEZZI,Fitoterapia e Omeopatia,,25.11,25.85,26.66,25.85,26.21,25.81,24.49,24.48,26.12
010005019,BOIRON PHOSPHORUS 9 CH UNGUENTO 50G,Fitoterapia e Omeopatia,,31.06,31.76,31.95,31.43,31.55,32.19,31.21,32.43,31.07
010005022,BOIRON PHOSPHORUS 9 CH SCIROPPO 150ML,Fitoterapia e Omeopatia,,17.91,16.57,16.43,16.69,17.21,16.38,17.26,17.72,17.62
010005025,BOIRON PHOSPHORUS 12 CH GRANULI 4G,Fitoterapia e Omeopatia,,11.38,10.80,12.56,12.12,12.09,12.38,10.90,10.43,12.08
010005028,BOIRON PHOSPHORUS 12 CH GLOBULI DOSA UNICA,Fitoterapia e Omeopatia,,10.55,11.57,10.32,12.09,9.94,12.17,11.92,12.02,11.47
010005031,BOIRON PHOSPHORUS 12 CH GOCCE ORALI 30ML,Fitoterapia e Omeopatia,,10.52,11.56,11.49,9.33,11.02,9.60,10.77,10.51,11.41
010005034,BOIRON PHOSPHORUS 12 CH FIALE ORALI 20 PEZZI,Fitoterapia e Omeopatia,,26.41,26.50,25.09,25.64,25.04,26.10,26.77,25.57,26.19
010005037,BOIRON PHOSPHORUS 12 CH UNGUENTO 50G,Fitoterapia e Omeopatia,,35.91,36.64,36.59,36.07,35.62,36.68,35.15,36.85,36.44
010005040,BOIRON PHOSPHORUS 12 CH SCIROPPO 150ML,Fitoterapia e Omeopatia,,16.99,17.03,17.80,17.77,18.05,17.93,17.83,17.48,17.13
010005043,BOIRON PHOSPHORUS 15 CH GRANULI 4G,Fitoterapia e Omeopatia,,41.04,40.70,41.99,41.34,40.29,40.19,41.32,40.81,41.24
010005046,BOIRON PHOSPHORUS 15 CH GLOBULI DOSA UNICA,Fitoterapia e Omeopatia,,32.33,31.22,31.95,31.87,31.03,30.78,30.32,30.73,30.43
010005049,BOIRON PHOSPHORUS 15 CH GOCCE ORALI 30ML,Fitoterapia e Omeopatia,,9.73,7.89,9.67,8.92,7.86,7.78,8.23,8.51,9.77
010005052,BOIRON PHOSPHORUS 15 CH FIALE ORALI 20 PEZZI,Fitoterapia e Omeopatia,,9.49,10.30,10.40,11.40,9.82,11.85,10.62,9.56,10.91
010005055,BOIRON PHOSPHORUS 15 CH UNGUENTO 50G,Fitoterapia e Omeopatia,,11.67,10.77,11.32,12.47,11.50,11.72,11.61,11.31,12.68
010005058,BOIRON PHOSPHORUS 15 CH SCIROPPO 150ML,Fitoterapia e Omeopatia,,30.14,30.79,30.60,30.85,32.19,31.21,31.00,32.20,32.39
010005061,BOIRON PHOSPHORUS 30 CH GRANULI 4G,Fitoterapia e Omeopatia,,13.11,11.71,10.81,11.12,12.37,12.36,11.88,12.39,12.95
010005064,BOIRON PHOSPHORUS 30 CH GLOBULI DOSA UNICA,Fitoterapia e Omeopatia,,40.51,39.42,39.76,40.54,40.26,40.24,40.21,39.87,40.60
010005067,BOIRON PHOSPHORUS 30 CH GOCCE ORALI 30ML,Fitoterapia e Omeopatia,,24.46,26.38,24.76,25.29,25.21,25.89,25.93,25.69,25.93
010005070,BOIRON PHOSPHORUS 30 CH FIALE ORALI 20 PEZZI,Fitoterapia e Omeopatia,,37.02,36.63,37.63,37.07,37.72,37.74,37.06,37.53,37.96
010005073,BOIRON PHOSPHORUS 30 CH UNGUENTO 50G,Fitoterapia e Omeopatia,,36.21,34.41,35.77,36.00,35.45,33.98,35.30,35.38,34.19
010005076,BOIRON PHOSPHORUS 30 CH SCIROPPO 150ML,Fitoterapia e Omeopatia,,32.60,32.57,31.61,31.62,32.80,32.88,31.35,32.14,32.81
010005079,BOIRON PHOSPHORUS 200 CH GRANULI 4G,Fitoterapia e Omeopatia,,40.49,42.43,40.70,41.06,41.77,41.45,42.07,42.23,41.96
010005082,BOIRON PHOSPHORUS 200 CH GLOBULI DOSA UNICA,Fitoterapia e Omeopatia,,14.64,15.70,14.11,15.02,13.56,14.83,13.98,15.07,15.27
010005085,BOIRON PHOSPHORUS 200 CH GOCCE ORALI 30ML,Fitoterapia e Omeopatia,,32.02,31.78,33.56,32.89,32.82,32.18,32.47,33.16,33.68
010005088,BOIRON PHOSPHORUS 200 CH FIALE ORALI 20 PEZZI,Fitoterapia e Omeopatia,,26.39,28.27,27.77,27.34,27.50,27.52,26.85,28.43,27.62
010005091,BOIRON PHOSPHORUS 200 CH UNGUENTO 50G,Fitoterapia e Omeopatia,,7.05,7.32,7.35,7.81,8.75,7.81,7.53,8.28,8.29
010005094,BOIRON PHOSPHORUS 200 CH SCIROPPO 150ML,Fitoterapia e Omeopatia,,11.38,11.23,10.99,11.02,9.88,10.71,10.01,10.73,11.33
010005097,BOIRON PHOSPHORUS 1MK GRANULI 4G,Fitoterapia e Omeopatia,,37.71,39.27,37.73,38.42,39.09,38.96,37.95,38.23,39.53
010005100,BOIRON PHOSPHORUS 1MK GLOBULI DOSA UNICA,Fitoterapia e Omeopatia,,19.39,19.87,19.67,20.58,20.12,20.07,20.68,21.04,21.19
010005103,BOIRON PHOSPHORUS 1MK GOCCE ORALI 30ML,Fitoterapia e Omeopatia,,9.93,11.00,8.81,10.07,10.46,9.05,9.03,11.07,8.78
010005106,BOIRON PHOSPHORUS 1MK FIALE ORALI 20 PEZZI,Fitoterapia e Omeopatia,,43.48,43.39,41.58,41.97,42.34,42.81,41.49,42.35,42.75
010005109,BOIRON PHOSPHORUS 1MK UNGUENTO 50G,Fitoterapia e Omeopatia,,23.09,23.10,23.23,24.29,23.36,22.88,23.37,22.43,22.66
010005112,BOIRON PHOSPHORUS 1MK SCIROPPO 150ML,Fitoterapia e Omeopatia,,23.28,22.42,23.92,21.97,23.65,23.17,21.82,21.75,22.14
010005115,BOIRON PHOSPHORUS 6DH GRANULI 4G,Fitoterapia e Omeopatia,,32.30,33.48,32.56,32.80,31.82,32.97,33.05,32.36,32.15
010005118,BOIRON PHOSPHORUS 6DH GLOBULI DOSA UNICA,Fitoterapia e Omeopatia,,7.38,6.13,6.27,6.13,6.33,7.72,6.17,6.21,6.88
010005121,BOIRON PHOSPHORUS 6DH GOCCE ORALI 30ML,Fitoterapia e Omeopatia,,26.37,26.93,26.54,25.42,27.62,25.75,26.00,27.00,26.66
010005124,BOIRON PHOSPHORUS 6DH FIALE ORALI 20 PEZZI,Fitoterapia e Omeopatia,,20.51,20.21,21.76,21.91,22.52,21.06,20.58,21.51,21.48
010005127,BOIRON PHOSPHORUS 6DH UNGUENTO 50G,Fitoterapia e Omeopatia,,28.00,28.24,26.97,27.33,26.71,28.27,27.04,26.28,27.92
010005130,BOIRON PHOSPHORUS 6DH SCIROPPO 150ML,Fitoterapia e Omeopatia,,40.35,40.92,40.38,41.94,40.99,41.82,41.18,41.82,42.04
010005133,BOIRON PHOSPHORUS 12DH GRANULI 4G,Fitoterapia e Omeopatia,,43.72,44.50,44.06,42.52,42.80,43.21,43.05,44.24,43.99
010005136,BOIRON PHOSPHORUS 12DH GLOBULI DOSA UNICA,Fitoterapia e Omeopatia,,5.91,5.37,4.42,6.25,6.54,5.31,6.22,4.96,6.23
010005139,BOIRON PHOSPHORUS 12DH GOCCE ORALI 30ML,Fitoterapia e Omeopatia,,24.50,23.62,23.26,23.74,24.55,23.28,24.33,25.11,23.72
010005142,BOIRON PHOSPHORUS 12DH FIALE ORALI 20 PEZZI,Fitoterapia e Omeopatia,,23.85,23.69,23.04,23.22,23.33,24.21,24.82,22.78,22.53
010005145,BOIRON PHOSPHORUS 12DH UNGUENTO 50G,Fitoterapia e Omeopatia,,37.12,36.83,37.90,39.02,38.38,37.94,38.50,37.05,38.87
010005148,BOIRON PHOSPHORUS 12DH SCIROPPO 150ML,Fitoterapia e Omeopatia,,18.28,20.09,18.91,19.65,19.60,19.43,19.80,18.83,18.39
010005151,BOIRON SULPHUR 4 CH GRANULI 4G,Fitoterapia e Omeopatia,,10.70,10.14,8.39,9.47,10.10,10.39,8.56,9.08,10.71
010005154,BOIRON SULPHUR 4 CH GLOBULI DOSA UNICA,Fitoterapia e Omeopatia,,37.24,37.01,36.79,37.15,35.52,35.80,36.84,35.43,36.91
010005157,BOIRON SULPHUR 4 CH GOCCE ORALI 30ML,Fitoterapia e Omeopatia,,28.07,27.39,27.82,27.69,26.36,28.28,27.97,27.91,27.74
010005160,BOIRON SULPHUR 4 CH FIALE ORALI 20 PEZZI,Fitoterapia e Omeopatia,,26.75,27.38,25.76,27.96,25.99,27.06,27.40,27.48,25.85
010005163,BOIRON SULPHUR 4 CH UNGUENTO 50G,Fitoterapia e Omeopatia,,21.10,22.93,22.85,23.37,23.17,21.88,21.53,22.81,23.23
010005166,BOIRON SULPHUR 4 CH SCIROPPO 150ML,Fitoterapia e Omeopatia,,10.87,10.22,9.89,10.80,10.72,10.02,11.64,11.44,11.80
010005169,BOIRON SULPHUR 5 CH GRANULI 4G,Fitoterapia e Omeopatia,,34.80,34.50,34.02,33.81,35.13,35.23,34.99,34.24,33.56
010005172,BOIRON SULPHUR 5 CH GLOBULI DOSA UNICA,Fitoterapia e Omeopatia,,9.79,11.50,10.37,9.88,10.39,10.97,9.95,10.23,10.92
010005175,BOIRON SULPHUR 5 CH GOCCE ORALI 30ML,Fitoterapia e Omeopatia,,41.39,40.93,39.91,41.08,40.03,40.75,40.84,40.02,40.01
010005178,BOIRON SULPHUR 5 CH FIALE ORALI 20 PEZZI,Fitoterapia e Omeopatia,,10.08,10.98,10.11,10.90,9.98,11.72,9.42,10.47,11.11
010005181,BOIRON SULPHUR 5 CH UNGUENTO 50G,Fitoterapia e Omeopatia,,30.78,31.56,30.75,30.17,32.03,31.94,31.92,30.84,31.64
010005184,BOIRON SULPHUR 5 CH SCIROPPO 150ML,Fitoterapia e Omeopatia,,37.94,37.58,37.95,36.62,37.11,37.03,37.64,36.81,38.50
010005187,BOIRON SULPHUR 7 CH GRANULI 4G,Fitoterapia e Omeopatia,,36.39,35.67,35.24,36.23,36.04,36.98,36.80,36.72,35.57
010005190,BOIRON SULPHUR 7 CH GLOBULI DOSA UNICA,Fitoterapia e Omeopatia,,37.66,37.77,36.57,38.01,37.15,37.48,36.63,38.34,37.35
010005193,BOIRON SULPHUR 7 CH GOCCE ORALI 30ML,Fitoterapia e Omeopatia,,17.21,16.50,17.47,18.05,18.32,16.92,17.47,18.23,16.60
010005196,BOIRON SULPHUR 7 CH FIALE ORALI 20 PEZZI,Fitoterapia e Omeopatia,,39.36,38.40,37.74,37.84,38.79,39.74,37.89,38.85,38.75
010005199,BOIRON SULPHUR 7 CH UNGUENTO 50G,Fitoterapia e Omeopatia,,32.15,33.06,33.72,33.61,32.36,32.05,32.41,33.14,34.14
010005202,BOIRON SULPHUR 7 CH SCIROPPO 150ML,Fitoterapia e Omeopatia,,40.36,40.21,40.39,40.55,39.54,40.46,40.56,39.93,39.48
010005205,BOIRON SULPHUR 9 CH GRANULI 4G,Fitoterapia e Omeopatia,,12.46,13.85,13.29,12.37,13.19,14.08,12.50,12.95,14.35
010005208,BOIRON SULPHUR 9 CH GLOBULI DOSA UNICA,Fitoterapia e Omeopatia,,5.47,4.89,5.96,5.88,4.22,6.32,4.64,4.63,5.83
010005211,BOIRON SULPHUR 9 CH GOCCE ORALI 30ML,Fitoterapia e Omeopatia,,3.66,3.94,4.26,4.47,3.81,5.09,5.62,3.62,3.91
010005214,BOIRON SULPHUR 9 CH FIALE ORALI 20 PEZZI,Fitoterapia e Omeopatia,,29.86,29.27,30.27,28.19,28.53,28.26,28.26,28.16,30.02
010005217,BOIRON SULPHUR 9 CH UNGUENTO 50G,Fitoterapia e Omeopatia,,21.99,22.98,22.13,23.51,22.89,22.16,21.21,22.42,21.57
010005220,BOIRON SULPHUR 9 CH SCIROPPO 150ML,Fitoterapia e Omeopatia,,13.82,14.37,16.13,16.04,15.13,15.54,14.20,14.80,14.41
010005223,BOIRON SULPHUR 12 CH GRANULI 4G,Fitoterapia e Omeopatia,,17.61,17.94,19.58,18.36,19.37,19.71,19.76,17.89,19.77
010005226,BOIRON SULPHUR 12 CH GLOBULI DOSA UNICA,Fitoterapia e Omeopatia,,43.39,43.87,44.76,44.13,42.95,43.53,42.45,43.48,44.43
010005229,BOIRON SULPHUR 12 CH GOCCE ORALI 30ML,Fitoterapia e Omeopatia,,12.42,13.03,14.24,12.07,12.07,13.60,13.49,12.21,14.18
010005232,BOIRON SULPHUR 12 CH FIALE ORALI 20 PEZZI,Fitoterapia e Omeopatia,,27.83,27.47,26.47,26.17,26.81,26.86,26.87,26.74,27.43
010005235,BOIRON SULPHUR 12 CH UNGUENTO 50G,Fitoterapia e Omeopatia,,26.83,27.12,28.03,27.89,26.81,27.74,26.59,27.70,26.79
010005238,BOIRON SULPHUR 12 CH SCIROPPO 150ML,Fitoterapia e Omeopatia,,23.51,23.75,23.82,23.95,24.29,24.03,24.72,24.93,24.52
010005241,BOIRON SULPHUR 15 CH GRANULI 4G,Fitoterapia e Omeopatia,,9.54,10.58,9.39,10.50,10.10,9.95,10.36,10.27,10.93
010005244,BOIRON SULPHUR 15 CH GLOBULI DOSA UNICA,Fitoterapia e Omeopatia,,21.56,22.37,20.96,20.36,20.48,20.31,20.42,21.80,21.99
010005247,BOIRON SULPHUR 15 CH GOCCE ORALI 30ML,Fitoterapia e Omeopatia,,9.71,8.89,7.92,8.22,8.76,8.32,8.13,7.90,8.52
010005250,BOIRON SULPHUR 15 CH FIALE ORALI 20 PEZZI,Fitoterapia e Omeopatia,,17.71,17.45,16.67,18.46,17.33,18.75,17.56,17.86,16.81
010005253,BOIRON SULPHUR 15 CH UNGUENTO 50G,Fitoterapia e Omeopatia,,40.75,39.81,41.31,39.42,39.66,41.41,40.20,41.09,40.52
010005256,BOIRON SULPHUR 15 CH SCIROPPO 150ML,Fitoterapia e Omeopatia,,32.81,33.11,34.36,33.68,33.94,34.40,33.65,33.19,33.74
010005259,BOIRON SULPHUR 30 CH GRANULI 4G,Fitoterapia e Omeopatia,,6.81,6.27,6.82,6.48,6.34,5.82,6.38,7.30,6.78
010005262,BOIRON SULPHUR 30 CH GLOBULI DOSA UNICA,Fitoterapia e Omeopatia,,23.20,23.96,23.17,22.52,23.68,23.26,24.05,23.82,23.45
010005265,BOIRON SULPHUR 30 CH GOCCE ORALI 30ML,Fitoterapia e Omeopatia,,17.63,18.11,18.73,17.85,16.78,17.59,16.64,17.00,16.83
010005268,BOIRON SULPHUR 30 CH FIALE ORALI 20 PEZZI,Fitoterapia e Omeopatia,,33.37,32.74,33.21,34.05,33.24,33.63,31.89,33.49,33.18
010005271,BOIRON SULPHUR 30 CH UNGUENTO 50G,Fitoterapia e Omeopatia,,31.48,31.13,30.54,30.86,30.19,31.50,31.92,31.03,30.24
010005274,BOIRON SULPHUR 30 CH SCIROPPO 150ML,Fitoterapia e Omeopatia,,19.65,20.25,20.49,19.52,19.79,20.98,20.92,21.68,20.82
010005277,BOIRON SULPHUR 200 CH GRANULI 4G,Fitoterapia e Omeopatia,,38.61,38.38,38.59,37.81,37.31,37.05,37.83,37.93,38.16
010005280,BOIRON SULPHUR 200 CH GLOBULI DOSA UNICA,Fitoterapia e Omeopatia,,15.22,13.71,15.47,15.92,15.86,15.99,13.72,14.77,15.56
010005283,BOIRON SULPHUR 200 CH GOCCE ORALI 30ML,Fitoterapia e Omeopatia,,11.40,10.90,10.73,12.27,11.07,10.58,10.38,11.58,11.02
010005286,BOIRON SULPHUR 200 CH FIALE ORALI 20 PEZZI,Fitoterapia e Omeopatia,,15.70,16.88,14.63,16.30,14.71,14.81,16.55,16.86,15.10
010005289,BOIRON SULPHUR 200 CH UNGUENTO 50G,Fitoterapia e Omeopatia,,10.66,8.70,9.48,8.62,9.61,9.61,9.09,9.62,9.04
010005292,BOIRON SULPHUR 200 CH SCIROPPO 150ML,Fitoterapia e Omeopatia,,40.48,39.89,40.31,39.79,40.10,40.13,40.20,40.93,41.11
010005295,BOIRON SULPHUR 1MK GRANULI 4G,Fitoterapia e Omeopatia,,35.25,35.35,34.77,35.31,35.86,35.86,35.68,35.20,34.94
010005298,BOIRON SULPHUR 1MK GLOBULI DOSA UNICA,Fitoterapia e Omeopatia,,18.25,17.32,17.68,16.43,17.83,16.68,18.01,18.10,18.11
010005301,BOIRON SULPHUR 1MK GOCCE ORALI 30ML,Fitoterapia e Omeopatia,,16.39,16.16,15.00,15.92,16.27,15.96,14.80,15.11,15.24
010005304,BOIRON SULPHUR 1MK FIALE ORALI 20 PEZZI,Fitoterapia e Omeopatia,,30.83,30.82,30.60,30.10,31.39,30.59,31.46,30.81,31.44
010005307,BOIRON SULPHUR 1MK UNGUENTO 50G,Fitoterapia e Omeopatia,,16.50,16.56,17.64,16.99,17.64,18.00,16.72,18.40,17.99
010005310,BOIRON SULPHUR 1MK SCIROPPO 150ML,Fitoterapia e Omeopatia,,44.53,45.21,42.94,43.57,44.07,43.91,44.60,43.92,45.16
010005313,BOIRON SULPHUR 6DH GRANULI 4G,Fitoterapia e Omeopatia,,9.54,9.22,9.68,9.64,10.59,9.20,9.59,9.00,9.46
010005316,BOIRON SULPHUR 6DH GLOBULI DOSA UNICA,Fitoterapia e Omeopatia,,24.10,22.73,23.51,24.60,23.22,23.70,23.68,22.73,22.88
010005319,BOIRON SULPHUR 6DH GOCCE ORALI 30ML,Fitoterapia e Omeopatia,,38.83,38.26,38.50,37.04,36.93,38.21,38.35,37.68,37.95
010005322,BOIRON SULPHUR 6DH FIALE ORALI 20 PEZZI,Fitoterapia e Omeopatia,,29.49,29.89,29.91,30.77,31.00,29.83,29.75,30.70,31.48
010005325,BOIRON SULPHUR 6DH UNGUENTO 50G,Fitoterapia e Omeopatia,,26.84,26.71,26.25,25.19,25.50,24.81,25.36,24.87,24.69
010005328,BOIRON SULPHUR 6DH SCIROPPO 150ML,Fitoterapia e Omeopatia,,23.01,24.28,23.11,24.63,23.57,23.15,23.25,23.59,24.63
010005331,BOIRON SULPHUR 12DH GRANULI 4G,Fitoterapia e Omeopatia,,16.14,14.72,14.84,16.17,15.32,14.23,16.25,14.39,16.40
010005334,BOIRON SULPHUR 12DH GLOBULI DOSA UNICA,Fitoterapia e Omeopatia,,28.21,26.88,27.34,27.23,27.10,26.94,26.61,27.41,26.36
010005337,BOIRON SULPHUR 12DH GOCCE ORALI 30ML,Fitoterapia e Omeopatia,,20.43,21.19,20.70,22.69,21.35,22.50,22.16,21.45,21.52
010005340,BOIRON SULPHUR 12DH FIALE ORALI 20 PEZZI,Fitoterapia e Omeopatia,,34.35,35.97,34.43,35.85,35.98,34.54,35.24,35.23,36.14
010005343,BOIRON SULPHUR 12DH UNGUENTO 50G,Fitoterapia e Omeopatia,,35.37,34.14,34.94,34.07,34.40,33.54,35.10,34.59,34.16
010005346,BOIRON SULPHUR 12DH SCIROPPO 150ML,Fitoterapia e Omeopatia,,16.78,18.11,18.09,18.19,18.07,17.99,17.18,17.83,17.44
010005349,BOIRON STAPHYSAGRIA 4 CH GRANULI 4G,Fitoterapia e Omeopatia,,5.92,6.15,6.30,5.55,7.44,7.02,6.34,6.47,7.18
010005352,BOIRON STAPHYSAGRIA 4 CH GLOBULI DOSA UNICA,Fitoterapia e Omeopatia,,31.00,31.26,30.76,29.89,29.35,30.33,30.41,30.62,30.94
010005355,BOIRON STAPHYSAGRIA 4 CH GOCCE ORALI 30ML,Fitoterapia e Omeopatia,,34.00,33.25,33.29,33.52,34.16,34.59,33.27,34.66,33.78
010005358,BOIRON STAPHYSAGRIA 4 CH FIALE ORALI 20 PEZZI,Fitoterapia e Omeopatia,,28.68,29.91,30.48,30.55,30.36,29.44,30.02,29.86,30.77
010005361,BOIRON STAPHYSAGRIA 4 CH UNGUENTO 50G,Fitoterapia e Omeopatia,,31.30,31.69,31.68,31.80,31.86,33.12,32.48,31.84,31.77
010005364,BOIRON STAPHYSAGRIA 4 CH SCIROPPO 150ML,Fitoterapia e Omeopatia,,38.66,39.36,39.27,40.37,39.10,39.45,39.12,40.69,38.82
010005367,BOIRON STAPHYSAGRIA 5 CH GRANULI 4G,Fitoterapia e Omeopatia,,7.82,9.08,8.99,8.00,9.01,8.24,8.17,9.01,9.10
010005370,BOIRON STAPHYSAGRIA 5 CH GLOBULI DOSA UNICA,Fitoterapia e Omeopatia,,28.33,28.01,29.82,28.91,29.43,28.95,28.61,28.65,29.18
010005373,BOIRON STAPHYSAGRIA 5 CH GOCCE ORALI 30ML,Fitoterapia e Omeopatia,,16.29,16.41,14.87,16.64,16.98,16.98,16.70,16.25,15.66
010005376,BOIRON STAPHYSAGRIA 5 CH FIALE ORALI 20 PEZZI,Fitoterapia e Omeopatia,,24.00,25.04,23.47,23.65,23.26,24.74,24.01,24.81,24.57
010005379,BOIRON STAPHYSAGRIA 5 CH UNGUENTO 50G,Fitoterapia e Omeopatia,,15.96,15.62,15.67,16.12,16.36,15.76,16.79,15.03,17.16
010005382,BOIRON STAPHYSAGRIA 5 CH SCIROPPO 150ML,Fitoterapia e Omeopatia,,18.73,18.01,17.19,18.17,18.49,18.75,17.13,19.28,19.24
010005385,BOIRON STAPHYSAGRIA 7 CH GRANULI 4G,Fitoterapia e Omeopatia,,33.93,33.70,33.44,32.83,33.51,33.67,33.36,34.18,33.15
010005388,BOIRON STAPHYSAGRIA 7 CH GLOBULI DOSA UNICA,Fitoterapia e Omeopatia,,34.43,33.79,35.05,35.19,34.44,33.13,34.99,33.17,33.31
010005391,BOIRON STAPHYSAGRIA 7 CH GOCCE ORALI 30ML,Fitoterapia e Omeopatia,,39.38,38.58,39.53,38.20,39.00,39.22,38.59,39.91,40.02
010005394,BOIRON STAPHYSAGRIA 7 CH FIALE ORALI 20 PEZZI,Fitoterapia e Omeopatia,,32.18,32.24,31.12,31.27,31.75,30.56,30.70,32.13,32.04
010005397,BOIRON STAPHYSAGRIA 7 CH UNGUENTO 50G,Fitoterapia e Omeopatia,,17.95,17.93,17.44,18.73,17.42,19.25,19.40,18.31,19.06
010005400,BOIRON STAPHYSAGRIA 7 CH SCIROPPO 150ML,Fitoterapia e Omeopatia,,5.79,5.60,5.67,4.44,6.22,5.60,5.02,4.17,6.24
010005403,BOIRON STAPHYSAGRIA 9 CH GRANULI 4G,Fitoterapia e Omeopatia,,5.44,6.06,5.89,5.02,5.14,6.56,6.56,6.43,4.88
010005406,BOIRON STAPHYSAGRIA 9 CH GLOBULI DOSA UNICA,Fitoterapia e Omeopatia,,9.10,8.79,7.69,8.49,9.56,9.23,7.97,9.23,8.96
010005409,BOIRON STAPHYSAGRIA 9 CH GOCCE ORALI 30ML,Fitoterapia e Omeopatia,,18.68,17.11,16.59,16.89,17.09,16.99,18.77,18.55,17.14
010005412,BOIRON STAPHYSAGRIA 9 CH FIALE ORALI 20 PEZZI,Fitoterapia e Omeopatia,,41.70,40.47,40.31,40.37,39.90,40.88,40.32,40.32,40.20
010005415,BOIRON STAPHYSAGRIA 9 CH UNGUENTO 50G,Fitoterapia e Omeopatia,,36.24,35.06,35.95,36.39,36.21,36.06,36.48,35.10,36.29
010005418,BOIRON STAPHYSAGRIA 9 CH SCIROPPO 150ML,Fitoterapia e Omeopatia,,10.21,9.83,11.67,10.27,11.36,9.85,10.98,10.80,10.66
010005421,BOIRON STAPHYSAGRIA 12 CH GRANULI 4G,Fitoterapia e Omeopatia,,19.73,20.80,19.40,20.81,19.04,20.04,21.27,19.28,20.89
010005424,BOIRON STAPHYSAGRIA 12 CH GLOBULI DOSA UNICA,Fitoterapia e Omeopatia,,7.97,7.94,7.24,6.67,8.47,8.10,7.81,6.55,8.76
010005427,BOIRON STAPHYSAGRIA 12 CH GOCCE ORALI 30ML,Fitoterapia e Omeopatia,,7.86,7.24,8.12,7.52,7.08,8.61,8.13,7.86,8.18
010005430,BOIRON STAPHYSAGRIA 12 CH FIALE ORALI 20 PEZZI,Fitoterapia e Omeopatia,,22.04,21.31,21.36,20.78,20.61,22.22,21.57,20.65,20.55
010005433,BOIRON STAPHYSAGRIA 12 CH UNGUENTO 50G,Fitoterapia e Omeopatia,,32.42,30.53,30.35,31.53,30.63,30.80,30.25,31.61,32.22
010005436,BOIRON STAPHYSAGRIA 12 CH SCIROPPO 150ML,Fitoterapia e Omeopatia,,12.01,11.45,12.95,11.29,13.03,13.20,11.42,11.81,13.51
010005439,BOIRON STAPHYSAGRIA 15 CH GRANULI 4G,Fitoterapia e Omeopatia,,42.51,44.22,44.10,43.68,42.11,42.29,43.08,44.16,43.71
010005442,BOIRON STAPHYSAGRIA 15 CH GLOBULI DOSA UNICA,Fitoterapia e Omeopatia,,41.62,41.01,41.50,39.82,40.84,41.74,40.55,40.47,41.35
010005445,BOIRON STAPHYSAGRIA 15 CH GOCCE ORALI 30ML,Fitoterapia e Omeopatia,,20.04,19.40,19.69,20.17,20.05,21.21,20.52,20.43,19.26
010005448,BOIRON STAPHYSAGRIA 15 CH FIALE ORALI 20 PEZZI,Fitoterapia e Omeopatia,,8.86,9.84,9.54,8.45,10.71,9.64,9.47,8.60,10.53
010005451,BOIRON STAPHYSAGRIA 15 CH UNGUENTO 50G,Fitoterapia e Omeopatia,,28.74,28.71,30.10,29.83,28.33,28.26,29.34,29.74,29.57
010005454,BOIRON STAPHYSAGRIA 15 CH SCIROPPO 150ML,Fitoterapia e Omeopatia,,40.75,39.26,38.70,40.27,40.04,40.61,40.09,40.65,39.06
010005457,BOIRON STAPHYSAGRIA 30 CH GRANULI 4G,Fitoterapia e Omeopatia,,14.16,12.31,13.21,13.76,12.60,13.91,14.09,12.96,13.11
010005460,BOIRON STAPHYSAGRIA 30 CH GLOBULI DOSA UNICA,Fitoterapia e Omeopatia,,28.13,29.33,27.28,27.03,27.95,28.29,27.79,28.75,28.86
010005463,BOIRON STAPHYSAGRIA 30 CH GOCCE ORALI 30ML,Fitoterapia e Omeopatia,,20.91,19.68,20.19,21.55,19.52,19.65,19.77,20.97,19.84
010005466,BOIRON STAPHYSAGRIA 30 CH FIALE ORALI 20 PEZZI,Fitoterapia e Omeopatia,,36.74,35.82,37.08,35.93,36.06,36.11,37.16,35.93,36.27
010005469,BOIRON STAPHYSAGRIA 30 CH UNGUENTO 50G,Fitoterapia e Omeopatia,,19.66,20.53,19.12,20.00,21.08,20.55,20.25,21.09,19.78
010005472,BOIRON STAPHYSAGRIA 30 CH SCIROPPO 150ML,Fitoterapia e Omeopatia,,39.60,37.71,38.16,38.05,39.01,38.56,38.22,37.75,38.03
010005475,BOIRON STAPHYSAGRIA 200 CH GRANULI 4G,Fitoterapia e Omeopatia,,22.51,22.42,22.41,23.83,23.21,22.57,23.12,22.86,23.39
010005478,BOIRON STAPHYSAGRIA 200 CH GLOBULI DOSA UNICA,Fitoterapia e Omeopatia,,8.63,6.46,7.25,7.67,8.68,8.34,7.19,7.06,7.99
010005481,BOIRON STAPHYSAGRIA 200 CH GOCCE ORALI 30ML,Fitoterapia e Omeopatia,,16.85,17.42,17.41,16.94,15.76,16.38,16.99,16.92,15.87
010005484,BOIRON STAPHYSAGRIA 200 CH FIALE ORALI 20 PEZZI,Fitoterapia e Omeopatia,,18.04,18.12,16.06,16.29,17.48,16.17,17.55,17.62,17.82
010005487,BOIRON STAPHYSAGRIA 200 CH UNGUENTO 50G,Fitoterapia e Omeopatia,,7.31,5.09,6.99,6.68,6.65,7.28,5.97,7.13,7.15
010005490,BOIRON STAPHYSAGRIA 200 CH SCIROPPO 150ML,Fitoterapia e Omeopatia,,11.75,11.55,12.15,10.75,10.95,10.84,11.62,11.50,10.89
010005493,BOIRON STAPHYSAGRIA 1MK GRANULI 4G,Fitoterapia e Omeopatia,,7.86,8.74,10.00,9.95,8.80,9.86,8.68,9.89,7.74
010005496,BOIRON STAPHYSAGRIA 1MK GLOBULI DOSA UNICA,Fitoterapia e Omeopatia,,40.65,41.83,40.14,41.81,40.15,42.31,40.37,41.68,42.27
010005499,BOIRON STAPHYSAGRIA 1MK GOCCE ORALI 30ML,Fitoterapia e Omeopatia,,41.61,41.56,41.56,43.23,42.50,42.76,43.24,41.35,41.33
010005502,BOIRON STAPHYSAGRIA 1MK FIALE ORALI 20 PEZZI,Fitoterapia e Omeopatia,,38.20,38.61,40.03,38.16,39.66,39.51,39.81,39.43,39.89
010005505,BOIRON STAPHYSAGRIA 1MK UNGUENTO 50G,Fitoterapia e Omeopatia,,19.18,19.91,19.38,20.08,19.22,19.07,20.95,19.43,18.81
010005508,BOIRON STAPHYSAGRIA 1MK SCIROPPO 150ML,Fitoterapia e Omeopatia,,24.10,25.17,24.09,24.58,24.94,25.97,24.21,26.26,25.80
010005511,BOIRON STAPHYSAGRIA 6DH GRANULI 4G,Fitoterapia e Omeopatia,,37.85,37.59,37.51,38.75,38.68,37.48,38.82,37.35,37.28
010005514,BOIRON STAPHYSAGRIA 6DH GLOBULI DOSA UNICA,Fitoterapia e Omeopatia,,11.39,12.66,13.20,12.92,11.33,12.03,12.25,12.61,11.14
010005517,BOIRON STAPHYSAGRIA 6DH GOCCE ORALI 30ML,Fitoterapia e Omeopatia,,36.59,36.94,35.93,36.98,36.62,36.07,37.07,36.62,37.07
010005520,BOIRON STAPHYSAGRIA 6DH FIALE ORALI 20 PEZZI,Fitoterapia e Omeopatia,,9.69,7.91,8.01,8.27,9.21,7.50,8.96,9.17,9.08
010005523,BOIRON STAPHYSAGRIA 6DH UNGUENTO 50G,Fitoterapia e Omeopatia,,4.46,5.37,5.06,6.07,3.95,4.61,5.56,5.25,4.43
010005526,BOIRON STAPHYSAGRIA 6DH SCIROPPO 150ML,Fitoterapia e Omeopatia,,30.56,28.43,29.71,28.88,28.93,29.07,29.39,30.73,29.08
010005529,BOIRON STAPHYSAGRIA 12DH GRANULI 4G,Fitoterapia e Omeopatia,,9.49,9.65,8.64,10.19,10.24,9.49,10.06,8.46,10.12
010005532,BOIRON STAPHYSAGRIA 12DH GLOBULI DOSA UNICA,Fitoterapia e Omeopatia,,14.27,14.20,13.94,14.00,14.36,13.17,12.64,14.07,12.86
010005535,BOIRON STAPHYSAGRIA 12DH GOCCE ORALI 30ML,Fitoterapia e Omeopatia,,36.16,36.79,37.07,35.88,37.37,37.31,35.72,36.14,37.90
010005538,BOIRON STAPHYSAGRIA 12DH FIALE ORALI 20 PEZZI,Fitoterapia e Omeopatia,,11.94,14.10,14.08,13.62,13.61,12.64,13.65,12.00,13.13
010005541,BOIRON STAPHYSAGRIA 12DH UNGUENTO 50G,Fitoterapia e Omeopatia,,4.54,4.35,4.11,3.83,5.69,5.89,5.00,4.25,4.82
010005544,BOIRON STAPHYSAGRIA 12DH SCIROPPO 150ML,Fitoterapia e Omeopatia,,34.21,32.94,33.14,32.83,32.68,33.46,32.96,33.21,32.77
010005547,BOIRON CARBO VEGETABILIS 4 CH GRANULI 4G,Fitoterapia e Omeopatia,,40.23,40.48,38.70,38.76,40.66,39.01,40.61,40.76,40.12
010005550,BOIRON CARBO VEGETABILIS 4 CH GLOBULI DOSA UNICA,Fitoterapia e Omeopatia,,36.30,36.52,36.72,35.86,36.77,36.65,35.84,36.50,36.59
010005553,BOIRON CARBO VEGETABILIS 4 CH GOCCE ORALI 30ML,Fitoterapia e Omeopatia,,6.93,6.19,6.26,6.89,5.84,5.42,5.71,5.94,6.05
010005556,BOIRON CARBO VEGETABILIS 4 CH FIALE ORALI 20 PEZZI,Fitoterapia e Omeopatia,,35.86,37.81,36.59,36.22,37.25,35.75,37.07,37.14,37.75
010005559,BOIRON CARBO VEGETABILIS 4 CH UNGUENTO 50G,Fitoterapia e Omeopatia,,6.86,8.01,7.37,8.29,7.29,6.70,8.54,8.20,7.42
010005562,BOIRON CARBO VEGETABILIS 4 CH SCIROPPO 150ML,Fitoterapia e Omeopatia,,15.84,15.87,16.25,14.83,16.36,16.13,15.47,16.81,16.90
010005565,BOIRON CARBO VEGETABILIS 5 CH GRANULI 4G,Fitoterapia e Omeopatia,,23.00,23.81,23.13,22.64,22.31,22.78,22.26,23.33,23.19
010005568,BOIRON CARBO VEGETABILIS 5 CH GLOBULI DOSA UNICA,Fitoterapia e Omeopatia,,39.52,38.99,39.82,38.95,38.83,38.44,39.79,38.33,38.85
010005571,BOIRON CARBO VEGETABILIS 5 CH GOCCE ORALI 30ML,Fitoterapia e Omeopatia,,20.18,20.09,19.98,18.72,18.88,19.49,19.96,18.95,20.39
010005574,BOIRON CARBO VEGETABILIS 5 CH FIALE ORALI 20 PEZZI,Fitoterapia e Omeopatia,,42.02,43.27,43.18,41.52,41.20,43.12,41.96,42.34,42.35
010005577,BOIRON CARBO VEGETABILIS 5 CH UNGUENTO 50G,Fitoterapia e Omeopatia,,33.89,34.45,35.64,34.90,34.29,34.63,33.99,34.45,34.23
010005580,BOIRON CARBO VEGETABILIS 5 CH SCIROPPO 150ML,Fitoterapia e Omeopatia,,35.72,34.97,35.51,35.81,35.29,35.24,34.57,34.86,35.73
010005583,BOIRON CARBO VEGETABILIS 7 CH GRANULI 4G,Fitoterapia e Omeopatia,,15.97,17.62,16.70,16.81,15.67,16.13,16.94,17.63,16.09
010005586,BOIRON CARBO VEGETABILIS 7 CH GLOBULI DOSA UNICA,Fitoterapia e Omeopatia,,4.75,5.10,5.96,5.48,5.29,4.57,5.81,5.61,4.44
010005589,BOIRON CARBO VEGETABILIS 7 CH GOCCE ORALI 30ML,Fitoterapia e Omeopatia,,9.08,8.19,9.17,9.64,9.32,8.73,8.82,8.54,8.35
010005592,BOIRON CARBO VEGETABILIS 7 CH FIALE ORALI 20 PEZZI,Fitoterapia e Omeopatia,,36.81,37.55,36.94,36.81,37.65,37.01,38.49,37.27,38.49
010005595,BOIRON CARBO VEGETABILIS 7 CH UNGUENTO 50G,Fitoterapia e Omeopatia,,31.77,31.66,31.19,30.54,31.16,30.92,30.05,30.51,31.77
010005598,BOIRON CARBO VEGETABILIS 7 CH SCIROPPO 150ML,Fitoterapia e Omeopatia,,28.93,30.37,29.53,28.66,28.34,29.31,29.85,29.42,29.33
010005601,BOIRON CARBO VEGETABILIS 9 CH GRANULI 4G,Fitoterapia e Omeopatia,,19.89,20.92,20.32,20.93,21.89,19.82,19.99,21.95,21.39
010005604,BOIRON CARBO VEGETABILIS 9 CH GLOBULI DOSA UNICA,Fitoterapia e Omeopatia,,9.72,8.40,9.83,8.38,8.74,8.36,8.90,8.17,8.71
010005607,BOIRON CARBO VEGETABILIS 9 CH GOCCE ORALI 30ML,Fitoterapia e Omeopatia,,11.79,12.65,13.28,12.79,12.36,11.52,12.79,12.94,13.26
010005610,BOIRON CARBO VEGETABILIS 9 CH FIALE ORALI 20 PEZZI,Fitoterapia e Omeopatia,,13.07,12.15,13.10,12.31,12.57,13.47,12.05,11.98,13.03
010005613,BOIRON CARBO VEGETABILIS 9 CH UNGUENTO 50G,Fitoterapia e Omeopatia,,33.07,33.54,33.79,32.67,32.12,32.86,32.82,32.87,32.44
010005616,BOIRON CARBO VEGETABILIS 9 CH SCIROPPO 150ML,Fitoterapia e Omeopatia,,30.70,30.47,30.39,29.27,28.73,29.00,28.92,30.31,30.54
010005619,BOIRON CARBO VEGETABILIS 12 CH GRANULI 4G,Fitoterapia e Omeopatia,,5.00,5.85,5.23,5.35,5.19,5.74,6.02,6.04,3.90
010005622,BOIRON CARBO VEGETABILIS 12 CH GLOBULI DOSA UNICA,Fitoterapia e Omeopatia,,18.75,20.26,18.76,19.54,20.49,18.41,18.23,18.52,19.67
010005625,BOIRON CARBO VEGETABILIS 12 CH GOCCE ORALI 30ML,Fitoterapia e Omeopatia,,12.54,12.57,11.38,12.35,12.53,11.62,12.66,11.43,11.81
010005628,BOIRON CARBO VEGETABILIS 12 CH FIALE ORALI 20 PEZZI,Fitoterapia e Omeopatia,,27.85,26.67,27.08,26.98,27.46,27.42,26.44,28.01,27.21
010005631,BOIRON CARBO VEGETABILIS 12 CH UNGUENTO 50G,Fitoterapia e Omeopatia,,34.54,33.31,33.59,33.51,35.24,33.24,33.69,33.86,33.97
010005634,BOIRON CARBO VEGETABILIS 12 CH SCIROPPO 150ML,Fitoterapia e Omeopatia,,11.80,13.00,13.01,11.82,12.43,12.87,11.28,11.31,12.86
010005637,BOIRON CARBO VEGETABILIS 15 CH GRANULI 4G,Fitoterapia e Omeopatia,,31.56,30.88,31.52,32.58,32.74,33.13,32.80,32.12,32.70
010005640,BOIRON CARBO VEGETABILIS 15 CH GLOBULI DOSA UNICA,Fitoterapia e Omeopatia,,28.77,29.06,29.63,27.68,28.79,27.67,28.99,29.13,28.33
010005643,BOIRON CARBO VEGETABILIS 15 CH GOCCE ORALI 30ML,Fitoterapia e Omeopatia,,20.26,19.18,20.91,19.81,19.80,20.10,21.41,19.66,21.06
010005646,BOIRON CARBO VEGETABILIS 15 CH FIALE ORALI 20 PEZZI,Fitoterapia e Omeopatia,,34.99,34.75,36.15,36.32,35.62,34.92,35.09,35.54,36.33
010005649,BOIRON CARBO VEGETABILIS 15 CH UNGUENTO 50G,Fitoterapia e Omeopatia,,27.27,26.68,27.00,26.99,27.62,27.62,28.46,27.62,28.23
010005652,BOIRON CARBO VEGETABILIS 15 CH SCIROPPO 150ML,Fitoterapia e Omeopatia,,36.57,37.34,37.04,36.67,35.19,35.82,35.52,35.09,35.13
010005655,BOIRON CARBO VEGETABILIS 30 CH GRANULI 4G,Fitoterapia e Omeopatia,,9.65,8.99,10.67,8.78,8.68,10.04,10.43,10.18,10.47
010005658,BOIRON CARBO VEGETABILIS 30 CH GLOBULI DOSA UNICA,Fitoterapia e Omeopatia,,9.26,9.32,10.76,9.64,11.05,10.95,10.03,11.10,10.73
010005661,BOIRON CARBO VEGETABILIS 30 CH GOCCE ORALI 30ML,Fitoterapia e Omeopatia,,13.53,13.70,11.86,12.41,12.21,12.82,13.09,14.02,14.14
010005664,BOIRON CARBO VEGETABILIS 30 CH FIALE ORALI 20 PEZZI,Fitoterapia e Omeopatia,,16.74,14.98,17.02,15.65,17.00,16.09,15.01,16.43,15.56
010005667,BOIRON CARBO VEGETABILIS 30 CH UNGUENTO 50G,Fitoterapia e Omeopatia,,40.44,41.97,40.40,40.53,41.79,41.75,41.16,40.94,40.44
010005670,BOIRON CARBO VEGETABILIS 30 CH SCIROPPO 150ML,Fitoterapia e Omeopatia,,42.48,43.33,43.11,43.23,42.92,43.16,44.07,42.60,43.82
010005673,BOIRON CARBO VEGETABILIS 200 CH GRANULI 4G,Fitoterapia e Omeopatia,,30.44,30.18,29.12,29.33,29.52,30.88,30.60,30.67,30.62
010005676,BOIRON CARBO VEGETABILIS 200 CH GLOBULI DOSA UNICA,Fitoterapia e Omeopatia,,35.95,36.06,36.57,36.36,35.62,36.38,35.68,34.73,36.33
010005679,BOIRON CARBO VEGETABILIS 200 CH GOCCE ORALI 30ML,Fitoterapia e Omeopatia,,42.65,42.93,44.35,42.87,44.38,44.03,42.70,43.28,43.66
010005682,BOIRON CARBO VEGETABILIS 200 CH FIALE ORALI 20 PEZZI,Fitoterapia e Omeopatia,,38.46,37.63,37.83,39.32,38.78,38.22,38.29,39.63,39.27
010005685,BOIRON CARBO VEGETABILIS 200 CH UNGUENTO 50G,Fitoterapia e Omeopatia,,16.48,16.41,14.79,14.79,15.01,15.91,14.97,15.36,16.75
010005688,BOIRON CARBO VEGETABILIS 200 CH SCIROPPO 150ML,Fitoterapia e Omeopatia,,41.05,39.73,40.97,40.99,39.31,39.81,40.59,40.37,39.69
010005691,BOIRON CARBO VEGETABILIS 1MK GRANULI 4G,Fitoterapia e Omeopatia,,16.54,16.92,15.93,15.58,15.84,14.75,15.39,16.59,15.21
010005694,BOIRON CARBO VEGETABILIS 1MK GLOBULI DOSA UNICA,Fitoterapia e Omeopatia,,32.29,34.60,32.30,34.40,32.64,33.64,34.51,34.35,34.09
010005697,BOIRON CARBO VEGETABILIS 1MK GOCCE ORALI 30ML,Fitoterapia e Omeopatia,,7.36,9.21,7.07,7.03,8.68,9.07,8.15,8.77,8.80
010005700,BOIRON CARBO VEGETABILIS 1MK FIALE ORALI 20 PEZZI,Fitoterapia e Omeopatia,,11.38,11.54,11.62,11.38,10.69,11.72,10.38,11.37,10.20
010005703,BOIRON CARBO VEGETABILIS 1MK UNGUENTO 50G,Fitoterapia e Omeopatia,,26.34,28.28,27.69,27.18,27.07,26.33,26.45,27.81,27.88
010005706,BOIRON CARBO VEGETABILIS 1MK SCIROPPO 150ML,Fitoterapia e Omeopatia,,38.91,38.88,38.63,37.80,36.90,36.82,38.17,37.08,38.26
010005709,BOIRON CARBO VEGETABILIS 6DH GRANULI 4G,Fitoterapia e Omeopatia,,18.77,17.44,17.80,17.45,16.85,18.66,17.62,18.65,17.70
010005712,BOIRON CARBO VEGETABILIS 6DH GLOBULI DOSA UNICA,Fitoterapia e Omeopatia,,14.60,14.24,14.49,15.68,15.09,15.70,15.18,14.85,15.23
010005715,BOIRON CARBO VEGETABILIS 6DH GOCCE ORALI 30ML,Fitoterapia e Omeopatia,,31.76,32.58,33.22,32.33,32.47,33.17,33.99,32.90,34.09
010005718,BOIRON CARBO VEGETABILIS 6DH FIALE ORALI 20 PEZZI,Fitoterapia e Omeopatia,,18.31,17.11,16.92,17.30,18.11,16.77,16.69,18.98,17.34
010005721,BOIRON CARBO VEGETABILIS 6DH UNGUENTO 50G,Fitoterapia e Omeopatia,,27.44,27.37,28.42,27.15,28.83,28.50,27.41,27.34,27.03
010005724,BOIRON CARBO VEGETABILIS 6DH SCIROPPO 150ML,Fitoterapia e Omeopatia,,14.11,15.58,14.30,14.07,14.62,15.05,14.39,14.18,15.28
010005727,BOIRON CARBO VEGETABILIS 12DH GRANULI 4G,Fitoterapia e Omeopatia,,9.54,9.28,8.65,9.89,8.02,9.81,10.13,9.85,10.05
010005730,BOIRON CARBO VEGETABILIS 12DH GLOBULI DOSA UNICA,Fitoterapia e Omeopatia,,25.63,25.36,24.32,25.03,24.43,24.98,25.16,24.42,25.40
010005733,BOIRON CARBO VEGETABILIS 12DH GOCCE ORALI 30ML,Fitoterapia e Omeopatia,,33.09,30.98,30.99,32.53,31.09,31.44,31.52,30.84,32.68
010005736,BOIRON CARBO VEGETABILIS 12DH FIALE ORALI 20 PEZZI,Fitoterapia e Omeopatia,,7.57,5.99,6.86,7.06,5.85,7.43,7.81,5.88,6.37
010005739,BOIRON CARBO VEGETABILIS 12DH UNGUENTO 50G,Fitoterapia e Omeopatia,,20.23,20.66,19.49,20.56,19.98,19.06,20.06,19.41,18.81
010005742,BOIRON CARBO VEGETABILIS 12DH SCIROPPO 150ML,Fitoterapia e Omeopatia,,5.68,5.10,4.73,4.22,5.99,6.12,4.99,4.76,6.10
010005745,BOIRON CAUSTICUM 4 CH GRANULI 4G,Fitoterapia e Omeopatia,,30.38,30.06,29.91,28.78,28.48,28.72,28.86,29.16,28.36
010005748,BOIRON CAUSTICUM 4 CH GLOBULI DOSA UNICA,Fitoterapia e Omeopatia,,18.15,18.13,18.37,19.05,18.44,17.10,18.88,18.25,18.61
010005751,BOIRON CAUSTICUM 4 CH GOCCE ORALI 30ML,Fitoterapia e Omeopatia,,18.57,18.80,18.44,19.65,19.49,18.78,19.02,17.84,19.24
010005754,BOIRON CAUSTICUM 4 CH FIALE ORALI 20 PEZZI,Fitoterapia e Omeopatia,,27.46,25.48,26.53,25.84,25.36,26.92,27.57,26.19,25.25
010005757,BOIRON CAUSTICUM 4 CH UNGUENTO 50G,Fitoterapia e Omeopatia,,23.17,22.64,23.15,23.01,23.62,23.44,22.18,21.99,22.16
010005760,BOIRON CAUSTICUM 4 CH SCIROPPO 150ML,Fitoterapia e Omeopatia,,34.02,33.69,33.84,32.92,33.61,32.28,33.70,33.17,33.25
010005763,BOIRON CAUSTICUM 5 CH GRANULI 4G,Fitoterapia e Omeopatia,,10.51,9.80,8.91,10.18,8.27,9.10,9.56,10.25,8.39
010005766,BOIRON CAUSTICUM 5 CH GLOBULI DOSA UNICA,Fitoterapia e Omeopatia,,9.39,8.57,9.95,8.96,8.62,9.98,8.90,10.03,9.10
010005769,BOIRON CAUSTICUM 5 CH GOCCE ORALI 30ML,Fitoterapia e Omeopatia,,25.63,24.61,24.73,25.15,25.86,25.98,24.55,25.86,23.98
010005772,BOIRON CAUSTICUM 5 CH FIALE ORALI 20 PEZZI,Fitoterapia e Omeopatia,,27.96,27.91,28.15,27.19,28.12,28.08,27.67,28.83,27.42
010005775,BOIRON CAUSTICUM 5 CH UNGUENTO 50G,Fitoterapia e Omeopatia,,40.17,41.72,41.06,41.40,40.92,39.59,40.52,40.18,39.77
010005778,BOIRON CAUSTICUM 5 CH SCIROPPO 150ML,Fitoterapia e Omeopatia,,25.93,26.47,26.96,26.71,25.95,27.91,27.33,26.14,27.24
010005781,BOIRON CAUSTICUM 7 CH GRANULI 4G,Fitoterapia e Omeopatia,,31.35,31.46,33.28,32.02,32.22,32.43,32.67,32.81,32.59
010005784,BOIRON CAUSTICUM 7 CH GLOBULI DOSA UNICA,Fitoterapia e Omeopatia,,25.44,24.70,25.40,25.22,24.05,23.60,24.99,23.87,23.72
010005787,BOIRON CAUSTICUM 7 CH GOCCE ORALI 30ML,Fitoterapia e Omeopatia,,29.90,28.27,29.05,30.02,28.78,29.31,29.30,28.95,29.78
010005790,BOIRON CAUSTICUM 7 CH FIALE ORALI 20 PEZZI,Fitoterapia e Omeopatia,,22.78,23.21,21.22,21.35,22.43,22.18,23.14,21.54,21.68
010005793,BOIRON CAUSTICUM 7 CH UNGUENTO 50G,Fitoterapia e Omeopatia,,6.06,3.98,5.28,4.65,5.60,4.81,5.82,6.16,4.30
010005796,BOIRON CAUSTICUM 7 CH SCIROPPO 150ML,Fitoterapia e Omeopatia,,17.66,16.12,18.12,16.58,17.39,17.62,17.79,15.93,17.85
010005799,BOIRON CAUSTICUM 9 CH GRANULI 4G,Fitoterapia e Omeopatia,,10.66,11.24,10.62,11.17,12.20,11.79,11.71,11.93,10.37
010005802,BOIRON CAUSTICUM 9 CH GLOBULI DOSA UNICA,Fitoterapia e Omeopatia,,5.48,4.98,6.38,6.11,5.46,6.41,4.98,6.08,5.80
010005805,BOIRON CAUSTICUM 9 CH GOCCE ORALI 30ML,Fitoterapia e Omeopatia,,37.11,36.88,37.64,38.28,37.88,36.97,38.34,36.20,36.89
010005808,BOIRON CAUSTICUM 9 CH FIALE ORALI 20 PEZZI,Fitoterapia e Omeopatia,,18.06,17.57,18.16,18.48,18.31,17.29,18.28,17.56,18.98
010005811,BOIRON CAUSTICUM 9 CH UNGUENTO 50G,Fitoterapia e Omeopatia,,5.16,5.10,4.42,5.55,5.02,3.81,3.43,3.41,4.08
010005814,BOIRON CAUSTICUM 9 CH SCIROPPO 150ML,Fitoterapia e Omeopatia,,32.27,31.32,32.43,30.83,31.56,32.43,32.39,30.90,30.92
010005817,BOIRON CAUSTICUM 12 CH GRANULI 4G,Fitoterapia e Omeopatia,,4.00,4.63,4.55,4.89,4.35,4.94,4.75,4.59,5.35
010005820,BOIRON CAUSTICUM 12 CH GLOBULI DOSA UNICA,Fitoterapia e Omeopatia,,42.16,40.73,42.49,40.97,40.61,42.00,42.10,42.17,41.66
010005823,BOIRON CAUSTICUM 12 CH GOCCE ORALI 30ML,Fitoterapia e Omeopatia,,25.05,25.64,25.90,26.80,26.70,25.20,26.61,26.82,24.89
010005826,BOIRON CAUSTICUM 12 CH FIALE ORALI 20 PEZZI,Fitoterapia e Omeopatia,,16.28,16.29,14.38,14.93,14.54,16.45,15.90,16.23,14.79
010005829,BOIRON CAUSTICUM 12 CH UNGUENTO 50G,Fitoterapia e Omeopatia,,8.22,8.82,7.31,7.04,9.15,8.73,8.26,8.69,9.14
010005832,BOIRON CAUSTICUM 12 CH SCIROPPO 150ML,Fitoterapia e Omeopatia,,22.27,21.26,22.17,20.49,21.91,21.81,22.19,21.34,20.85
010005835,BOIRON CAUSTICUM 15 CH GRANULI 4G,Fitoterapia e Omeopatia,,34.22,33.60,34.88,33.99,34.77,34.33,34.91,34.04,34.83
010005838,BOIRON CAUSTICUM 15 CH GLOBULI DOSA UNICA,Fitoterapia e Omeopatia,,6.00,7.82,6.26,5.97,6.37,5.88,6.46,5.73,7.20
010005841,BOIRON CAUSTICUM 15 CH GOCCE ORALI 30ML,Fitoterapia e Omeopatia,,28.77,29.87,28.60,29.31,28.89,27.85,29.65,28.26,28.79
010005844,BOIRON CAUSTICUM 15 CH FIALE ORALI 20 PEZZI,Fitoterapia e Omeopatia,,18.70,18.42,19.35,19.41,18.92,19.97,18.55,20.54,20.50
010005847,BOIRON CAUSTICUM 15 CH UNGUENTO 50G,Fitoterapia e Omeopatia,,33.55,33.65,34.57,32.91,33.98,33.06,32.89,34.19,33.83
010005850,BOIRON CAUSTICUM 15 CH SCIROPPO 150ML,Fitoterapia e Omeopatia,,18.19,16.71,18.40,16.66,18.76,18.73,18.01,18.22,18.59
010005853,BOIRON CAUSTICUM 30 CH GRANULI 4G,Fitoterapia e Omeopatia,,22.77,22.61,22.27,24.44,23.36,23.53,23.06,22.44,23.57
010005856,BOIRON CAUSTICUM 30 CH GLOBULI DOSA UNICA,Fitoterapia e Omeopatia,,33.44,33.58,34.87,33.47,33.21,33.36,33.23,34.75,32.95
010005859,BOIRON CAUSTICUM 30 CH GOCCE ORALI 30ML,Fitoterapia e Omeopatia,,30.57,30.85,29.88,29.80,31.19,30.86,30.16,30.92,31.18
010005862,BOIRON CAUSTICUM 30 CH FIALE ORALI 20 PEZZI,Fitoterapia e Omeopatia,,11.07,12.04,10.44,9.84,10.59,11.74,10.22,10.99,10.86
010005865,BOIRON CAUSTICUM 30 CH UNGUENTO 50G,Fitoterapia e Omeopatia,,24.00,23.83,23.83,23.51,24.46,24.67,23.56,23.67,24.18
010005868,BOIRON CAUSTICUM 30 CH SCIROPPO 150ML,Fitoterapia e Omeopatia,,16.17,17.50,17.63,17.44,17.64,17.91,16.64,16.63,16.20
010005871,BOIRON CAUSTICUM 200 CH GRANULI 4G,Fitoterapia e Omeopatia,,13.93,14.42,14.02,15.09,14.94,14.72,13.36,13.83,13.29
010005874,BOIRON CAUSTICUM 200 CH GLOBULI DOSA UNICA,Fitoterapia e Omeopatia,,21.93,22.46,22.38,23.43,23.39,22.26,22.43,22.32,21.76
010005877,BOIRON CAUSTICUM 200 CH GOCCE ORALI 30ML,Fitoterapia e Omeopatia,,44.86,44.17,43.28,43.68,43.51,43.04,43.31,44.32,43.89
010005880,BOIRON CAUSTICUM 200 CH FIALE ORALI 20 PEZZI,Fitoterapia e Omeopatia,,36.99,36.58,36.15,37.66,36.99,37.72,37.61,35.88,35.77
010005883,BOIRON CAUSTICUM 200 CH UNGUENTO 50G,Fitoterapia e Omeopatia,,29.64,30.92,30.28,30.76,31.39,30.02,31.41,31.64,29.54
010005886,BOIRON CAUSTICUM 200 CH SCIROPPO 150ML,Fitoterapia e Omeopatia,,34.11,33.87,33.19,32.26,32.84,33.58,33.43,32.28,34.12
010005889,BOIRON CAUSTICUM 1MK GRANULI 4G,Fitoterapia e Omeopatia,,43.05,42.65,42.57,43.34,43.53,44.29,43.24,43.77,42.94
010005892,BOIRON CAUSTICUM 1MK GLOBULI DOSA UNICA,Fitoterapia e Omeopatia,,36.34,36.89,37.29,36.21,36.09,35.99,35.41,37.16,36.06
010005895,BOIRON CAUSTICUM 1MK GOCCE ORALI 30ML,Fitoterapia e Omeopatia,,31.73,31.16,31.07,31.61,29.64,30.59,29.72,31.50,30.77
010005898,BOIRON CAUSTICUM 1MK FIALE ORALI 20 PEZZI,Fitoterapia e Omeopatia,,6.69,7.84,6.00,6.04,6.53,6.59,7.53,8.06,8.14
010005901,BOIRON CAUSTICUM 1MK UNGUENTO 50G,Fitoterapia e Omeopatia,,11.59,11.81,13.25,11.02,12.86,11.32,12.84,12.90,12.92
010005904,BOIRON CAUSTICUM 1MK SCIROPPO 150ML,Fitoterapia e Omeopatia,,12.28,12.60,12.91,13.48,13.32,13.94,13.74,13.27,12.28
010005907,BOIRON CAUSTICUM 6DH GRANULI 4G,Fitoterapia e Omeopatia,,5.27,5.29,4.38,5.28,3.92,4.66,4.72,5.24,4.72
010005910,BOIRON CAUSTICUM 6DH GLOBULI DOSA UNICA,Fitoterapia e Omeopatia,,22.52,21.35,21.21,21.37,22.53,21.26,22.42,20.31,21.12
010005913,BOIRON CAUSTICUM 6DH GOCCE ORALI 30ML,Fitoterapia e Omeopatia,,18.69,17.80,19.85,18.79,19.63,18.73,18.08,18.32,19.06
010005916,BOIRON CAUSTICUM 6DH FIALE ORALI 20 PEZZI,Fitoterapia e Omeopatia,,18.77,16.98,19.08,18.36,16.92,17.21,17.44,17.93,18.73
010005919,BOIRON CAUSTICUM 6DH UNGUENTO 50G,Fitoterapia e Omeopatia,,20.35,21.19,21.09,20.70,19.54,19.68,21.15,19.06,20.98
010005922,BOIRON CAUSTICUM 6DH SCIROPPO 150ML,Fitoterapia e Omeopatia,,19.19,19.22,17.70,18.10,18.31,18.40,17.46,17.64,17.15
010005925,BOIRON CAUSTICUM 12DH GRANULI 4G,Fitoterapia e Omeopatia,,17.98,18.91,18.78,17.94,19.11,18.31,17.74,19.61,18.97
010005928,BOIRON CAUSTICUM 12DH GLOBULI DOSA UNICA,Fitoterapia e Omeopatia,,39.59,40.40,41.72,40.25,41.34,39.71,40.47,41.52,41.59
010005931,BOIRON CAUSTICUM 12DH GOCCE ORALI 30ML,Fitoterapia e Omeopatia,,34.55,35.63,35.41,36.15,36.19,36.21,35.46,36.36,34.76
010005934,BOIRON CAUSTICUM 12DH FIALE ORALI 20 PEZZI,Fitoterapia e Omeopatia,,15.33,16.28,15.77,14.62,14.78,16.33,16.49,15.77,14.24
010005937,BOIRON CAUSTICUM 12DH UNGUENTO 50G,Fitoterapia e Omeopatia,,38.22,36.36,37.58,36.40,37.56,38.21,36.55,37.63,37.75
010005940,BOIRON CAUSTICUM 12DH SCIROPPO 150ML,Fitoterapia e Omeopatia,,23.25,23.49,23.12,22.41,23.05,22.38,23.56,22.71,22.93
010005943,BOIRON CHINA RUBRA 4 CH GRANULI 4G,Fitoterapia e Omeopatia,,34.87,36.12,36.20,34.89,36.10,34.67,34.84,36.60,36.58
010005946,BOIRON CHINA RUBRA 4 CH GLOBULI DOSA UNICA,Fitoterapia e Omeopatia,,42.11,44.25,43.01,42.77,43.28,43.02,42.89,42.17,42.94
010005949,BOIRON CHINA RUBRA 4 CH GOCCE ORALI 30ML,Fitoterapia e Omeopatia,,4.92,5.22,6.03,4.31,4.30,4.18,5.38,5.27,4.11
010005952,BOIRON CHINA RUBRA 4 CH FIALE ORALI 20 PEZZI,Fitoterapia e Omeopatia,,38.76,40.58,41.03,38.79,38.78,39.37,40.56,39.14,39.81
010005955,BOIRON CHINA RUBRA 4 CH UNGUENTO 50G,Fitoterapia e Omeopatia,,13.43,13.32,12.49,12.61,13.75,13.79,13.42,13.80,13.41
010005958,BOIRON CHINA RUBRA 4 CH SCIROPPO 150ML,Fitoterapia e Omeopatia,,8.19,6.80,7.65,8.53,6.83,6.62,8.02,8.52,7.98
010005961,BOIRON CHINA RUBRA 5 CH GRANULI 4G,Fitoterapia e Omeopatia,,36.13,37.24,36.47,37.29,37.13,37.34,37.96,37.05,36.60
010005964,BOIRON CHINA RUBRA 5 CH GLOBULI DOSA UNICA,Fitoterapia e Omeopatia,,40.09,40.11,40.61,38.82,39.03,38.70,40.16,40.72,38.84
010005967,BOIRON CHINA RUBRA 5 CH GOCCE ORALI 30ML,Fitoterapia e Omeopatia,,28.47,29.88,29.93,30.29,29.77,28.31,29.75,28.35,30.42
010005970,BOIRON CHINA RUBRA 5 CH FIALE ORALI 20 PEZZI,Fitoterapia e Omeopatia,,27.78,27.90,28.46,28.11,28.81,26.92,26.85,27.04,28.34
010005973,BOIRON CHINA RUBRA 5 CH UNGUENTO 50G,Fitoterapia e Omeopatia,,14.49,14.96,12.79,14.40,13.89,15.12,13.86,14.11,14.98
010005976,BOIRON CHINA RUBRA 5 CH SCIROPPO 150ML,Fitoterapia e Omeopatia,,24.96,24.73,24.73,23.87,24.17,25.59,25.48,25.64,24.19
010005979,BOIRON CHINA RUBRA 7 CH GRANULI 4G,Fitoterapia e Omeopatia,,19.33,20.34,21.32,21.01,21.19,21.33,20.92,20.60,21.45
010005982,BOIRON CHINA RUBRA 7 CH GLOBULI DOSA UNICA,Fitoterapia e Omeopatia,,15.86,16.54,16.04,15.40,16.98,16.20,16.22,17.52,15.93
010005985,BOIRON CHINA RUBRA 7 CH GOCCE ORALI 30ML,Fitoterapia e Omeopatia,,9.64,7.95,8.75,8.52,8.85,9.45,8.82,7.85,9.75
010005988,BOIRON CHINA RUBRA 7 CH FIALE ORALI 20 PEZZI,Fitoterapia e Omeopatia,,11.01,10.35,10.31,10.10,9.39,9.70,10.68,11.37,10.60
010005991,BOIRON CHINA RUBRA 7 CH UNGUENTO 50G,Fitoterapia e Omeopatia,,26.82,26.74,26.65,27.81,26.41,28.05,26.47,27.57,27.08
010005994,BOIRON CHINA RUBRA 7 CH SCIROPPO 150ML,Fitoterapia e Omeopatia,,39.30,41.02,40.42,40.41,41.45,40.15,39.51,39.49,41.30
010005997,BOIRON CHINA RUBRA 9 CH GRANULI 4G,Fitoterapia e Omeopatia,,10.64,9.64,10.66,9.51,10.55,8.95,9.76,9.03,9.39
010006000,BOIRON CHINA RUBRA 9 CH GLOBULI DOSA UNICA,Fitoterapia e Omeopatia,,12.21,11.68,11.17,11.08,10.52,12.38,11.72,11.85,11.68
010006003,BOIRON CHINA RUBRA 9 CH GOCCE ORALI 30ML,Fitoterapia e Omeopatia,,15.11,16.67,16.80,14.63,16.28,16.35,15.55,16.13,16.70
010006006,BOIRON CHINA RUBRA 9 CH FIALE ORALI 20 PEZZI,Fitoterapia e Omeopatia,,6.91,4.95,4.90,6.76,5.12,6.67,4.78,6.92,6.49
010006009,BOIRON CHINA RUBRA 9 CH UNGUENTO 50G,Fitoterapia e Omeopatia,,9.01,7.62,9.05,9.03,8.61,8.90,7.50,9.44,8.30
010006012,BOIRON CHINA RUBRA 9 CH SCIROPPO 150ML,Fitoterapia e Omeopatia,,9.34,9.61,9.55,9.45,9.05,10.37,9.90,9.79,9.23
010006015,BOIRON CHINA RUBRA 12 CH GRANULI 4G,Fitoterapia e Omeopatia,,20.20,19.88,20.65,19.77,21.39,21.39,21.00,20.25,19.82
010006018,BOIRON CHINA RUBRA 12 CH GLOBULI DOSA UNICA,Fitoterapia e Omeopatia,,24.56,25.04,24.36,25.46,26.24,24.58,24.79,24.86,25.96
010006021,BOIRON CHINA RUBRA 12 CH GOCCE ORALI 30ML,Fitoterapia e Omeopatia,,28.70,29.03,27.17,28.58,28.39,28.88,27.47,27.90,27.71
010006024,BOIRON CHINA RUBRA 12 CH FIALE ORALI 20 PEZZI,Fitoterapia e Omeopatia,,41.40,41.59,40.41,40.02,41.86,40.32,41.57,39.91,41.61
010006027,BOIRON CHINA RUBRA 12 CH UNGUENTO 50G,Fitoterapia e Omeopatia,,18.05,18.34,17.89,19.33,19.34,18.70,18.44,18.71,19.29
010006030,BOIRON CHINA RUBRA 12 CH SCIROPPO 150ML,Fitoterapia e Omeopatia,,38.00,37.69,39.54,39.70,38.72,39.25,38.60,37.46,39.10
010006033,BOIRON CHINA RUBRA 15 CH GRANULI 4G,Fitoterapia e Omeopatia,,8.52,7.75,8.07,9.92,9.30,8.50,9.04,9.08,8.62
010006036,BOIRON CHINA RUBRA 15 CH GLOBULI DOSA UNICA,Fitoterapia e Omeopatia,,22.15,22.67,22.75,22.11,23.34,23.25,23.37,23.59,22.51
010006039,BOIRON CHINA RUBRA 15 CH GOCCE ORALI 30ML,Fitoterapia e Omeopatia,,39.65,39.71,40.71,40.50,40.38,39.89,39.94,40.81,40.39
010006042,BOIRON CHINA RUBRA 15 CH FIALE ORALI 20 PEZZI,Fitoterapia e Omeopatia,,41.85,42.05,40.52,42.13,40.78,40.47,40.41,40.35,42.35
010006045,BOIRON CHINA RUBRA 15 CH UNGUENTO 50G,Fitoterapia e Omeopatia,,6.37,6.25,7.17,6.38,6.28,7.16,5.65,6.12,7.02
010006048,BOIRON CHINA RUBRA 15 CH SCIROPPO 150ML,Fitoterapia e Omeopatia,,28.73,28.02,27.82,27.93,26.55,26.60,27.82,26.93,28.10
010006051,BOIRON CHINA RUBRA 30 CH GRANULI 4G,Fitoterapia e Omeopatia,,35.71,34.22,35.25,36.03,35.58,35.13,35.41,35.52,33.71
010006054,BOIRON CHINA RUBRA 30 CH GLOBULI DOSA UNICA,Fitoterapia e Omeopatia,,39.68,38.98,38.76,39.82,38.28,37.92,39.43,39.10,39.97
010006057,BOIRON CHINA RUBRA 30 CH GOCCE ORALI 30ML,Fitoterapia e Omeopatia,,14.52,14.61,13.81,15.22,14.08,15.61,15.03,15.56,15.61
010006060,BOIRON CHINA RUBRA 30 CH FIALE ORALI 20 PEZZI,Fitoterapia e Omeopatia,,35.30,35.33,35.60,35.42,35.23,36.55,34.64,35.45,35.91
010006063,BOIRON CHINA RUBRA 30 CH UNGUENTO 50G,Fitoterapia e Omeopatia,,23.43,22.56,22.50,22.49,21.68,23.28,21.36,22.65,21.60
010006066,BOIRON CHINA RUBRA 30 CH SCIROPPO 150ML,Fitoterapia e Omeopatia,,43.97,44.83,43.56,42.62,43.92,44.47,43.23,44.35,43.55
010006069,BOIRON CHINA RUBRA 200 CH GRANULI 4G,Fitoterapia e Omeopatia,,44.26,43.59,42.61,43.42,43.22,42.52,43.54,42.85,44.04
010006072,BOIRON CHINA RUBRA 200 CH GLOBULI DOSA UNICA,Fitoterapia e Omeopatia,,18.27,19.04,18.07,18.54,17.43,19.34,17.66,18.19,19.50
010006075,BOIRON CHINA RUBRA 200 CH GOCCE ORALI 30ML,Fitoterapia e Omeopatia,,12.72,12.77,10.66,10.53,11.80,11.37,10.45,12.75,12.35
010006078,BOIRON CHINA RUBRA 200 CH FIALE ORALI 20 PEZZI,Fitoterapia e Omeopatia,,25.29,24.57,24.08,23.40,24.39,24.42,25.56,25.36,24.85
010006081,BOIRON CHINA RUBRA 200 CH UNGUENTO 50G,Fitoterapia e Omeopatia,,28.03,27.06,27.70,27.19,27.57,26.25,27.59,26.05,28.23
010006084,BOIRON CHINA RUBRA 200 CH SCIROPPO 150ML,Fitoterapia e Omeopatia,,45.63,43.79,44.52,45.33,45.77,43.81,44.32,45.42,44.11
010006087,BOIRON CHINA RUBRA 1MK GRANULI 4G,Fitoterapia e Omeopatia,,31.05,31.75,30.99,31.34,31.70,31.98,32.23,32.31,32.71
010006090,BOIRON CHINA RUBRA 1MK GLOBULI DOSA UNICA,Fitoterapia e Omeopatia,,20.06,19.89,20.63,20.28,20.09,20.84,20.33,20.72,21.53
010006093,BOIRON CHINA RUBRA 1MK GOCCE ORALI 30ML,Fitoterapia e Omeopatia,,20.53,19.88,19.19,19.35,18.96,20.56,19.43,20.92,19.50
010006096,BOIRON CHINA RUBRA 1MK FIALE ORALI 20 PEZZI,Fitoterapia e Omeopatia,,24.30,22.04,22.50,22.56,24.32,22.76,23.39,23.40,23.52
010006099,BOIRON CHINA RUBRA 1MK UNGUENTO 50G,Fitoterapia e Omeopatia,,9.69,8.24,9.56,10.21,9.36,8.94,8.96,8.46,10.10
010006102,BOIRON CHINA RUBRA 1MK SCIROPPO 150ML,Fitoterapia e Omeopatia,,36.04,36.33,36.41,34.65,36.20,34.72,36.81,34.65,36.76
010006105,BOIRON CHINA RUBRA 6DH GRANULI 4G,Fitoterapia e Omeopatia,,4.58,6.10,4.61,6.53,4.77,5.31,5.38,4.87,4.42
010006108,BOIRON CHINA RUBRA 6DH GLOBULI DOSA UNICA,Fitoterapia e Omeopatia,,27.14,27.47,26.99,27.30,25.86,27.00,25.63,25.53,25.40
010006111,BOIRON CHINA RUBRA 6DH GOCCE ORALI 30ML,Fitoterapia e Omeopatia,,33.90,33.37,33.05,33.29,33.27,33.72,34.57,34.74,32.91
010006114,BOIRON CHINA RUBRA 6DH FIALE ORALI 20 PEZZI,Fitoterapia e Omeopatia,,29.22,30.65,30.03,29.43,30.74,30.37,30.69,30.96,29.63
010006117,BOIRON CHINA RUBRA 6DH UNGUENTO 50G,Fitoterapia e Omeopatia,,43.31,43.43,44.00,43.76,44.45,45.11,43.74,44.90,45.05
010006120,BOIRON CHINA RUBRA 6DH SCIROPPO 150ML,Fitoterapia e Omeopatia,,28.57,28.07,27.00,27.52,28.19,27.57,27.50,27.86,27.53
010006123,BOIRON CHINA RUBRA 12DH GRANULI 4G,Fitoterapia e Omeopatia,,4.99,3.66,4.17,3.68,4.85,5.50,4.78,5.19,3.64
010006126,BOIRON CHINA RUBRA 12DH GLOBULI DOSA UNICA,Fitoterapia e Omeopatia,,34.09,33.62,34.87,33.62,33.41,33.34,35.40,33.37,35.12
010006129,BOIRON CHINA RUBRA 12DH GOCCE ORALI 30ML,Fitoterapia e Omeopatia,,36.35,36.44,36.82,36.57,36.16,36.31,37.36,35.59,36.80
010006132,BOIRON CHINA RUBRA 12DH FIALE ORALI 20 PEZZI,Fitoterapia e Omeopatia,,42.01,42.42,42.77,40.78,42.90,41.43,40.64,41.76,41.71
010006135,BOIRON CHINA RUBRA 12DH UNGUENTO 50G,Fitoterapia e Omeopatia,,38.22,39.21,40.32,40.46,39.13,38.99,39.75,40.15,39.40
010006138,BOIRON CHINA RUBRA 12DH SCIROPPO 150ML,Fitoterapia e Omeopatia,,20.24,20.12,20.76,20.05,20.44,18.46,18.68,20.67,18.59
010006141,BOIRON COCCULUS 4 CH GRANULI 4G,Fitoterapia e Omeopatia,,32.82,32.68,32.55,31.29,32.41,32.16,31.89,31.78,31.25
010006144,BOIRON COCCULUS 4 CH GLOBULI DOSA UNICA,Fitoterapia e Omeopatia,,38.90,39.63,38.62,39.45,38.05,40.11,38.27,37.99,38.07
010006147,BOIRON COCCULUS 4 CH GOCCE ORALI 30ML,Fitoterapia e Omeopatia,,31.77,31.20,33.00,32.32,33.15,32.67,31.78,31.71,33.40
010006150,BOIRON COCCULUS 4 CH FIALE ORALI 20 PEZZI,Fitoterapia e Omeopatia,,42.87,42.48,41.12,41.80,42.69,41.71,41.91,43.04,42.46
010006153,BOIRON COCCULUS 4 CH UNGUENTO 50G,Fitoterapia e Omeopatia,,45.07,44.83,43.41,43.94,44.72,43.43,43.93,43.55,44.38
010006156,BOIRON COCCULUS 4 CH SCIROPPO 150ML,Fitoterapia e Omeopatia,,26.82,27.87,27.43,27.84,28.08,28.11,26.88,27.62,28.43
010006159,BOIRON COCCULUS 5 CH GRANULI 4G,Fitoterapia e Omeopatia,,12.64,14.24,12.95,13.69,14.13,13.40,13.17,13.95,12.04
010006162,BOIRON COCCULUS 5 CH GLOBULI DOSA UNICA,Fitoterapia e Omeopatia,,15.69,13.76,13.88,15.29,14.70,13.99,15.38,15.06,13.98
010006165,BOIRON COCCULUS 5 CH GOCCE ORALI 30ML,Fitoterapia e Omeopatia,,10.47,10.12,9.76,11.94,10.77,11.10,11.29,11.37,11.14
010006168,BOIRON COCCULUS 5 CH FIALE ORALI 20 PEZZI,Fitoterapia e Omeopatia,,23.20,22.72,23.54,22.35,21.67,22.82,23.70,21.59,21.89
010006171,BOIRON COCCULUS 5 CH UNGUENTO 50G,Fitoterapia e Omeopatia,,37.24,36.97,37.56,38.47,37.43,37.05,37.45,37.13,38.92
010006174,BOIRON COCCULUS 5 CH SCIROPPO 150ML,Fitoterapia e Omeopatia,,25.03,24.68,25.79,26.33,26.69,25.09,25.60,26.07,24.98
010006177,BOIRON COCCULUS 7 CH GRANULI 4G,Fitoterapia e Omeopatia,,40.92,41.45,42.39,40.95,42.43,40.90,41.03,41.13,41.99
010006180,BOIRON COCCULUS 7 CH GLOBULI DOSA UNICA,Fitoterapia e Omeopatia,,11.13,10.10,11.61,10.78,9.75,10.35,10.65,9.75,10.56
010006183,BOIRON COCCULUS 7 CH GOCCE ORALI 30ML,Fitoterapia e Omeopatia,,43.31,43.49,43.16,43.39,44.30,42.51,42.55,44.61,43.22
010006186,BOIRON COCCULUS 7 CH FIALE ORALI 20 PEZZI,Fitoterapia e Omeopatia,,19.38,19.65,19.52,20.53,19.51,18.40,20.12,19.64,19.61
010006189,BOIRON COCCULUS 7 CH UNGUENTO 50G,Fitoterapia e Omeopatia,,36.36,38.22,37.86,37.74,36.27,38.48,37.79,36.71,36.30
010006192,BOIRON COCCULUS 7 CH SCIROPPO 150ML,Fitoterapia e Omeopatia,,31.79,32.51,31.90,30.45,30.68,32.37,31.58,31.83,32.42
010006195,BOIRON COCCULUS 9 CH GRANULI 4G,Fitoterapia e Omeopatia,,25.04,26.84,25.35,26.20,24.98,26.28,25.26,26.01,26.91
010006198,BOIRON COCCULUS 9 CH GLOBULI DOSA UNICA,Fitoterapia e Omeopatia,,40.31,39.93,40.18,40.70,39.21,40.73,40.40,40.66,40.10
010006201,BOIRON COCCULUS 9 CH GOCCE ORALI 30ML,Fitoterapia e Omeopatia,,10.73,10.07,10.08,10.65,9.19,10.25,11.28,10.83,9.92
010006204,BOIRON COCCULUS 9 CH FIALE ORALI 20 PEZZI,Fitoterapia e Omeopatia,,21.52,22.69,23.06,22.16,23.25,21.69,23.33,21.58,22.67
010006207,BOIRON COCCULUS 9 CH UNGUENTO 50G,Fitoterapia e Omeopatia,,17.41,16.96,16.87,16.94,16.92,18.36,16.80,17.02,16.90
010006210,BOIRON COCCULUS 9 CH SCIROPPO 150ML,Fitoterapia e Omeopatia,,43.33,41.77,42.75,42.92,41.50,41.47,42.51,43.25,43.19
010006213,BOIRON COCCULUS 12 CH GRANULI 4G,Fitoterapia e Omeopatia,,15.69,17.20,17.58,17.49,17.92,17.53,16.43,16.57,17.66
010006216,BOIRON COCCULUS 12 CH GLOBULI DOSA UNICA,Fitoterapia e Omeopatia,,33.71,33.41,33.04,32.50,33.25,34.30,32.99,33.50,33.96
010006219,BOIRON COCCULUS 12 CH GOCCE ORALI 30ML,Fitoterapia e Omeopatia,,33.55,34.07,35.20,34.49,34.98,34.22,34.86,34.46,34.51
010006222,BOIRON COCCULUS 12 CH FIALE ORALI 20 PEZZI,Fitoterapia e Omeopatia,,33.55,34.52,33.20,32.92,33.06,32.81,33.61,34.29,33.06
010006225,BOIRON COCCULUS 12 CH UNGUENTO 50G,Fitoterapia e Omeopatia,,20.84,19.91,19.85,20.54,21.09,20.46,20.05,21.12,21.45
010006228,BOIRON COCCULUS 12 CH SCIROPPO 150ML,Fitoterapia e Omeopatia,,9.99,9.74,9.96,10.30,9.84,9.02,8.73,8.82,8.78
010006231,BOIRON COCCULUS 15 CH GRANULI 4G,Fitoterapia e Omeopatia,,11.29,11.87,11.03,12.74,11.79,11.47,10.91,12.56,12.02
010006234,BOIRON COCCULUS 15 CH GLOBULI DOSA UNICA,Fitoterapia e Omeopatia,,31.26,31.96,32.20,30.01,31.84,32.28,30.82,31.94,31.72
010006237,BOIRON COCCULUS 15 CH GOCCE ORALI 30ML,Fitoterapia e Omeopatia,,37.68,36.69,36.25,37.53,36.61,35.87,37.40,37.67,36.26
010006240,BOIRON COCCULUS 15 CH FIALE ORALI 20 PEZZI,Fitoterapia e Omeopatia,,28.74,27.91,28.60,27.20,28.00,27.96,28.75,29.47,27.80
010006243,BOIRON COCCULUS 15 CH UNGUENTO 50G,Fitoterapia e Omeopatia,,19.26,20.17,20.74,20.45,21.11,19.97,20.20,20.09,21.17
010006246,BOIRON COCCULUS 15 CH SCIROPPO 150ML,Fitoterapia e Omeopatia,,16.52,17.16,17.46,17.61,17.73,17.55,17.31,17.38,16.95
010006249,BOIRON COCCULUS 30 CH GRANULI 4G,Fitoterapia e Omeopatia,,4.91,5.12,4.35,6.19,4.42,4.48,4.91,6.09,4.04
010006252,BOIRON COCCULUS 30 CH GLOBULI DOSA UNICA,Fitoterapia e Omeopatia,,6.00,6.10,6.14,5.18,5.31,4.45,5.63,4.79,6.14
010006255,BOIRON COCCULUS 30 CH GOCCE ORALI 30ML,Fitoterapia e Omeopatia,,30.00,31.34,31.05,30.04,30.68,31.26,29.72,31.56,31.70
010006258,BOIRON COCCULUS 30 CH FIALE ORALI 20 PEZZI,Fitoterapia e Omeopatia,,11.07,10.48,11.23,9.96,10.13,10.10,10.03,10.69,11.64
010006261,BOIRON COCCULUS 30 CH UNGUENTO 50G,Fitoterapia e Omeopatia,,39.22,39.00,40.97,40.49,40.71,38.97,40.27,38.95,39.22
010006264,BOIRON COCCULUS 30 CH SCIROPPO 150ML,Fitoterapia e Omeopatia,,38.01,37.67,35.97,35.87,37.90,35.81,36.99,36.88,36.59
010006267,BOIRON COCCULUS 200 CH GRANULI 4G,Fitoterapia e Omeopatia,,24.83,25.69,26.11,26.58,25.79,26.09,25.39,26.87,26.56
010006270,BOIRON COCCULUS 200 CH GLOBULI DOSA UNICA,Fitoterapia e Omeopatia,,28.32,27.06,28.12,28.30,27.85,27.65,26.62,27.60,27.61
010006273,BOIRON COCCULUS 200 CH GOCCE ORALI 30ML,Fitoterapia e Omeopatia,,20.57,21.62,21.30,21.89,19.80,21.70,21.88,20.29,20.09
010006276,BOIRON COCCULUS 200 CH FIALE ORALI 20 PEZZI,Fitoterapia e Omeopatia,,8.55,8.69,9.73,9.04,9.54,9.62,7.96,7.83,8.15
010006279,BOIRON COCCULUS 200 CH UNGUENTO 50G,Fitoterapia e Omeopatia,,36.77,35.78,37.07,37.05,35.69,37.13,35.33,36.40,36.85
010006282,BOIRON COCCULUS 200 CH SCIROPPO 150ML,Fitoterapia e Omeopatia,,26.40,26.25,27.58,26.52,26.32,27.95,28.15,26.65,26.65
010006285,BOIRON COCCULUS 1MK GRANULI 4G,Fitoterapia e Omeopatia,,34.47,34.01,34.60,34.33,33.89,35.57,35.21,34.76,35.03
010006288,BOIRON COCCULUS 1MK GLOBULI DOSA UNICA,Fitoterapia e Omeopatia,,14.62,15.93,15.97,15.59,15.38,16.02,15.15,15.24,15.14
010006291,BOIRON COCCULUS 1MK GOCCE ORALI 30ML,Fitoterapia e Omeopatia,,6.65,6.87,7.96,7.18,6.84,8.62,8.66,6.78,8.38
010006294,BOIRON COCCULUS 1MK FIALE ORALI 20 PEZZI,Fitoterapia e Omeopatia,,23.92,23.53,23.16,24.24,24.60,22.85,23.66,23.76,22.67
010006297,BOIRON COCCULUS 1MK UNGUENTO 50G,Fitoterapia e Omeopatia,,28.86,28.81,27.03,27.67,28.56,29.22,27.01,27.43,28.91
010006300,BOIRON COCCULUS 1MK SCIROPPO 150ML,Fitoterapia e Omeopatia,,35.84,36.15,34.23,35.81,33.93,34.81,35.96,35.99,35.85
010006303,BOIRON COCCULUS 6DH GRANULI 4G,Fitoterapia e Omeopatia,,35.76,34.63,35.75,36.09,35.92,35.98,36.34,35.27,36.08
010006306,BOIRON COCCULUS 6DH GLOBULI DOSA UNICA,Fitoterapia e Omeopatia,,31.28,29.83,29.44,29.91,29.72,30.47,31.01,31.21,30.11
010006309,BOIRON COCCULUS 6DH GOCCE ORALI 30ML,Fitoterapia e Omeopatia,,37.03,35.47,35.90,35.17,36.08,36.14,35.81,35.28,36.63
010006312,BOIRON COCCULUS 6DH FIALE ORALI 20 PEZZI,Fitoterapia e Omeopatia,,19.92,18.25,19.87,18.03,18.51,18.23,18.74,17.99,18.57
010006315,BOIRON COCCULUS 6DH UNGUENTO 50G,Fitoterapia e Omeopatia,,32.55,31.19,32.97,32.68,32.18,32.07,31.33,32.08,32.87
010006318,BOIRON COCCULUS 6DH SCIROPPO 150ML,Fitoterapia e Omeopatia,,11.03,9.19,9.13,10.16,10.60,10.61,10.67,9.07,10.41
010006321,BOIRON COCCULUS 12DH GRANULI 4G,Fitoterapia e Omeopatia,,35.56,36.82,37.05,36.13,37.46,37.94,36.56,36.42,36.22
010006324,BOIRON COCCULUS 12DH GLOBULI DOSA UNICA,Fitoterapia e Omeopatia,,34.43,32.83,33.50,32.53,34.20,33.44,32.67,32.62,34.02
010006327,BOIRON COCCULUS 12DH GOCCE ORALI 30ML,Fitoterapia e Omeopatia,,10.64,11.53,9.92,10.60,10.42,11.20,10.17,11.84,9.69
010006330,BOIRON COCCULUS 12DH FIALE ORALI 20 PEZZI,Fitoterapia e Omeopatia,,44.42,44.55,43.86,44.70,44.78,43.62,44.49,43.26,42.82
010006333,BOIRON COCCULUS 12DH UNGUENTO 50G,Fitoterapia e Omeopatia,,35.77,35.23,36.73,36.33,36.20,34.99,36.40,35.22,37.23
010006336,BOIRON COCCULUS 12DH SCIROPPO 150ML,Fitoterapia e Omeopatia,,20.08,20.07,20.46,20.17,19.89,20.10,19.06,19.94,19.73
010006339,BOIRON COLOCYNTHIS 4 CH GRANULI 4G,Fitoterapia e Omeopatia,,18.91,18.80,18.98,18.31,18.68,19.40,18.30,19.95,18.52
010006342,BOIRON COLOCYNTHIS 4 CH GLOBULI DOSA UNICA,Fitoterapia e Omeopatia,,31.62,32.06,31.08,30.65,30.72,31.09,30.67,30.48,30.91
010006345,BOIRON COLOCYNTHIS 4 CH GOCCE ORALI 30ML,Fitoterapia e Omeopatia,,36.96,36.42,38.26,36.62,37.42,36.65,37.33,37.70,37.78
010006348,BOIRON COLOCYNTHIS 4 CH FIALE ORALI 20 PEZZI,Fitoterapia e Omeopatia,,44.21,43.90,43.68,44.17,43.55,42.93,42.89,44.13,42.42
010006351,BOIRON COLOCYNTHIS 4 CH UNGUENTO 50G,Fitoterapia e Omeopatia,,23.13,24.73,24.34,24.78,22.95,23.54,24.14,24.39,22.60
010006354,BOIRON COLOCYNTHIS 4 CH SCIROPPO 150ML,Fitoterapia e Omeopatia,,15.67,14.97,16.27,15.09,16.25,16.95,16.93,16.05,16.83
010006357,BOIRON COLOCYNTHIS 5 CH GRANULI 4G,Fitoterapia e Omeopatia,,34.08,33.63,33.85,32.18,34.18,33.44,33.75,33.04,34.21
010006360,BOIRON COLOCYNTHIS 5 CH GLOBULI DOSA UNICA,Fitoterapia e Omeopatia,,7.72,7.70,8.13,8.32,8.78,9.83,7.71,8.03,9.61
010006363,BOIRON COLOCYNTHIS 5 CH GOCCE ORALI 30ML,Fitoterapia e Omeopatia,,39.35,38.34,39.13,39.44,39.74,39.18,39.27,38.71,39.31
010006366,BOIRON COLOCYNTHIS 5 CH FIALE ORALI 20 PEZZI,Fitoterapia e Omeopatia,,17.59,15.47,17.27,15.66,15.35,15.53,16.40,16.80,15.43
010006369,BOIRON COLOCYNTHIS 5 CH UNGUENTO 50G,Fitoterapia e Omeopatia,,37.43,37.60,37.61,38.02,35.78,37.95,37.84,38.08,36.17
010006372,BOIRON COLOCYNTHIS 5 CH SCIROPPO 150ML,Fitoterapia e Omeopatia,,21.27,19.97,20.76,21.88,19.97,21.31,20.35,21.97,20.62
010006375,BOIRON COLOCYNTHIS 7 CH GRANULI 4G,Fitoterapia e Omeopatia,,41.54,42.30,42.27,41.97,42.09,41.58,42.27,41.46,42.56
010006378,BOIRON COLOCYNTHIS 7 CH GLOBULI DOSA UNICA,Fitoterapia e Omeopatia,,36.44,36.24,35.84,35.80,36.80,36.12,36.82,36.89,35.59
010006381,BOIRON COLOCYNTHIS 7 CH GOCCE ORALI 30ML,Fitoterapia e Omeopatia,,10.31,10.73,12.35,10.98,10.25,11.79,10.72,10.52,11.57
010006384,BOIRON COLOCYNTHIS 7 CH FIALE ORALI 20 PEZZI,Fitoterapia e Omeopatia,,8.38,8.48,8.27,7.08,6.88,7.66,8.56,7.34,8.18
010006387,BOIRON COLOCYNTHIS 7 CH UNGUENTO 50G,Fitoterapia e Omeopatia,,28.17,27.57,26.25,27.96,27.20,28.03,27.57,27.97,27.80
010006390,BOIRON COLOCYNTHIS 7 CH SCIROPPO 150ML,Fitoterapia e Omeopatia,,38.53,38.74,38.72,37.97,38.35,38.33,38.62,38.70,37.46
010006393,BOIRON COLOCYNTHIS 9 CH GRANULI 4G,Fitoterapia e Omeopatia,,23.93,24.11,24.98,25.37,24.27,23.63,25.27,25.40,24.24
010006396,BOIRON COLOCYNTHIS 9 CH GLOBULI DOSA UNICA,Fitoterapia e Omeopatia,,37.26,35.49,35.91,36.12,36.12,37.80,35.46,37.39,35.58
010006399,BOIRON COLOCYNTHIS 9 CH GOCCE ORALI 30ML,Fitoterapia e Omeopatia,,38.90,39.24,37.84,37.44,37.62,38.58,39.10,37.49,37.71
010006402,BOIRON COLOCYNTHIS 9 CH FIALE ORALI 20 PEZZI,Fitoterapia e Omeopatia,,16.95,17.81,18.41,16.86,16.79,18.52,18.08,17.59,18.27
010006405,BOIRON COLOCYNTHIS 9 CH UNGUENTO 50G,Fitoterapia e Omeopatia,,40.61,41.73,41.85,41.26,40.59,41.84,41.89,40.34,40.11
010006408,BOIRON COLOCYNTHIS 9 CH SCIROPPO 150ML,Fitoterapia e Omeopatia,,31.88,32.25,31.76,29.94,30.94,30.12,31.33,30.91,31.10
010006411,BOIRON COLOCYNTHIS 12 CH GRANULI 4G,Fitoterapia e Omeopatia,,14.58,15.50,14.84,14.33,13.80,15.55,14.43,14.41,16.01
010006414,BOIRON COLOCYNTHIS 12 CH GLOBULI DOSA UNICA,Fitoterapia e Omeopatia,,4.26,5.79,5.42,4.01,5.93,6.26,5.95,6.14,5.04
010006417,BOIRON COLOCYNTHIS 12 CH GOCCE ORALI 30ML,Fitoterapia e Omeopatia,,28.65,27.74,26.54,27.33,26.74,27.33,27.44,28.30,28.16
010006420,BOIRON COLOCYNTHIS 12 CH FIALE ORALI 20 PEZZI,Fitoterapia e Omeopatia,,33.35,34.38,34.41,33.99,34.16,33.72,33.92,34.14,35.03
010006423,BOIRON COLOCYNTHIS 12 CH UNGUENTO 50G,Fitoterapia e Omeopatia,,9.41,11.33,9.47,10.16,10.76,10.00,10.23,10.28,11.08
010006426,BOIRON COLOCYNTHIS 12 CH SCIROPPO 150ML,Fitoterapia e Omeopatia,,28.14,26.02,27.38,27.93,26.70,27.32,26.48,26.75,26.95
010006429,BOIRON COLOCYNTHIS 15 CH GRANULI 4G,Fitoterapia e Omeopatia,,5.63,4.94,5.58,5.92,5.79,5.51,6.60,4.30,5.79
010006432,BOIRON COLOCYNTHIS 15 CH GLOBULI DOSA UNICA,Fitoterapia e Omeopatia,,16.84,16.88,15.43,15.91,15.53,16.68,16.50,17.40,17.09
010006435,BOIRON COLOCYNTHIS 15 CH GOCCE ORALI 30ML,Fitoterapia e Omeopatia,,9.94,11.43,10.70,11.32,10.67,12.04,11.82,11.85,10.89
010006438,BOIRON COLOCYNTHIS 15 CH FIALE ORALI 20 PEZZI,Fitoterapia e Omeopatia,,15.54,15.73,16.52,14.81,15.58,16.50,14.57,16.04,15.94
010006441,BOIRON COLOCYNTHIS 15 CH UNGUENTO 50G,Fitoterapia e Omeopatia,,13.07,12.09,12.07,11.56,11.53,11.18,11.44,12.72,13.47
010006444,BOIRON COLOCYNTHIS 15 CH SCIROPPO 150ML,Fitoterapia e Omeopatia,,16.85,16.84,17.69,17.40,18.37,18.73,17.83,17.55,18.97
010006447,BOIRON COLOCYNTHIS 30 CH GRANULI 4G,Fitoterapia e Omeopatia,,34.70,35.48,35.81,35.32,34.29,34.49,35.22,34.39,35.35
010006450,BOIRON COLOCYNTHIS 30 CH GLOBULI DOSA UNICA,Fitoterapia e Omeopatia,,22.15,23.18,22.97,21.60,23.50,23.71,22.06,22.38,23.38
010006453,BOIRON COLOCYNTHIS 30 CH GOCCE ORALI 30ML,Fitoterapia e Omeopatia,,5.68,5.66,4.36,3.51,5.80,4.10,3.51,3.52,5.68
010006456,BOIRON COLOCYNTHIS 30 CH FIALE ORALI 20 PEZZI,Fitoterapia e Omeopatia,,27.90,28.44,29.36,28.87,28.92,29.59,27.63,29.00,28.32
010006459,BOIRON COLOCYNTHIS 30 CH UNGUENTO 50G,Fitoterapia e Omeopatia,,24.86,23.80,23.97,23.34,24.97,23.84,23.04,23.68,22.62
010006462,BOIRON COLOCYNTHIS 30 CH SCIROPPO 150ML,Fitoterapia e Omeopatia,,44.42,44.91,43.46,43.67,44.15,44.25,45.61,43.90,44.85
010006465,BOIRON COLOCYNTHIS 200 CH GRANULI 4G,Fitoterapia e Omeopatia,,8.60,8.90,9.46,7.62,8.69,8.11,8.16,8.08,9.54
010006468,BOIRON COLOCYNTHIS 200 CH GLOBULI DOSA UNICA,Fitoterapia e Omeopatia,,37.13,35.63,35.50,35.89,35.08,36.20,35.59,37.22,35.43
010006471,BOIRON COLOCYNTHIS 200 CH GOCCE ORALI 30ML,Fitoterapia e Omeopatia,,9.67,10.43,9.40,11.04,9.53,10.62,9.95,11.12,9.38
010006474,BOIRON COLOCYNTHIS 200 CH FIALE ORALI 20 PEZZI,Fitoterapia e Omeopatia,,36.67,37.66,38.87,37.86,37.70,37.81,36.76,37.33,38.75
010006477,BOIRON COLOCYNTHIS 200 CH UNGUENTO 50G,Fitoterapia e Omeopatia,,28.18,28.09,29.52,28.07,28.43,28.39,30.04,29.86,30.18
010006480,BOIRON COLOCYNTHIS 200 CH SCIROPPO 150ML,Fitoterapia e Omeopatia,,37.60,36.65,37.20,37.54,36.41,36.19,37.29,37.24,37.27
010006483,BOIRON COLOCYNTHIS 1MK GRANULI 4G,Fitoterapia e Omeopatia,,42.18,41.99,42.46,43.49,41.16,42.40,42.39,41.95,43.17
010006486,BOIRON COLOCYNTHIS 1MK GLOBULI DOSA UNICA,Fitoterapia e Omeopatia,,39.09,37.46,37.61,39.40,38.19,37.88,37.43,39.53,37.20
010006489,BOIRON COLOCYNTHIS 1MK GOCCE ORALI 30ML,Fitoterapia e Omeopatia,,9.68,9.54,10.92,9.86,9.12,8.86,10.20,9.90,10.30
010006492,BOIRON COLOCYNTHIS 1MK FIALE ORALI 20 PEZZI,Fitoterapia e Omeopatia,,39.39,38.50,38.70,38.53,38.33,38.94,39.13,39.43,39.37
010006495,BOIRON COLOCYNTHIS 1MK UNGUENTO 50G,Fitoterapia e Omeopatia,,32.41,34.42,32.98,32.64,32.54,34.54,33.84,34.21,33.01
010006498,BOIRON COLOCYNTHIS 1MK SCIROPPO 150ML,Fitoterapia e Omeopatia,,15.29,15.58,14.64,14.79,14.92,16.53,15.49,16.84,15.11
010006501,BOIRON COLOCYNTHIS 6DH GRANULI 4G,Fitoterapia e Omeopatia,,36.40,36.96,37.10,38.36,36.31,37.42,37.07,38.35,37.68
010006504,BOIRON COLOCYNTHIS 6DH GLOBULI DOSA UNICA,Fitoterapia e Omeopatia,,25.80,25.32,26.89,27.08,26.21,26.30,25.97,27.59,27.28
010006507,BOIRON COLOCYNTHIS 6DH GOCCE ORALI 30ML,Fitoterapia e Omeopatia,,42.38,42.55,41.83,43.97,41.65,43.65,42.49,42.18,43.39
010006510,BOIRON COLOCYNTHIS 6DH FIALE ORALI 20 PEZZI,Fitoterapia e Omeopatia,,10.35,10.54,11.10,11.53,10.64,10.89,9.87,9.58,11.11
010006513,BOIRON COLOCYNTHIS 6DH UNGUENTO 50G,Fitoterapia e Omeopatia,,4.52,6.54,6.57,4.92,5.13,5.44,4.56,5.13,4.66
010006516,BOIRON COLOCYNTHIS 6DH SCIROPPO 150ML,Fitoterapia e Omeopatia,,26.43,24.80,26.09,26.41,26.21,26.37,24.38,25.77,24.33
010006519,BOIRON COLOCYNTHIS 12DH GRANULI 4G,Fitoterapia e Omeopatia,,38.89,39.93,38.08,39.91,38.81,39.88,40.11,39.04,38.97
010006522,BOIRON COLOCYNTHIS 12DH GLOBULI DOSA UNICA,Fitoterapia e Omeopatia,,35.94,35.48,36.74,35.51,36.53,35.79,36.70,36.15,37.29
010006525,BOIRON COLOCYNTHIS 12DH GOCCE ORALI 30ML,Fitoterapia e Omeopatia,,12.19,13.45,13.27,11.99,14.05,11.94,13.20,13.87,12.82
010006528,BOIRON COLOCYNTHIS 12DH FIALE ORALI 20 PEZZI,Fitoterapia e Omeopatia,,9.32,8.65,8.77,8.30,9.20,7.12,9.43,7.06,8.49
010006531,BOIRON COLOCYNTHIS 12DH UNGUENTO 50G,Fitoterapia e Omeopatia,,22.16,20.31,21.29,20.11,21.61,20.50,21.65,21.10,21.85
010006534,BOIRON COLOCYNTHIS 12DH SCIROPPO 150ML,Fitoterapia e Omeopatia,,7.42,7.99,8.44,6.26,7.00,8.09,6.76,6.88,6.35
010006537,BOIRON DROSERA 4 CH GRANULI 4G,Fitoterapia e Omeopatia,,22.19,24.37,22.83,22.60,22.81,22.40,23.19,24.49,22.33
010006540,BOIRON DROSERA 4 CH GLOBULI DOSA UNICA,Fitoterapia e Omeopatia,,9.18,9.61,10.21,8.86,10.04,9.84,10.10,10.72,9.70
010006543,BOIRON DROSERA 4 CH GOCCE ORALI 30ML,Fitoterapia e Omeopatia,,22.66,24.04,23.45,23.39,23.41,24.37,23.78,22.47,24.33
010006546,BOIRON DROSERA 4 CH FIALE ORALI 20 PEZZI,Fitoterapia e Omeopatia,,16.99,17.95,17.62,17.10,17.34,18.27,18.00,18.88,16.85
010006549,BOIRON DROSERA 4 CH UNGUENTO 50G,Fitoterapia e Omeopatia,,6.82,7.91,8.70,8.15,6.41,7.51,7.76,7.38,6.86
010006552,BOIRON DROSERA 4 CH SCIROPPO 150ML,Fitoterapia e Omeopatia,,34.69,34.20,35.07,34.90,34.18,34.09,34.78,34.99,34.18
010006555,BOIRON DROSERA 5 CH GRANULI 4G,Fitoterapia e Omeopatia,,44.56,44.98,44.08,44.97,44.16,44.13,45.89,44.75,43.68
010006558,BOIRON DROSERA 5 CH GLOBULI DOSA UNICA,Fitoterapia e Omeopatia,,29.97,30.72,30.48,29.75,29.66,30.52,30.99,30.42,29.93
010006561,BOIRON DROSERA 5 CH GOCCE ORALI 30ML,Fitoterapia e Omeopatia,,39.42,39.42,39.73,41.17,40.84,41.48,40.54,41.52,41.38
010006564,BOIRON DROSERA 5 CH FIALE ORALI 20 PEZZI,Fitoterapia e Omeopatia,,27.36,28.83,28.62,28.75,28.74,28.44,27.22,28.66,28.51
010006567,BOIRON DROSERA 5 CH UNGUENTO 50G,Fitoterapia e Omeopatia,,40.99,40.86,39.08,39.90,38.89,41.04,39.08,38.95,40.27
010006570,BOIRON DROSERA 5 CH SCIROPPO 150ML,Fitoterapia e Omeopatia,,21.45,21.11,20.43,19.09,20.28,21.11,21.14,21.00,19.46
010006573,BOIRON DROSERA 7 CH GRANULI 4G,Fitoterapia e Omeopatia,,40.63,40.83,40.11,39.70,41.43,39.72,39.70,40.96,41.31
010006576,BOIRON DROSERA 7 CH GLOBULI DOSA UNICA,Fitoterapia e Omeopatia,,21.50,22.54,22.08,21.50,21.80,21.38,21.94,22.37,22.30
010006579,BOIRON DROSERA 7 CH GOCCE ORALI 30ML,Fitoterapia e Omeopatia,,13.95,13.05,14.40,14.07,13.86,13.02,13.15,15.07,14.67
010006582,BOIRON DROSERA 7 CH FIALE ORALI 20 PEZZI,Fitoterapia e Omeopatia,,7.96,8.15,9.89,8.99,8.71,8.65,10.07,9.18,7.90
010006585,BOIRON DROSERA 7 CH UNGUENTO 50G,Fitoterapia e Omeopatia,,10.44,9.86,8.60,10.39,9.40,10.56,9.93,9.05,9.62
010006588,BOIRON DROSERA 7 CH SCIROPPO 150ML,Fitoterapia e Omeopatia,,38.44,39.04,39.63,39.94,38.66,40.69,39.38,39.51,38.54
010006591,BOIRON DROSERA 9 CH GRANULI 4G,Fitoterapia e Omeopatia,,4.98,4.81,5.63,5.68,6.10,5.86,4.21,4.09,5.58
010006594,BOIRON DROSERA 9 CH GLOBULI DOSA UNICA,Fitoterapia e Omeopatia,,37.98,37.88,38.97,38.59,37.16,38.04,37.17,38.10,38.32
010006597,BOIRON DROSERA 9 CH GOCCE ORALI 30ML,Fitoterapia e Omeopatia,,35.69,36.75,36.76,37.33,36.68,36.72,35.37,37.10,35.93
010006600,BOIRON DROSERA 9 CH FIALE ORALI 20 PEZZI,Fitoterapia e Omeopatia,,26.18,25.30,25.85,25.69,24.67,26.32,24.77,25.29,26.82
010006603,BOIRON DROSERA 9 CH UNGUENTO 50G,Fitoterapia e Omeopatia,,43.57,42.44,43.03,42.83,42.27,43.07,41.87,41.97,44.06
010006606,BOIRON DROSERA 9 CH SCIROPPO 150ML,Fitoterapia e Omeopatia,,43.76,42.40,42.56,44.60,42.60,42.92,44.08,43.16,43.49
010006609,BOIRON DROSERA 12 CH GRANULI 4G,Fitoterapia e Omeopatia,,18.70,19.28,21.02,18.82,19.35,19.66,19.28,20.01,20.25
010006612,BOIRON DROSERA 12 CH GLOBULI DOSA UNICA,Fitoterapia e Omeopatia,,22.06,22.26,21.42,22.19,22.36,22.94,21.63,21.50,23.21
010006615,BOIRON DROSERA 12 CH GOCCE ORALI 30ML,Fitoterapia e Omeopatia,,15.73,17.46,17.72,17.19,16.30,16.73,17.75,17.18,16.45
010006618,BOIRON DROSERA 12 CH FIALE ORALI 20 PEZZI,Fitoterapia e Omeopatia,,17.78,17.53,17.71,17.08,18.32,18.96,18.99,18.45,19.09
010006621,BOIRON DROSERA 12 CH UNGUENTO 50G,Fitoterapia e Omeopatia,,18.97,20.93,18.69,20.81,19.45,18.58,18.65,20.40,18.86
010006624,BOIRON DROSERA 12 CH SCIROPPO 150ML,Fitoterapia e Omeopatia,,37.33,38.56,37.41,38.91,37.82,38.19,37.46,37.51,39.04
010006627,BOIRON DROSERA 15 CH GRANULI 4G,Fitoterapia e Omeopatia,,28.11,26.05,26.22,28.35,28.41,26.14,27.03,27.42,27.16
010006630,BOIRON DROSERA 15 CH GLOBULI DOSA UNICA,Fitoterapia e Omeopatia,,6.76,7.57,6.32,5.28,5.29,6.12,7.29,6.56,5.41
010006633,BOIRON DROSERA 15 CH GOCCE ORALI 30ML,Fitoterapia e Omeopatia,,39.50,40.15,39.41,41.20,39.18,39.44,39.72,39.94,39.96
010006636,BOIRON DROSERA 15 CH FIALE ORALI 20 PEZZI,Fitoterapia e Omeopatia,,13.27,13.95,12.36,13.39,13.64,12.24,12.02,12.30,13.98
010006639,BOIRON DROSERA 15 CH UNGUENTO 50G,Fitoterapia e Omeopatia,,32.60,32.72,34.45,33.29,33.91,33.59,34.52,33.25,34.54
010006642,BOIRON DROSERA 15 CH SCIROPPO 150ML,Fitoterapia e Omeopatia,,15.96,14.36,16.26,16.47,16.23,16.44,16.04,14.81,15.16
010006645,BOIRON DROSERA 30 CH GRANULI 4G,Fitoterapia e Omeopatia,,14.66,14.48,14.42,14.63,15.75,14.71,14.38,14.99,14.80
010006648,BOIRON DROSERA 30 CH GLOBULI DOSA UNICA,Fitoterapia e Omeopatia,,24.83,24.79,25.20,23.89,23.87,24.41,24.90,24.89,24.42
010006651,BOIRON DROSERA 30 CH GOCCE ORALI 30ML,Fitoterapia e Omeopatia,,44.20,43.17,43.13,43.72,43.12,44.14,43.31,43.82,44.92
010006654,BOIRON DROSERA 30 CH FIALE ORALI 20 PEZZI,Fitoterapia e Omeopatia,,40.96,40.89,42.66,40.52,42.14,42.56,41.05,41.89,40.76
010006657,BOIRON DROSERA 30 CH UNGUENTO 50G,Fitoterapia e Omeopatia,,44.61,44.70,43.81,45.42,45.04,43.43,43.30,45.17,44.24
010006660,BOIRON DROSERA 30 CH SCIROPPO 150ML,Fitoterapia e Omeopatia,,41.04,40.47,41.27,41.17,40.34,39.97,41.85,41.19,41.65
010006663,BOIRON DROSERA 200 CH GRANULI 4G,Fitoterapia e Omeopatia,,5.12,4.77,5.42,6.03,5.60,3.96,6.06,5.26,3.90
010006666,BOIRON DROSERA 200 CH GLOBULI DOSA UNICA,Fitoterapia e Omeopatia,,16.83,16.15,16.92,16.91,14.97,16.98,16.62,16.36,16.83
010006669,BOIRON DROSERA 200 CH GOCCE ORALI 30ML,Fitoterapia e Omeopatia,,17.73,19.08,18.43,17.52,18.32,17.16,17.32,17.38,18.26
010006672,BOIRON DROSERA 200 CH FIALE ORALI 20 PEZZI,Fitoterapia e Omeopatia,,38.65,37.12,37.95,37.11,37.49,37.05,37.18,38.67,37.52
010006675,BOIRON DROSERA 200 CH UNGUENTO 50G,Fitoterapia e Omeopatia,,38.67,38.48,38.37,38.22,40.01,39.25,37.98,39.85,38.06
010006678,BOIRON DROSERA 200 CH SCIROPPO 150ML,Fitoterapia e Omeopatia,,18.08,18.03,17.82,16.54,18.13,18.26,18.58,17.91,16.72
010006681,BOIRON DROSERA 1MK GRANULI 4G,Fitoterapia e Omeopatia,,15.35,15.90,14.48,15.37,14.91,13.71,14.84,15.05,15.92
010006684,BOIRON DROSERA 1MK GLOBULI DOSA UNICA,Fitoterapia e Omeopatia,,27.07,26.12,26.21,26.63,26.81,28.30,26.54,27.72,27.55
010006687,BOIRON DROSERA 1MK GOCCE ORALI 30ML,Fitoterapia e Omeopatia,,21.13,20.08,21.36,20.65,20.38,21.17,21.56,20.74,20.50
010006690,BOIRON DROSERA 1MK FIALE ORALI 20 PEZZI,Fitoterapia e Omeopatia,,25.85,25.00,24.45,24.76,25.92,24.19,25.34,26.09,26.17
010006693,BOIRON DROSERA 1MK UNGUENTO 50G,Fitoterapia e Omeopatia,,42.16,43.35,43.63,43.28,41.69,42.25,42.86,41.87,42.98
010006696,BOIRON DROSERA 1MK SCIROPPO 150ML,Fitoterapia e Omeopatia,,41.04,40.00,41.47,40.49,40.42,40.33,40.86,41.54,40.12
010006699,BOIRON DROSERA 6DH GRANULI 4G,Fitoterapia e Omeopatia,,6.72,7.67,8.32,8.06,7.28,7.36,7.91,6.74,6.85
010006702,BOIRON DROSERA 6DH GLOBULI DOSA UNICA,Fitoterapia e Omeopatia,,32.38,32.97,31.16,31.66,32.63,32.75,31.44,32.30,32.85
010006705,BOIRON DROSERA 6DH GOCCE ORALI 30ML,Fitoterapia e Omeopatia,,37.79,38.14,38.06,37.63,38.17,38.13,39.18,38.30,37.43
010006708,BOIRON DROSERA 6DH FIALE ORALI 20 PEZZI,Fitoterapia e Omeopatia,,16.04,15.79,15.29,15.10,15.07,14.38,14.19,13.91,15.56
010006711,BOIRON DROSERA 6DH UNGUENTO 50G,Fitoterapia e Omeopatia,,12.31,10.74,12.36,12.07,12.48,11.82,11.27,12.81,12.29
010006714,BOIRON DROSERA 6DH SCIROPPO 150ML,Fitoterapia e Omeopatia,,35.65,34.42,35.89,34.74,34.66,34.92,34.48,35.91,35.85
010006717,BOIRON DROSERA 12DH GRANULI 4G,Fitoterapia e Omeopatia,,4.66,4.94,3.96,3.69,4.54,4.02,5.43,4.47,4.67
010006720,BOIRON DROSERA 12DH GLOBULI DOSA UNICA,Fitoterapia e Omeopatia,,42.17,42.31,41.55,42.28,42.37,41.82,43.40,41.82,42.91
010006723,BOIRON DROSERA 12DH GOCCE ORALI 30ML,Fitoterapia e Omeopatia,,15.56,16.19,16.58,15.60,16.09,17.30,15.45,16.12,16.94
010006726,BOIRON DROSERA 12DH FIALE ORALI 20 PEZZI,Fitoterapia e Omeopatia,,10.96,12.36,11.77,12.15,11.87,12.01,11.51,10.93,11.59
010006729,BOIRON DROSERA 12DH UNGUENTO 50G,Fitoterapia e Omeopatia,,43.16,45.16,43.45,43.61,44.05,43.79,42.97,43.23,43.56
010006732,BOIRON DROSERA 12DH SCIROPPO 150ML,Fitoterapia e Omeopatia,,27.90,27.76,28.74,27.44,27.04,28.69,28.65,28.69,27.52
010006735,BOIRON HEPAR SULPHUR 4 CH GRANULI 4G,Fitoterapia e Omeopatia,,3.98,4.40,5.60,4.69,5.33,5.58,4.48,3.93,5.96
010006738,BOIRON HEPAR SULPHUR 4 CH GLOBULI DOSA UNICA,Fitoterapia e Omeopatia,,30.28,31.02,31.06,30.05,30.34,30.85,30.40,31.44,29.34
010006741,BOIRON HEPAR SULPHUR 4 CH GOCCE ORALI 30ML,Fitoterapia e Omeopatia,,13.23,13.76,14.10,15.16,14.92,13.84,14.03,13.34,14.42
010006744,BOIRON HEPAR SULPHUR 4 CH FIALE ORALI 20 PEZZI,Fitoterapia e Omeopatia,,7.82,6.15,6.80,7.46,6.93,7.51,8.16,7.67,7.42
010006747,BOIRON HEPAR SULPHUR 4 CH UNGUENTO 50G,Fitoterapia e Omeopatia,,35.57,34.97,34.54,35.48,35.51,36.26,34.52,36.46,34.71
010006750,BOIRON HEPAR SULPHUR 4 CH SCIROPPO 150ML,Fitoterapia e Omeopatia,,38.44,37.56,37.14,38.22,37.32,36.75,36.56,37.39,38.07
010006753,BOIRON HEPAR SULPHUR 5 CH GRANULI 4G,Fitoterapia e Omeopatia,,11.89,13.93,13.88,13.23,13.81,12.40,12.03,11.82,11.73
010006756,BOIRON HEPAR SULPHUR 5 CH GLOBULI DOSA UNICA,Fitoterapia e Omeopatia,,9.15,9.45,10.99,10.09,9.44,10.15,9.81,10.69,10.72
010006759,BOIRON HEPAR SULPHUR 5 CH GOCCE ORALI 30ML,Fitoterapia e Omeopatia,,43.25,42.48,42.63,42.52,43.05,44.57,43.15,42.73,42.92
010006762,BOIRON HEPAR SULPHUR 5 CH FIALE ORALI 20 PEZZI,Fitoterapia e Omeopatia,,40.78,40.78,41.57,41.28,42.79,41.80,41.24,42.61,42.87
010006765,BOIRON HEPAR SULPHUR 5 CH UNGUENTO 50G,Fitoterapia e Omeopatia,,13.70,15.73,14.48,14.53,14.73,14.03,13.61,15.68,15.00
010006768,BOIRON HEPAR SULPHUR 5 CH SCIROPPO 150ML,Fitoterapia e Omeopatia,,27.12,28.27,27.14,26.73,28.45,27.35,27.95,28.36,26.95
010006771,BOIRON HEPAR SULPHUR 7 CH GRANULI 4G,Fitoterapia e Omeopatia,,28.44,28.25,28.29,29.25,27.98,27.88,27.48,29.68,27.70
010006774,BOIRON HEPAR SULPHUR 7 CH GLOBULI DOSA UNICA,Fitoterapia e Omeopatia,,18.92,19.81,19.69,19.80,20.40,20.33,19.79,20.88,19.61
010006777,BOIRON HEPAR SULPHUR 7 CH GOCCE ORALI 30ML,Fitoterapia e Omeopatia,,7.73,7.11,6.93,7.29,7.17,7.24,7.31,7.23,6.92
010006780,BOIRON HEPAR SULPHUR 7 CH FIALE ORALI 20 PEZZI,Fitoterapia e Omeopatia,,26.05,25.95,26.88,25.78,26.79,26.45,26.28,26.19,26.31
010006783,BOIRON HEPAR SULPHUR 7 CH UNGUENTO 50G,Fitoterapia e Omeopatia,,26.58,27.68,26.91,28.62,27.19,28.53,26.90,27.30,28.56
010006786,BOIRON HEPAR SULPHUR 7 CH SCIROPPO 150ML,Fitoterapia e Omeopatia,,26.12,25.93,26.22,26.02,27.23,26.47,25.73,26.61,27.27
010006789,BOIRON HEPAR SULPHUR 9 CH GRANULI 4G,Fitoterapia e Omeopatia,,28.62,30.16,28.94,28.94,29.85,30.11,28.03,30.12,29.46
010006792,BOIRON HEPAR SULPHUR 9 CH GLOBULI DOSA UNICA,Fitoterapia e Omeopatia,,19.20,20.14,18.32,18.29,19.61,19.07,18.33,20.01,18.71
010006795,BOIRON HEPAR SULPHUR 9 CH GOCCE ORALI 30ML,Fitoterapia e Omeopatia,,10.31,11.58,11.65,12.26,10.38,11.58,10.79,11.99,11.71
010006798,BOIRON HEPAR SULPHUR 9 CH FIALE ORALI 20 PEZZI,Fitoterapia e Omeopatia,,8.45,9.12,7.41,8.80,8.83,8.91,8.69,8.01,9.17
010006801,BOIRON HEPAR SULPHUR 9 CH UNGUENTO 50G,Fitoterapia e Omeopatia,,37.52,35.90,36.51,37.24,35.66,37.36,37.02,35.88,37.70
010006804,BOIRON HEPAR SULPHUR 9 CH SCIROPPO 150ML,Fitoterapia e Omeopatia,,28.30,29.36,29.40,28.89,29.65,27.80,29.57,27.56,29.72
010006807,BOIRON HEPAR SULPHUR 12 CH GRANULI 4G,Fitoterapia e Omeopatia,,25.47,25.86,25.73,25.10,24.77,24.33,25.91,24.09,23.77
010006810,BOIRON HEPAR SULPHUR 12 CH GLOBULI DOSA UNICA,Fitoterapia e Omeopatia,,40.00,39.70,39.63,40.43,40.81,39.48,39.55,40.44,38.91
010006813,BOIRON HEPAR SULPHUR 12 CH GOCCE ORALI 30ML,Fitoterapia e Omeopatia,,15.51,16.80,17.52,17.17,16.48,17.40,16.13,16.03,16.20
010006816,BOIRON HEPAR SULPHUR 12 CH FIALE ORALI 20 PEZZI,Fitoterapia e Omeopatia,,29.83,29.01,29.07,29.75,29.82,27.85,29.49,28.41,27.89
010006819,BOIRON HEPAR SULPHUR 12 CH UNGUENTO 50G,Fitoterapia e Omeopatia,,38.00,38.49,37.70,36.79,36.67,37.65,38.01,37.16,36.78
010006822,BOIRON HEPAR SULPHUR 12 CH SCIROPPO 150ML,Fitoterapia e Omeopatia,,39.97,38.88,39.33,39.22,39.56,39.43,38.01,39.99,38.26
010006825,BOIRON HEPAR SULPHUR 15 CH GRANULI 4G,Fitoterapia e Omeopatia,,11.72,12.88,13.63,13.44,13.69,11.52,12.84,12.61,12.51
010006828,BOIRON HEPAR SULPHUR 15 CH GLOBULI DOSA UNICA,Fitoterapia e Omeopatia,,19.60,20.77,19.36,19.68,20.26,20.36,20.21,19.98,21.50
010006831,BOIRON HEPAR SULPHUR 15 CH GOCCE ORALI 30ML,Fitoterapia e Omeopatia,,35.92,33.98,34.35,34.82,33.61,33.72,34.48,35.95,35.35
010006834,BOIRON HEPAR SULPHUR 15 CH FIALE ORALI 20 PEZZI,Fitoterapia e Omeopatia,,29.55,29.35,30.78,29.00,30.48,29.59,29.74,29.90,28.70
010006837,BOIRON HEPAR SULPHUR 15 CH UNGUENTO 50G,Fitoterapia e Omeopatia,,13.30,13.08,12.30,13.27,13.69,12.57,12.42,13.94,12.40
010006840,BOIRON HEPAR SULPHUR 15 CH SCIROPPO 150ML,Fitoterapia e Omeopatia,,23.73,22.79,22.75,22.75,24.07,23.44,23.25,23.83,24.16
010006843,BOIRON HEPAR SULPHUR 30 CH GRANULI 4G,Fitoterapia e Omeopatia,,7.35,7.74,7.08,7.29,8.42,9.08,8.16,8.39,8.23
010006846,BOIRON HEPAR SULPHUR 30 CH GLOBULI DOSA UNICA,Fitoterapia e Omeopatia,,17.60,19.32,18.98,18.14,19.45,18.34,18.26,19.36,19.16
010006849,BOIRON HEPAR SULPHUR 30 CH GOCCE ORALI 30ML,Fitoterapia e Omeopatia,,7.37,8.24,8.26,9.20,7.85,8.74,7.81,9.16,7.35
010006852,BOIRON HEPAR SULPHUR 30 CH FIALE ORALI 20 PEZZI,Fitoterapia e Omeopatia,,13.49,12.61,12.79,12.16,14.25,13.47,13.18,12.98,13.84
010006855,BOIRON HEPAR SULPHUR 30 CH UNGUENTO 50G,Fitoterapia e Omeopatia,,6.00,6.75,5.82,4.86,6.28,4.64,6.00,6.14,5.96
010006858,BOIRON HEPAR SULPHUR 30 CH SCIROPPO 150ML,Fitoterapia e Omeopatia,,11.67,11.67,11.88,12.00,11.71,12.87,11.68,11.51,12.14
010006861,BOIRON HEPAR SULPHUR 200 CH GRANULI 4G,Fitoterapia e Omeopatia,,32.75,31.29,32.05,31.73,32.10,32.29,33.11,31.35,33.21
010006864,BOIRON HEPAR SULPHUR 200 CH GLOBULI DOSA UNICA,Fitoterapia e Omeopatia,,6.48,6.66,7.03,6.40,7.20,5.86,6.47,7.57,6.24
010006867,BOIRON HEPAR SULPHUR 200 CH GOCCE ORALI 30ML,Fitoterapia e Omeopatia,,17.15,15.78,15.20,16.19,16.89,15.97,15.46,16.22,16.60
010006870,BOIRON HEPAR SULPHUR 200 CH FIALE ORALI 20 PEZZI,Fitoterapia e Omeopatia,,35.07,35.79,35.60,36.63,36.25,35.85,36.38,35.54,36.55
010006873,BOIRON HEPAR SULPHUR 200 CH UNGUENTO 50G,Fitoterapia e Omeopatia,,7.11,7.00,6.26,6.89,5.08,6.09,4.81,6.25,7.03
010006876,BOIRON HEPAR SULPHUR 200 CH SCIROPPO 150ML,Fitoterapia e Omeopatia,,8.05,7.30,8.26,8.50,6.88,7.92,8.52,6.85,7.66
010006879,BOIRON HEPAR SULPHUR 1MK GRANULI 4G,Fitoterapia e Omeopatia,,41.07,41.59,40.88,39.77,40.88,40.16,41.83,39.94,40.83
010006882,BOIRON HEPAR SULPHUR 1MK GLOBULI DOSA UNICA,Fitoterapia e Omeopatia,,17.28,17.05,17.85,17.61,17.21,18.06,17.61,17.37,18.16
010006885,BOIRON HEPAR SULPHUR 1MK GOCCE ORALI 30ML,Fitoterapia e Omeopatia,,35.33,35.76,35.28,34.45,34.64,35.42,34.77,35.60,35.32
010006888,BOIRON HEPAR SULPHUR 1MK FIALE ORALI 20 PEZZI,Fitoterapia e Omeopatia,,14.34,14.27,13.44,13.47,14.98,13.80,14.05,14.01,13.87
010006891,BOIRON HEPAR SULPHUR 1MK UNGUENTO 50G,Fitoterapia e Omeopatia,,39.80,40.05,38.03,37.87,39.24,39.15,38.90,38.34,40.27
010006894,BOIRON HEPAR SULPHUR 1MK SCIROPPO 150ML,Fitoterapia e Omeopatia,,42.58,42.82,41.06,41.20,41.64,42.12,41.25,41.66,41.43
010006897,BOIRON HEPAR SULPHUR 6DH GRANULI 4G,Fitoterapia e Omeopatia,,38.61,39.32,39.12,38.21,38.65,38.50,39.83,40.08,39.63
010006900,BOIRON HEPAR SULPHUR 6DH GLOBULI DOSA UNICA,Fitoterapia e Omeopatia,,30.28,30.99,32.12,31.92,29.92,32.26,30.06,31.87,30.60
010006903,BOIRON HEPAR SULPHUR 6DH GOCCE ORALI 30ML,Fitoterapia e Omeopatia,,17.57,18.44,17.43,19.53,19.07,19.15,17.23,17.27,19.00
010006906,BOIRON HEPAR SULPHUR 6DH FIALE ORALI 20 PEZZI,Fitoterapia e Omeopatia,,40.59,39.36,40.14,41.25,39.49,40.85,40.25,40.53,41.60
010006909,BOIRON HEPAR SULPHUR 6DH UNGUENTO 50G,Fitoterapia e Omeopatia,,41.04,40.61,41.02,42.01,41.36,40.97,41.92,41.50,40.48
010006912,BOIRON HEPAR SULPHUR 6DH SCIROPPO 150ML,Fitoterapia e Omeopatia,,22.22,21.94,22.43,22.44,22.55,22.95,21.65,20.67,22.30
010006915,BOIRON HEPAR SULPHUR 12DH GRANULI 4G,Fitoterapia e Omeopatia,,33.87,33.20,34.42,34.48,33.24,33.54,35.20,34.51,33.83
010006918,BOIRON HEPAR SULPHUR 12DH GLOBULI DOSA UNICA,Fitoterapia e Omeopatia,,39.34,40.05,39.13,38.66,39.19,40.01,40.33,38.25,38.22
010006921,BOIRON HEPAR SULPHUR 12DH GOCCE ORALI 30ML,Fitoterapia e Omeopatia,,37.68,38.34,36.20,37.22,37.73,38.43,37.58,36.67,36.08
010006924,BOIRON HEPAR SULPHUR 12DH FIALE ORALI 20 PEZZI,Fitoterapia e Omeopatia,,29.86,31.11,30.59,31.21,30.00,31.24,30.32,31.15,30.70
010006927,BOIRON HEPAR SULPHUR 12DH UNGUENTO 50G,Fitoterapia e Omeopatia,,36.82,38.31,36.96,36.71,38.11,38.51,36.89,37.76,38.51
010006930,BOIRON HEPAR SULPHUR 12DH SCIROPPO 150ML,Fitoterapia e Omeopatia,,34.43,35.67,34.59,35.72,36.78,34.62,34.93,35.67,36.49
010006933,BOIRON LACHESIS 4 CH GRANULI 4G,Fitoterapia e Omeopatia,,9.52,8.70,9.77,8.69,9.42,9.36,9.20,10.01,9.61
010006936,BOIRON LACHESIS 4 CH GLOBULI DOSA UNICA,Fitoterapia e Omeopatia,,14.73,15.12,15.76,14.90,14.79,13.61,14.56,15.23,15.78
010006939,BOIRON LACHESIS 4 CH GOCCE ORALI 30ML,Fitoterapia e Omeopatia,,5.43,4.17,4.66,4.63,5.07,5.04,6.04,5.20,5.89
010006942,BOIRON LACHESIS 4 CH FIALE ORALI 20 PEZZI,Fitoterapia e Omeopatia,,31.21,30.20,30.69,30.40,29.86,31.41,30.97,30.30,30.33
010006945,BOIRON LACHESIS 4 CH UNGUENTO 50G,Fitoterapia e Omeopatia,,21.90,22.17,21.87,22.59,21.65,22.00,22.77,22.47,20.74
010006948,BOIRON LACHESIS 4 CH SCIROPPO 150ML,Fitoterapia e Omeopatia,,19.19,17.62,17.60,18.88,19.67,18.10,19.26,19.33,19.42
010006951,BOIRON LACHESIS 5 CH GRANULI 4G,Fitoterapia e Omeopatia,,27.06,27.06,26.95,25.64,26.64,25.41,26.55,27.40,26.30
010006954,BOIRON LACHESIS 5 CH GLOBULI DOSA UNICA,Fitoterapia e Omeopatia,,32.81,32.02,32.20,33.33,32.99,32.06,33.07,32.66,33.47
010006957,BOIRON LACHESIS 5 CH GOCCE ORALI 30ML,Fitoterapia e Omeopatia,,41.38,40.61,40.30,40.73,39.87,40.61,41.73,40.82,40.59
010006960,BOIRON LACHESIS 5 CH FIALE ORALI 20 PEZZI,Fitoterapia e Omeopatia,,26.66,26.26,25.83,24.72,26.15,25.32,25.39,26.12,24.82
010006963,BOIRON LACHESIS 5 CH UNGUENTO 50G,Fitoterapia e Omeopatia,,34.59,33.77,33.39,35.38,33.10,34.52,33.08,34.43,34.53
010006966,BOIRON LACHESIS 5 CH SCIROPPO 150ML,Fitoterapia e Omeopatia,,30.10,30.69,29.72,30.78,29.28,30.90,28.60,30.40,30.84
010006969,BOIRON LACHESIS 7 CH GRANULI 4G,Fitoterapia e Omeopatia,,31.44,31.65,31.34,31.46,31.32,31.69,31.50,31.05,30.45
010006972,BOIRON LACHESIS 7 CH GLOBULI DOSA UNICA,Fitoterapia e Omeopatia,,9.30,9.55,9.69,11.21,10.75,11.21,10.69,10.57,9.16
010006975,BOIRON LACHESIS 7 CH GOCCE ORALI 30ML,Fitoterapia e Omeopatia,,29.60,29.72,30.24,28.33,29.83,29.60,29.47,30.05,29.00
010006978,BOIRON LACHESIS 7 CH FIALE ORALI 20 PEZZI,Fitoterapia e Omeopatia,,12.84,14.13,13.75,13.55,12.73,13.80,14.65,13.00,13.68
010006981,BOIRON LACHESIS 7 CH UNGUENTO 50G,Fitoterapia e Omeopatia,,40.70,40.20,39.98,40.60,39.16,40.39,40.67,39.20,40.66
010006984,BOIRON LACHESIS 7 CH SCIROPPO 150ML,Fitoterapia e Omeopatia,,20.07,19.08,20.25,19.47,18.91,18.71,20.17,18.74,20.06
010006987,BOIRON LACHESIS 9 CH GRANULI 4G,Fitoterapia e Omeopatia,,15.99,15.79,17.52,15.36,16.73,16.49,17.56,15.25,16.01
010006990,BOIRON LACHESIS 9 CH GLOBULI DOSA UNICA,Fitoterapia e Omeopatia,,20.21,21.65,20.24,19.79,20.57,20.25,20.70,21.75,20.31
010006993,BOIRON LACHESIS 9 CH GOCCE ORALI 30ML,Fitoterapia e Omeopatia,,27.01,25.01,26.07,24.99,25.51,25.94,24.90,25.00,26.22
010006996,BOIRON LACHESIS 9 CH FIALE ORALI 20 PEZZI,Fitoterapia e Omeopatia,,15.43,13.74,13.96,14.13,13.73,14.24,13.53,15.14,13.38
010006999,BOIRON LACHESIS 9 CH UNGUENTO 50G,Fitoterapia e Omeopatia,,20.36,20.64,20.14,19.21,20.98,21.05,20.11,19.94,20.93
010007002,BOIRON LACHESIS 9 CH SCIROPPO 150ML,Fitoterapia e Omeopatia,,14.48,15.47,14.05,14.15,15.48,14.79,14.36,14.56,15.46
010007005,BOIRON LACHESIS 12 CH GRANULI 4G,Fitoterapia e Omeopatia,,44.13,44.21,44.34,44.48,42.40,43.08,44.19,42.18,43.68
010007008,BOIRON LACHESIS 12 CH GLOBULI DOSA UNICA,Fitoterapia e Omeopatia,,43.06,42.30,41.78,42.97,43.59,42.12,42.40,42.75,42.34
010007011,BOIRON LACHESIS 12 CH GOCCE ORALI 30ML,Fitoterapia e Omeopatia,,27.04,28.68,28.28,28.25,27.12,26.61,26.72,26.69,27.30
010007014,BOIRON LACHESIS 12 CH FIALE ORALI 20 PEZZI,Fitoterapia e Omeopatia,,5.75,5.55,5.93,5.43,5.78,4.68,5.83,6.19,4.59
010007017,BOIRON LACHESIS 12 CH UNGUENTO 50G,Fitoterapia e Omeopatia,,15.15,13.70,13.16,13.90,14.19,13.44,13.76,13.48,12.94
010007020,BOIRON LACHESIS 12 CH SCIROPPO 150ML,Fitoterapia e Omeopatia,,6.96,7.14,5.84,5.64,5.40,6.25,7.18,6.51,5.37
010007023,BOIRON LACHESIS 15 CH GRANULI 4G,Fitoterapia e Omeopatia,,13.00,13.67,12.77,12.53,13.43,14.09,13.72,14.21,13.01
010007026,BOIRON LACHESIS 15 CH GLOBULI DOSA UNICA,Fitoterapia e Omeopatia,,11.22,12.26,10.50,11.57,11.92,11.38,10.51,11.21,11.61
010007029,BOIRON LACHESIS 15 CH GOCCE ORALI 30ML,Fitoterapia e Omeopatia,,12.18,12.67,13.16,13.01,11.40,11.96,13.28,11.59,13.25
010007032,BOIRON LACHESIS 15 CH FIALE ORALI 20 PEZZI,Fitoterapia e Omeopatia,,8.06,6.70,6.61,6.83,5.95,6.08,5.79,6.88,7.93
010007035,BOIRON LACHESIS 15 CH UNGUENTO 50G,Fitoterapia e Omeopatia,,9.22,10.36,8.83,9.89,8.85,8.66,8.31,10.15,8.89
010007038,BOIRON LACHESIS 15 CH SCIROPPO 150ML,Fitoterapia e Omeopatia,,13.78,13.62,12.87,13.63,13.63,13.13,14.52,14.19,13.58
010007041,BOIRON LACHESIS 30 CH GRANULI 4G,Fitoterapia e Omeopatia,,5.02,6.73,5.22,4.88,5.75,6.53,6.78,5.06,6.04
010007044,BOIRON LACHESIS 30 CH GLOBULI DOSA UNICA,Fitoterapia e Omeopatia,,25.94,24.07,23.95,25.31,25.68,24.05,24.04,25.10,24.16
010007047,BOIRON LACHESIS 30 CH GOCCE ORALI 30ML,Fitoterapia e Omeopatia,,27.87,26.98,28.14,26.57,27.11,26.54,27.66,28.33,26.60
010007050,BOIRON LACHESIS 30 CH FIALE ORALI 20 PEZZI,Fitoterapia e Omeopatia,,34.76,33.27,32.66,34.62,33.30,33.97,33.94,33.04,33.25
010007053,BOIRON LACHESIS 30 CH UNGUENTO 50G,Fitoterapia e Omeopatia,,35.20,35.00,35.28,36.79,36.92,35.97,35.21,36.90,35.93
010007056,BOIRON LACHESIS 30 CH SCIROPPO 150ML,Fitoterapia e Omeopatia,,5.56,5.87,6.16,5.60,4.72,6.81,4.62,4.77,6.86
010007059,BOIRON LACHESIS 200 CH GRANULI 4G,Fitoterapia e Omeopatia,,12.36,13.00,12.03,12.14,11.59,13.49,12.78,13.72,12.16
010007062,BOIRON LACHESIS 200 CH GLOBULI DOSA UNICA,Fitoterapia e Omeopatia,,42.63,42.73,43.62,41.66,43.51,43.09,43.07,41.78,42.29
010007065,BOIRON LACHESIS 200 CH GOCCE ORALI 30ML,Fitoterapia e Omeopatia,,22.28,22.24,20.57,21.43,21.37,22.30,20.97,21.60,20.87
010007068,BOIRON LACHESIS 200 CH FIALE ORALI 20 PEZZI,Fitoterapia e Omeopatia,,37.18,37.57,36.39,37.14,37.28,37.64,36.57,36.98,38.08
010007071,BOIRON LACHESIS 200 CH UNGUENTO 50G,Fitoterapia e Omeopatia,,11.40,11.05,9.76,11.66,9.87,11.95,9.94,9.85,11.55
010007074,BOIRON LACHESIS 200 CH SCIROPPO 150ML,Fitoterapia e Omeopatia,,6.66,6.18,7.51,6.69,6.17,7.77,7.32,7.77,5.92
010007077,BOIRON LACHESIS 1MK GRANULI 4G,Fitoterapia e Omeopatia,,4.97,5.62,6.66,6.94,4.89,5.62,6.02,6.05,6.25
010007080,BOIRON LACHESIS 1MK GLOBULI DOSA UNICA,Fitoterapia e Omeopatia,,14.42,13.79,15.57,14.19,13.90,15.12,14.01,13.46,13.50
010007083,BOIRON LACHESIS 1MK GOCCE ORALI 30ML,Fitoterapia e Omeopatia,,16.85,18.15,16.87,17.28,17.70,16.43,17.77,18.05,16.04
010007086,BOIRON LACHESIS 1MK FIALE ORALI 20 PEZZI,Fitoterapia e Omeopatia,,38.48,37.99,38.29,37.36,38.04,37.59,37.52,36.99,37.41
010007089,BOIRON LACHESIS 1MK UNGUENTO 50G,Fitoterapia e Omeopatia,,3.74,3.76,5.45,5.35,4.94,5.08,3.61,3.92,4.63
010007092,BOIRON LACHESIS 1MK SCIROPPO 150ML,Fitoterapia e Omeopatia,,41.08,41.19,41.75,42.26,41.88,42.10,41.06,40.92,40.75
010007095,BOIRON LACHESIS 6DH GRANULI 4G,Fitoterapia e Omeopatia,,21.23,21.01,20.08,19.88,21.52,21.57,21.19,20.24,20.22
010007098,BOIRON LACHESIS 6DH GLOBULI DOSA UNICA,Fitoterapia e Omeopatia,,12.19,12.59,11.79,12.31,12.38,11.90,12.36,13.18,12.48
010007101,BOIRON LACHESIS 6DH GOCCE ORALI 30ML,Fitoterapia e Omeopatia,,31.81,31.21,32.95,31.80,31.92,32.03,32.40,32.99,33.25
010007104,BOIRON LACHESIS 6DH FIALE ORALI 20 PEZZI,Fitoterapia e Omeopatia,,35.76,36.09,35.60,34.41,34.43,35.39,36.28,34.79,34.45
010007107,BOIRON LACHESIS 6DH UNGUENTO 50G,Fitoterapia e Omeopatia,,31.12,33.02,32.05,32.45,30.78,32.51,31.39,31.62,30.72
010007110,BOIRON LACHESIS 6DH SCIROPPO 150ML,Fitoterapia e Omeopatia,,27.47,26.83,28.45,28.57,26.62,28.77,27.64,27.77,28.52
010007113,BOIRON LACHESIS 12DH GRANULI 4G,Fitoterapia e Omeopatia,,18.17,17.10,18.71,18.90,18.60,17.51,18.63,17.17,17.26
010007116,BOIRON LACHESIS 12DH GLOBULI DOSA UNICA,Fitoterapia e Omeopatia,,40.34,40.61,40.89,42.00,40.69,41.27,42.05,41.00,42.02
010007119,BOIRON LACHESIS 12DH GOCCE ORALI 30ML,Fitoterapia e Omeopatia,,11.77,10.79,10.73,12.20,11.59,12.26,10.37,10.11,12.02
010007122,BOIRON LACHESIS 12DH FIALE ORALI 20 PEZZI,Fitoterapia e Omeopatia,,9.12,7.85,6.93,8.99,6.85,7.88,7.24,7.13,6.96
010007125,BOIRON LACHESIS 12DH UNGUENTO 50G,Fitoterapia e Omeopatia,,5.76,5.62,6.57,5.17,6.28,4.29,4.20,5.70,4.22
010007128,BOIRON LACHESIS 12DH SCIROPPO 150ML,Fitoterapia e Omeopatia,,18.78,19.60,20.30,19.31,19.69,19.54,19.83,19.96,20.49
010007131,BOIRON PETROLEUM 4 CH GRANULI 4G,Fitoterapia e Omeopatia,,15.57,13.92,14.84,13.63,15.49,14.46,13.86,14.69,15.66
010007134,BOIRON PETROLEUM 4 CH GLOBULI DOSA UNICA,Fitoterapia e Omeopatia,,26.30,24.05,25.07,26.12,25.81,26.12,24.14,24.43,24.71
010007137,BOIRON PETROLEUM 4 CH GOCCE ORALI 30ML,Fitoterapia e Omeopatia,,38.29,37.71,37.33,38.87,37.78,37.98,37.82,38.55,38.88
010007140,BOIRON PETROLEUM 4 CH FIALE ORALI 20 PEZZI,Fitoterapia e Omeopatia,,33.84,32.74,31.91,33.99,31.97,32.78,32.09,34.15,33.24
010007143,BOIRON PETROLEUM 4 CH UNGUENTO 50G,Fitoterapia e Omeopatia,,9.55,8.86,9.33,10.87,9.17,9.35,9.62,10.79,9.69
010007146,BOIRON PETROLEUM 4 CH SCIROPPO 150ML,Fitoterapia e Omeopatia,,32.28,32.45,30.95,32.92,32.91,32.73,32.37,32.74,33.22
010007149,BOIRON PETROLEUM 5 CH GRANULI 4G,Fitoterapia e Omeopatia,,30.06,30.96,29.25,30.64,30.17,28.89,31.14,30.44,28.85
010007152,BOIRON PETROLEUM 5 CH GLOBULI DOSA UNICA,Fitoterapia e Omeopatia,,11.55,12.42,11.65,12.74,11.20,11.01,12.23,13.34,13.20
010007155,BOIRON PETROLEUM 5 CH GOCCE ORALI 30ML,Fitoterapia e Omeopatia,,39.62,40.31,40.59,40.71,41.81,41.22,40.36,40.51,40.99
010007158,BOIRON PETROLEUM 5 CH FIALE ORALI 20 PEZZI,Fitoterapia e Omeopatia,,28.02,28.60,27.16,29.05,27.42,27.11,28.73,28.28,27.23
010007161,BOIRON PETROLEUM 5 CH UNGUENTO 50G,Fitoterapia e Omeopatia,,34.70,36.63,35.12,36.77,36.71,34.94,35.04,35.72,36.81
010007164,BOIRON PETROLEUM 5 CH SCIROPPO 150ML,Fitoterapia e Omeopatia,,16.79,17.80,16.49,17.44,17.32,17.71,17.62,16.19,16.53
010007167,BOIRON PETROLEUM 7 CH GRANULI 4G,Fitoterapia e Omeopatia,,17.93,19.25,17.91,17.58,18.39,18.34,17.72,17.09,17.21
010007170,BOIRON PETROLEUM 7 CH GLOBULI DOSA UNICA,Fitoterapia e Omeopatia,,8.10,9.49,9.34,9.58,8.63,8.17,7.71,8.00,8.70
010007173,BOIRON PETROLEUM 7 CH GOCCE ORALI 30ML,Fitoterapia e Omeopatia,,19.24,17.85,18.83,19.35,17.78,17.78,19.64,18.12,18.14
010007176,BOIRON PETROLEUM 7 CH FIALE ORALI 20 PEZZI,Fitoterapia e Omeopatia,,36.28,36.56,35.30,34.97,35.32,36.71,36.94,36.94,36.19
010007179,BOIRON PETROLEUM 7 CH UNGUENTO 50G,Fitoterapia e Omeopatia,,9.35,10.01,8.76,9.79,8.84,10.21,10.52,10.95,9.29
010007182,BOIRON PETROLEUM 7 CH SCIROPPO 150ML,Fitoterapia e Omeopatia,,39.90,39.44,38.94,39.78,37.96,38.69,37.94,39.60,38.90
010007185,BOIRON PETROLEUM 9 CH GRANULI 4G,Fitoterapia e Omeopatia,,27.99,28.68,27.81,28.16,28.87,27.59,27.43,27.85,29.19
010007188,BOIRON PETROLEUM 9 CH GLOBULI DOSA UNICA,Fitoterapia e Omeopatia,,26.38,27.09,26.77,26.45,26.00,25.55,25.14,26.30,27.05
010007191,BOIRON PETROLEUM 9 CH GOCCE ORALI 30ML,Fitoterapia e Omeopatia,,6.40,5.70,6.64,5.53,7.32,5.74,6.94,7.63,7.19
010007194,BOIRON PETROLEUM 9 CH FIALE ORALI 20 PEZZI,Fitoterapia e Omeopatia,,24.99,26.23,26.24,27.07,26.09,25.46,26.85,25.98,25.67
010007197,BOIRON PETROLEUM 9 CH UNGUENTO 50G,Fitoterapia e Omeopatia,,17.15,18.27,16.43,17.84,17.30,16.65,16.67,17.99,16.58
010007200,BOIRON PETROLEUM 9 CH SCIROPPO 150ML,Fitoterapia e Omeopatia,,29.09,29.75,29.72,28.74,30.74,29.57,30.28,29.08,30.09
010007203,BOIRON PETROLEUM 12 CH GRANULI 4G,Fitoterapia e Omeopatia,,13.23,13.16,13.52,13.16,11.60,11.89,13.23,11.58,13.07
010007206,BOIRON PETROLEUM 12 CH GLOBULI DOSA UNICA,Fitoterapia e Omeopatia,,28.74,28.33,30.11,28.23,28.58,29.96,29.44,29.97,29.03
010007209,BOIRON PETROLEUM 12 CH GOCCE ORALI 30ML,Fitoterapia e Omeopatia,,25.57,25.24,25.59,24.30,23.99,24.52,24.48,25.58,24.70
010007212,BOIRON PETROLEUM 12 CH FIALE ORALI 20 PEZZI,Fitoterapia e Omeopatia,,21.38,20.34,21.49,20.73,21.97,21.93,21.14,21.92,20.18
010007215,BOIRON PETROLEUM 12 CH UNGUENTO 50G,Fitoterapia e Omeopatia,,25.53,26.33,27.06,25.72,26.75,27.73,26.74,26.81,25.69
010007218,BOIRON PETROLEUM 12 CH SCIROPPO 150ML,Fitoterapia e Omeopatia,,29.11,29.71,28.45,28.86,28.70,28.05,29.72,28.19,29.18
010007221,BOIRON PETROLEUM 15 CH GRANULI 4G,Fitoterapia e Omeopatia,,5.02,6.81,5.80,5.66,5.41,6.33,7.09,7.22,6.22
010007224,BOIRON PETROLEUM 15 CH GLOBULI DOSA UNICA,Fitoterapia e Omeopatia,,11.34,11.66,13.18,12.79,12.62,11.31,12.43,11.00,13.01
010007227,BOIRON PETROLEUM 15 CH GOCCE ORALI 30ML,Fitoterapia e Omeopatia,,15.49,15.30,15.25,15.98,14.55,16.21,15.36,15.34,15.43
010007230,BOIRON PETROLEUM 15 CH FIALE ORALI 20 PEZZI,Fitoterapia e Omeopatia,,16.97,16.83,18.44,16.99,18.31,17.34,18.76,18.51,18.23
010007233,BOIRON PETROLEUM 15 CH UNGUENTO 50G,Fitoterapia e Omeopatia,,12.44,12.31,12.21,11.30,11.14,12.04,12.16,12.78,11.09
010007236,BOIRON PETROLEUM 15 CH SCIROPPO 150ML,Fitoterapia e Omeopatia,,6.88,6.55,7.08,6.25,6.80,6.97,6.78,6.92,5.92
010007239,BOIRON PETROLEUM 30 CH GRANULI 4G,Fitoterapia e Omeopatia,,18.06,18.18,18.21,19.51,19.60,19.87,19.70,19.26,20.10
010007242,BOIRON PETROLEUM 30 CH GLOBULI DOSA UNICA,Fitoterapia e Omeopatia,,33.81,34.25,35.06,34.92,33.92,34.27,35.32,36.01,34.11
010007245,BOIRON PETROLEUM 30 CH GOCCE ORALI 30ML,Fitoterapia e Omeopatia,,35.98,36.31,37.03,37.04,37.08,35.33,37.10,36.58,37.16
010007248,BOIRON PETROLEUM 30 CH FIALE ORALI 20 PEZZI,Fitoterapia e Omeopatia,,12.44,12.00,13.02,12.80,13.96,11.71,12.46,11.87,12.61
010007251,BOIRON PETROLEUM 30 CH UNGUENTO 50G,Fitoterapia e Omeopatia,,14.88,14.30,13.83,15.27,15.67,15.23,15.73,15.81,15.55
010007254,BOIRON PETROLEUM 30 CH SCIROPPO 150ML,Fitoterapia e Omeopatia,,42.35,42.91,42.49,44.37,44.48,42.59,42.78,44.47,43.97
010007257,BOIRON PETROLEUM 200 CH GRANULI 4G,Fitoterapia e Omeopatia,,20.40,20.63,22.07,21.93,22.37,22.47,20.58,21.58,21.26
010007260,BOIRON PETROLEUM 200 CH GLOBULI DOSA UNICA,Fitoterapia e Omeopatia,,43.20,44.42,45.50,45.33,44.48,44.64,44.01,44.68,44.75
010007263,BOIRON PETROLEUM 200 CH GOCCE ORALI 30ML,Fitoterapia e Omeopatia,,25.28,25.86,23.90,23.70,25.53,25.66,25.26,24.21,24.43
010007266,BOIRON PETROLEUM 200 CH FIALE ORALI 20 PEZZI,Fitoterapia e Omeopatia,,40.59,41.66,40.17,41.75,42.12,40.06,42.32,41.68,40.42
010007269,BOIRON PETROLEUM 200 CH UNGUENTO 50G,Fitoterapia e Omeopatia,,11.38,11.21,10.31,10.43,11.01,11.33,11.38,9.55,10.40
010007272,BOIRON PETROLEUM 200 CH SCIROPPO 150ML,Fitoterapia e Omeopatia,,32.93,31.88,31.50,32.02,31.23,31.45,33.27,31.94,31.27
010007275,BOIRON PETROLEUM 1MK GRANULI 4G,Fitoterapia e Omeopatia,,19.58,19.54,20.18,20.50,19.88,20.65,18.76,19.86,20.39
010007278,BOIRON PETROLEUM 1MK GLOBULI DOSA UNICA,Fitoterapia e Omeopatia,,43.33,41.27,41.64,41.23,41.31,42.56,41.01,41.16,42.33
010007281,BOIRON PETROLEUM 1MK GOCCE ORALI 30ML,Fitoterapia e Omeopatia,,7.92,9.33,8.59,8.55,9.53,8.42,8.55,8.36,9.95
010007284,BOIRON PETROLEUM 1MK FIALE ORALI 20 PEZZI,Fitoterapia e Omeopatia,,13.32,13.94,15.35,14.91,13.22,14.08,15.06,13.58,14.81
010007287,BOIRON PETROLEUM 1MK UNGUENTO 50G,Fitoterapia e Omeopatia,,23.66,25.20,23.27,24.22,24.63,25.40,24.30,24.73,23.03
010007290,BOIRON PETROLEUM 1MK SCIROPPO 150ML,Fitoterapia e Omeopatia,,28.49,28.27,27.88,28.10,28.02,27.24,28.63,27.45,27.63
010007293,BOIRON PETROLEUM 6DH GRANULI 4G,Fitoterapia e Omeopatia,,39.76,41.24,39.75,40.56,40.54,39.36,41.08,40.75,40.46
010007296,BOIRON PETROLEUM 6DH GLOBULI DOSA UNICA,Fitoterapia e Omeopatia,,5.33,4.93,4.65,4.76,4.28,4.97,5.60,4.36,5.95
010007299,BOIRON PETROLEUM 6DH GOCCE ORALI 30ML,Fitoterapia e Omeopatia,,41.90,42.07,40.94,40.79,42.99,41.10,41.06,42.28,43.04
010007302,BOIRON PETROLEUM 6DH FIALE ORALI 20 PEZZI,Fitoterapia e Omeopatia,,33.60,34.72,33.39,34.95,35.07,32.78,33.28,34.16,33.14
010007305,BOIRON PETROLEUM 6DH UNGUENTO 50G,Fitoterapia e Omeopatia,,39.84,39.42,39.60,40.61,39.83,40.18,38.85,39.90,39.47
010007308,BOIRON PETROLEUM 6DH SCIROPPO 150ML,Fitoterapia e Omeopatia,,43.59,45.40,43.71,43.74,44.14,44.10,44.22,43.68,45.40
010007311,BOIRON PETROLEUM 12DH GRANULI 4G,Fitoterapia e Omeopatia,,19.07,19.72,19.65,20.23,20.54,20.84,19.11,20.28,19.52
010007314,BOIRON PETROLEUM 12DH GLOBULI DOSA UNICA,Fitoterapia e Omeopatia,,31.89,32.25,32.61,31.77,32.22,31.39,33.16,33.21,32.76
010007317,BOIRON PETROLEUM 12DH GOCCE ORALI 30ML,Fitoterapia e Omeopatia,,36.85,37.02,37.50,36.59,38.56,38.52,37.96,37.04,38.01
010007320,BOIRON PETROLEUM 12DH FIALE ORALI 20 PEZZI,Fitoterapia e Omeopatia,,23.97,21.65,23.75,23.86,22.46,23.12,21.78,21.67,22.72
010007323,BOIRON PETROLEUM 12DH UNGUENTO 50G,Fitoterapia e Omeopatia,,31.22,31.10,32.49,31.44,32.42,33.38,32.94,33.47,31.36
010007326,BOIRON PETROLEUM 12DH SCIROPPO 150ML,Fitoterapia e Omeopatia,,10.22,10.40,9.87,9.71,9.76,8.77,10.55,10.68,10.81
010007329,ABOCA ABETE TINTURA MADRE 50ML,Fitoterapia e Omeopatia,,31.87,31.56,32.20,31.18,32.07,31.22,32.20,32.75,32.94
010007332,ERBA VITA ABETE TINTURA MADRE 50ML,Fitoterapia e Omeopatia,,6.18,5.82,6.31,5.32,7.29,6.34,5.71,5.68,4.95
010007335,SPECCHIASOL ABETE TINTURA MADRE 50ML,Fitoterapia e Omeopatia,,19.77,19.88,19.60,18.99,17.92,18.89,18.50,19.39,20.16
010007338,ABOCA ABETE MACERATO 50ML,Fitoterapia e Omeopatia,,18.04,19.04,18.35,17.73,18.84,18.99,16.85,17.27,17.74
010007341,ERBA VITA ABETE MACERATO 50ML,Fitoterapia e Omeopatia,,37.77,36.62,38.32,36.13,36.87,36.29,38.37,36.95,37.70
010007344,SPECCHIASOL ABETE MACERATO 50ML,Fitoterapia e Omeopatia,,40.19,41.60,40.18,41.77,42.21,40.86,40.23,41.75,40.27
010007347,ABOCA ABETE ESTRATTO SECCO 60 OPERCOLI,Fitoterapia e Omeopatia,,10.29,9.85,10.31,9.79,10.39,10.51,10.62,10.32,9.84
010007350,ERBA VITA ABETE ESTRATTO SECCO 60 OPERCOLI,Fitoterapia e Omeopatia,,16.52,17.69,18.01,16.82,17.44,17.09,17.25,17.68,16.36
010007353,SPECCHIASOL ABETE ESTRATTO SECCO 60 OPERCOLI,Fitoterapia e Omeopatia,,42.70,42.31,41.39,42.71,42.42,43.30,42.85,41.46,42.94
010007356,ABOCA ABETE TISANA 20 BUSTINE,Fitoterapia e Omeopatia,,37.50,38.68,36.57,37.68,37.61,38.06,36.70,37.63,37.59
010007359,ERBA VITA ABETE TISANA 20 BUSTINE,Fitoterapia e Omeopatia,,23.92,24.90,24.39,23.24,23.57,23.64,23.82,23.66,23.89
010007362,SPECCHIASOL ABETE TISANA 20 BUSTINE,Fitoterapia e Omeopatia,,29.76,28.56,29.58,28.40,29.03,29.00,30.02,29.92,28.49
010007365,ABOCA ABETE GOCCE 30ML,Fitoterapia e Omeopatia,,20.36,21.80,20.19,21.34,20.89,21.43,21.53,20.81,20.10
010007368,ERBA VITA ABETE GOCCE 30ML,Fitoterapia e Omeopatia,,12.26,12.87,12.79,12.63,11.96,12.40,13.34,11.84,12.09
010007371,SPECCHIASOL ABETE GOCCE 30ML,Fitoterapia e Omeopatia,,20.84,21.27,21.96,21.15,22.23,21.24,21.64,21.53,21.10
010007374,ABOCA ABETE SCiroppo 200ML,Fitoterapia e Omeopatia,,23.40,21.70,22.02,23.85,22.12,22.36,23.70,22.28,23.67
010007377,ERBA VITA ABETE SCiroppo 200ML,Fitoterapia e Omeopatia,,18.25,18.05,16.19,17.54,17.10,16.44,17.99,18.22,16.66
010007380,SPECCHIASOL ABETE SCiroppo 200ML,Fitoterapia e Omeopatia,,7.78,7.99,7.73,7.73,7.94,7.54,8.59,9.01,9.07
010007383,ABOCA AGLIO TINTURA MADRE 50ML,Fitoterapia e Omeopatia,,38.12,36.76,37.21,37.74,38.03,38.07,37.98,35.99,37.00
010007386,ERBA VITA AGLIO TINTURA MADRE 50ML,Fitoterapia e Omeopatia,,40.19,42.37,42.49,41.41,40.14,41.58,41.51,40.74,41.47
010007389,SPECCHIASOL AGLIO TINTURA MADRE 50ML,Fitoterapia e Omeopatia,,33.83,34.59,34.72,33.54,35.12,35.41,34.47,34.55,34.61
010007392,ABOCA AGLIO MACERATO 50ML,Fitoterapia e Omeopatia,,13.41,13.10,13.49,13.04,11.33,11.78,12.25,11.70,11.94
010007395,ERBA VITA AGLIO MACERATO 50ML,Fitoterapia e Omeopatia,,12.33,12.64,13.35,13.31,14.23,14.63,13.49,13.31,13.94
010007398,SPECCHIASOL AGLIO MACERATO 50ML,Fitoterapia e Omeopatia,,31.29,31.21,31.65,30.42,30.61,30.82,30.21,32.16,30.86
010007401,ABOCA AGLIO ESTRATTO SECCO 60 OPERCOLI,Fitoterapia e Omeopatia,,7.11,6.44,7.24,5.93,7.10,6.63,7.55,6.97,6.95
010007404,ERBA VITA AGLIO ESTRATTO SECCO 60 OPERCOLI,Fitoterapia e Omeopatia,,12.90,13.36,12.23,13.77,13.53,13.51,12.75,13.33,13.13
010007407,SPECCHIASOL AGLIO ESTRATTO SECCO 60 OPERCOLI,Fitoterapia e Omeopatia,,40.50,40.25,39.89,38.34,39.55,38.83,40.13,39.23,38.20
010007410,ABOCA AGLIO TISANA 20 BUSTINE,Fitoterapia e Omeopatia,,6.43,5.56,6.78,4.86,6.17,5.47,5.42,5.83,7.10
010007413,ERBA VITA AGLIO TISANA 20 BUSTINE,Fitoterapia e Omeopatia,,25.29,25.39,24.71,24.81,26.19,25.23,25.90,26.90,25.10
010007416,SPECCHIASOL AGLIO TISANA 20 BUSTINE,Fitoterapia e Omeopatia,,34.79,35.20,35.00,35.56,34.94,36.02,35.59,35.89,35.67
010007419,ABOCA AGLIO GOCCE 30ML,Fitoterapia e Omeopatia,,37.35,36.84,38.00,37.15,37.57,36.71,37.08,37.41,37.62
010007422,ERBA VITA AGLIO GOCCE 30ML,Fitoterapia e Omeopatia,,24.63,23.13,25.44,23.82,23.98,25.24,25.46,23.13,25.14
010007425,SPECCHIASOL AGLIO GOCCE 30ML,Fitoterapia e Omeopatia,,13.26,12.59,13.40,11.57,11.57,13.21,12.04,12.16,12.32
010007428,ABOCA AGLIO SCiroppo 200ML,Fitoterapia e Omeopatia,,35.53,36.70,36.89,35.13,35.05,36.98,35.71,35.17,35.87
010007431,ERBA VITA AGLIO SCiroppo 200ML,Fitoterapia e Omeopatia,,21.94,21.82,21.62,21.18,19.90,21.67,21.11,20.24,20.91
010007434,SPECCHIASOL AGLIO SCiroppo 200ML,Fitoterapia e Omeopatia,,35.17,35.53,35.24,35.08,36.63,35.53,34.51,35.65,34.50
010007437,ABOCA AGNOCASTO TINTURA MADRE 50ML,Fitoterapia e Omeopatia,,18.92,19.82,19.42,18.79,18.36,19.09,18.92,19.64,19.01
010007440,ERBA VITA AGNOCASTO TINTURA MADRE 50ML,Fitoterapia e Omeopatia,,35.69,37.01,36.74,37.85,35.95,36.49,35.95,36.43,36.24
010007443,SPECCHIASOL AGNOCASTO TINTURA MADRE 50ML,Fitoterapia e Omeopatia,,24.77,24.96,25.19,24.72,24.66,26.03,25.12,25.12,26.14
010007446,ABOCA AGNOCASTO MACERATO 50ML,Fitoterapia e Omeopatia,,21.59,21.05,20.94,21.61,19.42,20.70,20.16,19.49,19.80
010007449,ERBA VITA AGNOCASTO MACERATO 50ML,Fitoterapia e Omeopatia,,40.84,40.65,42.19,42.86,41.53,42.43,40.79,41.90,42.19
010007452,SPECCHIASOL AGNOCASTO MACERATO 50ML,Fitoterapia e Omeopatia,,6.01,8.01,6.11,7.32,7.73,5.82,7.29,6.66,7.21
010007455,ABOCA AGNOCASTO ESTRATTO SECCO 60 OPERCOLI,Fitoterapia e Omeopatia,,26.87,27.60,27.87,26.13,25.84,25.96,25.98,27.79,25.84
010007458,ERBA VITA AGNOCASTO ESTRATTO SECCO 60 OPERCOLI,Fitoterapia e Omeopatia,,14.42,14.47,15.85,15.41,14.53,14.18,14.04,13.96,15.45
010007461,SPECCHIASOL AGNOCASTO ESTRATTO SECCO 60 OPERCOLI,Fitoterapia e Omeopatia,,41.29,40.54,41.42,40.40,39.72,39.66,40.49,39.30,41.09
010007464,ABOCA AGNOCASTO TISANA 20 BUSTINE,Fitoterapia e Omeopatia,,8.09,7.83,5.94,7.09,6.63,7.34,5.84,6.30,7.00
010007467,ERBA VITA AGNOCASTO TISANA 20 BUSTINE,Fitoterapia e Omeopatia,,45.77,44.88,44.67,45.18,43.49,44.63,45.18,43.73,43.68
010007470,SPECCHIASOL AGNOCASTO TISANA 20 BUSTINE,Fitoterapia e Omeopatia,,5.44,7.31,6.70,6.91,6.96,6.34,5.68,5.28,5.80
010007473,ABOCA AGNOCASTO GOCCE 30ML,Fitoterapia e Omeopatia,,27.78,27.71,27.04,25.77,26.16,26.00,27.23,27.50,26.35
010007476,ERBA VITA AGNOCASTO GOCCE 30ML,Fitoterapia e Omeopatia,,6.60,8.63,7.45,6.73,6.76,8.24,7.66,6.62,8.76
010007479,SPECCHIASOL AGNOCASTO GOCCE 30ML,Fitoterapia e Omeopatia,,38.89,37.88,38.80,38.84,39.80,38.06,38.38,37.57,37.74
010007482,ABOCA AGNOCASTO SCiroppo 200ML,Fitoterapia e Omeopatia,,26.17,27.21,26.50,25.21,26.31,26.45,25.87,26.70,26.95
010007485,ERBA VITA AGNOCASTO SCiroppo 200ML,Fitoterapia e Omeopatia,,44.88,43.21,43.52,43.12,43.89,43.82,43.30,44.04,43.50
010007488,SPECCHIASOL AGNOCASTO SCiroppo 200ML,Fitoterapia e Omeopatia,,6.86,6.32,6.49,6.14,7.23,6.64,7.52,6.36,6.36
010007491,ABOCA ALTEA TINTURA MADRE 50ML,Fitoterapia e Omeopatia,,17.77,16.27,16.15,17.13,17.12,16.59,17.06,16.08,16.91
010007494,ERBA VITA ALTEA TINTURA MADRE 50ML,Fitoterapia e Omeopatia,,19.13,17.13,17.28,17.09,18.87,16.84,18.29,18.17,18.84
010007497,SPECCHIASOL ALTEA TINTURA MADRE 50ML,Fitoterapia e Omeopatia,,9.02,9.82,9.75,9.40,9.55,9.21,7.95,9.91,8.24
010007500,ABOCA ALTEA MACERATO 50ML,Fitoterapia e Omeopatia,,34.02,34.92,35.99,34.15,35.49,35.45,35.98,34.31,35.66
010007503,ERBA VITA ALTEA MACERATO 50ML,Fitoterapia e Omeopatia,,40.28,40.54,40.80,42.10,41.44,42.07,41.11,42.15,40.21
010007506,SPECCHIASOL ALTEA MACERATO 50ML,Fitoterapia e Omeopatia,,12.73,13.02,14.51,14.40,14.46,14.73,12.94,13.80,13.16
010007509,ABOCA ALTEA ESTRATTO SECCO 60 OPERCOLI,Fitoterapia e Omeopatia,,15.42,14.50,13.73,13.80,14.72,15.11,15.39,14.63,15.51
010007512,ERBA VITA ALTEA ESTRATTO SECCO 60 OPERCOLI,Fitoterapia e Omeopatia,,19.10,17.52,18.13,17.34,17.45,19.06,18.55,17.07,17.31
010007515,SPECCHIASOL ALTEA ESTRATTO SECCO 60 OPERCOLI,Fitoterapia e Omeopatia,,20.17,20.27,20.47,18.76,19.39,20.51,19.92,20.46,19.47
010007518,ABOCA ALTEA TISANA 20 BUSTINE,Fitoterapia e Omeopatia,,36.53,36.05,37.07,36.80,36.58,37.30,35.77,36.93,37.24
010007521,ERBA VITA ALTEA TISANA 20 BUSTINE,Fitoterapia e Omeopatia,,5.08,4.93,5.78,4.93,5.11,4.85,6.20,5.90,5.41
010007524,SPECCHIASOL ALTEA TISANA 20 BUSTINE,Fitoterapia e Omeopatia,,32.85,33.20,32.72,32.84,33.41,34.06,32.95,34.41,33.45
010007527,ABOCA ALTEA GOCCE 30ML,Fitoterapia e Omeopatia,,31.42,31.54,30.52,30.63,31.39,30.81,32.13,31.87,31.37
010007530,ERBA VITA ALTEA GOCCE 30ML,Fitoterapia e Omeopatia,,44.53,43.75,44.16,43.82,44.03,44.34,44.89,44.44,44.42
010007533,SPECCHIASOL ALTEA GOCCE 30ML,Fitoterapia e Omeopatia,,22.15,21.45,22.39,21.29,21.09,22.09,20.26,21.42,22.06
010007536,ABOCA ALTEA SCiroppo 200ML,Fitoterapia e Omeopatia,,9.19,9.75,11.33,10.21,9.90,10.79,11.04,9.62,10.43
010007539,ERBA VITA ALTEA SCiroppo 200ML,Fitoterapia e Omeopatia,,19.58,17.34,17.33,19.07,17.46,17.94,17.91,19.11,17.63
010007542,SPECCHIASOL ALTEA SCiroppo 200ML,Fitoterapia e Omeopatia,,5.69,5.82,3.73,4.21,4.04,5.78,5.80,4.43,5.15
010007545,ABOCA AMAMELIDE TINTURA MADRE 50ML,Fitoterapia e Omeopatia,,26.86,26.10,26.14,28.06,27.32,26.43,26.68,27.23,27.76
010007548,ERBA VITA AMAMELIDE TINTURA MADRE 50ML,Fitoterapia e Omeopatia,,37.11,36.69,37.85,36.99,35.51,36.35,36.63,37.13,35.94
010007551,SPECCHIASOL AMAMELIDE TINTURA MADRE 50ML,Fitoterapia e Omeopatia,,37.34,37.08,37.88,37.09,38.34,37.96,37.27,37.21,38.58
010007554,ABOCA AMAMELIDE MACERATO 50ML,Fitoterapia e Omeopatia,,13.12,12.99,13.28,13.67,12.57,12.58,11.83,11.93,13.47
010007557,ERBA VITA AMAMELIDE MACERATO 50ML,Fitoterapia e Omeopatia,,20.78,18.79,19.00,18.59,18.55,18.84,20.72,19.33,18.53
010007560,SPECCHIASOL AMAMELIDE MACERATO 50ML,Fitoterapia e Omeopatia,,40.71,39.54,41.05,40.02,41.34,39.48,40.16,41.11,41.49
010007563,ABOCA AMAMELIDE ESTRATTO SECCO 60 OPERCOLI,Fitoterapia e Omeopatia,,38.20,39.84,38.39,37.58,37.71,39.40,39.12,38.90,38.90
010007566,ERBA VITA AMAMELIDE ESTRATTO SECCO 60 OPERCOLI,Fitoterapia e Omeopatia,,26.00,24.64,25.81,26.00,25.13,24.82,24.88,24.05,24.16
010007569,SPECCHIASOL AMAMELIDE ESTRATTO SECCO 60 OPERCOLI,Fitoterapia e Omeopatia,,33.64,34.09,34.14,32.42,32.24,33.43,33.82,32.45,32.13
010007572,ABOCA AMAMELIDE TISANA 20 BUSTINE,Fitoterapia e Omeopatia,,39.42,40.67,39.11,38.86,39.60,40.51,39.88,40.40,39.25
010007575,ERBA VITA AMAMELIDE TISANA 20 BUSTINE,Fitoterapia e Omeopatia,,16.77,14.80,16.38,14.59,15.59,14.75,15.37,16.67,16.46
010007578,SPECCHIASOL AMAMELIDE TISANA 20 BUSTINE,Fitoterapia e Omeopatia,,28.03,30.34,29.28,28.18,29.95,29.49,28.60,30.16,30.11
010007581,ABOCA AMAMELIDE GOCCE 30ML,Fitoterapia e Omeopatia,,42.27,42.22,42.72,41.08,42.11,42.64,40.86,42.72,41.02
010007584,ERBA VITA AMAMELIDE GOCCE 30ML,Fitoterapia e Omeopatia,,21.22,19.68,19.69,21.56,19.97,20.90,20.38,20.47,20.10
010007587,SPECCHIASOL AMAMELIDE GOCCE 30ML,Fitoterapia e Omeopatia,,21.49,20.83,21.42,21.08,20.37,19.87,19.44,19.79,21.26
010007590,ABOCA AMAMELIDE SCiroppo 200ML,Fitoterapia e Omeopatia,,7.37,6.91,6.79,7.02,7.25,6.38,5.17,6.96,7.42
010007593,ERBA VITA AMAMELIDE SCiroppo 200ML,Fitoterapia e Omeopatia,,20.24,19.97,19.93,18.30,20.03,19.01,18.95,19.80,17.97
010007596,SPECCHIASOL AMAMELIDE SCiroppo 200ML,Fitoterapia e Omeopatia,,17.55,18.57,19.17,18.02,17.64,17.29,19.09,19.18,18.70
010007599,ABOCA ANANAS TINTURA MADRE 50ML,Fitoterapia e Omeopatia,,38.34,38.41,39.16,39.16,38.24,39.77,38.84,38.74,38.49
010007602,ERBA VITA ANANAS TINTURA MADRE 50ML,Fitoterapia e Omeopatia,,41.35,42.74,42.04,41.13,41.41,42.85,41.57,42.62,43.08
010007605,SPECCHIASOL ANANAS TINTURA MADRE 50ML,Fitoterapia e Omeopatia,,27.27,29.27,27.94,27.77,28.48,27.49,27.73,27.55,27.98
010007608,ABOCA ANANAS MACERATO 50ML,Fitoterapia e Omeopatia,,40.70,40.31,39.28,40.89,39.89,40.28,39.36,38.66,40.24
010007611,ERBA VITA ANANAS MACERATO 50ML,Fitoterapia e Omeopatia,,33.92,33.00,33.28,33.35,33.54,33.14,34.60,32.85,34.79
010007614,SPECCHIASOL ANANAS MACERATO 50ML,Fitoterapia e Omeopatia,,16.27,15.81,15.49,16.87,16.85,15.45,15.09,17.01,15.25
010007617,ABOCA ANANAS ESTRATTO SECCO 60 OPERCOLI,Fitoterapia e Omeopatia,,31.18,30.30,31.18,31.06,31.96,31.37,30.79,31.37,31.89
010007620,ERBA VITA ANANAS ESTRATTO SECCO 60 OPERCOLI,Fitoterapia e Omeopatia,,35.94,35.81,36.01,37.15,36.92,37.88,37.74,36.84,36.73
010007623,SPECCHIASOL ANANAS ESTRATTO SECCO 60 OPERCOLI,Fitoterapia e Omeopatia,,29.69,30.37,30.31,29.11,29.21,30.50,30.05,30.12,29.72
010007626,ABOCA ANANAS TISANA 20 BUSTINE,Fitoterapia e Omeopatia,,34.17,33.73,32.83,32.72,32.73,34.09,33.57,34.21,34.20
010007629,ERBA VITA ANANAS TISANA 20 BUSTINE,Fitoterapia e Omeopatia,,24.64,26.43,26.25,25.82,25.27,25.93,24.58,24.69,26.10
010007632,SPECCHIASOL ANANAS TISANA 20 BUSTINE,Fitoterapia e Omeopatia,,33.78,33.44,33.87,32.32,33.43,33.04,32.27,33.90,33.08
010007635,ABOCA ANANAS GOCCE 30ML,Fitoterapia e Omeopatia,,5.35,4.36,6.26,5.69,4.94,4.51,4.96,4.53,6.10
010007638,ERBA VITA ANANAS GOCCE 30ML,Fitoterapia e Omeopatia,,8.65,8.72,10.18,8.76,8.64,8.68,9.52,8.44,8.69
010007641,SPECCHIASOL ANANAS GOCCE 30ML,Fitoterapia e Omeopatia,,20.98,20.22,19.88,20.62,20.43,20.16,20.92,21.22,19.38
010007644,ABOCA ANANAS SCiroppo 200ML,Fitoterapia e Omeopatia,,7.14,7.21,7.67,7.14,6.97,7.01,7.22,7.19,7.48
010007647,ERBA VITA ANANAS SCiroppo 200ML,Fitoterapia e Omeopatia,,12.96,14.67,14.69,15.19,14.97,15.13,15.19,14.37,15.25
010007650,SPECCHIASOL ANANAS SCiroppo 200ML,Fitoterapia e Omeopatia,,13.57,13.76,13.36,11.74,12.95,13.83,12.36,13.00,12.37
010007653,ABOCA ANGELICA TINTURA MADRE 50ML,Fitoterapia e Omeopatia,,13.41,13.90,13.10,13.67,12.91,13.88,13.05,12.97,13.16
010007656,ERBA VITA ANGELICA TINTURA MADRE 50ML,Fitoterapia e Omeopatia,,27.07,29.02,27.59,27.74,29.27,27.38,28.14,27.75,27.81
010007659,SPECCHIASOL ANGELICA TINTURA MADRE 50ML,Fitoterapia e Omeopatia,,20.37,21.70,20.05,21.69,20.27,21.72,21.56,21.85,19.93
010007662,ABOCA ANGELICA MACERATO 50ML,Fitoterapia e Omeopatia,,25.97,24.49,25.37,26.43,26.66,26.33,25.28,24.55,25.48
010007665,ERBA VITA ANGELICA MACERATO 50ML,Fitoterapia e Omeopatia,,14.39,13.39,13.60,14.23,13.49,13.17,13.91,13.21,15.32
010007668,SPECCHIASOL ANGELICA MACERATO 50ML,Fitoterapia e Omeopatia,,15.11,15.29,15.31,13.15,13.77,13.77,14.29,14.73,14.15
010007671,ABOCA ANGELICA ESTRATTO SECCO 60 OPERCOLI,Fitoterapia e Omeopatia,,41.35,40.29,40.16,41.23,40.63,41.07,40.68,40.29,40.16
010007674,ERBA VITA ANGELICA ESTRATTO SECCO 60 OPERCOLI,Fitoterapia e Omeopatia,,9.16,8.44,9.86,8.87,7.75,9.45,9.73,8.98,9.49
010007677,SPECCHIASOL ANGELICA ESTRATTO SECCO 60 OPERCOLI,Fitoterapia e Omeopatia,,40.31,40.71,40.06,40.84,41.49,41.53,41.68,40.15,41.83
010007680,ABOCA ANGELICA TISANA 20 BUSTINE,Fitoterapia e Omeopatia,,36.29,36.37,35.39,35.65,37.05,35.44,37.27,37.27,37.01
010007683,ERBA VITA ANGELICA TISANA 20 BUSTINE,Fitoterapia e Omeopatia,,8.45,7.76,9.06,8.23,8.84,6.91,7.91,7.25,8.22
010007686,SPECCHIASOL ANGELICA TISANA 20 BUSTINE,Fitoterapia e Omeopatia,,12.15,12.41,12.35,11.18,10.96,11.72,11.92,12.60,11.37
010007689,ABOCA ANGELICA GOCCE 30ML,Fitoterapia e Omeopatia,,21.11,20.46,20.13,20.58,19.36,19.81,19.75,19.95,20.00
010007692,ERBA VITA ANGELICA GOCCE 30ML,Fitoterapia e Omeopatia,,43.09,43.85,43.79,43.92,42.93,42.42,42.59,43.69,41.89
010007695,SPECCHIASOL ANGELICA GOCCE 30ML,Fitoterapia e Omeopatia,,29.51,29.51,29.30,30.00,29.58,30.34,29.65,29.46,30.93
010007698,ABOCA ANGELICA SCiroppo 200ML,Fitoterapia e Omeopatia,,44.80,43.53,44.58,45.14,43.41,44.62,44.14,43.82,44.11
010007701,ERBA VITA ANGELICA SCiroppo 200ML,Fitoterapia e Omeopatia,,18.99,19.52,18.17,19.15,18.82,17.55,18.57,18.78,18.29
010007704,SPECCHIASOL ANGELICA SCiroppo 200ML,Fitoterapia e Omeopatia,,20.83,21.27,20.50,19.77,21.21,21.20,20.91,20.81,19.44
010007707,ABOCA ANICE TINTURA MADRE 50ML,Fitoterapia e Omeopatia,,17.04,16.81,15.92,17.06,16.30,16.76,17.20,16.73,17.03
010007710,ERBA VITA ANICE TINTURA MADRE 50ML,Fitoterapia e Omeopatia,,37.30,35.85,35.19,35.69,37.27,37.13,37.29,35.47,35.53
010007713,SPECCHIASOL ANICE TINTURA MADRE 50ML,Fitoterapia e Omeopatia,,32.43,31.47,31.48,32.97,32.71,32.66,33.29,32.94,32.00
010007716,ABOCA ANICE MACERATO 50ML,Fitoterapia e Omeopatia,,16.23,15.40,15.64,16.72,17.16,17.20,15.37,15.85,15.25
010007719,ERBA VITA ANICE MACERATO 50ML,Fitoterapia e Omeopatia,,12.58,13.13,12.82,14.04,13.18,13.37,13.02,12.19,13.12
010007722,SPECCHIASOL ANICE MACERATO 50ML,Fitoterapia e Omeopatia,,26.14,24.66,24.05,24.48,26.00,25.58,24.23,24.90,25.40
010007725,ABOCA ANICE ESTRATTO SECCO 60 OPERCOLI,Fitoterapia e Omeopatia,,34.72,35.05,34.51,34.66,36.40,34.56,34.38,35.85,36.32
010007728,ERBA VITA ANICE ESTRATTO SECCO 60 OPERCOLI,Fitoterapia e Omeopatia,,7.16,8.45,8.62,9.27,8.80,8.00,8.28,7.41,8.58
010007731,SPECCHIASOL ANICE ESTRATTO SECCO 60 OPERCOLI,Fitoterapia e Omeopatia,,40.31,40.89,41.67,40.96,41.51,40.32,41.70,40.47,40.80
010007734,ABOCA ANICE TISANA 20 BUSTINE,Fitoterapia e Omeopatia,,32.81,33.52,33.13,32.73,33.96,33.73,33.07,33.85,33.23
010007737,ERBA VITA ANICE TISANA 20 BUSTINE,Fitoterapia e Omeopatia,,14.09,14.36,13.92,13.63,13.93,15.48,13.85,13.94,13.67
010007740,SPECCHIASOL ANICE TISANA 20 BUSTINE,Fitoterapia e Omeopatia,,44.13,43.69,44.13,44.49,43.63,43.43,43.46,43.13,43.36
010007743,ABOCA ANICE GOCCE 30ML,Fitoterapia e Omeopatia,,33.49,32.48,33.19,34.17,32.05,32.14,33.20,32.06,33.38
010007746,ERBA VITA ANICE GOCCE 30ML,Fitoterapia e Omeopatia,,39.48,40.08,40.99,41.08,41.37,40.16,39.82,41.00,41.45
010007749,SPECCHIASOL ANICE GOCCE 30ML,Fitoterapia e Omeopatia,,31.16,31.22,30.70,32.72,31.72,30.72,32.16,32.21,32.44
010007752,ABOCA ANICE SCiroppo 200ML,Fitoterapia e Omeopatia,,21.12,21.18,21.16,22.13,20.94,21.86,22.87,22.50,20.95
010007755,ERBA VITA ANICE SCiroppo 200ML,Fitoterapia e Omeopatia,,38.13,40.14,39.92,38.91,40.07,40.06,39.96,38.44,39.49
010007758,SPECCHIASOL ANICE SCiroppo 200ML,Fitoterapia e Omeopatia,,32.92,31.60,33.71,32.77,31.73,31.69,33.62,32.60,33.87
010007761,ABOCA BARDANA TINTURA MADRE 50ML,Fitoterapia e Omeopatia,,41.66,41.97,43.49,42.47,42.12,43.45,41.61,43.46,41.27
010007764,ERBA VITA BARDANA TINTURA MADRE 50ML,Fitoterapia e Omeopatia,,17.64,19.12,18.12,18.33,19.25,17.41,18.34,19.12,17.04
010007767,SPECCHIASOL BARDANA TINTURA MADRE 50ML,Fitoterapia e Omeopatia,,32.87,33.38,33.93,34.11,33.61,31.95,34.03,33.53,32.21
010007770,ABOCA BARDANA MACERATO 50ML,Fitoterapia e Omeopatia,,23.71,24.06,22.93,24.10,22.39,23.10,22.94,22.37,22.78
010007773,ERBA VITA BARDANA MACERATO 50ML,Fitoterapia e Omeopatia,,10.15,11.68,11.61,11.37,11.59,11.92,11.05,10.29,11.10
010007776,SPECCHIASOL BARDANA MACERATO 50ML,Fitoterapia e Omeopatia,,27.26,27.07,25.55,26.55,26.91,27.02,26.54,27.32,27.27
010007779,ABOCA BARDANA ESTRATTO SECCO 60 OPERCOLI,Fitoterapia e Omeopatia,,10.00,11.09,9.63,10.30,9.65,9.85,10.31,11.11,9.70
010007782,ERBA VITA BARDANA ESTRATTO SECCO 60 OPERCOLI,Fitoterapia e Omeopatia,,7.79,7.24,8.34,8.24,8.09,7.36,7.22,8.27,6.63
010007785,SPECCHIASOL BARDANA ESTRATTO SECCO 60 OPERCOLI,Fitoterapia e Omeopatia,,13.79,15.40,14.06,14.15,13.90,14.58,13.57,15.32,14.13
010007788,ABOCA BARDANA TISANA 20 BUSTINE,Fitoterapia e Omeopatia,,13.53,13.79,14.72,14.55,13.61,13.54,15.27,13.70,14.09
010007791,ERBA VITA BARDANA TISANA 20 BUSTINE,Fitoterapia e Omeopatia,,33.17,33.63,33.03,31.71,32.66,33.89,31.96,33.95,32.94
010007794,SPECCHIASOL BARDANA TISANA 20 BUSTINE,Fitoterapia e Omeopatia,,22.89,23.41,23.06,23.20,22.62,22.72,21.93,22.96,21.67
010007797,ABOCA BARDANA GOCCE 30ML,Fitoterapia e Omeopatia,,25.24,26.00,25.76,27.08,25.40,26.91,25.94,25.00,25.28
010007800,ERBA VITA BARDANA GOCCE 30ML,Fitoterapia e Omeopatia,,40.96,41.63,40.99,40.69,41.59,41.70,42.07,42.62,40.86
010007803,SPECCHIASOL BARDANA GOCCE 30ML,Fitoterapia e Omeopatia,,21.56,22.51,22.64,22.56,20.48,21.66,20.36,21.10,20.88
010007806,ABOCA BARDANA SCiroppo 200ML,Fitoterapia e Omeopatia,,30.98,29.63,29.87,30.10,30.77,30.78,29.92,30.46,30.05
010007809,ERBA VITA BARDANA SCiroppo 200ML,Fitoterapia e Omeopatia,,9.71,9.55,8.43,9.68,8.97,9.19,8.04,9.33,9.71
010007812,SPECCHIASOL BARDANA SCiroppo 200ML,Fitoterapia e Omeopatia,,9.51,8.06,9.33,8.66,8.73,9.40,8.53,8.52,9.70
010007815,ABOCA BETULLA TINTURA MADRE 50ML,Fitoterapia e Omeopatia,,13.33,13.75,11.97,12.04,12.28,12.74,12.30,12.86,13.51
010007818,ERBA VITA BETULLA TINTURA MADRE 50ML,Fitoterapia e Omeopatia,,36.09,36.56,36.00,36.28,37.86,37.05,37.99,37.66,37.80
010007821,SPECCHIASOL BETULLA TINTURA MADRE 50ML,Fitoterapia e Omeopatia,,19.15,21.11,19.96,19.35,19.43,21.27,21.42,20.91,19.40
010007824,ABOCA BETULLA MACERATO 50ML,Fitoterapia e Omeopatia,,22.54,23.05,21.76,21.68,21.98,22.19,23.43,21.89,21.21
010007827,ERBA VITA BETULLA MACERATO 50ML,Fitoterapia e Omeopatia,,21.92,22.13,23.37,23.38,22.10,22.05,22.15,21.89,22.59
010007830,SPECCHIASOL BETULLA MACERATO 50ML,Fitoterapia e Omeopatia,,20.63,21.13,21.53,20.46,21.91,20.77,20.52,21.52,20.71
010007833,ABOCA BETULLA ESTRATTO SECCO 60 OPERCOLI,Fitoterapia e Omeopatia,,15.93,16.73,16.91,15.29,16.04,15.29,16.90,16.69,16.34
010007836,ERBA VITA BETULLA ESTRATTO SECCO 60 OPERCOLI,Fitoterapia e Omeopatia,,41.55,41.40,40.88,41.28,41.16,40.69,40.07,40.48,41.19
010007839,SPECCHIASOL BETULLA ESTRATTO SECCO 60 OPERCOLI,Fitoterapia e Omeopatia,,29.28,29.07,28.00,28.76,28.04,27.90,28.48,29.82,29.29
010007842,ABOCA BETULLA TISANA 20 BUSTINE,Fitoterapia e Omeopatia,,38.65,40.08,39.05,38.97,39.38,39.12,39.17,38.16,39.81
010007845,ERBA VITA BETULLA TISANA 20 BUSTINE,Fitoterapia e Omeopatia,,23.29,24.16,23.68,23.91,23.42,23.42,23.10,23.54,24.75
010007848,SPECCHIASOL BETULLA TISANA 20 BUSTINE,Fitoterapia e Omeopatia,,45.10,44.75,43.60,44.65,43.11,42.83,44.97,45.00,43.13
010007851,ABOCA BETULLA GOCCE 30ML,Fitoterapia e Omeopatia,,15.00,13.59,13.84,14.24,14.68,14.66,13.56,14.01,14.62
010007854,ERBA VITA BETULLA GOCCE 30ML,Fitoterapia e Omeopatia,,16.95,17.35,17.20,16.18,15.96,16.52,16.96,17.97,16.72
010007857,SPECCHIASOL BETULLA GOCCE 30ML,Fitoterapia e Omeopatia,,10.48,10.70,11.04,10.96,11.34,10.72,11.73,11.08,11.76
010007860,ABOCA BETULLA SCiroppo 200ML,Fitoterapia e Omeopatia,,21.92,21.42,21.87,20.11,21.73,21.29,20.51,20.52,19.88
010007863,ERBA VITA BETULLA SCiroppo 200ML,Fitoterapia e Omeopatia,,43.07,42.81,42.77,41.57,41.96,41.61,41.79,42.12,41.86
010007866,SPECCHIASOL BETULLA SCiroppo 200ML,Fitoterapia e Omeopatia,,9.20,9.25,9.42,10.16,9.05,9.87,9.21,8.78,8.83
010007869,ABOCA BIANCOSPINO TINTURA MADRE 50ML,Fitoterapia e Omeopatia,,3.64,4.59,5.11,5.76,4.17,3.98,5.76,3.85,4.19
010007872,ERBA VITA BIANCOSPINO TINTURA MADRE 50ML,Fitoterapia e Omeopatia,,18.39,18.63,17.66,16.38,16.90,17.18,17.36,17.07,18.41
010007875,SPECCHIASOL BIANCOSPINO TINTURA MADRE 50ML,Fitoterapia e Omeopatia,,22.52,22.22,23.76,22.57,22.44,23.22,23.59,22.24,21.99
010007878,ABOCA BIANCOSPINO MACERATO 50ML,Fitoterapia e Omeopatia,,13.36,13.75,13.33,13.67,13.49,12.01,13.25,14.11,14.21
010007881,ERBA VITA BIANCOSPINO MACERATO 50ML,Fitoterapia e Omeopatia,,26.51,27.62,27.84,26.85,26.01,26.80,27.68,26.58,26.70
010007884,SPECCHIASOL BIANCOSPINO MACERATO 50ML,Fitoterapia e Omeopatia,,16.92,16.15,16.95,16.26,16.94,16.39,15.56,16.28,15.69
010007887,ABOCA BIANCOSPINO ESTRATTO SECCO 60 OPERCOLI,Fitoterapia e Omeopatia,,9.16,8.38,9.04,8.95,9.47,9.78,8.56,9.75,8.90
010007890,ERBA VITA BIANCOSPINO ESTRATTO SECCO 60 OPERCOLI,Fitoterapia e Omeopatia,,9.21,9.68,10.08,9.99,9.85,8.03,10.23,8.79,8.35
010007893,SPECCHIASOL BIANCOSPINO ESTRATTO SECCO 60 OPERCOLI,Fitoterapia e Omeopatia,,13.32,12.89,11.71,12.71,12.84,12.77,13.07,11.09,11.53
010007896,ABOCA BIANCOSPINO TISANA 20 BUSTINE,Fitoterapia e Omeopatia,,29.01,28.99,29.69,29.54,28.64,29.30,29.34,29.27,29.58
010007899,ERBA VITA BIANCOSPINO TISANA 20 BUSTINE,Fitoterapia e Omeopatia,,31.29,31.40,30.66,30.50,31.09,32.62,31.95,31.57,31.35
010007902,SPECCHIASOL BIANCOSPINO TISANA 20 BUSTINE,Fitoterapia e Omeopatia,,9.19,9.03,7.90,8.08,8.50,7.25,7.83,7.47,8.27
010007905,ABOCA BIANCOSPINO GOCCE 30ML,Fitoterapia e Omeopatia,,43.27,43.73,43.82,44.66,42.45,42.48,43.59,44.35,43.24
010007908,ERBA VITA BIANCOSPINO GOCCE 30ML,Fitoterapia e Omeopatia,,31.17,32.54,32.24,30.82,30.18,30.72,31.08,30.32,32.25
010007911,SPECCHIASOL BIANCOSPINO GOCCE 30ML,Fitoterapia e Omeopatia,,8.30,8.06,8.60,8.80,9.49,8.82,7.91,7.99,8.72
010007914,ABOCA BIANCOSPINO SCiroppo 200ML,Fitoterapia e Omeopatia,,20.30,18.91,18.05,18.63,18.64,17.98,18.96,19.24,19.89
010007917,ERBA VITA BIANCOSPINO SCiroppo 200ML,Fitoterapia e Omeopatia,,35.94,35.35,34.83,35.13,34.62,34.02,35.06,34.99,34.39
010007920,SPECCHIASOL BIANCOSPINO SCiroppo 200ML,Fitoterapia e Omeopatia,,15.42,14.78,14.47,15.89,15.94,14.45,16.21,14.45,14.24
010007923,ABOCA CALENDULA TINTURA MADRE 50ML,Fitoterapia e Omeopatia,,28.83,29.78,30.15,29.93,29.93,29.00,28.22,28.88,29.16
010007926,ERBA VITA CALENDULA TINTURA MADRE 50ML,Fitoterapia e Omeopatia,,8.34,8.51,9.92,7.74,8.80,8.97,9.64,8.31,9.24
010007929,SPECCHIASOL CALENDULA TINTURA MADRE 50ML,Fitoterapia e Omeopatia,,43.66,43.19,42.43,42.60,44.64,43.22,43.49,43.62,43.90
010007932,ABOCA CALENDULA MACERATO 50ML,Fitoterapia e Omeopatia,,35.00,35.26,35.03,35.20,35.70,34.44,34.29,35.53,36.00
010007935,ERBA VITA CALENDULA MACERATO 50ML,Fitoterapia e Omeopatia,,26.99,26.19,26.56,27.99,27.25,27.55,26.09,26.62,27.41
010007938,SPECCHIASOL CALENDULA MACERATO 50ML,Fitoterapia e Omeopatia,,15.55,16.14,14.15,15.40,14.12,15.07,15.82,14.21,15.54
010007941,ABOCA CALENDULA ESTRATTO SECCO 60 OPERCOLI,Fitoterapia e Omeopatia,,28.30,27.98,28.98,29.28,29.66,28.58,28.85,29.36,29.99
010007944,ERBA VITA CALENDULA ESTRATTO SECCO 60 OPERCOLI,Fitoterapia e Omeopatia,,18.37,18.65,17.75,17.71,18.39,17.32,17.19,18.46,18.70
010007947,SPECCHIASOL CALENDULA ESTRATTO SECCO 60 OPERCOLI,Fitoterapia e Omeopatia,,32.58,32.64,32.67,33.48,33.00,32.69,32.06,31.47,31.44
010007950,ABOCA CALENDULA TISANA 20 BUSTINE,Fitoterapia e Omeopatia,,15.06,16.44,15.17,15.95,15.07,15.47,14.71,15.46,14.44
010007953,ERBA VITA CALENDULA TISANA 20 BUSTINE,Fitoterapia e Omeopatia,,5.21,5.08,6.02,4.66,3.81,4.97,5.60,4.55,4.87
010007956,SPECCHIASOL CALENDULA TISANA 20 BUSTINE,Fitoterapia e Omeopatia,,28.29,28.04,26.25,26.99,27.48,26.94,26.70,26.52,28.34
010007959,ABOCA CALENDULA GOCCE 30ML,Fitoterapia e Omeopatia,,16.05,14.16,14.23,15.80,15.16,13.97,15.35,15.81,15.74
010007962,ERBA VITA CALENDULA GOCCE 30ML,Fitoterapia e Omeopatia,,36.60,37.92,36.93,37.49,38.25,37.24,36.73,36.93,38.03
010007965,SPECCHIASOL CALENDULA GOCCE 30ML,Fitoterapia e Omeopatia,,7.30,7.17,8.74,7.98,7.82,6.93,7.01,7.65,7.88
010007968,ABOCA CALENDULA SCiroppo 200ML,Fitoterapia e Omeopatia,,25.42,24.33,24.38,25.64,25.22,25.32,25.19,26.22,26.27
010007971,ERBA VITA CALENDULA SCiroppo 200ML,Fitoterapia e Omeopatia,,34.23,34.72,34.78,34.93,36.36,35.51,35.84,35.08,36.31
010007974,SPECCHIASOL CALENDULA SCiroppo 200ML,Fitoterapia e Omeopatia,,39.25,38.06,38.51,37.09,38.80,37.38,38.62,39.21,38.18
010007977,ABOCA CARCIOFO TINTURA MADRE 50ML,Fitoterapia e Omeopatia,,5.86,5.20,5.23,7.17,5.93,6.13,5.36,6.87,6.90
010007980,ERBA VITA CARCIOFO TINTURA MADRE 50ML,Fitoterapia e Omeopatia,,23.15,23.16,23.05,24.32,23.50,23.71,23.30,24.35,24.47
010007983,SPECCHIASOL CARCIOFO TINTURA MADRE 50ML,Fitoterapia e Omeopatia,,40.93,41.87,41.11,42.49,41.48,41.78,40.30,41.41,42.03
010007986,ABOCA CARCIOFO MACERATO 50ML,Fitoterapia e Omeopatia,,39.46,37.72,37.99,39.92,39.35,38.27,37.75,38.02,38.97
010007989,ERBA VITA CARCIOFO MACERATO 50ML,Fitoterapia e Omeopatia,,35.79,35.89,36.27,34.67,35.42,36.09,36.20,36.05,36.24
010007992,SPECCHIASOL CARCIOFO MACERATO 50ML,Fitoterapia e Omeopatia,,27.68,29.90,28.04,28.56,28.84,28.45,29.22,27.97,27.79
010007995,ABOCA CARCIOFO ESTRATTO SECCO 60 OPERCOLI,Fitoterapia e Omeopatia,,16.22,16.57,16.59,16.21,15.46,16.92,15.40,17.39,17.22
010007998,ERBA VITA CARCIOFO ESTRATTO SECCO 60 OPERCOLI,Fitoterapia e Omeopatia,,33.96,32.80,33.62,33.02,34.68,34.83,33.52,32.94,33.99
010008001,SPECCHIASOL CARCIOFO ESTRATTO SECCO 60 OPERCOLI,Fitoterapia e Omeopatia,,13.78,11.53,13.05,11.82,11.60,13.37,12.01,11.81,13.61
010008004,ABOCA CARCIOFO TISANA 20 BUSTINE,Fitoterapia e Omeopatia,,34.35,33.74,33.63,33.34,34.43,35.37,35.30,34.28,33.41
010008007,ERBA VITA CARCIOFO TISANA 20 BUSTINE,Fitoterapia e Omeopatia,,37.09,36.17,36.33,35.73,37.62,36.84,37.46,36.34,36.35
010008010,SPECCHIASOL CARCIOFO TISANA 20 BUSTINE,Fitoterapia e Omeopatia,,16.30,15.64,17.22,15.94,16.35,17.14,17.26,16.99,15.82
010008013,ABOCA CARCIOFO GOCCE 30ML,Fitoterapia e Omeopatia,,5.86,7.35,6.24,6.80,7.13,6.86,5.42,5.70,6.80
010008016,ERBA VITA CARCIOFO GOCCE 30ML,Fitoterapia e Omeopatia,,42.31,44.39,42.80,43.38,44.29,42.33,42.85,43.27,43.23
010008019,SPECCHIASOL CARCIOFO GOCCE 30ML,Fitoterapia e Omeopatia,,31.59,31.63,30.21,31.95,29.66,31.48,30.72,31.09,31.12
010008022,ABOCA CARCIOFO SCiroppo 200ML,Fitoterapia e Omeopatia,,4.44,4.61,4.57,6.08,5.09,5.74,5.26,4.26,5.35
010008025,ERBA VITA CARCIOFO SCiroppo 200ML,Fitoterapia e Omeopatia,,45.19,45.20,45.52,44.30,44.26,43.63,44.93,43.67,45.20
010008028,SPECCHIASOL CARCIOFO SCiroppo 200ML,Fitoterapia e Omeopatia,,6.64,5.11,6.08,6.95,5.86,6.83,7.35,6.74,5.09
010008031,ABOCA CARDO MARIANO TINTURA MADRE 50ML,Fitoterapia e Omeopatia,,31.64,31.96,31.52,33.18,32.65,33.48,33.40,31.56,32.31
010008034,ERBA VITA CARDO MARIANO TINTURA MADRE 50ML,Fitoterapia e Omeopatia,,9.40,9.15,8.33,8.77,9.05,7.93,9.24,8.96,9.26
010008037,SPECCHIASOL CARDO MARIANO TINTURA MADRE 50ML,Fitoterapia e Omeopatia,,24.00,23.01,23.16,23.59,22.84,23.92,23.58,23.27,23.13
010008040,ABOCA CARDO MARIANO MACERATO 50ML,Fitoterapia e Omeopatia,,32.88,34.06,34.37,34.41,32.67,34.89,33.25,32.79,34.96
010008043,ERBA VITA CARDO MARIANO MACERATO 50ML,Fitoterapia e Omeopatia,,23.25,22.70,22.29,23.32,22.25,23.33,23.50,23.91,24.08
010008046,SPECCHIASOL CARDO MARIANO MACERATO 50ML,Fitoterapia e Omeopatia,,6.39,4.69,6.10,5.24,4.09,4.24,4.26,5.23,4.87
010008049,ABOCA CARDO MARIANO ESTRATTO SECCO 60 OPERCOLI,Fitoterapia e Omeopatia,,21.94,22.81,22.24,22.06,23.12,21.86,21.77,22.77,21.80
010008052,ERBA VITA CARDO MARIANO ESTRATTO SECCO 60 OPERCOLI,Fitoterapia e Omeopatia,,41.50,40.57,42.21,41.59,40.43,41.97,41.26,41.68,42.35
010008055,SPECCHIASOL CARDO MARIANO ESTRATTO SECCO 60 OPERCOLI,Fitoterapia e Omeopatia,,16.41,17.64,18.01,17.69,16.20,15.94,18.16,16.68,17.07
010008058,ABOCA CARDO MARIANO TISANA 20 BUSTINE,Fitoterapia e Omeopatia,,25.22,25.83,24.77,26.46,25.49,25.22,25.82,24.83,24.69
010008061,ERBA VITA CARDO MARIANO TISANA 20 BUSTINE,Fitoterapia e Omeopatia,,5.36,5.55,5.29,5.46,7.03,6.79,6.25,6.88,6.47
010008064,SPECCHIASOL CARDO MARIANO TISANA 20 BUSTINE,Fitoterapia e Omeopatia,,39.73,40.37,39.20,38.57,40.75,38.55,40.16,40.71,38.51
010008067,ABOCA CARDO MARIANO GOCCE 30ML,Fitoterapia e Omeopatia,,29.38,30.06,29.25,28.95,28.00,29.70,28.85,29.92,30.08
010008070,ERBA VITA CARDO MARIANO GOCCE 30ML,Fitoterapia e Omeopatia,,37.74,38.78,37.95,38.18,38.44,37.97,37.40,36.82,37.18
010008073,SPECCHIASOL CARDO MARIANO GOCCE 30ML,Fitoterapia e Omeopatia,,12.51,13.46,13.24,13.17,12.81,14.13,13.19,14.20,13.80
010008076,ABOCA CARDO MARIANO SCiroppo 200ML,Fitoterapia e Omeopatia,,28.61,27.23,28.13,27.77,28.24,27.80,27.41,26.54,26.51
010008079,ERBA VITA CARDO MARIANO SCiroppo 200ML,Fitoterapia e Omeopatia,,42.35,43.08,43.28,41.86,41.48,42.19,43.42,42.75,42.36
010008082,SPECCHIASOL CARDO MARIANO SCiroppo 200ML,Fitoterapia e Omeopatia,,4.67,4.01,3.72,5.40,5.28,4.42,3.54,4.29,5.72
010008085,ABOCA CENTELLA TINTURA MADRE 50ML,Fitoterapia e Omeopatia,,19.52,18.25,17.47,18.59,18.09,18.42,18.07,17.33,19.56
010008088,ERBA VITA CENTELLA TINTURA MADRE 50ML,Fitoterapia e Omeopatia,,5.89,5.51,4.95,5.18,6.73,5.38,4.78,5.96,5.68
010008091,SPECCHIASOL CENTELLA TINTURA MADRE 50ML,Fitoterapia e Omeopatia,,38.43,38.37,40.29,39.86,40.06,40.20,39.29,39.72,39.34
010008094,ABOCA CENTELLA MACERATO 50ML,Fitoterapia e Omeopatia,,27.69,27.12,27.83,27.90,27.94,27.22,26.17,27.73,27.89
010008097,ERBA VITA CENTELLA MACERATO 50ML,Fitoterapia e Omeopatia,,37.20,35.76,35.14,36.45,36.13,35.01,36.00,36.27,35.92
010008100,SPECCHIASOL CENTELLA MACERATO 50ML,Fitoterapia e Omeopatia,,40.77,40.73,39.12,39.62,40.71,39.33,40.15,38.54,38.66
010008103,ABOCA CENTELLA ESTRATTO SECCO 60 OPERCOLI,Fitoterapia e Omeopatia,,29.55,30.70,30.87,30.03,29.52,29.56,31.59,31.51,31.60
010008106,ERBA VITA CENTELLA ESTRATTO SECCO 60 OPERCOLI,Fitoterapia e Omeopatia,,43.74,42.00,43.66,42.17,42.29,43.84,42.05,41.83,43.04
010008109,SPECCHIASOL CENTELLA ESTRATTO SECCO 60 OPERCOLI,Fitoterapia e Omeopatia,,14.99,15.36,14.98,13.49,14.51,13.66,14.73,15.36,14.01
010008112,ABOCA CENTELLA TISANA 20 BUSTINE,Fitoterapia e Omeopatia,,31.92,32.08,30.37,31.41,31.67,32.53,31.95,32.67,30.57
010008115,ERBA VITA CENTELLA TISANA 20 BUSTINE,Fitoterapia e Omeopatia,,31.75,31.98,31.02,30.32,30.32,30.47,31.93,32.10,30.54
010008118,SPECCHIASOL CENTELLA TISANA 20 BUSTINE,Fitoterapia e Omeopatia,,26.81,25.50,25.47,25.50,25.20,25.88,25.65,26.91,25.94
010008121,ABOCA CENTELLA GOCCE 30ML,Fitoterapia e Omeopatia,,23.02,21.78,23.52,22.89,23.97,21.73,22.68,22.86,23.89
010008124,ERBA VITA CENTELLA GOCCE 30ML,Fitoterapia e Omeopatia,,43.47,45.70,45.09,44.81,45.36,44.09,45.72,44.12,45.09
010008127,SPECCHIASOL CENTELLA GOCCE 30ML,Fitoterapia e Omeopatia,,12.97,12.60,12.85,13.78,13.11,14.46,12.78,14.53,13.47
010008130,ABOCA CENTELLA SCiroppo 200ML,Fitoterapia e Omeopatia,,22.51,20.62,21.50,20.55,22.14,22.30,21.59,22.69,21.63
010008133,ERBA VITA CENTELLA SCiroppo 200ML,Fitoterapia e Omeopatia,,9.85,10.51,10.32,10.18,9.52,10.97,9.82,10.59,11.17
010008136,SPECCHIASOL CENTELLA SCiroppo 200ML,Fitoterapia e Omeopatia,,10.21,8.26,9.60,8.15,9.37,8.75,9.29,7.87,8.25
010008139,ABOCA CURCUMA TINTURA MADRE 50ML,Fitoterapia e Omeopatia,,28.28,28.01,27.50,28.00,29.18,29.06,28.82,29.03,27.77
010008142,ERBA VITA CURCUMA TINTURA MADRE 50ML,Fitoterapia e Omeopatia,,26.26,26.50,27.54,26.46,25.56,27.09,25.46,25.45,26.01
010008145,SPECCHIASOL CURCUMA TINTURA MADRE 50ML,Fitoterapia e Omeopatia,,43.18,41.08,42.01,41.44,40.83,42.93,43.18,42.54,42.63
010008148,ABOCA CURCUMA MACERATO 50ML,Fitoterapia e Omeopatia,,38.39,37.62,37.85,37.29,38.09,38.49,37.45,36.99,38.65
010008151,ERBA VITA CURCUMA MACERATO 50ML,Fitoterapia e Omeopatia,,4.98,6.35,5.42,6.52,4.60,6.33,6.11,5.78,4.79
010008154,SPECCHIASOL CURCUMA MACERATO 50ML,Fitoterapia e Omeopatia,,26.20,27.42,26.25,26.54,26.81,26.71,26.11,25.58,26.47
010008157,ABOCA CURCUMA ESTRATTO SECCO 60 OPERCOLI,Fitoterapia e Omeopatia,,30.16,30.59,31.04,29.08,29.32,29.49,30.29,28.89,29.87
010008160,ERBA VITA CURCUMA ESTRATTO SECCO 60 OPERCOLI,Fitoterapia e Omeopatia,,7.86,5.96,6.15,5.90,6.31,7.00,7.09,7.92,5.54
010008163,SPECCHIASOL CURCUMA ESTRATTO SECCO 60 OPERCOLI,Fitoterapia e Omeopatia,,29.35,30.54,30.73,29.31,29.42,29.82,28.47,28.45,30.76
010008166,ABOCA CURCUMA TISANA 20 BUSTINE,Fitoterapia e Omeopatia,,32.80,33.38,34.15,33.63,33.56,34.56,34.01,33.82,33.29
010008169,ERBA VITA CURCUMA TISANA 20 BUSTINE,Fitoterapia e Omeopatia,,5.21,5.80,6.72,5.41,6.83,6.70,5.78,4.92,5.79
010008172,SPECCHIASOL CURCUMA TISANA 20 BUSTINE,Fitoterapia e Omeopatia,,30.38,30.27,30.17,30.78,29.93,31.12,30.62,31.19,31.09
010008175,ABOCA CURCUMA GOCCE 30ML,Fitoterapia e Omeopatia,,9.02,7.98,9.54,8.63,8.39,7.68,8.80,7.29,8.20
010008178,ERBA VITA CURCUMA GOCCE 30ML,Fitoterapia e Omeopatia,,36.64,35.41,34.64,35.81,35.83,36.02,35.99,34.98,34.51
010008181,SPECCHIASOL CURCUMA GOCCE 30ML,Fitoterapia e Omeopatia,,25.01,24.29,24.81,25.02,25.50,25.12,23.96,24.07,25.32
010008184,ABOCA CURCUMA SCiroppo 200ML,Fitoterapia e Omeopatia,,10.85,10.59,9.30,9.53,9.46,8.81,9.87,10.05,9.48
010008187,ERBA VITA CURCUMA SCiroppo 200ML,Fitoterapia e Omeopatia,,7.11,7.38,7.42,6.72,5.85,6.52,7.21,5.64,6.45
010008190,SPECCHIASOL CURCUMA SCiroppo 200ML,Fitoterapia e Omeopatia,,34.98,33.95,34.28,34.72,35.42,35.26,34.53,34.97,34.38
010008193,ABOCA ECHINACEA TINTURA MADRE 50ML,Fitoterapia e Omeopatia,,32.81,32.25,32.42,31.92,33.88,33.51,32.30,32.75,33.80
010008196,ERBA VITA ECHINACEA TINTURA MADRE 50ML,Fitoterapia e Omeopatia,,41.42,40.37,40.62,40.13,41.53,40.17,40.98,40.17,40.47
010008199,SPECCHIASOL ECHINACEA TINTURA MADRE 50ML,Fitoterapia e Omeopatia,,19.35,18.28,19.48,20.29,19.83,20.08,19.19,19.24,20.24
010008202,ABOCA ECHINACEA MACERATO 50ML,Fitoterapia e Omeopatia,,21.98,21.79,21.02,22.27,21.89,22.93,22.62,20.96,22.13
010008205,ERBA VITA ECHINACEA MACERATO 50ML,Fitoterapia e Omeopatia,,21.83,20.87,22.79,22.37,22.06,22.88,21.06,20.96,22.75
010008208,SPECCHIASOL ECHINACEA MACERATO 50ML,Fitoterapia e Omeopatia,,9.80,9.11,9.54,8.20,9.88,10.09,8.29,10.45,8.84
010008211,ABOCA ECHINACEA ESTRATTO SECCO 60 OPERCOLI,Fitoterapia e Omeopatia,,43.66,44.46,43.61,42.97,43.42,42.77,42.93,43.48,43.71
010008214,ERBA VITA ECHINACEA ESTRATTO SECCO 60 OPERCOLI,Fitoterapia e Omeopatia,,43.56,44.04,45.13,44.07,43.21,44.32,42.98,44.83,44.99
010008217,SPECCHIASOL ECHINACEA ESTRATTO SECCO 60 OPERCOLI,Fitoterapia e Omeopatia,,14.19,15.46,15.35,15.57,14.95,13.63,13.54,14.96,14.74
010008220,ABOCA ECHINACEA TISANA 20 BUSTINE,Fitoterapia e Omeopatia,,45.80,45.19,45.04,45.06,44.64,44.57,45.47,44.88,45.37
010008223,ERBA VITA ECHINACEA TISANA 20 BUSTINE,Fitoterapia e Omeopatia,,30.44,30.50,30.46,30.50,29.91,31.87,31.18,31.62,32.03
010008226,SPECCHIASOL ECHINACEA TISANA 20 BUSTINE,Fitoterapia e Omeopatia,,28.60,29.51,29.69,29.00,29.77,30.41,29.99,28.59,29.90
010008229,ABOCA ECHINACEA GOCCE 30ML,Fitoterapia e Omeopatia,,19.05,19.93,19.46,19.04,20.80,20.08,19.04,20.02,18.89
010008232,ERBA VITA ECHINACEA GOCCE 30ML,Fitoterapia e Omeopatia,,26.93,26.71,28.98,27.84,28.35,28.34,27.17,27.14,28.56
010008235,SPECCHIASOL ECHINACEA GOCCE 30ML,Fitoterapia e Omeopatia,,7.47,8.44,8.34,7.67,7.49,8.93,9.67,8.12,9.59
010008238,ABOCA ECHINACEA SCiroppo 200ML,Fitoterapia e Omeopatia,,5.56,5.58,4.34,4.93,4.72,6.15,4.38,4.71,4.29
010008241,ERBA VITA ECHINACEA SCiroppo 200ML,Fitoterapia e Omeopatia,,39.44,40.23,38.22,38.20,37.95,40.00,40.09,38.24,39.89
010008244,SPECCHIASOL ECHINACEA SCiroppo 200ML,Fitoterapia e Omeopatia,,25.90,25.99,24.57,25.74,24.54,25.12,24.88,24.86,25.00
010008247,ABOCA ELICRISO TINTURA MADRE 50ML,Fitoterapia e Omeopatia,,9.45,7.38,7.25,8.73,9.07,7.49,7.81,8.81,9.26
010008250,ERBA VITA ELICRISO TINTURA MADRE 50ML,Fitoterapia e Omeopatia,,15.30,14.15,15.20,14.21,14.42,14.12,15.21,15.94,14.29
010008253,SPECCHIASOL ELICRISO TINTURA MADRE 50ML,Fitoterapia e Omeopatia,,16.17,16.17,18.15,16.39,18.15,16.30,17.27,16.06,16.29
010008256,ABOCA ELICRISO MACERATO 50ML,Fitoterapia e Omeopatia,,22.61,23.47,22.31,22.94,22.72,21.74,23.61,23.05,21.64
010008259,ERBA VITA ELICRISO MACERATO 50ML,Fitoterapia e Omeopatia,,31.35,30.42,30.29,31.75,31.47,31.34,31.35,29.65,30.07
010008262,SPECCHIASOL ELICRISO MACERATO 50ML,Fitoterapia e Omeopatia,,27.69,27.66,27.33,27.23,27.05,27.98,28.31,27.04,28.84
010008265,ABOCA ELICRISO ESTRATTO SECCO 60 OPERCOLI,Fitoterapia e Omeopatia,,24.13,23.20,24.83,24.43,24.65,23.97,22.90,24.31,22.56
010008268,ERBA VITA ELICRISO ESTRATTO SECCO 60 OPERCOLI,Fitoterapia e Omeopatia,,39.73,39.94,39.17,38.81,40.53,40.26,39.75,40.38,40.73
010008271,SPECCHIASOL ELICRISO ESTRATTO SECCO 60 OPERCOLI,Fitoterapia e Omeopatia,,15.91,15.81,15.04,16.60,15.16,15.50,15.80,14.85,16.49
010008274,ABOCA ELICRISO TISANA 20 BUSTINE,Fitoterapia e Omeopatia,,44.05,44.79,45.95,45.70,45.67,45.24,45.30,43.60,45.77
010008277,ERBA VITA ELICRISO TISANA 20 BUSTINE,Fitoterapia e Omeopatia,,35.47,37.13,37.68,36.18,35.70,36.25,37.52,36.10,36.40
010008280,SPECCHIASOL ELICRISO TISANA 20 BUSTINE,Fitoterapia e Omeopatia,,41.30,41.54,40.75,41.54,41.07,41.81,40.61,41.26,40.23
010008283,ABOCA ELICRISO GOCCE 30ML,Fitoterapia e Omeopatia,,12.32,11.45,11.29,12.22,10.31,11.60,11.44,11.59,12.11
010008286,ERBA VITA ELICRISO GOCCE 30ML,Fitoterapia e Omeopatia,,23.37,23.66,23.16,22.94,23.48,23.33,22.66,23.23,22.92
010008289,SPECCHIASOL ELICRISO GOCCE 30ML,Fitoterapia e Omeopatia,,39.42,41.06,40.05,41.50,39.80,40.78,41.26,40.71,41.43
010008292,ABOCA ELICRISO SCiroppo 200ML,Fitoterapia e Omeopatia,,38.77,38.21,37.16,37.26,36.86,38.58,36.55,37.32,37.34
010008295,ERBA VITA ELICRISO SCiroppo 200ML,Fitoterapia e Omeopatia,,32.01,33.31,33.03,33.85,33.49,32.52,32.98,33.57,33.23
010008298,SPECCHIASOL ELICRISO SCiroppo 200ML,Fitoterapia e Omeopatia,,38.93,38.42,37.24,38.57,37.90,37.57,38.12,38.69,36.98
010008301,ABOCA EUCALIPTO TINTURA MADRE 50ML,Fitoterapia e Omeopatia,,27.43,28.19,28.86,28.54,26.91,28.66,27.52,29.17,27.21
010008304,ERBA VITA EUCALIPTO TINTURA MADRE 50ML,Fitoterapia e Omeopatia,,18.38,18.66,18.69,18.81,16.68,17.25,16.69,16.57,18.79
010008307,SPECCHIASOL EUCALIPTO TINTURA MADRE 50ML,Fitoterapia e Omeopatia,,32.43,30.94,32.54,31.32,31.53,30.86,31.32,32.60,31.53
010008310,ABOCA EUCALIPTO MACERATO 50ML,Fitoterapia e Omeopatia,,26.09,26.72,26.65,27.32,25.48,27.21,27.37,26.40,27.31
010008313,ERBA VITA EUCALIPTO MACERATO 50ML,Fitoterapia e Omeopatia,,27.41,26.58,27.28,27.10,25.25,26.35,25.34,25.61,25.73
010008316,SPECCHIASOL EUCALIPTO MACERATO 50ML,Fitoterapia e Omeopatia,,37.52,37.10,38.50,37.87,37.18,37.96,37.18,37.91,38.42
010008319,ABOCA EUCALIPTO ESTRATTO SECCO 60 OPERCOLI,Fitoterapia e Omeopatia,,27.62,28.48,27.66,26.80,27.19,26.99,28.66,28.20,28.55
010008322,ERBA VITA EUCALIPTO ESTRATTO SECCO 60 OPERCOLI,Fitoterapia e Omeopatia,,43.61,43.58,42.42,44.38,44.44,43.88,43.55,42.74,42.50
010008325,SPECCHIASOL EUCALIPTO ESTRATTO SECCO 60 OPERCOLI,Fitoterapia e Omeopatia,,6.10,5.81,6.33,6.02,5.94,7.47,6.14,5.58,5.51
010008328,ABOCA EUCALIPTO TISANA 20 BUSTINE,Fitoterapia e Omeopatia,,8.70,10.82,9.92,8.81,8.89,10.16,9.81,9.20,10.06
010008331,ERBA VITA EUCALIPTO TISANA 20 BUSTINE,Fitoterapia e Omeopatia,,30.47,30.55,31.37,30.74,31.05,30.40,32.36,31.15,32.76
010008334,SPECCHIASOL EUCALIPTO TISANA 20 BUSTINE,Fitoterapia e Omeopatia,,10.64,11.12,12.12,12.64,11.94,11.58,11.04,12.20,11.90
010008337,ABOCA EUCALIPTO GOCCE 30ML,Fitoterapia e Omeopatia,,10.42,8.38,10.36,8.62,8.86,9.07,9.61,9.03,9.81
010008340,ERBA VITA EUCALIPTO GOCCE 30ML,Fitoterapia e Omeopatia,,20.51,21.25,22.49,21.23,22.65,22.33,22.03,21.60,20.70
010008343,SPECCHIASOL EUCALIPTO GOCCE 30ML,Fitoterapia e Omeopatia,,26.65,28.53,27.36,26.61,28.47,27.17,27.96,26.58,27.77
010008346,ABOCA EUCALIPTO SCiroppo 200ML,Fitoterapia e Omeopatia,,43.76,43.52,45.17,44.14,44.97,43.13,43.82,45.19,44.97
010008349,ERBA VITA EUCALIPTO SCiroppo 200ML,Fitoterapia e Omeopatia,,7.74,7.65,9.38,8.45,9.27,9.28,9.33,9.23,8.35
010008352,SPECCHIASOL EUCALIPTO SCiroppo 200ML,Fitoterapia e Omeopatia,,6.65,6.56,5.95,7.38,6.84,5.98,5.82,7.60,6.28
010008355,ABOCA FINOCCHIO TINTURA MADRE 50ML,Fitoterapia e Omeopatia,,36.44,37.67,36.35,36.39,36.62,36.15,36.98,37.20,36.48
010008358,ERBA VITA FINOCCHIO TINTURA MADRE 50ML,Fitoterapia e Omeopatia,,33.27,34.24,33.79,32.54,34.68,34.57,33.42,33.26,33.67
010008361,SPECCHIASOL FINOCCHIO TINTURA MADRE 50ML,Fitoterapia e Omeopatia,,36.35,35.89,35.95,35.09,35.74,35.01,34.60,34.24,36.19
010008364,ABOCA FINOCCHIO MACERATO 50ML,Fitoterapia e Omeopatia,,22.31,23.56,23.82,22.17,23.05,23.08,22.46,22.97,22.00
010008367,ERBA VITA FINOCCHIO MACERATO 50ML,Fitoterapia e Omeopatia,,18.61,19.11,18.48,20.10,20.19,18.65,18.16,18.31,18.27
010008370,SPECCHIASOL FINOCCHIO MACERATO 50ML,Fitoterapia e Omeopatia,,40.34,41.32,40.47,40.48,41.39,40.13,42.15,41.32,41.91
010008373,ABOCA FINOCCHIO ESTRATTO SECCO 60 OPERCOLI,Fitoterapia e Omeopatia,,18.31,17.09,18.26,17.79,16.82,18.47,17.78,16.44,18.02
010008376,ERBA VITA FINOCCHIO ESTRATTO SECCO 60 OPERCOLI,Fitoterapia e Omeopatia,,17.09,17.51,17.52,16.62,16.69,17.22,17.87,18.62,17.86
010008379,SPECCHIASOL FINOCCHIO ESTRATTO SECCO 60 OPERCOLI,Fitoterapia e Omeopatia,,10.74,10.68,11.53,11.00,11.39,12.57,11.11,10.97,11.16
010008382,ABOCA FINOCCHIO TISANA 20 BUSTINE,Fitoterapia e Omeopatia,,31.62,31.21,30.58,30.83,31.17,31.03,30.57,30.71,31.29
010008385,ERBA VITA FINOCCHIO TISANA 20 BUSTINE,Fitoterapia e Omeopatia,,8.47,9.16,7.88,9.12,7.70,8.42,7.67,7.60,8.09
010008388,SPECCHIASOL FINOCCHIO TISANA 20 BUSTINE,Fitoterapia e Omeopatia,,34.59,34.35,35.27,34.54,34.66,34.70,34.20,35.24,35.01
010008391,ABOCA FINOCCHIO GOCCE 30ML,Fitoterapia e Omeopatia,,19.09,19.54,18.93,18.59,18.81,19.71,19.77,20.20,19.23
010008394,ERBA VITA FINOCCHIO GOCCE 30ML,Fitoterapia e Omeopatia,,11.19,10.32,11.76,12.04,10.74,11.50,11.56,11.53,11.39
010008397,SPECCHIASOL FINOCCHIO GOCCE 30ML,Fitoterapia e Omeopatia,,16.60,15.67,16.27,16.73,14.77,15.12,15.36,15.46,15.40
010008400,ABOCA FINOCCHIO SCiroppo 200ML,Fitoterapia e Omeopatia,,22.56,22.63,23.66,22.27,22.45,22.93,22.48,22.61,22.31
010008403,ERBA VITA FINOCCHIO SCiroppo 200ML,Fitoterapia e Omeopatia,,35.31,36.94,36.34,37.69,35.48,35.84,37.52,36.30,36.03
010008406,SPECCHIASOL FINOCCHIO SCiroppo 200ML,Fitoterapia e Omeopatia,,16.43,15.55,16.66,16.30,15.75,15.11,17.01,16.76,17.12
010008409,ABOCA FRANGULA TINTURA MADRE 50ML,Fitoterapia e Omeopatia,,13.72,13.62,13.25,15.08,14.88,13.29,14.99,14.56,13.86
010008412,ERBA VITA FRANGULA TINTURA MADRE 50ML,Fitoterapia e Omeopatia,,21.71,21.63,20.86,19.84,20.62,21.02,21.42,19.41,20.59
010008415,SPECCHIASOL FRANGULA TINTURA MADRE 50ML,Fitoterapia e Omeopatia,,40.76,38.86,39.45,40.64,40.05,38.61,39.45,38.91,39.19
010008418,ABOCA FRANGULA MACERATO 50ML,Fitoterapia e Omeopatia,,11.86,13.73,11.97,12.04,13.16,12.87,13.58,13.77,13.99
010008421,ERBA VITA FRANGULA MACERATO 50ML,Fitoterapia e Omeopatia,,19.45,21.16,20.75,20.64,21.00,20.24,19.37,19.43,19.79
010008424,SPECCHIASOL FRANGULA MACERATO 50ML,Fitoterapia e Omeopatia,,17.18,16.57,16.52,16.18,16.94,18.03,16.55,16.63,17.99
010008427,ABOCA FRANGULA ESTRATTO SECCO 60 OPERCOLI,Fitoterapia e Omeopatia,,43.61,42.67,42.94,44.16,42.38,44.27,42.58,42.75,43.69
010008430,ERBA VITA FRANGULA ESTRATTO SECCO 60 OPERCOLI,Fitoterapia e Omeopatia,,9.54,8.50,8.81,10.08,8.65,9.25,8.53,8.52,8.96
010008433,SPECCHIASOL FRANGULA ESTRATTO SECCO 60 OPERCOLI,Fitoterapia e Omeopatia,,24.46,24.38,24.36,23.78,25.68,23.44,23.77,25.47,24.16
010008436,ABOCA FRANGULA TISANA 20 BUSTINE,Fitoterapia e Omeopatia,,13.10,14.36,14.24,12.97,12.97,14.30,13.70,12.12,14.31
010008439,ERBA VITA FRANGULA TISANA 20 BUSTINE,Fitoterapia e Omeopatia,,43.19,44.17,43.44,42.34,44.08,42.98,43.02,43.76,43.54
010008442,SPECCHIASOL FRANGULA TISANA 20 BUSTINE,Fitoterapia e Omeopatia,,6.86,5.54,7.55,6.71,6.03,5.72,7.20,5.77,6.35
010008445,ABOCA FRANGULA GOCCE 30ML,Fitoterapia e Omeopatia,,5.65,5.56,5.34,5.80,5.82,5.78,5.88,6.59,5.81
010008448,ERBA VITA FRANGULA GOCCE 30ML,Fitoterapia e Omeopatia,,8.59,10.07,9.04,10.50,9.51,9.02,10.02,10.06,10.73
010008451,SPECCHIASOL FRANGULA GOCCE 30ML,Fitoterapia e Omeopatia,,5.23,3.91,5.49,3.74,4.80,5.94,4.37,5.00,4.48
010008454,ABOCA FRANGULA SCiroppo 200ML,Fitoterapia e Omeopatia,,30.67,30.31,30.94,30.69,30.95,29.44,29.67,31.24,29.39
010008457,ERBA VITA FRANGULA SCiroppo 200ML,Fitoterapia e Omeopatia,,12.50,12.79,11.81,13.33,12.18,13.11,11.59,13.70,12.33
010008460,SPECCHIASOL FRANGULA SCiroppo 200ML,Fitoterapia e Omeopatia,,44.19,43.42,43.91,44.26,43.92,43.92,42.00,42.92,42.65
010008463,ABOCA GINKGO BILOBA TINTURA MADRE 50ML,Fitoterapia e Omeopatia,,13.79,11.69,13.66,11.84,12.77,12.20,11.89,12.57,12.01
010008466,ERBA VITA GINKGO BILOBA TINTURA MADRE 50ML,Fitoterapia e Omeopatia,,6.42,7.09,6.41,6.50,7.54,7.56,8.43,6.99,6.81
010008469,SPECCHIASOL GINKGO BILOBA TINTURA MADRE 50ML,Fitoterapia e Omeopatia,,41.38,40.45,41.63,41.31,42.52,41.63,42.70,40.35,41.16
010008472,ABOCA GINKGO BILOBA MACERATO 50ML,Fitoterapia e Omeopatia,,15.21,16.21,15.59,16.42,17.41,16.97,15.33,16.50,15.19
010008475,ERBA VITA GINKGO BILOBA MACERATO 50ML,Fitoterapia e Omeopatia,,9.35,7.53,8.16,8.53,8.71,8.43,8.71,7.61,9.35
010008478,SPECCHIASOL GINKGO BILOBA MACERATO 50ML,Fitoterapia e Omeopatia,,13.00,13.32,13.95,13.92,13.25,13.56,12.83,12.62,12.48
010008481,ABOCA GINKGO BILOBA ESTRATTO SECCO 60 OPERCOLI,Fitoterapia e Omeopatia,,7.61,6.51,6.95,6.13,7.42,5.91,7.20,6.21,6.64
010008484,ERBA VITA GINKGO BILOBA ESTRATTO SECCO 60 OPERCOLI,Fitoterapia e Omeopatia,,21.74,21.04,21.68,22.10,21.49,19.82,20.44,19.98,20.13
010008487,SPECCHIASOL GINKGO BILOBA ESTRATTO SECCO 60 OPERCOLI,Fitoterapia e Omeopatia,,36.04,34.77,35.26,36.45,36.00,35.42,35.63,36.35,36.79
010008490,ABOCA GINKGO BILOBA TISANA 20 BUSTINE,Fitoterapia e Omeopatia,,45.66,43.89,44.07,44.84,45.79,45.07,43.84,45.69,43.73
010008493,ERBA VITA GINKGO BILOBA TISANA 20 BUSTINE,Fitoterapia e Omeopatia,,30.12,30.53,30.11,30.54,31.06,32.42,30.21,30.56,31.35
010008496,SPECCHIASOL GINKGO BILOBA TISANA 20 BUSTINE,Fitoterapia e Omeopatia,,16.21,17.47,15.88,17.21,16.08,17.52,17.65,17.68,16.61
010008499,ABOCA GINKGO BILOBA GOCCE 30ML,Fitoterapia e Omeopatia,,27.09,28.33,27.10,28.08,27.45,28.69,27.74,28.17,27.68
010008502,ERBA VITA GINKGO BILOBA GOCCE 30ML,Fitoterapia e Omeopatia,,16.41,15.14,15.34,16.81,16.81,16.63,16.42,16.91,15.57
010008505,SPECCHIASOL GINKGO BILOBA GOCCE 30ML,Fitoterapia e Omeopatia,,11.02,12.72,12.77,12.00,12.06,12.16,11.45,12.04,12.46
010008508,ABOCA GINKGO BILOBA SCiroppo 200ML,Fitoterapia e Omeopatia,,20.31,21.21,22.07,20.37,20.15,22.29,20.46,21.52,22.26
010008511,ERBA VITA GINKGO BILOBA SCiroppo 200ML,Fitoterapia e Omeopatia,,29.35,29.28,28.49,28.59,28.16,27.45,28.54,29.08,28.33
010008514,SPECCHIASOL GINKGO BILOBA SCiroppo 200ML,Fitoterapia e Omeopatia,,36.54,37.02,36.44,35.54,36.90,35.48,35.35,36.91,36.91
010008517,ABOCA GINSENG TINTURA MADRE 50ML,Fitoterapia e Omeopatia,,42.04,44.02,43.06,43.81,42.30,42.19,44.32,42.03,43.38
010008520,ERBA VITA GINSENG TINTURA MADRE 50ML,Fitoterapia e Omeopatia,,29.24,28.44,28.34,28.18,28.89,28.12,29.37,29.31,27.99
010008523,SPECCHIASOL GINSENG TINTURA MADRE 50ML,Fitoterapia e Omeopatia,,40.76,42.59,40.83,40.63,41.31,41.15,42.65,40.61,42.46
010008526,ABOCA GINSENG MACERATO 50ML,Fitoterapia e Omeopatia,,19.92,21.73,20.89,20.84,20.53,20.90,22.24,20.44,21.08
010008529,ERBA VITA GINSENG MACERATO 50ML,Fitoterapia e Omeopatia,,10.13,10.66,10.42,9.94,11.15,9.24,11.42,9.98,11.14
010008532,SPECCHIASOL GINSENG MACERATO 50ML,Fitoterapia e Omeopatia,,31.72,31.94,31.97,29.82,30.76,31.32,29.96,30.55,31.22
010008535,ABOCA GINSENG ESTRATTO SECCO 60 OPERCOLI,Fitoterapia e Omeopatia,,23.91,23.51,23.06,22.65,24.24,24.46,24.21,23.47,22.83
010008538,ERBA VITA GINSENG ESTRATTO SECCO 60 OPERCOLI,Fitoterapia e Omeopatia,,23.27,23.22,24.30,24.02,23.06,23.89,23.97,24.52,22.62
010008541,SPECCHIASOL GINSENG ESTRATTO SECCO 60 OPERCOLI,Fitoterapia e Omeopatia,,8.82,7.78,9.86,9.26,7.90,9.88,9.33,8.69,7.85
010008544,ABOCA GINSENG TISANA 20 BUSTINE,Fitoterapia e Omeopatia,,11.71,11.07,12.11,11.45,12.61,11.90,10.93,11.21,11.21
010008547,ERBA VITA GINSENG TISANA 20 BUSTINE,Fitoterapia e Omeopatia,,12.72,14.53,14.81,14.79,14.48,12.66,12.60,13.36,14.27
010008550,SPECCHIASOL GINSENG TISANA 20 BUSTINE,Fitoterapia e Omeopatia,,22.36,22.45,22.06,22.39,23.88,21.95,24.28,24.06,23.65
010008553,ABOCA GINSENG GOCCE 30ML,Fitoterapia e Omeopatia,,17.98,19.37,20.04,20.04,19.63,18.18,19.67,18.78,20.33
010008556,ERBA VITA GINSENG GOCCE 30ML,Fitoterapia e Omeopatia,,38.39,37.57,39.78,39.67,37.84,37.90,39.51,37.83,37.64
010008559,SPECCHIASOL GINSENG GOCCE 30ML,Fitoterapia e Omeopatia,,11.18,9.41,9.14,9.52,10.60,10.05,8.82,9.52,10.11
010008562,ABOCA GINSENG SCiroppo 200ML,Fitoterapia e Omeopatia,,35.29,36.22,36.37,34.95,35.05,34.52,34.34,36.48,36.09
010008565,ERBA VITA GINSENG SCiroppo 200ML,Fitoterapia e Omeopatia,,7.30,5.91,7.98,6.83,5.98,8.18,6.54,7.03,6.40
010008568,SPECCHIASOL GINSENG SCiroppo 200ML,Fitoterapia e Omeopatia,,15.80,15.51,16.62,16.58,15.46,15.61,15.38,16.56,16.25
010008571,ABOCA IPERICO TINTURA MADRE 50ML,Fitoterapia e Omeopatia,,18.94,20.68,19.66,19.49,18.63,20.35,20.24,19.42,20.38
010008574,ERBA VITA IPERICO TINTURA MADRE 50ML,Fitoterapia e Omeopatia,,30.35,31.76,32.32,30.30,30.71,30.38,30.74,31.07,32.39
010008577,SPECCHIASOL IPERICO TINTURA MADRE 50ML,Fitoterapia e Omeopatia,,20.06,19.86,18.69,19.19,20.63,19.95,19.35,19.38,20.40
010008580,ABOCA IPERICO MACERATO 50ML,Fitoterapia e Omeopatia,,19.90,21.41,20.62,20.04,21.75,21.60,21.25,20.06,20.59
010008583,ERBA VITA IPERICO MACERATO 50ML,Fitoterapia e Omeopatia,,8.54,9.57,8.18,8.88,9.75,9.51,8.15,8.91,7.84
010008586,SPECCHIASOL IPERICO MACERATO 50ML,Fitoterapia e Omeopatia,,22.99,21.96,22.12,22.78,22.23,23.29,22.76,23.93,23.06
010008589,ABOCA IPERICO ESTRATTO SECCO 60 OPERCOLI,Fitoterapia e Omeopatia,,32.95,33.17,32.78,33.88,33.34,34.76,34.06,34.30,33.52
010008592,ERBA VITA IPERICO ESTRATTO SECCO 60 OPERCOLI,Fitoterapia e Omeopatia,,12.91,12.38,14.38,12.64,13.90,14.43,12.69,12.44,12.82
010008595,SPECCHIASOL IPERICO ESTRATTO SECCO 60 OPERCOLI,Fitoterapia e Omeopatia,,22.63,20.61,22.02,21.02,22.71,21.43,21.55,22.55,21.72
010008598,ABOCA IPERICO TISANA 20 BUSTINE,Fitoterapia e Omeopatia,,29.30,28.17,28.57,28.38,28.71,28.08,29.15,27.57,28.65
010008601,ERBA VITA IPERICO TISANA 20 BUSTINE,Fitoterapia e Omeopatia,,35.09,34.46,34.76,34.20,34.68,34.53,34.88,36.09,34.01
010008604,SPECCHIASOL IPERICO TISANA 20 BUSTINE,Fitoterapia e Omeopatia,,40.83,40.40,41.71,42.23,42.25,41.63,41.50,41.27,41.84
010008607,ABOCA IPERICO GOCCE 30ML,Fitoterapia e Omeopatia,,5.29,7.19,5.30,7.00,6.07,6.64,6.87,5.13,6.10
010008610,ERBA VITA IPERICO GOCCE 30ML,Fitoterapia e Omeopatia,,19.38,18.53,17.64,19.83,18.78,18.94,19.68,17.96,18.44
010008613,SPECCHIASOL IPERICO GOCCE 30ML,Fitoterapia e Omeopatia,,13.04,13.49,14.23,12.80,13.08,14.24,13.42,13.53,13.38
010008616,ABOCA IPERICO SCiroppo 200ML,Fitoterapia e Omeopatia,,15.15,17.03,16.78,16.71,15.00,16.35,16.63,15.97,16.80
010008619,ERBA VITA IPERICO SCiroppo 200ML,Fitoterapia e Omeopatia,,37.56,38.68,38.46,37.66,38.58,37.10,38.14,37.60,37.23
010008622,SPECCHIASOL IPERICO SCiroppo 200ML,Fitoterapia e Omeopatia,,3.45,4.26,4.04,5.80,3.55,5.44,5.16,5.15,4.36
010008625,ABOCA LAVANDA TINTURA MADRE 50ML,Fitoterapia e Omeopatia,,7.16,4.88,6.20,5.59,5.02,5.89,7.04,6.80,4.92
010008628,ERBA VITA LAVANDA TINTURA MADRE 50ML,Fitoterapia e Omeopatia,,24.05,23.82,25.17,24.02,26.10,25.66,24.53,24.28,24.93
010008631,SPECCHIASOL LAVANDA TINTURA MADRE 50ML,Fitoterapia e Omeopatia,,42.53,43.99,43.91,42.08,42.36,41.99,43.27,43.25,42.98
010008634,ABOCA LAVANDA MACERATO 50ML,Fitoterapia e Omeopatia,,18.55,19.21,18.72,17.94,17.84,18.73,18.70,18.17,16.93
010008637,ERBA VITA LAVANDA MACERATO 50ML,Fitoterapia e Omeopatia,,7.41,8.05,8.83,8.26,7.48,8.59,7.72,8.16,7.29
010008640,SPECCHIASOL LAVANDA MACERATO 50ML,Fitoterapia e Omeopatia,,32.83,31.41,32.05,31.91,32.02,32.83,32.61,31.36,32.75
010008643,ABOCA LAVANDA ESTRATTO SECCO 60 OPERCOLI,Fitoterapia e Omeopatia,,14.57,14.50,13.71,13.67,14.51,14.95,15.04,13.89,15.72
010008646,ERBA VITA LAVANDA ESTRATTO SECCO 60 OPERCOLI,Fitoterapia e Omeopatia,,15.15,14.97,13.85,14.51,15.65,14.97,13.73,14.27,13.44
010008649,SPECCHIASOL LAVANDA ESTRATTO SECCO 60 OPERCOLI,Fitoterapia e Omeopatia,,13.55,14.03,13.94,13.54,13.33,13.33,13.35,14.48,13.93
010008652,ABOCA LAVANDA TISANA 20 BUSTINE,Fitoterapia e Omeopatia,,41.71,42.05,42.65,43.36,42.17,43.53,41.55,42.73,41.90
010008655,ERBA VITA LAVANDA TISANA 20 BUSTINE,Fitoterapia e Omeopatia,,21.30,22.49,20.92,21.21,23.06,23.19,21.74,23.06,23.04
010008658,SPECCHIASOL LAVANDA TISANA 20 BUSTINE,Fitoterapia e Omeopatia,,12.87,12.67,13.23,12.62,13.18,13.68,12.33,13.96,11.79
010008661,ABOCA LAVANDA GOCCE 30ML,Fitoterapia e Omeopatia,,44.32,43.88,43.99,43.78,42.72,42.82,42.58,43.47,42.74
010008664,ERBA VITA LAVANDA GOCCE 30ML,Fitoterapia e Omeopatia,,41.82,41.96,42.67,43.32,42.97,43.67,42.58,43.56,41.93
010008667,SPECCHIASOL LAVANDA GOCCE 30ML,Fitoterapia e Omeopatia,,14.56,13.02,13.35,12.68,13.62,13.90,13.83,13.62,14.75
010008670,ABOCA LAVANDA SCiroppo 200ML,Fitoterapia e Omeopatia,,14.56,14.75,14.70,16.30,15.66,14.88,14.47,16.31,14.97
010008673,ERBA VITA LAVANDA SCiroppo 200ML,Fitoterapia e Omeopatia,,12.97,12.27,12.53,14.42,14.27,12.81,14.29,13.62,13.41
010008676,SPECCHIASOL LAVANDA SCiroppo 200ML,Fitoterapia e Omeopatia,,21.12,23.10,22.48,21.16,22.75,22.43,21.31,21.08,21.67
010008679,ABOCA LIQUIRIZIA TINTURA MADRE 50ML,Fitoterapia e Omeopatia,,31.13,30.59,32.11,30.36,30.42,31.97,31.67,30.38,31.76
010008682,ERBA VITA LIQUIRIZIA TINTURA MADRE 50ML,Fitoterapia e Omeopatia,,12.47,11.63,12.27,11.77,13.10,12.31,10.80,11.79,12.60
010008685,SPECCHIASOL LIQUIRIZIA TINTURA MADRE 50ML,Fitoterapia e Omeopatia,,10.12,9.67,8.77,7.86,9.15,8.84,9.98,10.16,9.75
010008688,ABOCA LIQUIRIZIA MACERATO 50ML,Fitoterapia e Omeopatia,,8.26,9.63,7.95,8.67,8.93,10.09,10.08,9.24,8.53
010008691,ERBA VITA LIQUIRIZIA MACERATO 50ML,Fitoterapia e Omeopatia,,34.16,36.23,35.31,35.69,35.40,34.83,35.87,35.41,34.89
010008694,SPECCHIASOL LIQUIRIZIA MACERATO 50ML,Fitoterapia e Omeopatia,,8.18,7.90,9.29,7.24,7.97,7.93,8.64,7.54,8.97
010008697,ABOCA LIQUIRIZIA ESTRATTO SECCO 60 OPERCOLI,Fitoterapia e Omeopatia,,5.29,5.09,5.72,4.51,6.33,6.17,5.24,6.32,4.15
010008700,ERBA VITA LIQUIRIZIA ESTRATTO SECCO 60 OPERCOLI,Fitoterapia e Omeopatia,,35.69,36.35,36.21,36.69,36.29,35.53,35.41,35.53,35.15
010008703,SPECCHIASOL LIQUIRIZIA ESTRATTO SECCO 60 OPERCOLI,Fitoterapia e Omeopatia,,42.89,43.71,43.28,43.74,42.43,43.45,43.61,44.04,43.01
010008706,ABOCA LIQUIRIZIA TISANA 20 BUSTINE,Fitoterapia e Omeopatia,,27.25,27.12,26.10,28.11,27.95,27.85,26.96,28.19,26.30
010008709,ERBA VITA LIQUIRIZIA TISANA 20 BUSTINE,Fitoterapia e Omeopatia,,11.30,12.72,12.44,11.35,10.94,10.47,12.03,11.47,11.41
010008712,SPECCHIASOL LIQUIRIZIA TISANA 20 BUSTINE,Fitoterapia e Omeopatia,,30.87,30.46,29.21,29.14,29.44,28.86,28.87,29.09,30.18
010008715,ABOCA LIQUIRIZIA GOCCE 30ML,Fitoterapia e Omeopatia,,36.57,36.95,35.70,35.80,36.61,36.00,36.66,36.86,36.15
010008718,ERBA VITA LIQUIRIZIA GOCCE 30ML,Fitoterapia e Omeopatia,,18.52,17.71,16.43,16.48,18.53,16.66,18.21,16.47,17.15
010008721,SPECCHIASOL LIQUIRIZIA GOCCE 30ML,Fitoterapia e Omeopatia,,5.94,6.70,4.99,4.83,5.97,6.30,4.76,6.10,5.94
010008724,ABOCA LIQUIRIZIA SCiroppo 200ML,Fitoterapia e Omeopatia,,16.10,16.05,16.96,17.04,16.02,15.65,17.42,15.53,17.42
010008727,ERBA VITA LIQUIRIZIA SCiroppo 200ML,Fitoterapia e Omeopatia,,12.25,12.05,12.84,13.81,13.21,11.69,12.29,12.50,12.08
010008730,SPECCHIASOL LIQUIRIZIA SCiroppo 200ML,Fitoterapia e Omeopatia,,29.50,28.24,28.81,29.05,30.10,29.20,29.48,28.36,27.92
010008733,ABOCA LUPPOLO TINTURA MADRE 50ML,Fitoterapia e Omeopatia,,31.82,31.08,32.01,32.92,31.28,32.15,31.89,32.92,31.09
010008736,ERBA VITA LUPPOLO TINTURA MADRE 50ML,Fitoterapia e Omeopatia,,37.38,37.56,38.61,38.09,37.89,37.07,38.61,38.30,39.19
010008739,SPECCHIASOL LUPPOLO TINTURA MADRE 50ML,Fitoterapia e Omeopatia,,17.77,17.50,17.75,18.18,17.85,16.75,17.01,17.22,17.01
010008742,ABOCA LUPPOLO MACERATO 50ML,Fitoterapia e Omeopatia,,18.06,16.75,16.73,16.98,17.47,17.42,17.12,17.90,16.91
010008745,ERBA VITA LUPPOLO MACERATO 50ML,Fitoterapia e Omeopatia,,18.02,16.61,16.49,17.26,18.57,17.12,18.47,18.41,18.06
010008748,SPECCHIASOL LUPPOLO MACERATO 50ML,Fitoterapia e Omeopatia,,25.79,26.53,27.76,26.34,27.58,27.73,27.79,26.00,26.62
010008751,ABOCA LUPPOLO ESTRATTO SECCO 60 OPERCOLI,Fitoterapia e Omeopatia,,41.62,40.17,40.45,40.03,40.43,40.34,41.00,39.56,39.94
010008754,ERBA VITA LUPPOLO ESTRATTO SECCO 60 OPERCOLI,Fitoterapia e Omeopatia,,26.75,25.52,26.18,25.19,25.55,26.90,25.65,26.53,26.62
010008757,SPECCHIASOL LUPPOLO ESTRATTO SECCO 60 OPERCOLI,Fitoterapia e Omeopatia,,12.98,13.54,13.67,12.69,13.19,12.70,14.50,13.81,13.25
010008760,ABOCA LUPPOLO TISANA 20 BUSTINE,Fitoterapia e Omeopatia,,40.34,39.80,39.21,38.56,38.86,40.49,38.48,40.12,40.30
010008763,ERBA VITA LUPPOLO TISANA 20 BUSTINE,Fitoterapia e Omeopatia,,30.23,30.72,30.81,29.45,29.55,30.86,29.36,31.05,30.72
010008766,SPECCHIASOL LUPPOLO TISANA 20 BUSTINE,Fitoterapia e Omeopatia,,10.68,11.03,10.97,12.71,10.97,11.57,10.86,11.56,11.51
010008769,ABOCA LUPPOLO GOCCE 30ML,Fitoterapia e Omeopatia,,18.60,16.69,16.87,18.34,17.26,17.29,18.19,17.20,17.85
010008772,ERBA VITA LUPPOLO GOCCE 30ML,Fitoterapia e Omeopatia,,16.94,16.17,15.92,16.62,17.63,16.13,16.22,17.58,17.41
010008775,SPECCHIASOL LUPPOLO GOCCE 30ML,Fitoterapia e Omeopatia,,29.59,27.52,28.11,27.48,28.43,27.88,29.25,29.45,27.39
010008778,ABOCA LUPPOLO SCiroppo 200ML,Fitoterapia e Omeopatia,,38.00,37.83,37.65,37.09,37.71,37.22,36.86,38.73,36.98
010008781,ERBA VITA LUPPOLO SCiroppo 200ML,Fitoterapia e Omeopatia,,32.42,32.71,31.40,31.61,31.96,31.62,30.69,32.23,32.61
010008784,SPECCHIASOL LUPPOLO SCiroppo 200ML,Fitoterapia e Omeopatia,,25.86,25.34,24.21,26.23,25.47,26.52,25.79,26.28,24.29
010008787,ABOCA MALVA TINTURA MADRE 50ML,Fitoterapia e Omeopatia,,12.99,15.18,13.98,13.57,15.19,14.99,14.98,14.80,14.35
010008790,ERBA VITA MALVA TINTURA MADRE 50ML,Fitoterapia e Omeopatia,,31.95,30.89,31.11,31.33,32.58,32.90,31.47,32.57,31.22
010008793,SPECCHIASOL MALVA TINTURA MADRE 50ML,Fitoterapia e Omeopatia,,30.72,31.90,30.67,31.70,31.01,29.62,29.53,31.72,31.80
010008796,ABOCA MALVA MACERATO 50ML,Fitoterapia e Omeopatia,,24.67,26.70,24.81,24.67,25.48,26.74,26.82,25.50,26.21
010008799,ERBA VITA MALVA MACERATO 50ML,Fitoterapia e Omeopatia,,21.55,19.87,21.86,20.40,20.60,20.42,21.05,20.65,21.11
010008802,SPECCHIASOL MALVA MACERATO 50ML,Fitoterapia e Omeopatia,,7.40,7.40,7.37,6.96,8.45,7.28,6.89,7.30,8.06
010008805,ABOCA MALVA ESTRATTO SECCO 60 OPERCOLI,Fitoterapia e Omeopatia,,29.02,28.56,29.54,28.45,28.94,29.24,30.23,29.22,29.17
010008808,ERBA VITA MALVA ESTRATTO SECCO 60 OPERCOLI,Fitoterapia e Omeopatia,,43.66,45.19,43.79,43.53,43.39,43.05,44.96,43.49,44.28
010008811,SPECCHIASOL MALVA ESTRATTO SECCO 60 OPERCOLI,Fitoterapia e Omeopatia,,13.06,13.73,12.31,12.80,11.68,13.09,14.00,13.90,12.63
010008814,ABOCA MALVA TISANA 20 BUSTINE,Fitoterapia e Omeopatia,,21.13,20.48,19.98,20.01,21.11,21.30,21.09,21.82,20.16
010008817,ERBA VITA MALVA TISANA 20 BUSTINE,Fitoterapia e Omeopatia,,37.80,36.78,36.83,36.12,38.33,37.63,36.76,37.39,36.31
010008820,SPECCHIASOL MALVA TISANA 20 BUSTINE,Fitoterapia e Omeopatia,,7.91,8.57,7.45,6.35,7.96,7.04,7.95,7.12,8.62
010008823,ABOCA MALVA GOCCE 30ML,Fitoterapia e Omeopatia,,16.54,14.61,14.66,16.85,16.30,15.68,16.65,16.81,16.52
010008826,ERBA VITA MALVA GOCCE 30ML,Fitoterapia e Omeopatia,,6.28,6.30,6.22,6.31,4.20,4.69,5.25,5.66,4.31
010008829,SPECCHIASOL MALVA GOCCE 30ML,Fitoterapia e Omeopatia,,12.08,12.43,11.55,13.46,13.23,11.41,11.46,13.44,13.43
010008832,ABOCA MALVA SCiroppo 200ML,Fitoterapia e Omeopatia,,18.46,19.69,18.92,18.67,19.01,17.99,19.88,19.33,18.82
010008835,ERBA VITA MALVA SCiroppo 200ML,Fitoterapia e Omeopatia,,15.17,14.29,14.34,15.41,15.03,14.87,15.85,13.49,15.81
010008838,SPECCHIASOL MALVA SCiroppo 200ML,Fitoterapia e Omeopatia,,21.50,22.27,21.11,22.21,20.47,21.47,21.39,22.27,21.95
010008841,ABOCA MELISSA TINTURA MADRE 50ML,Fitoterapia e Omeopatia,,8.32,10.14,10.19,9.66,9.15,9.06,9.39,8.82,10.06
010008844,ERBA VITA MELISSA TINTURA MADRE 50ML,Fitoterapia e Omeopatia,,5.76,6.79,7.13,7.69,6.02,6.19,7.29,6.52,5.96
010008847,SPECCHIASOL MELISSA TINTURA MADRE 50ML,Fitoterapia e Omeopatia,,22.97,22.79,22.46,21.54,22.57,21.93,21.45,21.70,22.98
010008850,ABOCA MELISSA MACERATO 50ML,Fitoterapia e Omeopatia,,31.55,32.14,32.39,32.84,33.30,32.94,33.56,31.36,32.40
010008853,ERBA VITA MELISSA MACERATO 50ML,Fitoterapia e Omeopatia,,29.97,29.61,29.78,28.58,28.86,29.93,30.18,29.81,28.38
010008856,SPECCHIASOL MELISSA MACERATO 50ML,Fitoterapia e Omeopatia,,40.30,40.55,40.60,40.62,38.92,39.16,40.79,39.54,40.71
010008859,ABOCA MELISSA ESTRATTO SECCO 60 OPERCOLI,Fitoterapia e Omeopatia,,35.20,36.41,36.41,35.73,36.16,36.52,35.97,35.96,34.66
010008862,ERBA VITA MELISSA ESTRATTO SECCO 60 OPERCOLI,Fitoterapia e Omeopatia,,35.60,36.34,35.25,36.39,35.64,37.13,35.73,35.41,36.29
010008865,SPECCHIASOL MELISSA ESTRATTO SECCO 60 OPERCOLI,Fitoterapia e Omeopatia,,13.31,14.55,13.30,14.49,13.62,13.50,14.11,14.25,13.52
010008868,ABOCA MELISSA TISANA 20 BUSTINE,Fitoterapia e Omeopatia,,15.25,14.84,13.93,14.22,14.60,15.06,14.32,15.11,15.44
010008871,ERBA VITA MELISSA TISANA 20 BUSTINE,Fitoterapia e Omeopatia,,33.10,32.74,32.89,33.68,32.85,32.87,34.80,33.08,34.39
010008874,SPECCHIASOL MELISSA TISANA 20 BUSTINE,Fitoterapia e Omeopatia,,31.37,31.78,29.45,29.57,30.67,30.54,30.43,29.90,30.61
010008877,ABOCA MELISSA GOCCE 30ML,Fitoterapia e Omeopatia,,18.05,18.06,18.95,19.63,18.44,19.14,17.47,17.53,17.79
010008880,ERBA VITA MELISSA GOCCE 30ML,Fitoterapia e Omeopatia,,41.27,41.65,41.68,41.78,42.03,40.37,39.98,40.51,39.98
010008883,SPECCHIASOL MELISSA GOCCE 30ML,Fitoterapia e Omeopatia,,22.27,22.03,22.25,23.15,22.36,23.60,24.02,22.82,23.85
010008886,ABOCA MELISSA SCiroppo 200ML,Fitoterapia e Omeopatia,,27.76,27.50,26.69,27.31,26.92,27.37,28.46,26.37,26.29
010008889,ERBA VITA MELISSA SCiroppo 200ML,Fitoterapia e Omeopatia,,27.21,26.68,27.64,27.09,26.69,25.67,27.76,26.12,26.43
010008892,SPECCHIASOL MELISSA SCiroppo 200ML,Fitoterapia e Omeopatia,,41.82,41.52,42.01,41.98,41.19,41.90,42.87,42.44,41.50
010008895,ABOCA MENTA TINTURA MADRE 50ML,Fitoterapia e Omeopatia,,22.85,20.49,21.53,22.23,22.04,21.54,20.54,21.00,21.75
010008898,ERBA VITA MENTA TINTURA MADRE 50ML,Fitoterapia e Omeopatia,,24.08,25.08,25.70,25.20,24.08,24.20,24.63,24.77,25.32
010008901,SPECCHIASOL MENTA TINTURA MADRE 50ML,Fitoterapia e Omeopatia,,44.13,42.37,41.85,42.11,41.83,42.99,43.17,43.83,42.20
010008904,ABOCA MENTA MACERATO 50ML,Fitoterapia e Omeopatia,,24.73,25.06,23.51,25.18,24.96,24.13,23.66,23.49,24.33
010008907,ERBA VITA MENTA MACERATO 50ML,Fitoterapia e Omeopatia,,23.99,23.40,24.40,23.13,23.22,24.56,24.18,25.38,23.64
010008910,SPECCHIASOL MENTA MACERATO 50ML,Fitoterapia e Omeopatia,,36.35,37.67,37.56,35.64,37.11,37.53,37.18,35.79,35.81
010008913,ABOCA MENTA ESTRATTO SECCO 60 OPERCOLI,Fitoterapia e Omeopatia,,29.48,30.87,30.13,30.25,29.99,30.56,29.19,30.11,30.82
010008916,ERBA VITA MENTA ESTRATTO SECCO 60 OPERCOLI,Fitoterapia e Omeopatia,,40.60,41.15,41.50,41.15,41.00,40.43,40.40,41.02,40.33
010008919,SPECCHIASOL MENTA ESTRATTO SECCO 60 OPERCOLI,Fitoterapia e Omeopatia,,16.11,18.31,17.56,18.15,17.26,17.63,17.60,17.18,17.98
010008922,ABOCA MENTA TISANA 20 BUSTINE,Fitoterapia e Omeopatia,,16.20,16.44,17.30,17.44,15.93,15.57,17.55,16.16,15.44
010008925,ERBA VITA MENTA TISANA 20 BUSTINE,Fitoterapia e Omeopatia,,30.63,31.46,29.25,31.16,30.68,30.06,30.02,29.80,29.63
010008928,SPECCHIASOL MENTA TISANA 20 BUSTINE,Fitoterapia e Omeopatia,,42.21,42.60,40.89,41.66,41.26,41.53,42.52,41.53,41.07
010008931,ABOCA MENTA GOCCE 30ML,Fitoterapia e Omeopatia,,40.46,40.68,42.12,42.55,41.42,41.05,40.71,40.96,41.07
010008934,ERBA VITA MENTA GOCCE 30ML,Fitoterapia e Omeopatia,,12.80,13.26,13.22,13.94,14.60,14.46,14.56,14.33,13.38
010008937,SPECCHIASOL MENTA GOCCE 30ML,Fitoterapia e Omeopatia,,38.52,38.52,39.28,38.75,39.23,38.19,38.41,39.07,38.97
010008940,ABOCA MENTA SCiroppo 200ML,Fitoterapia e Omeopatia,,3.53,3.92,3.80,4.19,4.14,3.80,5.10,3.64,4.05
010008943,ERBA VITA MENTA SCiroppo 200ML,Fitoterapia e Omeopatia,,29.15,28.27,28.81,29.13,28.78,27.81,27.53,27.54,27.59
010008946,SPECCHIASOL MENTA SCiroppo 200ML,Fitoterapia e Omeopatia,,23.93,25.44,25.71,23.46,24.97,23.59,23.56,24.62,25.62
010008949,ABOCA MIRTILLO NERO TINTURA MADRE 50ML,Fitoterapia e Omeopatia,,41.62,41.96,41.90,42.43,41.02,42.40,41.23,41.75,42.59
010008952,ERBA VITA MIRTILLO NERO TINTURA MADRE 50ML,Fitoterapia e Omeopatia,,31.14,31.48,31.59,31.05,32.18,32.28,31.52,32.66,33.30
010008955,SPECCHIASOL MIRTILLO NERO TINTURA MADRE 50ML,Fitoterapia e Omeopatia,,35.35,35.60,36.58,35.43,36.03,35.97,35.33,36.83,35.56
010008958,ABOCA MIRTILLO NERO MACERATO 50ML,Fitoterapia e Omeopatia,,44.11,45.60,43.55,44.68,43.49,45.12,45.08,43.54,43.66
010008961,ERBA VITA MIRTILLO NERO MACERATO 50ML,Fitoterapia e Omeopatia,,20.36,21.05,20.42,21.37,19.97,21.83,20.53,20.83,21.25
010008964,SPECCHIASOL MIRTILLO NERO MACERATO 50ML,Fitoterapia e Omeopatia,,39.44,40.01,41.07,40.40,41.42,40.71,40.73,41.14,40.77
010008967,ABOCA MIRTILLO NERO ESTRATTO SECCO 60 OPERCOLI,Fitoterapia e Omeopatia,,29.95,29.38,30.22,29.92,28.34,29.36,28.48,29.69,28.78
010008970,ERBA VITA MIRTILLO NERO ESTRATTO SECCO 60 OPERCOLI,Fitoterapia e Omeopatia,,15.68,15.16,16.33,16.39,15.84,16.65,16.25,16.10,16.85
010008973,SPECCHIASOL MIRTILLO NERO ESTRATTO SECCO 60 OPERCOLI,Fitoterapia e Omeopatia,,11.97,9.96,10.38,11.45,11.30,11.30,11.20,11.88,10.68
010008976,ABOCA MIRTILLO NERO TISANA 20 BUSTINE,Fitoterapia e Omeopatia,,23.09,24.17,23.48,24.03,23.48,23.35,22.90,23.70,24.07
010008979,ERBA VITA MIRTILLO NERO TISANA 20 BUSTINE,Fitoterapia e Omeopatia,,11.57,12.03,13.51,12.46,12.55,13.88,12.97,13.79,13.15
010008982,SPECCHIASOL MIRTILLO NERO TISANA 20 BUSTINE,Fitoterapia e Omeopatia,,39.76,40.23,41.15,40.81,41.16,39.00,40.60,39.38,40.56
010008985,ABOCA MIRTILLO NERO GOCCE 30ML,Fitoterapia e Omeopatia,,43.66,43.49,43.45,45.59,44.27,44.30,43.72,45.37,45.08
010008988,ERBA VITA MIRTILLO NERO GOCCE 30ML,Fitoterapia e Omeopatia,,16.90,16.07,17.01,16.16,15.63,17.30,17.59,17.09,16.93
010008991,SPECCHIASOL MIRTILLO NERO GOCCE 30ML,Fitoterapia e Omeopatia,,29.66,30.49,29.90,30.53,29.97,29.68,30.12,29.80,29.20
010008994,ABOCA MIRTILLO NERO SCiroppo 200ML,Fitoterapia e Omeopatia,,13.71,11.72,11.65,13.12,12.95,11.55,11.82,11.91,13.07
010008997,ERBA VITA MIRTILLO NERO SCiroppo 200ML,Fitoterapia e Omeopatia,,18.36,18.44,17.85,19.04,17.85,19.68,19.64,18.20,19.53
010009000,SPECCHIASOL MIRTILLO NERO SCiroppo 200ML,Fitoterapia e Omeopatia,,29.25,29.21,28.55,29.53,29.79,30.82,30.36,28.51,28.78
010009003,ABOCA ORTICA TINTURA MADRE 50ML,Fitoterapia e Omeopatia,,11.94,12.67,11.64,11.77,12.38,11.88,11.91,10.95,12.38
010009006,ERBA VITA ORTICA TINTURA MADRE 50ML,Fitoterapia e Omeopatia,,8.45,10.19,8.66,9.23,10.14,8.98,8.49,10.69,9.76
010009009,SPECCHIASOL ORTICA TINTURA MADRE 50ML,Fitoterapia e Omeopatia,,30.68,32.09,31.06,31.35,32.63,31.85,31.70,32.49,31.72
010009012,ABOCA ORTICA MACERATO 50ML,Fitoterapia e Omeopatia,,19.13,19.04,18.14,19.05,17.78,18.00,19.23,18.06,18.44
010009015,ERBA VITA ORTICA MACERATO 50ML,Fitoterapia e Omeopatia,,35.34,33.86,33.11,34.77,34.61,34.33,33.75,33.15,34.93
010009018,SPECCHIASOL ORTICA MACERATO 50ML,Fitoterapia e Omeopatia,,21.01,21.06,19.54,20.12,19.44,20.81,20.51,19.48,19.68
010009021,ABOCA ORTICA ESTRATTO SECCO 60 OPERCOLI,Fitoterapia e Omeopatia,,14.27,14.39,15.69,15.44,14.25,14.83,15.53,15.54,15.62
010009024,ERBA VITA ORTICA ESTRATTO SECCO 60 OPERCOLI,Fitoterapia e Omeopatia,,35.06,33.18,35.14,33.75,34.71,33.90,33.78,33.72,34.87
010009027,SPECCHIASOL ORTICA ESTRATTO SECCO 60 OPERCOLI,Fitoterapia e Omeopatia,,32.16,31.90,33.63,34.01,33.61,33.04,33.94,32.75,31.83
010009030,ABOCA ORTICA TISANA 20 BUSTINE,Fitoterapia e Omeopatia,,29.13,29.05,29.32,29.78,28.51,28.90,28.21,27.98,29.19
010009033,ERBA VITA ORTICA TISANA 20 BUSTINE,Fitoterapia e Omeopatia,,27.85,26.00,27.85,27.04,28.20,27.37,26.40,26.50,27.77
010009036,SPECCHIASOL ORTICA TISANA 20 BUSTINE,Fitoterapia e Omeopatia,,17.06,18.56,19.14,18.25,18.09,17.10,17.34,17.22,18.40
010009039,ABOCA ORTICA GOCCE 30ML,Fitoterapia e Omeopatia,,34.57,35.19,34.07,33.07,34.09,33.52,33.30,34.56,33.95
010009042,ERBA VITA ORTICA GOCCE 30ML,Fitoterapia e Omeopatia,,14.56,14.46,14.27,14.62,14.73,14.53,15.05,14.63,15.63
010009045,SPECCHIASOL ORTICA GOCCE 30ML,Fitoterapia e Omeopatia,,36.26,36.46,36.23,35.93,35.96,35.67,36.82,35.56,36.76
010009048,ABOCA ORTICA SCiroppo 200ML,Fitoterapia e Omeopatia,,40.93,41.73,40.82,40.24,41.09,40.72,40.15,41.71,41.47
010009051,ERBA VITA ORTICA SCiroppo 200ML,Fitoterapia e Omeopatia,,21.10,20.04,20.31,21.02,19.66,20.60,19.60,18.90,19.49
010009054,SPECCHIASOL ORTICA SCiroppo 200ML,Fitoterapia e Omeopatia,,40.11,39.03,38.85,40.33,39.86,39.53,39.91,40.77,40.96
010009057,ABOCA PASSIFLORA TINTURA MADRE 50ML,Fitoterapia e Omeopatia,,32.49,32.32,31.36,32.52,31.34,30.42,31.85,31.48,31.72
010009060,ERBA VITA PASSIFLORA TINTURA MADRE 50ML,Fitoterapia e Omeopatia,,40.74,39.18,38.51,39.18,39.79,39.26,40.25,38.84,40.58
010009063,SPECCHIASOL PASSIFLORA TINTURA MADRE 50ML,Fitoterapia e Omeopatia,,21.50,19.77,21.48,19.71,20.13,20.25,19.62,21.53,21.23
010009066,ABOCA PASSIFLORA MACERATO 50ML,Fitoterapia e Omeopatia,,8.83,9.19,10.10,8.61,9.25,9.87,10.01,10.05,9.80
010009069,ERBA VITA PASSIFLORA MACERATO 50ML,Fitoterapia e Omeopatia,,37.48,39.26,38.95,37.52,38.00,37.98,38.47,38.28,39.05
010009072,SPECCHIASOL PASSIFLORA MACERATO 50ML,Fitoterapia e Omeopatia,,15.52,16.71,15.77,14.76,14.64,14.83,16.64,15.49,16.50
010009075,ABOCA PASSIFLORA ESTRATTO SECCO 60 OPERCOLI,Fitoterapia e Omeopatia,,42.31,40.36,41.03,42.44,41.47,42.31,41.63,40.23,40.29
010009078,ERBA VITA PASSIFLORA ESTRATTO SECCO 60 OPERCOLI,Fitoterapia e Omeopatia,,37.10,36.05,36.37,37.16,36.98,37.17,37.11,36.25,35.25
010009081,SPECCHIASOL PASSIFLORA ESTRATTO SECCO 60 OPERCOLI,Fitoterapia e Omeopatia,,35.52,35.41,36.01,35.05,36.05,37.03,37.38,36.21,35.51
010009084,ABOCA PASSIFLORA TISANA 20 BUSTINE,Fitoterapia e Omeopatia,,36.93,37.73,36.97,38.69,38.21,37.92,36.86,36.97,38.05
010009087,ERBA VITA PASSIFLORA TISANA 20 BUSTINE,Fitoterapia e Omeopatia,,32.61,33.31,32.85,31.85,31.54,31.48,31.47,32.17,31.64
010009090,SPECCHIASOL PASSIFLORA TISANA 20 BUSTINE,Fitoterapia e Omeopatia,,7.99,9.34,9.96,8.82,9.00,9.50,8.66,8.15,8.05
010009093,ABOCA PASSIFLORA GOCCE 30ML,Fitoterapia e Omeopatia,,30.47,28.59,28.32,29.81,29.28,28.27,28.77,29.21,30.56
010009096,ERBA VITA PASSIFLORA GOCCE 30ML,Fitoterapia e Omeopatia,,5.11,5.40,6.62,6.37,5.12,6.24,6.07,6.49,6.05
010009099,SPECCHIASOL PASSIFLORA GOCCE 30ML,Fitoterapia e Omeopatia,,11.05,11.32,13.21,11.62,11.86,13.36,11.38,12.80,12.70
010009102,ABOCA PASSIFLORA SCiroppo 200ML,Fitoterapia e Omeopatia,,42.55,43.29,43.75,43.53,42.83,43.78,42.69,42.91,41.68
010009105,ERBA VITA PASSIFLORA SCiroppo 200ML,Fitoterapia e Omeopatia,,29.26,30.29,31.47,30.37,30.04,31.25,30.09,30.47,30.44
010009108,SPECCHIASOL PASSIFLORA SCiroppo 200ML,Fitoterapia e Omeopatia,,15.48,14.51,14.02,14.85,14.05,14.54,15.48,14.15,14.53
010009111,ABOCA PILOSELLA TINTURA MADRE 50ML,Fitoterapia e Omeopatia,,16.66,16.64,16.82,16.69,15.87,18.06,15.97,16.86,16.49
010009114,ERBA VITA PILOSELLA TINTURA MADRE 50ML,Fitoterapia e Omeopatia,,43.12,43.34,41.16,43.06,41.30,42.25,42.62,41.95,43.24
010009117,SPECCHIASOL PILOSELLA TINTURA MADRE 50ML,Fitoterapia e Omeopatia,,29.51,31.27,29.42,30.80,29.08,30.23,29.48,29.72,30.07
010009120,ABOCA PILOSELLA MACERATO 50ML,Fitoterapia e Omeopatia,,38.40,39.09,37.08,37.82,38.65,38.06,37.32,37.75,38.22
010009123,ERBA VITA PILOSELLA MACERATO 50ML,Fitoterapia e Omeopatia,,5.25,6.96,5.77,6.07,7.36,5.92,5.31,5.28,7.05
010009126,SPECCHIASOL PILOSELLA MACERATO 50ML,Fitoterapia e Omeopatia,,11.95,12.13,12.82,12.17,11.52,12.08,13.06,12.47,11.88
010009129,ABOCA PILOSELLA ESTRATTO SECCO 60 OPERCOLI,Fitoterapia e Omeopatia,,42.83,41.65,43.51,42.47,42.57,43.23,42.75,42.80,41.81
010009132,ERBA VITA PILOSELLA ESTRATTO SECCO 60 OPERCOLI,Fitoterapia e Omeopatia,,31.97,33.47,31.56,31.28,32.52,31.24,31.54,31.46,32.65
010009135,SPECCHIASOL PILOSELLA ESTRATTO SECCO 60 OPERCOLI,Fitoterapia e Omeopatia,,35.43,36.03,35.24,36.51,35.70,34.93,35.74,35.86,36.16
010009138,ABOCA PILOSELLA TISANA 20 BUSTINE,Fitoterapia e Omeopatia,,17.93,17.42,17.56,16.23,16.32,15.73,16.94,17.93,16.14
010009141,ERBA VITA PILOSELLA TISANA 20 BUSTINE,Fitoterapia e Omeopatia,,19.61,20.02,19.87,20.55,21.42,20.74,20.35,21.49,20.30
010009144,SPECCHIASOL PILOSELLA TISANA 20 BUSTINE,Fitoterapia e Omeopatia,,17.23,15.74,15.72,15.48,17.10,15.76,16.65,15.73,15.63
010009147,ABOCA PILOSELLA GOCCE 30ML,Fitoterapia e Omeopatia,,18.40,20.18,19.83,18.52,20.14,18.70,19.06,18.46,19.72
010009150,ERBA VITA PILOSELLA GOCCE 30ML,Fitoterapia e Omeopatia,,10.99,9.65,10.01,9.93,10.45,10.63,11.01,11.37,11.70
010009153,SPECCHIASOL PILOSELLA GOCCE 30ML,Fitoterapia e Omeopatia,,36.76,36.77,36.91,37.78,37.95,37.12,36.08,36.13,38.15
010009156,ABOCA PILOSELLA SCiroppo 200ML,Fitoterapia e Omeopatia,,23.58,24.81,25.40,25.56,23.70,25.35,25.33,24.07,25.69
010009159,ERBA VITA PILOSELLA SCiroppo 200ML,Fitoterapia e Omeopatia,,43.86,44.37,43.11,44.28,44.19,43.77,44.45,43.40,44.59
010009162,SPECCHIASOL PILOSELLA SCiroppo 200ML,Fitoterapia e Omeopatia,,4.86,7.05,6.62,6.63,6.58,5.07,6.88,6.93,5.85
010009165,ABOCA PROPOLI TINTURA MADRE 50ML,Fitoterapia e Omeopatia,,22.86,23.01,22.22,22.75,23.72,21.98,22.72,24.00,23.83
010009168,ERBA VITA PROPOLI TINTURA MADRE 50ML,Fitoterapia e Omeopatia,,17.43,17.73,17.30,19.11,17.38,17.78,18.80,17.02,17.36
010009171,SPECCHIASOL PROPOLI TINTURA MADRE 50ML,Fitoterapia e Omeopatia,,8.90,10.27,8.61,10.54,10.13,8.41,9.58,8.45,8.48
010009174,ABOCA PROPOLI MACERATO 50ML,Fitoterapia e Omeopatia,,32.21,31.47,30.40,31.96,32.54,30.62,30.43,30.83,31.04
010009177,ERBA VITA PROPOLI MACERATO 50ML,Fitoterapia e Omeopatia,,15.49,14.80,14.01,13.60,14.68,14.51,15.62,15.47,13.51
010009180,SPECCHIASOL PROPOLI MACERATO 50ML,Fitoterapia e Omeopatia,,9.87,9.80,9.70,8.68,9.72,8.85,8.96,9.70,8.70
010009183,ABOCA PROPOLI ESTRATTO SECCO 60 OPERCOLI,Fitoterapia e Omeopatia,,41.36,42.32,40.84,41.00,41.62,41.67,41.15,42.20,40.80
010009186,ERBA VITA PROPOLI ESTRATTO SECCO 60 OPERCOLI,Fitoterapia e Omeopatia,,43.35,43.43,44.97,43.18,44.53,43.30,44.49,43.54,45.33
010009189,SPECCHIASOL PROPOLI ESTRATTO SECCO 60 OPERCOLI,Fitoterapia e Omeopatia,,9.71,9.60,9.90,8.99,8.05,9.43,10.04,10.21,9.78
010009192,ABOCA PROPOLI TISANA 20 BUSTINE,Fitoterapia e Omeopatia,,26.64,26.77,25.65,27.88,27.44,27.26,27.18,25.83,26.20
010009195,ERBA VITA PROPOLI TISANA 20 BUSTINE,Fitoterapia e Omeopatia,,15.67,15.82,14.00,15.95,15.24,14.48,14.47,14.67,14.65
010009198,SPECCHIASOL PROPOLI TISANA 20 BUSTINE,Fitoterapia e Omeopatia,,40.48,41.02,40.42,41.41,41.48,40.99,41.73,40.44,41.28
010009201,ABOCA PROPOLI GOCCE 30ML,Fitoterapia e Omeopatia,,42.06,42.50,42.81,42.02,41.10,42.26,41.21,42.02,41.83
010009204,ERBA VITA PROPOLI GOCCE 30ML,Fitoterapia e Omeopatia,,15.32,16.38,15.47,17.02,15.29,17.24,15.90,15.55,16.61
010009207,SPECCHIASOL PROPOLI GOCCE 30ML,Fitoterapia e Omeopatia,,41.04,40.64,39.57,40.30,41.51,40.05,41.13,41.87,41.67
010009210,ABOCA PROPOLI SCiroppo 200ML,Fitoterapia e Omeopatia,,34.37,34.04,33.93,33.46,33.80,32.83,33.26,34.27,33.03
010009213,ERBA VITA PROPOLI SCiroppo 200ML,Fitoterapia e Omeopatia,,16.49,14.41,15.77,15.82,16.37,15.36,14.53,16.56,15.71
010009216,SPECCHIASOL PROPOLI SCiroppo 200ML,Fitoterapia e Omeopatia,,32.94,33.70,33.49,32.04,32.18,32.66,32.48,31.58,32.49
010009219,ABOCA ROSA CANINA TINTURA MADRE 50ML,Fitoterapia e Omeopatia,,36.66,36.50,36.00,36.47,36.09,37.82,37.48,38.00,37.32
010009222,ERBA VITA ROSA CANINA TINTURA MADRE 50ML,Fitoterapia e Omeopatia,,22.08,22.17,21.03,21.56,22.34,22.54,21.96,21.32,22.24
010009225,SPECCHIASOL ROSA CANINA TINTURA MADRE 50ML,Fitoterapia e Omeopatia,,22.33,22.24,21.55,21.23,21.53,21.33,20.47,20.76,20.44
010009228,ABOCA ROSA CANINA MACERATO 50ML,Fitoterapia e Omeopatia,,10.48,11.35,11.47,9.92,10.22,9.55,10.98,10.50,10.19
010009231,ERBA VITA ROSA CANINA MACERATO 50ML,Fitoterapia e Omeopatia,,30.94,30.19,31.98,31.81,30.24,30.08,31.21,32.13,30.80
010009234,SPECCHIASOL ROSA CANINA MACERATO 50ML,Fitoterapia e Omeopatia,,43.46,43.54,41.88,42.45,42.02,43.01,41.83,42.25,42.67
010009237,ABOCA ROSA CANINA ESTRATTO SECCO 60 OPERCOLI,Fitoterapia e Omeopatia,,41.32,40.43,40.72,40.32,39.98,39.42,41.01,39.97,41.38
010009240,ERBA VITA ROSA CANINA ESTRATTO SECCO 60 OPERCOLI,Fitoterapia e Omeopatia,,10.79,11.28,10.53,11.91,9.82,10.16,11.77,10.57,11.92
010009243,SPECCHIASOL ROSA CANINA ESTRATTO SECCO 60 OPERCOLI,Fitoterapia e Omeopatia,,26.71,28.99,28.78,26.75,28.38,26.70,28.12,27.96,27.29
010009246,ABOCA ROSA CANINA TISANA 20 BUSTINE,Fitoterapia e Omeopatia,,6.80,8.84,7.25,7.69,7.35,8.67,8.27,6.56,6.52
010009249,ERBA VITA ROSA CANINA TISANA 20 BUSTINE,Fitoterapia e Omeopatia,,36.65,37.37,37.71,37.79,37.58,38.34,36.17,36.39,38.07
010009252,SPECCHIASOL ROSA CANINA TISANA 20 BUSTINE,Fitoterapia e Omeopatia,,43.69,43.90,43.00,43.22,44.21,43.85,44.01,43.23,42.64
010009255,ABOCA ROSA CANINA GOCCE 30ML,Fitoterapia e Omeopatia,,17.99,17.93,18.76,19.24,18.36,19.45,18.12,18.15,19.05
010009258,ERBA VITA ROSA CANINA GOCCE 30ML,Fitoterapia e Omeopatia,,21.97,23.06,23.22,22.17,23.07,23.47,22.81,21.13,21.45
010009261,SPECCHIASOL ROSA CANINA GOCCE 30ML,Fitoterapia e Omeopatia,,33.62,34.78,34.02,34.84,33.33,33.11,34.32,34.74,34.08
010009264,ABOCA ROSA CANINA SCiroppo 200ML,Fitoterapia e Omeopatia,,13.12,12.20,13.42,14.06,12.05,13.49,13.55,13.76,12.89
010009267,ERBA VITA ROSA CANINA SCiroppo 200ML,Fitoterapia e Omeopatia,,32.98,34.52,33.71,34.29,34.64,33.38,33.30,34.98,33.39
010009270,SPECCHIASOL ROSA CANINA SCiroppo 200ML,Fitoterapia e Omeopatia,,35.30,34.42,35.03,35.84,34.99,35.59,35.36,33.69,34.97
010009273,ABOCA ROSMARINO TINTURA MADRE 50ML,Fitoterapia e Omeopatia,,19.63,19.71,18.84,18.92,18.62,19.61,18.77,18.99,19.31
010009276,ERBA VITA ROSMARINO TINTURA MADRE 50ML,Fitoterapia e Omeopatia,,8.50,6.96,7.74,7.23,8.10,7.71,8.03,7.54,7.51
010009279,SPECCHIASOL ROSMARINO TINTURA MADRE 50ML,Fitoterapia e Omeopatia,,23.37,22.48,22.72,21.82,22.42,22.54,21.71,22.37,22.55
010009282,ABOCA ROSMARINO MACERATO 50ML,Fitoterapia e Omeopatia,,15.31,15.36,15.82,15.93,17.03,16.26,17.43,17.15,15.28
010009285,ERBA VITA ROSMARINO MACERATO 50ML,Fitoterapia e Omeopatia,,24.31,26.27,25.03,24.28,24.98,24.89,25.90,25.07,25.66
010009288,SPECCHIASOL ROSMARINO MACERATO 50ML,Fitoterapia e Omeopatia,,38.47,38.61,39.65,40.39,38.50,38.60,38.10,39.24,39.41
010009291,ABOCA ROSMARINO ESTRATTO SECCO 60 OPERCOLI,Fitoterapia e Omeopatia,,36.53,35.84,36.33,35.91,35.74,36.02,36.20,35.89,35.46
010009294,ERBA VITA ROSMARINO ESTRATTO SECCO 60 OPERCOLI,Fitoterapia e Omeopatia,,37.71,36.53,37.68,38.61,37.11,37.47,38.43,37.89,38.08
010009297,SPECCHIASOL ROSMARINO ESTRATTO SECCO 60 OPERCOLI,Fitoterapia e Omeopatia,,10.81,12.22,12.01,10.41,12.34,11.78,12.00,10.32,10.79
010009300,ABOCA ROSMARINO TISANA 20 BUSTINE,Fitoterapia e Omeopatia,,26.47,27.89,26.16,28.10,28.31,26.08,26.12,26.94,26.95
010009303,ERBA VITA ROSMARINO TISANA 20 BUSTINE,Fitoterapia e Omeopatia,,39.53,39.11,40.18,38.83,38.73,38.09,39.47,38.36,37.88
010009306,SPECCHIASOL ROSMARINO TISANA 20 BUSTINE,Fitoterapia e Omeopatia,,27.79,28.18,28.47,28.66,28.23,28.38,28.44,29.99,29.10
010009309,ABOCA ROSMARINO GOCCE 30ML,Fitoterapia e Omeopatia,,41.78,42.24,42.57,44.05,43.78,41.74,43.99,42.78,42.96
010009312,ERBA VITA ROSMARINO GOCCE 30ML,Fitoterapia e Omeopatia,,25.28,24.12,23.84,24.69,25.02,23.83,23.59,23.45,24.59
010009315,SPECCHIASOL ROSMARINO GOCCE 30ML,Fitoterapia e Omeopatia,,24.90,23.90,25.39,24.52,25.65,23.78,24.91,24.49,24.70
010009318,ABOCA ROSMARINO SCiroppo 200ML,Fitoterapia e Omeopatia,,9.62,9.48,8.62,9.92,10.41,8.61,8.97,8.85,8.94
010009321,ERBA VITA ROSMARINO SCiroppo 200ML,Fitoterapia e Omeopatia,,12.58,13.32,13.24,13.40,13.84,11.85,12.54,13.09,13.05
010009324,SPECCHIASOL ROSMARINO SCiroppo 200ML,Fitoterapia e Omeopatia,,37.98,38.75,38.05,37.74,37.82,37.28,38.22,37.98,38.66
010009327,ABOCA SALVIA TINTURA MADRE 50ML,Fitoterapia e Omeopatia,,30.51,30.61,30.62,30.45,30.20,29.98,28.79,28.81,29.79
010009330,ERBA VITA SALVIA TINTURA MADRE 50ML,Fitoterapia e Omeopatia,,26.16,25.53,25.07,25.77,25.01,25.96,25.42,24.54,24.34
010009333,SPECCHIASOL SALVIA TINTURA MADRE 50ML,Fitoterapia e Omeopatia,,14.68,16.23,15.33,15.11,15.99,14.63,16.67,16.11,14.48
010009336,ABOCA SALVIA MACERATO 50ML,Fitoterapia e Omeopatia,,26.74,26.26,26.57,25.15,26.51,25.02,26.37,24.73,25.87
010009339,ERBA VITA SALVIA MACERATO 50ML,Fitoterapia e Omeopatia,,30.48,31.42,31.28,31.73,32.11,32.10,30.14,31.03,30.84
010009342,SPECCHIASOL SALVIA MACERATO 50ML,Fitoterapia e Omeopatia,,22.21,23.57,22.70,23.59,22.82,22.18,23.56,22.90,22.38
010009345,ABOCA SALVIA ESTRATTO SECCO 60 OPERCOLI,Fitoterapia e Omeopatia,,35.19,36.00,34.46,34.23,35.38,34.30,34.97,35.96,35.34
010009348,ERBA VITA SALVIA ESTRATTO SECCO 60 OPERCOLI,Fitoterapia e Omeopatia,,16.57,17.56,16.59,17.58,18.14,18.30,17.07,17.74,17.28
010009351,SPECCHIASOL SALVIA ESTRATTO SECCO 60 OPERCOLI,Fitoterapia e Omeopatia,,27.26,25.85,25.84,25.84,25.91,28.13,26.85,26.50,26.02
010009354,ABOCA SALVIA TISANA 20 BUSTINE,Fitoterapia e Omeopatia,,25.69,26.16,25.71,27.04,26.42,26.28,26.28,26.68,27.09
010009357,ERBA VITA SALVIA TISANA 20 BUSTINE,Fitoterapia e Omeopatia,,40.80,41.29,39.45,39.33,40.42,40.97,40.90,41.63,41.07
010009360,SPECCHIASOL SALVIA TISANA 20 BUSTINE,Fitoterapia e Omeopatia,,20.57,19.23,19.36,19.29,19.65,20.95,19.25,20.79,19.35
010009363,ABOCA SALVIA GOCCE 30ML,Fitoterapia e Omeopatia,,14.11,12.72,13.81,12.59,13.95,12.40,12.40,14.74,13.99
010009366,ERBA VITA SALVIA GOCCE 30ML,Fitoterapia e Omeopatia,,18.52,17.79,17.70,18.04,17.73,19.58,18.73,19.44,18.28
010009369,SPECCHIASOL SALVIA GOCCE 30ML,Fitoterapia e Omeopatia,,26.35,27.13,26.25,27.00,26.57,25.21,25.55,25.66,26.32
010009372,ABOCA SALVIA SCiroppo 200ML,Fitoterapia e Omeopatia,,15.44,15.24,14.87,14.95,15.83,14.53,16.71,15.75,16.74
010009375,ERBA VITA SALVIA SCiroppo 200ML,Fitoterapia e Omeopatia,,24.88,23.99,24.30,23.04,24.02,24.76,23.41,24.10,22.88
010009378,SPECCHIASOL SALVIA SCiroppo 200ML,Fitoterapia e Omeopatia,,30.24,29.62,30.72,31.41,30.91,29.67,30.04,30.37,31.51
010009381,ABOCA TARASSACO TINTURA MADRE 50ML,Fitoterapia e Omeopatia,,8.27,7.05,7.04,7.23,7.36,8.61,7.28,7.48,8.51
010009384,ERBA VITA TARASSACO TINTURA MADRE 50ML,Fitoterapia e Omeopatia,,9.66,8.05,7.74,7.46,8.86,9.32,9.70,9.05,7.81
010009387,SPECCHIASOL TARASSACO TINTURA MADRE 50ML,Fitoterapia e Omeopatia,,29.74,29.33,29.81,27.90,28.66,29.28,30.14,29.36,28.65
010009390,ABOCA TARASSACO MACERATO 50ML,Fitoterapia e Omeopatia,,28.10,27.58,27.97,28.15,28.36,29.77,28.09,29.51,28.32
010009393,ERBA VITA TARASSACO MACERATO 50ML,Fitoterapia e Omeopatia,,42.52,42.53,43.89,43.95,44.02,41.78,43.62,42.13,43.56
010009396,SPECCHIASOL TARASSACO MACERATO 50ML,Fitoterapia e Omeopatia,,28.86,29.60,29.79,30.16,29.46,29.06,30.09,29.52,28.47
010009399,ABOCA TARASSACO ESTRATTO SECCO 60 OPERCOLI,Fitoterapia e Omeopatia,,9.08,7.98,9.00,8.68,8.68,9.86,9.58,8.82,8.48
010009402,ERBA VITA TARASSACO ESTRATTO SECCO 60 OPERCOLI,Fitoterapia e Omeopatia,,24.90,25.20,24.90,24.90,25.73,25.33,24.45,24.62,25.21
010009405,SPECCHIASOL TARASSACO ESTRATTO SECCO 60 OPERCOLI,Fitoterapia e Omeopatia,,26.30,26.34,25.06,26.53,26.13,27.02,26.69,25.42,26.12
010009408,ABOCA TARASSACO TISANA 20 BUSTINE,Fitoterapia e Omeopatia,,27.36,25.83,27.09,27.88,27.27,27.23,27.84,25.59,27.12
010009411,ERBA VITA TARASSACO TISANA 20 BUSTINE,Fitoterapia e Omeopatia,,44.66,42.74,42.72,43.87,43.90,44.29,44.43,43.72,44.53
010009414,SPECCHIASOL TARASSACO TISANA 20 BUSTINE,Fitoterapia e Omeopatia,,6.59,7.22,6.31,6.91,6.82,8.32,7.33,7.88,6.35
010009417,ABOCA TARASSACO GOCCE 30ML,Fitoterapia e Omeopatia,,27.79,28.95,27.13,28.71,28.89,29.06,27.02,27.45,27.61
010009420,ERBA VITA TARASSACO GOCCE 30ML,Fitoterapia e Omeopatia,,19.35,19.47,20.79,19.18,20.21,18.96,18.46,18.51,20.09
010009423,SPECCHIASOL TARASSACO GOCCE 30ML,Fitoterapia e Omeopatia,,9.49,10.42,10.45,10.49,10.74,9.12,9.99,9.07,10.17
010009426,ABOCA TARASSACO SCiroppo 200ML,Fitoterapia e Omeopatia,,33.14,33.45,34.64,33.32,33.43,33.65,33.35,33.76,33.55
010009429,ERBA VITA TARASSACO SCiroppo 200ML,Fitoterapia e Omeopatia,,20.11,20.58,18.78,20.16,18.93,20.20,19.96,20.89,19.26
010009432,SPECCHIASOL TARASSACO SCiroppo 200ML,Fitoterapia e Omeopatia,,20.23,20.27,21.71,21.95,21.52,19.81,19.94,21.91,20.18
010009435,ABOCA VALERIANA TINTURA MADRE 50ML,Fitoterapia e Omeopatia,,18.89,18.68,19.79,20.17,18.15,20.06,20.01,18.54,20.48
010009438,ERBA VITA VALERIANA TINTURA MADRE 50ML,Fitoterapia e Omeopatia,,23.26,21.55,21.98,21.25,22.09,23.18,22.94,22.80,21.10
010009441,SPECCHIASOL VALERIANA TINTURA MADRE 50ML,Fitoterapia e Omeopatia,,19.56,19.86,19.33,18.68,20.79,19.99,20.29,20.82,20.59
010009444,ABOCA VALERIANA MACERATO 50ML,Fitoterapia e Omeopatia,,42.50,41.31,40.80,42.08,41.30,41.05,42.04,40.46,40.86
010009447,ERBA VITA VALERIANA MACERATO 50ML,Fitoterapia e Omeopatia,,14.65,15.15,13.19,14.31,14.67,13.74,15.03,12.91,15.07
010009450,SPECCHIASOL VALERIANA MACERATO 50ML,Fitoterapia e Omeopatia,,12.25,11.71,12.31,11.53,13.40,12.37,13.10,11.77,11.81
010009453,ABOCA VALERIANA ESTRATTO SECCO 60 OPERCOLI,Fitoterapia e Omeopatia,,26.60,26.64,27.87,26.55,26.56,26.59,26.17,26.53,26.69
010009456,ERBA VITA VALERIANA ESTRATTO SECCO 60 OPERCOLI,Fitoterapia e Omeopatia,,16.98,15.20,16.64,15.73,16.58,16.52,16.04,14.86,16.49
010009459,SPECCHIASOL VALERIANA ESTRATTO SECCO 60 OPERCOLI,Fitoterapia e Omeopatia,,20.51,22.16,22.63,21.68,21.16,20.35,22.50,21.82,20.30
010009462,ABOCA VALERIANA TISANA 20 BUSTINE,Fitoterapia e Omeopatia,,37.40,38.10,36.32,37.91,36.39,36.81,37.17,36.30,37.15
010009465,ERBA VITA VALERIANA TISANA 20 BUSTINE,Fitoterapia e Omeopatia,,17.98,18.18,18.22,19.12,17.39,18.49,18.21,17.79,18.18
010009468,SPECCHIASOL VALERIANA TISANA 20 BUSTINE,Fitoterapia e Omeopatia,,13.92,13.97,12.35,12.07,12.63,13.08,13.10,12.66,12.88
010009471,ABOCA VALERIANA GOCCE 30ML,Fitoterapia e Omeopatia,,14.29,15.13,16.00,14.64,15.90,14.02,15.39,13.94,15.46
010009474,ERBA VITA VALERIANA GOCCE 30ML,Fitoterapia e Omeopatia,,20.01,21.13,19.86,21.38,19.83,19.73,21.39,19.38,19.93
010009477,SPECCHIASOL VALERIANA GOCCE 30ML,Fitoterapia e Omeopatia,,21.49,23.32,22.56,21.66,22.27,23.40,22.60,22.34,21.60
010009480,ABOCA VALERIANA SCiroppo 200ML,Fitoterapia e Omeopatia,,15.45,16.74,15.91,15.38,15.15,17.20,15.09,16.48,16.18
010009483,ERBA VITA VALERIANA SCiroppo 200ML,Fitoterapia e Omeopatia,,23.12,24.64,23.52,25.04,24.47,23.15,24.44,23.75,24.73
010009486,SPECCHIASOL VALERIANA SCiroppo 200ML,Fitoterapia e Omeopatia,,38.27,37.44,37.85,37.42,39.60,39.26,39.09,38.66,37.38
010009489,ABOCA ZENZERO TINTURA MADRE 50ML,Fitoterapia e Omeopatia,,29.08,28.89,29.88,29.62,28.18,29.25,29.74,28.04,28.84
010009492,ERBA VITA ZENZERO TINTURA MADRE 50ML,Fitoterapia e Omeopatia,,22.12,22.51,22.90,21.23,22.35,23.39,22.80,22.03,21.27
010009495,SPECCHIASOL ZENZERO TINTURA MADRE 50ML,Fitoterapia e Omeopatia,,20.84,21.34,22.39,20.97,22.38,21.19,22.73,23.09,21.18
010009498,ABOCA ZENZERO MACERATO 50ML,Fitoterapia e Omeopatia,,17.83,18.94,17.40,18.68,17.25,17.61,18.53,17.09,17.90
010009501,ERBA VITA ZENZERO MACERATO 50ML,Fitoterapia e Omeopatia,,23.14,23.08,23.62,22.68,23.80,23.56,22.78,23.37,23.48
010009504,SPECCHIASOL ZENZERO MACERATO 50ML,Fitoterapia e Omeopatia,,30.87,30.79,29.85,32.00,30.91,31.62,31.42,31.55,30.57
010009507,ABOCA ZENZERO ESTRATTO SECCO 60 OPERCOLI,Fitoterapia e Omeopatia,,39.46,40.42,39.29,39.15,40.81,41.04,40.05,39.86,39.47
010009510,ERBA VITA ZENZERO ESTRATTO SECCO 60 OPERCOLI,Fitoterapia e Omeopatia,,33.37,33.73,33.38,34.70,32.56,33.90,34.85,34.87,33.25
010009513,SPECCHIASOL ZENZERO ESTRATTO SECCO 60 OPERCOLI,Fitoterapia e Omeopatia,,13.06,13.01,12.72,12.43,12.43,12.80,12.24,12.23,13.48
010009516,ABOCA ZENZERO TISANA 20 BUSTINE,Fitoterapia e Omeopatia,,26.09,26.43,27.26,25.39,25.82,27.20,26.60,26.48,26.94
010009519,ERBA VITA ZENZERO TISANA 20 BUSTINE,Fitoterapia e Omeopatia,,21.42,20.30,20.66,22.14,20.68,22.53,21.75,20.66,21.52
010009522,SPECCHIASOL ZENZERO TISANA 20 BUSTINE,Fitoterapia e Omeopatia,,7.09,7.23,9.05,8.18,7.91,7.34,7.36,8.88,7.41
010009525,ABOCA ZENZERO GOCCE 30ML,Fitoterapia e Omeopatia,,23.45,23.26,23.37,23.89,22.25,23.50,23.07,24.30,24.23
010009528,ERBA VITA ZENZERO GOCCE 30ML,Fitoterapia e Omeopatia,,12.27,13.63,12.37,13.61,13.05,11.50,13.27,13.20,13.39
010009531,SPECCHIASOL ZENZERO GOCCE 30ML,Fitoterapia e Omeopatia,,15.30,15.70,15.20,16.37,16.50,16.83,16.58,17.22,16.16
010009534,ABOCA ZENZERO SCiroppo 200ML,Fitoterapia e Omeopatia,,27.44,27.19,27.18,25.54,27.00,25.71,26.86,26.04,25.94
010009537,ERBA VITA ZENZERO SCiroppo 200ML,Fitoterapia e Omeopatia,,14.53,14.12,13.63,14.40,14.54,14.67,13.63,14.06,15.19
010009540,SPECCHIASOL ZENZERO SCiroppo 200ML,Fitoterapia e Omeopatia,,22.01,21.69,21.62,21.90,23.78,22.16,23.18,21.90,21.85
010009543,TACHIPIRINA 500MG 20 COMPRESSE,Farmaci da Banco (SOP/OTC),,14.48,14.80,14.44,16.13,15.19,15.07,14.62,14.35,14.44
010009546,TACHIPIRINA 1000MG 16 COMPRESSE EFFERVESCENTI,Farmaci da Banco (SOP/OTC),,44.15,44.75,43.64,43.60,45.33,44.91,44.21,44.43,44.81
010009549,TACHIPIRINA 120MG/5ML SCIROPPO 120ML,Farmaci da Banco (SOP/OTC),,41.72,42.66,42.71,40.68,40.86,42.28,41.81,41.26,42.11
010009552,TACHIPIRINA 250MG 10 BUSTINE,Farmaci da Banco (SOP/OTC),,42.10,43.97,42.18,43.66,42.64,42.52,44.05,42.43,42.69
010009555,TACHIPIRINA 500MG 10 SUPPOSTE,Farmaci da Banco (SOP/OTC),,31.92,30.38,30.66,31.53,31.84,32.56,30.29,32.33,31.20
010009558,TACHIPIRINA 1000MG 10 COMPRESSE,Farmaci da Banco (SOP/OTC),,28.34,28.44,27.50,27.45,26.87,28.76,27.56,27.08,28.59
010009561,TACHIPIRINA FLASHTAB 500MG 16 COMPRESSE,Farmaci da Banco (SOP/OTC),,29.42,29.88,28.05,29.22,29.47,28.76,27.94,28.11,28.67
010009564,TACHIPIRINA 500MG 30 COMPRESSE,Farmaci da Banco (SOP/OTC),,8.96,9.32,7.70,8.70,7.20,8.26,7.13,7.86,7.43
010009567,OKI INFLAMMAZIONE E DOLORE SPRAY 15ML,Farmaci da Banco (SOP/OTC),,45.05,43.23,43.41,44.83,43.63,45.34,43.44,43.53,43.96
010009570,OKI TASK 40MG 10 BUSTINE,Farmaci da Banco (SOP/OTC),,25.36,23.88,25.24,25.91,24.62,24.86,24.10,24.17,25.57
010009573,OKI TASK 40MG 20 BUSTINE,Farmaci da Banco (SOP/OTC),,23.13,21.56,21.65,21.77,23.65,22.72,23.38,23.14,22.78
010009576,OKI DOLORE 25MG 12 BUSTINE,Farmaci da Banco (SOP/OTC),,15.64,15.54,15.16,13.88,15.15,14.74,13.85,14.31,14.31
010009579,MOMENT 200MG 12 COMPRESSE,Farmaci da Banco (SOP/OTC),,16.74,16.72,17.84,17.47,17.61,16.58,17.12,16.21,15.91
010009582,MOMENT 200MG 32 COMPRESSE,Farmaci da Banco (SOP/OTC),,4.18,5.27,4.62,5.15,4.85,4.74,5.31,5.58,5.48
010009585,MOMENT ACT 400MG 10 COMPRESSE,Farmaci da Banco (SOP/OTC),,35.28,35.41,35.76,35.21,35.48,35.57,34.08,34.07,35.11
010009588,MOMENT ACT 400MG 20 COMPRESSE,Farmaci da Banco (SOP/OTC),,4.72,5.20,4.73,6.34,4.45,4.55,5.49,6.46,4.53
010009591,MOMENT DOLO CAPSULE MOLLI,Farmaci da Banco (SOP/OTC),,35.83,36.01,35.29,35.28,35.35,35.83,34.44,35.90,35.83
010009594,NUROFEN 200MG 12 COMPRESSE,Farmaci da Banco (SOP/OTC),,5.47,4.28,4.27,4.55,5.58,4.47,5.73,5.78,4.92
010009597,NUROFEN 400MG 12 COMPRESSE,Farmaci da Banco (SOP/OTC),,17.56,17.02,18.40,16.85,18.91,17.84,17.04,18.78,18.61
010009600,NUROFEN FEBBRE BAMBINI SCIROPPO,Farmaci da Banco (SOP/OTC),,43.41,41.69,42.31,42.69,42.21,43.17,43.37,43.55,42.46
010009603,NUROFEN INFLUENZA 12 COMPRESSE,Farmaci da Banco (SOP/OTC),,42.09,41.49,41.58,42.30,41.08,40.80,40.82,41.74,40.77
010009606,VOLTAREN EMULGEL 1% 60G,Farmaci da Banco (SOP/OTC),,21.48,20.59,22.02,22.21,20.90,22.53,21.25,20.61,22.35
010009609,VOLTAREN EMULGEL 1% 100G,Farmaci da Banco (SOP/OTC),,43.46,41.96,42.51,43.76,43.23,43.92,42.72,43.46,42.63
010009612,VOLTAREN EMULGEL 2% 100G,Farmaci da Banco (SOP/OTC),,35.54,36.33,35.63,35.45,35.17,35.07,34.56,34.62,36.14
010009615,VOLTAREN NIGHT CEROTTI,Farmaci da Banco (SOP/OTC),,21.05,21.52,21.04,20.19,21.16,19.47,20.42,19.82,19.46
010009618,ENTEROGERMINA 2 MILIARDI 10 FLACONCINI,Farmaci da Banco (SOP/OTC),,16.00,15.75,16.40,14.93,16.35,15.63,15.53,16.74,16.87
010009621,ENTEROGERMINA 2 MILIARDI 20 FLACONCINI,Farmaci da Banco (SOP/OTC),,41.75,41.11,39.99,42.08,41.43,41.61,40.59,40.51,40.36
010009624,ENTEROGERMINA 4 MILIARDI 20 FLACONCINI,Farmaci da Banco (SOP/OTC),,28.23,27.86,29.40,27.94,28.20,30.02,29.66,29.29,29.58
010009627,ENTEROGERMINA VIAGGI BUSTINE,Farmaci da Banco (SOP/OTC),,22.00,22.95,22.00,23.65,21.68,21.95,23.52,22.96,22.66
010009630,ENTEROGERMINA GONFIORE BUSTINE,Farmaci da Banco (SOP/OTC),,13.98,13.19,13.75,14.86,14.18,13.81,13.59,13.20,12.75
010009633,GAVISCON BRUCIORE 24 BUSTINE,Farmaci da Banco (SOP/OTC),,6.24,4.07,6.11,6.06,5.53,4.24,4.28,4.68,4.69
010009636,GAVISCON COMPRESSE MASTICABILI,Farmaci da Banco (SOP/OTC),,20.53,20.04,19.22,20.64,20.32,19.80,18.95,20.34,19.10
010009639,GAVISCON ADVANCE 200ML,Farmaci da Banco (SOP/OTC),,43.84,44.61,43.64,43.98,44.11,43.57,43.41,44.00,43.40
010009642,BUSCOPAN 30 COMPRESSE,Farmaci da Banco (SOP/OTC),,14.60,15.34,15.20,16.53,16.07,14.56,15.22,16.25,16.40
010009645,BUSCOPAN COMPOSITUM,Farmaci da Banco (SOP/OTC),,39.11,38.66,38.85,39.94,39.27,40.23,39.25,38.27,38.55
010009648,BUSCOPAN SUPPOSTE,Farmaci da Banco (SOP/OTC),,31.18,32.17,31.88,32.96,31.17,31.87,32.85,31.23,31.06
010009651,ASPIRINA 500MG EFFERVESCENTI,Farmaci da Banco (SOP/OTC),,6.86,7.87,7.14,7.53,7.98,7.80,7.90,8.66,6.85
010009654,ASPIRINA C 20 COMPRESSE,Farmaci da Banco (SOP/OTC),,38.74,37.55,37.38,38.34,39.18,37.10,38.63,37.38,38.05
010009657,ASPIRINA RAPID,Farmaci da Banco (SOP/OTC),,42.46,43.64,43.57,43.32,42.08,43.04,43.03,42.33,43.56
010009660,MAALOX PLUS COMPRESSE,Farmaci da Banco (SOP/OTC),,24.42,25.72,24.09,25.06,24.75,25.31,24.83,25.25,24.50
010009663,MAALOX PLUS SOSPENSIONE,Farmaci da Banco (SOP/OTC),,18.38,17.81,18.62,18.55,17.62,17.99,17.99,17.46,19.14
010009666,MAALOX REFROSS,Farmaci da Banco (SOP/OTC),,41.15,39.65,40.64,41.36,39.74,39.43,39.37,40.55,41.05
010009669,BENAGOL LIMONE 24 PASTIGLIE,Farmaci da Banco (SOP/OTC),,32.82,33.58,33.60,34.46,34.97,33.66,34.27,33.31,33.56
010009672,BENAGOL MIELE 24 PASTIGLIE,Farmaci da Banco (SOP/OTC),,22.45,22.67,22.60,23.30,23.09,22.36,22.28,21.25,22.36
010009675,BENAGOL FRAGOLA,Farmaci da Banco (SOP/OTC),,11.89,12.36,11.31,12.61,11.57,12.02,13.23,11.83,11.48
010009678,TANTUM VERDE SPRAY GOLA,Farmaci da Banco (SOP/OTC),,22.94,22.86,20.69,22.73,21.05,22.47,23.00,21.78,22.71
010009681,TANTUM VERDE COLLUTORIO,Farmaci da Banco (SOP/OTC),,27.67,26.31,26.64,27.67,26.80,26.45,28.27,28.29,26.41
010009684,TANTUM VERDE PASTIGLIE,Farmaci da Banco (SOP/OTC),,40.76,41.05,41.20,40.95,42.75,42.72,41.21,40.95,42.19
010009687,IMODIUM CAPSULE RIGIDE,Farmaci da Banco (SOP/OTC),,43.62,43.37,41.95,42.68,42.98,42.85,43.93,42.73,43.96
010009690,IMODIUM ORORISOLUBILI,Farmaci da Banco (SOP/OTC),,42.16,43.16,42.07,43.36,43.09,42.68,43.72,42.24,42.96
010009693,RINAZOLINA GOCCE NASALI,Farmaci da Banco (SOP/OTC),,31.23,32.22,32.35,31.66,31.88,32.53,31.57,32.94,32.24
010009696,RINAZOLINA SPRAY,Farmaci da Banco (SOP/OTC),,23.69,22.87,23.73,24.61,23.46,24.14,22.52,24.22,22.83
010009699,ACTIGRIP GIORNO E NOTTE,Farmaci da Banco (SOP/OTC),,14.06,15.11,15.44,15.22,13.71,15.17,13.55,14.24,14.23
010009702,ACTIGRIP TOSSE SCIROPPO,Farmaci da Banco (SOP/OTC),,38.50,40.49,38.51,40.39,38.54,40.09,39.90,40.02,39.82
010009705,PARACETAMOLO DOC 100MG 10 COMPRESSE,Farmaci da Banco (SOP/OTC),,9.20,9.98,9.44,9.75,8.80,10.16,8.17,8.07,9.45
010009708,PARACETAMOLO TEVA 100MG 10 COMPRESSE,Farmaci da Banco (SOP/OTC),,29.53,29.68,30.18,30.96,30.79,29.58,31.18,31.21,29.58
010009711,PARACETAMOLO SANDOZ 100MG 10 COMPRESSE,Farmaci da Banco (SOP/OTC),,17.26,17.02,16.99,17.93,18.35,16.48,16.81,17.60,18.64
010009714,PARACETAMOLO DOC 100MG 20 COMPRESSE,Farmaci da Banco (SOP/OTC),,31.88,31.79,30.96,32.85,32.29,32.50,32.37,32.71,31.78
010009717,PARACETAMOLO TEVA 100MG 20 COMPRESSE,Farmaci da Banco (SOP/OTC),,7.87,9.42,9.63,8.28,7.99,9.35,9.58,9.17,9.34
010009720,PARACETAMOLO SANDOZ 100MG 20 COMPRESSE,Farmaci da Banco (SOP/OTC),,28.98,29.65,29.51,28.69,30.88,30.42,29.90,29.55,28.61
010009723,PARACETAMOLO DOC 100MG 30 COMPRESSE,Farmaci da Banco (SOP/OTC),,20.78,20.91,21.71,20.92,20.56,20.85,20.53,22.22,20.73
010009726,PARACETAMOLO TEVA 100MG 30 COMPRESSE,Farmaci da Banco (SOP/OTC),,40.86,38.94,39.04,39.25,40.57,39.78,40.12,39.20,39.14
010009729,PARACETAMOLO SANDOZ 100MG 30 COMPRESSE,Farmaci da Banco (SOP/OTC),,43.57,43.83,42.79,45.06,43.79,44.56,43.28,43.71,44.22
010009732,PARACETAMOLO DOC 100MG 12 BUSTINE,Farmaci da Banco (SOP/OTC),,17.58,17.58,16.62,15.65,15.49,16.48,16.71,17.63,17.54
010009735,PARACETAMOLO TEVA 100MG 12 BUSTINE,Farmaci da Banco (SOP/OTC),,19.87,18.91,17.73,18.94,19.27,19.65,19.87,19.68,19.43
010009738,PARACETAMOLO SANDOZ 100MG 12 BUSTINE,Farmaci da Banco (SOP/OTC),,34.55,35.63,34.26,33.64,34.54,35.49,35.03,35.27,34.04
010009741,PARACETAMOLO DOC 100MG 20 BUSTINE,Farmaci da Banco (SOP/OTC),,19.74,19.42,18.94,19.79,19.64,20.77,21.04,19.94,19.16
010009744,PARACETAMOLO TEVA 100MG 20 BUSTINE,Farmaci da Banco (SOP/OTC),,28.47,27.83,27.81,28.58,28.44,26.92,27.99,28.43,26.47
010009747,PARACETAMOLO SANDOZ 100MG 20 BUSTINE,Farmaci da Banco (SOP/OTC),,7.77,7.29,6.08,7.16,5.85,6.07,6.16,6.70,6.95
010009750,PARACETAMOLO DOC 100MG SCIROPPO 150ML,Farmaci da Banco (SOP/OTC),,8.17,9.70,10.08,8.19,8.67,8.14,10.23,9.75,10.29
010009753,PARACETAMOLO TEVA 100MG SCIROPPO 150ML,Farmaci da Banco (SOP/OTC),,13.08,11.29,12.86,11.94,11.21,12.96,12.13,10.75,11.04
010009756,PARACETAMOLO SANDOZ 100MG SCIROPPO 150ML,Farmaci da Banco (SOP/OTC),,20.90,21.68,22.25,23.09,23.20,21.10,20.97,21.15,23.20
010009759,PARACETAMOLO DOC 200MG 10 COMPRESSE,Farmaci da Banco (SOP/OTC),,13.59,12.67,13.05,13.46,11.26,12.25,13.56,12.25,11.75
010009762,PARACETAMOLO TEVA 200MG 10 COMPRESSE,Farmaci da Banco (SOP/OTC),,21.47,21.93,21.35,21.53,21.62,22.46,20.79,22.57,22.76
010009765,PARACETAMOLO SANDOZ 200MG 10 COMPRESSE,Farmaci da Banco (SOP/OTC),,35.71,34.82,35.29,36.38,36.30,34.78,36.65,36.08,34.85
010009768,PARACETAMOLO DOC 200MG 20 COMPRESSE,Farmaci da Banco (SOP/OTC),,21.24,21.13,21.17,21.36,21.40,22.37,21.29,21.04,22.47
010009771,PARACETAMOLO TEVA 200MG 20 COMPRESSE,Farmaci da Banco (SOP/OTC),,30.97,31.55,31.30,29.43,29.54,29.94,29.69,30.57,30.84
010009774,PARACETAMOLO SANDOZ 200MG 20 COMPRESSE,Farmaci da Banco (SOP/OTC),,38.57,39.34,39.41,38.11,37.29,37.28,38.53,38.98,38.23
010009777,PARACETAMOLO DOC 200MG 30 COMPRESSE,Farmaci da Banco (SOP/OTC),,17.08,16.05,15.91,15.98,17.68,16.36,18.06,17.68,17.89
010009780,PARACETAMOLO TEVA 200MG 30 COMPRESSE,Farmaci da Banco (SOP/OTC),,34.68,35.97,35.25,35.48,36.30,36.02,35.97,35.27,35.37
010009783,PARACETAMOLO SANDOZ 200MG 30 COMPRESSE,Farmaci da Banco (SOP/OTC),,17.92,17.90,18.28,18.09,18.95,19.09,17.05,18.60,19.05
010009786,PARACETAMOLO DOC 200MG 12 BUSTINE,Farmaci da Banco (SOP/OTC),,19.73,19.40,18.10,18.03,18.03,19.05,18.61,19.38,18.05
010009789,PARACETAMOLO TEVA 200MG 12 BUSTINE,Farmaci da Banco (SOP/OTC),,5.80,4.72,5.12,5.06,5.69,5.03,4.43,5.04,4.98
010009792,PARACETAMOLO SANDOZ 200MG 12 BUSTINE,Farmaci da Banco (SOP/OTC),,41.01,42.76,40.86,42.95,40.93,41.03,41.93,43.08,41.11
010009795,PARACETAMOLO DOC 200MG 20 BUSTINE,Farmaci da Banco (SOP/OTC),,30.39,28.67,30.17,30.36,30.82,30.45,28.89,29.23,29.12
010009798,PARACETAMOLO TEVA 200MG 20 BUSTINE,Farmaci da Banco (SOP/OTC),,9.59,10.90,10.94,9.83,11.26,10.59,9.58,11.31,10.16
010009801,PARACETAMOLO SANDOZ 200MG 20 BUSTINE,Farmaci da Banco (SOP/OTC),,11.29,11.79,12.19,11.03,10.81,10.67,11.90,11.40,10.58
010009804,PARACETAMOLO DOC 200MG SCIROPPO 150ML,Farmaci da Banco (SOP/OTC),,15.69,15.77,16.29,16.07,15.14,16.68,16.37,16.52,15.09
010009807,PARACETAMOLO TEVA 200MG SCIROPPO 150ML,Farmaci da Banco (SOP/OTC),,18.30,18.18,18.34,17.47,19.02,17.77,17.14,19.07,18.07
010009810,PARACETAMOLO SANDOZ 200MG SCIROPPO 150ML,Farmaci da Banco (SOP/OTC),,27.41,27.97,28.33,27.24,28.76,28.00,28.90,26.75,27.98
010009813,PARACETAMOLO DOC 400MG 10 COMPRESSE,Farmaci da Banco (SOP/OTC),,36.03,34.17,35.83,35.86,34.74,35.93,35.83,34.65,34.43
010009816,PARACETAMOLO TEVA 400MG 10 COMPRESSE,Farmaci da Banco (SOP/OTC),,12.15,13.00,13.70,13.36,14.06,12.71,13.64,12.63,12.63
010009819,PARACETAMOLO SANDOZ 400MG 10 COMPRESSE,Farmaci da Banco (SOP/OTC),,26.38,28.30,28.06,26.39,27.47,27.04,27.31,27.78,27.64
010009822,PARACETAMOLO DOC 400MG 20 COMPRESSE,Farmaci da Banco (SOP/OTC),,12.49,11.56,12.03,11.94,11.73,11.42,12.57,11.84,12.90
010009825,PARACETAMOLO TEVA 400MG 20 COMPRESSE,Farmaci da Banco (SOP/OTC),,29.81,29.63,31.25,30.73,30.75,31.46,29.85,30.45,30.21
010009828,PARACETAMOLO SANDOZ 400MG 20 COMPRESSE,Farmaci da Banco (SOP/OTC),,11.61,9.39,10.84,9.88,9.96,10.29,11.38,9.68,9.64
010009831,PARACETAMOLO DOC 400MG 30 COMPRESSE,Farmaci da Banco (SOP/OTC),,24.65,25.73,25.85,24.28,26.04,24.16,25.31,24.00,25.23
010009834,PARACETAMOLO TEVA 400MG 30 COMPRESSE,Farmaci da Banco (SOP/OTC),,27.99,28.60,29.90,28.49,28.35,28.77,29.88,29.58,29.91
010009837,PARACETAMOLO SANDOZ 400MG 30 COMPRESSE,Farmaci da Banco (SOP/OTC),,45.16,45.45,44.87,43.64,43.92,44.56,44.14,45.82,44.68
010009840,PARACETAMOLO DOC 400MG 12 BUSTINE,Farmaci da Banco (SOP/OTC),,43.10,43.67,43.65,43.66,43.79,43.87,44.83,44.31,43.74
010009843,PARACETAMOLO TEVA 400MG 12 BUSTINE,Farmaci da Banco (SOP/OTC),,18.24,20.01,19.80,18.81,19.09,19.54,20.39,18.52,18.54
010009846,PARACETAMOLO SANDOZ 400MG 12 BUSTINE,Farmaci da Banco (SOP/OTC),,29.43,29.47,28.38,27.69,29.17,27.81,28.15,29.04,28.75
010009849,PARACETAMOLO DOC 400MG 20 BUSTINE,Farmaci da Banco (SOP/OTC),,33.12,34.30,32.68,32.84,34.33,33.60,33.35,32.68,32.42
010009852,PARACETAMOLO TEVA 400MG 20 BUSTINE,Farmaci da Banco (SOP/OTC),,5.84,6.47,4.98,4.76,5.41,5.81,4.92,4.75,6.58
010009855,PARACETAMOLO SANDOZ 400MG 20 BUSTINE,Farmaci da Banco (SOP/OTC),,34.89,35.46,36.49,35.17,35.80,36.80,35.25,34.86,36.25
010009858,PARACETAMOLO DOC 400MG SCIROPPO 150ML,Farmaci da Banco (SOP/OTC),,11.03,11.33,11.92,11.56,12.67,11.28,13.23,12.25,12.55
010009861,PARACETAMOLO TEVA 400MG SCIROPPO 150ML,Farmaci da Banco (SOP/OTC),,28.41,28.15,29.05,29.73,28.07,29.28,27.74,28.29,28.53
010009864,PARACETAMOLO SANDOZ 400MG SCIROPPO 150ML,Farmaci da Banco (SOP/OTC),,41.44,40.23,40.00,41.14,40.25,41.17,40.45,40.99,40.41
010009867,PARACETAMOLO DOC 500MG 10 COMPRESSE,Farmaci da Banco (SOP/OTC),,35.06,35.90,34.04,35.22,35.73,34.67,34.71,33.90,35.39
010009870,PARACETAMOLO TEVA 500MG 10 COMPRESSE,Farmaci da Banco (SOP/OTC),,41.19,39.24,39.58,39.43,39.30,41.32,39.61,40.56,39.30
010009873,PARACETAMOLO SANDOZ 500MG 10 COMPRESSE,Farmaci da Banco (SOP/OTC),,33.25,34.45,33.04,34.19,35.12,33.33,34.67,33.61,35.11
010009876,PARACETAMOLO DOC 500MG 20 COMPRESSE,Farmaci da Banco (SOP/OTC),,27.40,27.48,28.31,26.76,27.46,27.40,28.64,27.03,28.53
010009879,PARACETAMOLO TEVA 500MG 20 COMPRESSE,Farmaci da Banco (SOP/OTC),,35.98,37.11,36.02,36.93,37.07,37.07,35.90,37.22,35.15
010009882,PARACETAMOLO SANDOZ 500MG 20 COMPRESSE,Farmaci da Banco (SOP/OTC),,28.45,26.39,26.88,28.28,26.53,28.48,28.46,26.79,28.14
010009885,PARACETAMOLO DOC 500MG 30 COMPRESSE,Farmaci da Banco (SOP/OTC),,26.70,27.60,28.14,27.58,27.40,27.88,27.52,25.99,27.53
010009888,PARACETAMOLO TEVA 500MG 30 COMPRESSE,Farmaci da Banco (SOP/OTC),,40.27,39.05,39.38,40.85,40.84,39.49,41.18,39.84,40.35
010009891,PARACETAMOLO SANDOZ 500MG 30 COMPRESSE,Farmaci da Banco (SOP/OTC),,39.34,39.61,39.51,39.83,40.16,39.54,40.83,38.51,40.78
010009894,PARACETAMOLO DOC 500MG 12 BUSTINE,Farmaci da Banco (SOP/OTC),,44.91,44.44,42.93,42.98,44.32,43.81,45.13,43.71,44.71
010009897,PARACETAMOLO TEVA 500MG 12 BUSTINE,Farmaci da Banco (SOP/OTC),,4.03,5.06,4.28,4.60,3.99,5.86,5.48,4.99,5.80
010009900,PARACETAMOLO SANDOZ 500MG 12 BUSTINE,Farmaci da Banco (SOP/OTC),,36.05,36.15,36.82,37.83,37.67,37.00,36.40,36.93,36.23
010009903,PARACETAMOLO DOC 500MG 20 BUSTINE,Farmaci da Banco (SOP/OTC),,45.15,45.38,45.41,43.26,45.47,44.79,43.45,44.20,44.68
010009906,PARACETAMOLO TEVA 500MG 20 BUSTINE,Farmaci da Banco (SOP/OTC),,24.86,26.07,24.93,26.13,25.83,25.10,25.04,25.26,25.60
010009909,PARACETAMOLO SANDOZ 500MG 20 BUSTINE,Farmaci da Banco (SOP/OTC),,20.38,22.35,21.34,20.50,20.42,21.76,20.39,21.07,22.48
010009912,PARACETAMOLO DOC 500MG SCIROPPO 150ML,Farmaci da Banco (SOP/OTC),,42.28,43.13,42.15,40.95,41.38,41.42,42.58,42.89,42.40
010009915,PARACETAMOLO TEVA 500MG SCIROPPO 150ML,Farmaci da Banco (SOP/OTC),,38.93,40.91,40.42,40.64,39.40,40.13,41.02,40.34,40.48
010009918,PARACETAMOLO SANDOZ 500MG SCIROPPO 150ML,Farmaci da Banco (SOP/OTC),,8.43,10.01,8.50,9.81,8.71,8.73,8.53,9.39,9.42
010009921,PARACETAMOLO DOC 1000MG 10 COMPRESSE,Farmaci da Banco (SOP/OTC),,33.36,33.91,32.95,33.04,32.68,32.92,33.83,32.89,32.94
010009924,PARACETAMOLO TEVA 1000MG 10 COMPRESSE,Farmaci da Banco (SOP/OTC),,45.75,44.73,43.70,43.97,43.42,44.84,43.96,44.44,43.69
010009927,PARACETAMOLO SANDOZ 1000MG 10 COMPRESSE,Farmaci da Banco (SOP/OTC),,45.02,45.46,44.08,43.48,44.05,45.78,44.88,44.95,45.13
010009930,PARACETAMOLO DOC 1000MG 20 COMPRESSE,Farmaci da Banco (SOP/OTC),,8.49,8.83,7.96,7.43,9.12,9.57,9.53,9.43,9.26
010009933,PARACETAMOLO TEVA 1000MG 20 COMPRESSE,Farmaci da Banco (SOP/OTC),,41.54,43.44,41.59,42.71,43.19,43.46,43.56,42.77,42.98
010009936,PARACETAMOLO SANDOZ 1000MG 20 COMPRESSE,Farmaci da Banco (SOP/OTC),,5.79,5.90,5.41,4.86,4.57,4.54,5.46,4.13,5.07
010009939,PARACETAMOLO DOC 1000MG 30 COMPRESSE,Farmaci da Banco (SOP/OTC),,15.33,13.26,15.08,15.37,13.16,14.73,15.02,14.60,14.05
010009942,PARACETAMOLO TEVA 1000MG 30 COMPRESSE,Farmaci da Banco (SOP/OTC),,27.66,26.80,27.79,28.26,27.81,27.16,26.20,27.58,26.65
010009945,PARACETAMOLO SANDOZ 1000MG 30 COMPRESSE,Farmaci da Banco (SOP/OTC),,37.87,37.87,39.24,39.53,38.81,38.32,38.35,39.38,37.83
010009948,PARACETAMOLO DOC 1000MG 12 BUSTINE,Farmaci da Banco (SOP/OTC),,26.22,25.88,24.83,25.99,25.28,25.35,25.02,25.92,24.98
010009951,PARACETAMOLO TEVA 1000MG 12 BUSTINE,Farmaci da Banco (SOP/OTC),,38.49,39.05,39.56,40.32,39.18,39.49,39.46,39.13,38.81
010009954,PARACETAMOLO SANDOZ 1000MG 12 BUSTINE,Farmaci da Banco (SOP/OTC),,16.68,17.89,16.39,16.66,17.45,16.33,17.57,18.01,18.19
010009957,PARACETAMOLO DOC 1000MG 20 BUSTINE,Farmaci da Banco (SOP/OTC),,28.51,27.88,26.37,26.46,27.16,26.93,28.27,26.99,28.00
010009960,PARACETAMOLO TEVA 1000MG 20 BUSTINE,Farmaci da Banco (SOP/OTC),,19.86,20.13,20.54,18.25,19.34,20.52,18.86,18.31,19.94
010009963,PARACETAMOLO SANDOZ 1000MG 20 BUSTINE,Farmaci da Banco (SOP/OTC),,24.07,23.52,24.21,24.67,22.94,23.34,24.00,23.91,23.98
010009966,PARACETAMOLO DOC 1000MG SCIROPPO 150ML,Farmaci da Banco (SOP/OTC),,21.27,22.73,22.87,21.21,22.41,21.55,21.60,21.80,22.76
010009969,PARACETAMOLO TEVA 1000MG SCIROPPO 150ML,Farmaci da Banco (SOP/OTC),,36.72,36.64,37.92,37.74,37.42,37.11,36.96,38.06,37.59
010009972,PARACETAMOLO SANDOZ 1000MG SCIROPPO 150ML,Farmaci da Banco (SOP/OTC),,32.12,32.19,31.82,31.85,30.89,31.15,30.44,30.56,30.91
010009975,IBUPROFENE DOC 100MG 10 COMPRESSE,Farmaci da Banco (SOP/OTC),,30.65,31.75,31.51,31.19,31.37,30.66,30.74,30.62,32.07
010009978,IBUPROFENE TEVA 100MG 10 COMPRESSE,Farmaci da Banco (SOP/OTC),,9.15,9.07,7.34,7.12,7.55,8.54,8.71,9.08,8.02
010009981,IBUPROFENE SANDOZ 100MG 10 COMPRESSE,Farmaci da Banco (SOP/OTC),,15.59,15.25,14.81,14.93,15.31,14.62,14.90,15.97,15.84
010009984,IBUPROFENE DOC 100MG 20 COMPRESSE,Farmaci da Banco (SOP/OTC),,6.31,6.76,5.99,6.96,6.61,6.69,5.43,7.23,5.87
010009987,IBUPROFENE TEVA 100MG 20 COMPRESSE,Farmaci da Banco (SOP/OTC),,36.66,38.02,36.70,38.37,36.86,37.72,38.41,36.37,37.32
010009990,IBUPROFENE SANDOZ 100MG 20 COMPRESSE,Farmaci da Banco (SOP/OTC),,18.69,20.02,18.67,20.37,18.91,19.68,18.69,20.53,19.62
010009993,IBUPROFENE DOC 100MG 30 COMPRESSE,Farmaci da Banco (SOP/OTC),,35.56,34.59,33.85,34.93,33.89,34.92,34.64,34.73,36.15
010009996,IBUPROFENE TEVA 100MG 30 COMPRESSE,Farmaci da Banco (SOP/OTC),,18.20,18.40,17.52,18.52,18.89,19.22,17.75,19.07,17.71
010009999,IBUPROFENE SANDOZ 100MG 30 COMPRESSE,Farmaci da Banco (SOP/OTC),,14.34,13.31,12.62,14.36,13.21,12.76,14.30,13.53,12.18
010010002,IBUPROFENE DOC 100MG 12 BUSTINE,Farmaci da Banco (SOP/OTC),,18.12,18.27,16.65,18.32,16.93,17.38,17.73,17.28,17.98
010010005,IBUPROFENE TEVA 100MG 12 BUSTINE,Farmaci da Banco (SOP/OTC),,41.79,41.64,41.56,42.69,41.87,43.15,42.68,42.32,41.56
010010008,IBUPROFENE SANDOZ 100MG 12 BUSTINE,Farmaci da Banco (SOP/OTC),,34.50,33.71,34.16,34.03,33.93,33.27,34.20,34.44,34.63
010010011,IBUPROFENE DOC 100MG 20 BUSTINE,Farmaci da Banco (SOP/OTC),,19.35,20.54,19.62,21.09,19.98,20.70,18.89,19.45,20.87
010010014,IBUPROFENE TEVA 100MG 20 BUSTINE,Farmaci da Banco (SOP/OTC),,8.40,8.36,8.77,8.74,7.58,7.49,7.80,8.50,7.54
010010017,IBUPROFENE SANDOZ 100MG 20 BUSTINE,Farmaci da Banco (SOP/OTC),,26.57,25.50,26.11,27.00,25.60,27.42,26.22,27.03,25.97
010010020,IBUPROFENE DOC 100MG SCIROPPO 150ML,Farmaci da Banco (SOP/OTC),,30.20,30.62,28.91,30.75,29.42,30.30,30.76,29.49,29.73
010010023,IBUPROFENE TEVA 100MG SCIROPPO 150ML,Farmaci da Banco (SOP/OTC),,42.22,41.88,41.29,43.21,42.18,41.48,42.59,41.44,41.82
010010026,IBUPROFENE SANDOZ 100MG SCIROPPO 150ML,Farmaci da Banco (SOP/OTC),,4.36,5.83,5.83,4.76,5.40,4.30,6.28,6.07,6.17
010010029,IBUPROFENE DOC 200MG 10 COMPRESSE,Farmaci da Banco (SOP/OTC),,17.50,18.84,16.90,16.99,17.55,17.36,18.93,18.43,18.91
010010032,IBUPROFENE TEVA 200MG 10 COMPRESSE,Farmaci da Banco (SOP/OTC),,25.74,25.52,27.41,25.52,27.80,27.16,27.36,25.76,26.89
010010035,IBUPROFENE SANDOZ 200MG 10 COMPRESSE,Farmaci da Banco (SOP/OTC),,4.88,5.30,5.58,5.76,5.78,5.71,4.31,4.99,4.33
010010038,IBUPROFENE DOC 200MG 20 COMPRESSE,Farmaci da Banco (SOP/OTC),,5.73,4.56,4.01,5.18,5.11,6.07,4.78,5.81,6.06
010010041,IBUPROFENE TEVA 200MG 20 COMPRESSE,Farmaci da Banco (SOP/OTC),,12.95,13.96,12.81,13.08,14.39,13.60,13.36,12.97,12.80
010010044,IBUPROFENE SANDOZ 200MG 20 COMPRESSE,Farmaci da Banco (SOP/OTC),,31.41,31.38,31.25,31.45,32.00,30.73,31.69,32.00,32.80
010010047,IBUPROFENE DOC 200MG 30 COMPRESSE,Farmaci da Banco (SOP/OTC),,20.01,20.67,19.23,20.32,18.42,18.35,19.89,19.37,20.07
010010050,IBUPROFENE TEVA 200MG 30 COMPRESSE,Farmaci da Banco (SOP/OTC),,36.44,38.72,36.86,38.34,38.82,37.21,38.00,38.36,38.45
010010053,IBUPROFENE SANDOZ 200MG 30 COMPRESSE,Farmaci da Banco (SOP/OTC),,34.86,34.96,35.03,34.89,35.80,35.33,35.77,34.68,36.27
010010056,IBUPROFENE DOC 200MG 12 BUSTINE,Farmaci da Banco (SOP/OTC),,33.13,33.05,31.37,31.88,32.29,31.76,32.56,32.73,33.14
010010059,IBUPROFENE TEVA 200MG 12 BUSTINE,Farmaci da Banco (SOP/OTC),,42.17,43.95,42.54,41.94,43.22,43.47,43.98,42.44,42.27
010010062,IBUPROFENE SANDOZ 200MG 12 BUSTINE,Farmaci da Banco (SOP/OTC),,22.95,24.70,23.61,22.69,24.05,23.63,22.49,22.44,24.20
010010065,IBUPROFENE DOC 200MG 20 BUSTINE,Farmaci da Banco (SOP/OTC),,11.77,9.86,11.66,10.51,11.17,10.82,9.76,9.98,10.76
010010068,IBUPROFENE TEVA 200MG 20 BUSTINE,Farmaci da Banco (SOP/OTC),,42.81,44.38,44.51,42.55,44.54,43.93,43.46,44.56,42.25
010010071,IBUPROFENE SANDOZ 200MG 20 BUSTINE,Farmaci da Banco (SOP/OTC),,42.52,43.03,42.26,43.21,43.12,42.80,41.62,42.60,41.64
010010074,IBUPROFENE DOC 200MG SCIROPPO 150ML,Farmaci da Banco (SOP/OTC),,24.93,24.61,23.83,24.08,25.73,25.28,25.64,23.64,25.77
010010077,IBUPROFENE TEVA 200MG SCIROPPO 150ML,Farmaci da Banco (SOP/OTC),,41.83,41.35,41.84,41.63,41.26,41.68,41.61,41.49,42.17
010010080,IBUPROFENE SANDOZ 200MG SCIROPPO 150ML,Farmaci da Banco (SOP/OTC),,9.37,9.37,9.38,10.73,10.77,11.01,10.32,9.85,10.16
010010083,IBUPROFENE DOC 400MG 10 COMPRESSE,Farmaci da Banco (SOP/OTC),,7.67,6.71,8.18,8.12,8.67,6.62,7.79,7.43,6.98
010010086,IBUPROFENE TEVA 400MG 10 COMPRESSE,Farmaci da Banco (SOP/OTC),,36.95,37.33,35.23,37.51,37.38,36.98,36.46,36.64,37.18
010010089,IBUPROFENE SANDOZ 400MG 10 COMPRESSE,Farmaci da Banco (SOP/OTC),,16.27,15.08,16.29,14.77,14.51,14.34,16.13,15.39,15.27
010010092,IBUPROFENE DOC 400MG 20 COMPRESSE,Farmaci da Banco (SOP/OTC),,41.09,41.61,42.11,40.49,39.95,41.48,41.94,42.27,41.64
010010095,IBUPROFENE TEVA 400MG 20 COMPRESSE,Farmaci da Banco (SOP/OTC),,17.96,17.80,17.00,17.37,17.27,18.77,17.35,19.02,18.08
010010098,IBUPROFENE SANDOZ 400MG 20 COMPRESSE,Farmaci da Banco (SOP/OTC),,24.97,26.23,24.14,25.63,25.58,24.92,26.00,24.72,25.34
010010101,IBUPROFENE DOC 400MG 30 COMPRESSE,Farmaci da Banco (SOP/OTC),,31.80,31.85,32.69,32.54,33.42,32.20,33.14,31.65,33.02
010010104,IBUPROFENE TEVA 400MG 30 COMPRESSE,Farmaci da Banco (SOP/OTC),,36.84,35.24,36.08,37.11,36.31,36.14,35.87,36.05,36.00
010010107,IBUPROFENE SANDOZ 400MG 30 COMPRESSE,Farmaci da Banco (SOP/OTC),,31.94,31.38,32.10,32.26,31.81,31.15,30.21,31.37,31.35
010010110,IBUPROFENE DOC 400MG 12 BUSTINE,Farmaci da Banco (SOP/OTC),,20.71,21.10,20.03,21.36,21.50,21.06,20.10,20.66,21.67
010010113,IBUPROFENE TEVA 400MG 12 BUSTINE,Farmaci da Banco (SOP/OTC),,36.80,37.56,36.81,37.86,38.65,37.70,37.10,38.80,38.31
010010116,IBUPROFENE SANDOZ 400MG 12 BUSTINE,Farmaci da Banco (SOP/OTC),,27.72,27.14,27.13,26.77,27.05,28.43,26.77,27.59,27.06
010010119,IBUPROFENE DOC 400MG 20 BUSTINE,Farmaci da Banco (SOP/OTC),,26.86,27.69,26.84,28.06,28.35,26.55,26.31,26.72,27.01
010010122,IBUPROFENE TEVA 400MG 20 BUSTINE,Farmaci da Banco (SOP/OTC),,26.38,25.49,26.48,25.83,27.22,26.41,25.94,26.04,26.31
010010125,IBUPROFENE SANDOZ 400MG 20 BUSTINE,Farmaci da Banco (SOP/OTC),,36.61,37.93,37.41,36.58,37.33,36.49,36.69,37.16,36.64
010010128,IBUPROFENE DOC 400MG SCIROPPO 150ML,Farmaci da Banco (SOP/OTC),,29.35,28.31,29.57,29.22,30.14,29.25,28.39,29.43,29.81
010010131,IBUPROFENE TEVA 400MG SCIROPPO 150ML,Farmaci da Banco (SOP/OTC),,4.28,5.19,4.66,5.39,4.42,5.06,4.15,4.45,3.65
010010134,IBUPROFENE SANDOZ 400MG SCIROPPO 150ML,Farmaci da Banco (SOP/OTC),,21.35,21.95,20.90,22.35,21.44,20.89,21.05,21.98,20.82
010010137,IBUPROFENE DOC 500MG 10 COMPRESSE,Farmaci da Banco (SOP/OTC),,29.76,29.53,30.85,30.58,29.20,30.53,29.64,29.51,29.50
010010140,IBUPROFENE TEVA 500MG 10 COMPRESSE,Farmaci da Banco (SOP/OTC),,18.08,16.79,17.77,18.51,16.92,16.69,18.73,17.76,18.78
010010143,IBUPROFENE SANDOZ 500MG 10 COMPRESSE,Farmaci da Banco (SOP/OTC),,10.56,10.32,12.57,10.81,11.65,12.08,11.43,11.03,12.28
010010146,IBUPROFENE DOC 500MG 20 COMPRESSE,Farmaci da Banco (SOP/OTC),,33.72,33.42,33.22,34.52,32.98,33.37,33.23,33.11,33.36
010010149,IBUPROFENE TEVA 500MG 20 COMPRESSE,Farmaci da Banco (SOP/OTC),,37.20,37.23,35.36,36.12,36.06,35.77,35.54,35.72,35.39
010010152,IBUPROFENE SANDOZ 500MG 20 COMPRESSE,Farmaci da Banco (SOP/OTC),,24.86,24.76,23.69,23.57,22.68,23.11,22.74,24.43,24.66
010010155,IBUPROFENE DOC 500MG 30 COMPRESSE,Farmaci da Banco (SOP/OTC),,44.52,45.49,44.24,44.56,44.52,45.10,45.35,44.23,43.42
010010158,IBUPROFENE TEVA 500MG 30 COMPRESSE,Farmaci da Banco (SOP/OTC),,30.24,29.69,30.66,30.70,29.94,29.30,30.53,30.56,30.38
010010161,IBUPROFENE SANDOZ 500MG 30 COMPRESSE,Farmaci da Banco (SOP/OTC),,23.58,22.83,24.39,24.17,23.28,22.85,24.45,24.66,24.44
010010164,IBUPROFENE DOC 500MG 12 BUSTINE,Farmaci da Banco (SOP/OTC),,31.12,31.48,30.69,31.28,31.51,32.11,31.91,31.44,31.42
010010167,IBUPROFENE TEVA 500MG 12 BUSTINE,Farmaci da Banco (SOP/OTC),,9.95,11.83,10.41,11.41,11.58,11.24,9.90,11.13,11.74
010010170,IBUPROFENE SANDOZ 500MG 12 BUSTINE,Farmaci da Banco (SOP/OTC),,33.65,33.04,34.13,34.88,34.52,33.59,32.93,32.78,33.59
010010173,IBUPROFENE DOC 500MG 20 BUSTINE,Farmaci da Banco (SOP/OTC),,36.81,34.91,35.14,34.70,36.16,35.46,35.50,34.92,36.26
010010176,IBUPROFENE TEVA 500MG 20 BUSTINE,Farmaci da Banco (SOP/OTC),,42.16,41.72,40.59,41.10,42.24,41.24,40.58,41.99,40.79
010010179,IBUPROFENE SANDOZ 500MG 20 BUSTINE,Farmaci da Banco (SOP/OTC),,12.09,12.71,13.17,11.92,12.76,11.65,12.34,12.87,13.33
010010182,IBUPROFENE DOC 500MG SCIROPPO 150ML,Farmaci da Banco (SOP/OTC),,29.47,29.97,28.72,29.76,29.44,29.71,29.80,30.13,29.03
010010185,IBUPROFENE TEVA 500MG SCIROPPO 150ML,Farmaci da Banco (SOP/OTC),,39.19,40.63,38.66,40.04,39.34,38.60,40.11,38.66,39.06
010010188,IBUPROFENE SANDOZ 500MG SCIROPPO 150ML,Farmaci da Banco (SOP/OTC),,37.63,36.69,37.54,36.82,37.80,38.18,37.21,38.04,38.29
010010191,IBUPROFENE DOC 1000MG 10 COMPRESSE,Farmaci da Banco (SOP/OTC),,12.59,13.14,11.29,11.70,12.77,12.99,13.15,10.88,11.49
010010194,IBUPROFENE TEVA 1000MG 10 COMPRESSE,Farmaci da Banco (SOP/OTC),,8.11,7.37,7.83,7.56,7.92,8.99,8.37,8.37,7.28
010010197,IBUPROFENE SANDOZ 1000MG 10 COMPRESSE,Farmaci da Banco (SOP/OTC),,24.60,22.40,23.67,24.09,24.15,23.01,24.02,22.78,23.66
010010200,IBUPROFENE DOC 1000MG 20 COMPRESSE,Farmaci da Banco (SOP/OTC),,19.30,20.57,21.09,19.85,19.28,21.10,19.63,20.86,19.64
010010203,IBUPROFENE TEVA 1000MG 20 COMPRESSE,Farmaci da Banco (SOP/OTC),,36.66,36.31,35.49,35.32,35.09,36.21,37.26,36.39,36.25
010010206,IBUPROFENE SANDOZ 1000MG 20 COMPRESSE,Farmaci da Banco (SOP/OTC),,7.74,9.73,8.54,8.49,9.05,8.83,9.50,7.44,8.86
010010209,IBUPROFENE DOC 1000MG 30 COMPRESSE,Farmaci da Banco (SOP/OTC),,16.26,16.09,15.32,14.07,15.25,15.21,15.99,16.17,15.86
010010212,IBUPROFENE TEVA 1000MG 30 COMPRESSE,Farmaci da Banco (SOP/OTC),,39.74,40.04,39.54,40.84,41.24,40.93,40.50,40.26,39.51
010010215,IBUPROFENE SANDOZ 1000MG 30 COMPRESSE,Farmaci da Banco (SOP/OTC),,33.85,33.52,33.50,34.14,35.28,35.22,34.13,34.62,35.71
010010218,IBUPROFENE DOC 1000MG 12 BUSTINE,Farmaci da Banco (SOP/OTC),,21.31,19.96,20.16,21.16,21.48,20.94,20.05,21.08,19.65
010010221,IBUPROFENE TEVA 1000MG 12 BUSTINE,Farmaci da Banco (SOP/OTC),,30.75,29.74,29.81,31.96,31.80,30.70,30.11,31.38,32.05
010010224,IBUPROFENE SANDOZ 1000MG 12 BUSTINE,Farmaci da Banco (SOP/OTC),,38.11,36.19,37.57,37.88,35.99,36.03,37.58,37.39,38.17
010010227,IBUPROFENE DOC 1000MG 20 BUSTINE,Farmaci da Banco (SOP/OTC),,28.71,28.27,28.17,27.92,28.23,27.89,28.09,27.11,28.27
010010230,IBUPROFENE TEVA 1000MG 20 BUSTINE,Farmaci da Banco (SOP/OTC),,7.35,6.70,7.49,7.87,6.75,7.63,6.12,6.40,7.73
010010233,IBUPROFENE SANDOZ 1000MG 20 BUSTINE,Farmaci da Banco (SOP/OTC),,10.91,10.19,9.05,10.50,9.44,9.91,9.59,10.34,11.08
010010236,IBUPROFENE DOC 1000MG SCIROPPO 150ML,Farmaci da Banco (SOP/OTC),,26.54,26.50,27.39,27.63,27.73,26.28,26.38,27.19,27.36
010010239,IBUPROFENE TEVA 1000MG SCIROPPO 150ML,Farmaci da Banco (SOP/OTC),,17.29,16.99,16.85,16.69,16.65,16.73,15.51,17.11,15.67
010010242,IBUPROFENE SANDOZ 1000MG SCIROPPO 150ML,Farmaci da Banco (SOP/OTC),,44.81,44.46,44.37,43.30,42.78,44.78,44.97,43.69,42.94
010010245,KETOPROFENE DOC 100MG 10 COMPRESSE,Farmaci da Banco (SOP/OTC),,12.03,13.19,13.66,14.30,12.59,13.93,12.55,12.85,13.37
010010248,KETOPROFENE TEVA 100MG 10 COMPRESSE,Farmaci da Banco (SOP/OTC),,22.15,22.21,23.11,23.18,21.53,23.19,23.07,23.06,23.23
010010251,KETOPROFENE SANDOZ 100MG 10 COMPRESSE,Farmaci da Banco (SOP/OTC),,12.69,14.68,13.68,14.47,13.88,14.30,14.82,13.85,12.77
010010254,KETOPROFENE DOC 100MG 20 COMPRESSE,Farmaci da Banco (SOP/OTC),,34.19,34.60,32.51,33.13,34.08,34.09,34.46,34.80,32.95
010010257,KETOPROFENE TEVA 100MG 20 COMPRESSE,Farmaci da Banco (SOP/OTC),,17.41,17.67,19.06,19.32,17.33,18.91,17.79,19.44,17.95
010010260,KETOPROFENE SANDOZ 100MG 20 COMPRESSE,Farmaci da Banco (SOP/OTC),,10.94,10.42,10.62,12.47,12.19,10.77,11.35,10.60,12.49
010010263,KETOPROFENE DOC 100MG 30 COMPRESSE,Farmaci da Banco (SOP/OTC),,14.28,15.35,15.12,15.30,13.69,13.91,15.19,15.28,14.42
010010266,KETOPROFENE TEVA 100MG 30 COMPRESSE,Farmaci da Banco (SOP/OTC),,7.35,7.90,7.25,8.18,8.19,6.26,8.11,7.88,7.26
010010269,KETOPROFENE SANDOZ 100MG 30 COMPRESSE,Farmaci da Banco (SOP/OTC),,37.18,37.67,37.64,37.27,37.10,35.88,36.11,37.83,37.96
010010272,KETOPROFENE DOC 100MG 12 BUSTINE,Farmaci da Banco (SOP/OTC),,29.70,30.24,30.53,31.90,31.04,31.77,30.58,30.17,30.63
010010275,KETOPROFENE TEVA 100MG 12 BUSTINE,Farmaci da Banco (SOP/OTC),,5.87,5.02,5.75,4.78,5.43,4.92,4.96,5.33,5.66
010010278,KETOPROFENE SANDOZ 100MG 12 BUSTINE,Farmaci da Banco (SOP/OTC),,41.42,40.79,41.48,42.59,42.14,41.89,42.85,40.83,40.81
010010281,KETOPROFENE DOC 100MG 20 BUSTINE,Farmaci da Banco (SOP/OTC),,39.41,39.84,41.01,41.40,40.54,40.57,40.64,40.75,39.52
010010284,KETOPROFENE TEVA 100MG 20 BUSTINE,Farmaci da Banco (SOP/OTC),,39.83,40.65,39.79,40.05,39.99,39.48,41.54,39.81,41.21
010010287,KETOPROFENE SANDOZ 100MG 20 BUSTINE,Farmaci da Banco (SOP/OTC),,38.26,39.26,38.77,38.72,37.46,37.22,37.40,39.01,37.94
010010290,KETOPROFENE DOC 100MG SCIROPPO 150ML,Farmaci da Banco (SOP/OTC),,18.63,19.62,20.09,20.48,18.87,18.64,19.25,18.46,18.57
010010293,KETOPROFENE TEVA 100MG SCIROPPO 150ML,Farmaci da Banco (SOP/OTC),,20.50,21.62,22.21,22.75,21.66,22.40,21.30,21.59,22.45
010010296,KETOPROFENE SANDOZ 100MG SCIROPPO 150ML,Farmaci da Banco (SOP/OTC),,29.17,29.65,28.80,29.64,30.22,30.65,29.97,29.86,30.44
010010299,KETOPROFENE DOC 200MG 10 COMPRESSE,Farmaci da Banco (SOP/OTC),,9.47,9.20,9.80,10.28,8.80,9.70,10.01,9.53,9.81
010010302,KETOPROFENE TEVA 200MG 10 COMPRESSE,Farmaci da Banco (SOP/OTC),,14.87,15.92,15.00,15.88,14.51,14.59,15.05,15.00,15.03
010010305,KETOPROFENE SANDOZ 200MG 10 COMPRESSE,Farmaci da Banco (SOP/OTC),,39.77,38.95,37.91,38.71,39.79,38.18,37.72,39.07,39.81
010010308,KETOPROFENE DOC 200MG 20 COMPRESSE,Farmaci da Banco (SOP/OTC),,29.94,31.18,30.97,29.74,29.45,30.45,30.23,30.61,30.21
010010311,KETOPROFENE TEVA 200MG 20 COMPRESSE,Farmaci da Banco (SOP/OTC),,8.06,6.10,8.35,8.10,6.68,7.92,6.54,6.47,6.56
010010314,KETOPROFENE SANDOZ 200MG 20 COMPRESSE,Farmaci da Banco (SOP/OTC),,35.11,35.90,34.93,35.30,33.76,35.67,33.72,34.57,35.35
010010317,KETOPROFENE DOC 200MG 30 COMPRESSE,Farmaci da Banco (SOP/OTC),,15.09,13.52,14.18,15.58,14.00,14.14,14.16,14.57,15.06
010010320,KETOPROFENE TEVA 200MG 30 COMPRESSE,Farmaci da Banco (SOP/OTC),,22.63,22.76,22.69,22.81,23.83,24.06,23.87,23.00,23.20
010010323,KETOPROFENE SANDOZ 200MG 30 COMPRESSE,Farmaci da Banco (SOP/OTC),,10.49,10.02,9.76,9.58,10.74,11.66,11.11,11.56,9.44
010010326,KETOPROFENE DOC 200MG 12 BUSTINE,Farmaci da Banco (SOP/OTC),,40.40,39.76,40.43,41.66,40.49,40.44,40.27,40.59,40.49
010010329,KETOPROFENE TEVA 200MG 12 BUSTINE,Farmaci da Banco (SOP/OTC),,6.47,6.43,7.63,7.05,7.39,7.25,6.40,6.61,7.51
010010332,KETOPROFENE SANDOZ 200MG 12 BUSTINE,Farmaci da Banco (SOP/OTC),,25.31,26.17,26.22,24.97,25.81,25.67,25.17,26.32,26.84
010010335,KETOPROFENE DOC 200MG 20 BUSTINE,Farmaci da Banco (SOP/OTC),,4.95,5.06,5.00,5.19,5.60,4.82,5.34,5.50,6.16
010010338,KETOPROFENE TEVA 200MG 20 BUSTINE,Farmaci da Banco (SOP/OTC),,14.56,12.99,14.58,14.20,13.15,14.26,13.88,13.05,14.82
010010341,KETOPROFENE SANDOZ 200MG 20 BUSTINE,Farmaci da Banco (SOP/OTC),,42.46,41.12,41.97,41.28,42.41,41.35,41.10,41.14,41.35
010010344,KETOPROFENE DOC 200MG SCIROPPO 150ML,Farmaci da Banco (SOP/OTC),,38.74,37.40,37.32,39.11,38.31,38.62,37.18,37.79,39.27
010010347,KETOPROFENE TEVA 200MG SCIROPPO 150ML,Farmaci da Banco (SOP/OTC),,25.28,25.11,25.43,25.85,25.08,25.50,25.33,24.00,24.98
010010350,KETOPROFENE SANDOZ 200MG SCIROPPO 150ML,Farmaci da Banco (SOP/OTC),,42.81,44.18,43.06,44.90,43.56,45.04,43.70,44.70,43.00
010010353,KETOPROFENE DOC 400MG 10 COMPRESSE,Farmaci da Banco (SOP/OTC),,30.58,30.23,30.77,30.62,31.11,30.16,31.84,31.18,30.87
010010356,KETOPROFENE TEVA 400MG 10 COMPRESSE,Farmaci da Banco (SOP/OTC),,22.56,24.63,23.72,24.26,24.58,22.86,23.32,24.46,24.25
010010359,KETOPROFENE SANDOZ 400MG 10 COMPRESSE,Farmaci da Banco (SOP/OTC),,24.44,22.36,24.05,22.81,22.95,24.48,24.32,22.63,23.09
010010362,KETOPROFENE DOC 400MG 20 COMPRESSE,Farmaci da Banco (SOP/OTC),,11.05,9.22,10.48,10.54,9.56,9.18,9.39,10.87,11.03
010010365,KETOPROFENE TEVA 400MG 20 COMPRESSE,Farmaci da Banco (SOP/OTC),,9.38,9.83,8.99,9.82,8.45,9.91,9.67,8.17,10.21
010010368,KETOPROFENE SANDOZ 400MG 20 COMPRESSE,Farmaci da Banco (SOP/OTC),,44.77,44.93,43.99,43.65,44.30,43.13,44.42,44.61,44.60
010010371,KETOPROFENE DOC 400MG 30 COMPRESSE,Farmaci da Banco (SOP/OTC),,36.41,36.20,36.65,37.01,36.80,36.31,36.54,37.13,35.77
010010374,KETOPROFENE TEVA 400MG 30 COMPRESSE,Farmaci da Banco (SOP/OTC),,30.80,30.30,30.34,31.22,30.58,29.42,29.09,30.37,29.41
010010377,KETOPROFENE SANDOZ 400MG 30 COMPRESSE,Farmaci da Banco (SOP/OTC),,26.10,26.68,26.87,25.38,26.51,26.42,26.07,26.86,26.71
010010380,KETOPROFENE DOC 400MG 12 BUSTINE,Farmaci da Banco (SOP/OTC),,23.02,22.29,22.10,23.74,22.55,23.53,22.05,23.08,23.28
010010383,KETOPROFENE TEVA 400MG 12 BUSTINE,Farmaci da Banco (SOP/OTC),,12.89,13.29,12.38,13.77,13.81,12.74,13.80,12.38,12.76
010010386,KETOPROFENE SANDOZ 400MG 12 BUSTINE,Farmaci da Banco (SOP/OTC),,8.16,8.41,7.74,7.98,8.88,7.11,8.48,8.72,8.38
010010389,KETOPROFENE DOC 400MG 20 BUSTINE,Farmaci da Banco (SOP/OTC),,19.64,19.33,19.38,20.06,20.24,19.90,21.03,20.40,21.37
010010392,KETOPROFENE TEVA 400MG 20 BUSTINE,Farmaci da Banco (SOP/OTC),,6.85,6.53,7.67,7.41,7.33,6.64,6.22,7.27,7.47
010010395,KETOPROFENE SANDOZ 400MG 20 BUSTINE,Farmaci da Banco (SOP/OTC),,22.69,23.94,22.62,24.60,22.65,23.05,24.36,24.74,22.88
010010398,KETOPROFENE DOC 400MG SCIROPPO 150ML,Farmaci da Banco (SOP/OTC),,7.05,6.70,8.23,8.43,8.12,7.70,7.32,8.83,6.63
010010401,KETOPROFENE TEVA 400MG SCIROPPO 150ML,Farmaci da Banco (SOP/OTC),,40.21,41.44,41.41,40.83,40.97,40.78,40.98,41.48,41.11
010010404,KETOPROFENE SANDOZ 400MG SCIROPPO 150ML,Farmaci da Banco (SOP/OTC),,21.43,21.73,22.51,22.54,21.42,22.19,21.23,23.04,22.74
010010407,KETOPROFENE DOC 500MG 10 COMPRESSE,Farmaci da Banco (SOP/OTC),,37.80,39.79,38.89,38.59,39.36,38.97,39.00,37.47,37.49
010010410,KETOPROFENE TEVA 500MG 10 COMPRESSE,Farmaci da Banco (SOP/OTC),,34.95,35.44,34.34,33.38,35.15,35.52,34.01,35.53,33.29
010010413,KETOPROFENE SANDOZ 500MG 10 COMPRESSE,Farmaci da Banco (SOP/OTC),,15.12,15.93,14.85,15.06,15.72,15.88,15.62,14.79,15.08
010010416,KETOPROFENE DOC 500MG 20 COMPRESSE,Farmaci da Banco (SOP/OTC),,30.86,30.88,31.01,31.30,31.38,31.71,32.12,32.19,32.58
010010419,KETOPROFENE TEVA 500MG 20 COMPRESSE,Farmaci da Banco (SOP/OTC),,29.24,29.85,29.77,29.47,29.09,29.43,29.73,30.46,29.13
010010422,KETOPROFENE SANDOZ 500MG 20 COMPRESSE,Farmaci da Banco (SOP/OTC),,40.60,41.33,42.09,41.25,42.12,41.35,42.35,42.55,40.96
010010425,KETOPROFENE DOC 500MG 30 COMPRESSE,Farmaci da Banco (SOP/OTC),,28.33,27.41,28.05,28.74,28.72,27.97,29.49,27.60,28.95
010010428,KETOPROFENE TEVA 500MG 30 COMPRESSE,Farmaci da Banco (SOP/OTC),,28.88,29.89,29.60,28.02,29.82,29.34,29.42,28.07,28.49
010010431,KETOPROFENE SANDOZ 500MG 30 COMPRESSE,Farmaci da Banco (SOP/OTC),,22.58,22.96,20.96,23.05,22.19,22.45,22.60,21.29,22.54
010010434,KETOPROFENE DOC 500MG 12 BUSTINE,Farmaci da Banco (SOP/OTC),,32.39,31.31,32.22,31.37,31.38,31.24,30.90,31.65,31.59
010010437,KETOPROFENE TEVA 500MG 12 BUSTINE,Farmaci da Banco (SOP/OTC),,15.74,16.08,15.26,15.08,14.84,15.62,14.45,15.27,14.61
010010440,KETOPROFENE SANDOZ 500MG 12 BUSTINE,Farmaci da Banco (SOP/OTC),,4.88,5.78,4.93,4.90,6.10,4.70,5.31,6.08,5.76
010010443,KETOPROFENE DOC 500MG 20 BUSTINE,Farmaci da Banco (SOP/OTC),,15.66,13.61,15.07,14.58,14.85,15.38,15.53,15.53,13.60
010010446,KETOPROFENE TEVA 500MG 20 BUSTINE,Farmaci da Banco (SOP/OTC),,4.10,5.57,3.52,4.06,3.94,4.30,3.89,5.52,4.15
010010449,KETOPROFENE SANDOZ 500MG 20 BUSTINE,Farmaci da Banco (SOP/OTC),,20.64,21.34,21.64,21.22,21.80,20.93,21.45,21.32,21.58
010010452,KETOPROFENE DOC 500MG SCIROPPO 150ML,Farmaci da Banco (SOP/OTC),,22.03,21.79,22.43,20.98,22.12,21.04,22.60,22.77,20.50
010010455,KETOPROFENE TEVA 500MG SCIROPPO 150ML,Farmaci da Banco (SOP/OTC),,11.26,11.75,11.15,11.86,11.78,12.84,12.89,11.71,11.45
010010458,KETOPROFENE SANDOZ 500MG SCIROPPO 150ML,Farmaci da Banco (SOP/OTC),,38.70,39.42,39.57,39.06,39.59,40.21,40.15,39.30,38.43
010010461,KETOPROFENE DOC 1000MG 10 COMPRESSE,Farmaci da Banco (SOP/OTC),,26.91,28.11,26.46,27.96,26.19,28.09,27.81,28.11,26.14
010010464,KETOPROFENE TEVA 1000MG 10 COMPRESSE,Farmaci da Banco (SOP/OTC),,37.15,38.19,38.52,37.28,38.25,38.07,38.30,38.94,38.98
010010467,KETOPROFENE SANDOZ 1000MG 10 COMPRESSE,Farmaci da Banco (SOP/OTC),,32.41,33.37,33.15,33.17,33.19,32.88,33.08,33.83,32.15
010010470,KETOPROFENE DOC 1000MG 20 COMPRESSE,Farmaci da Banco (SOP/OTC),,19.50,17.94,18.54,18.03,17.60,19.73,18.10,18.66,18.82
010010473,KETOPROFENE TEVA 1000MG 20 COMPRESSE,Farmaci da Banco (SOP/OTC),,25.63,26.10,25.58,25.36,25.77,25.68,24.02,25.08,24.32
010010476,KETOPROFENE SANDOZ 1000MG 20 COMPRESSE,Farmaci da Banco (SOP/OTC),,32.21,33.04,32.43,32.89,33.69,32.10,33.62,32.30,33.66
010010479,KETOPROFENE DOC 1000MG 30 COMPRESSE,Farmaci da Banco (SOP/OTC),,41.89,41.92,43.01,43.98,42.41,42.78,44.01,42.58,42.18
010010482,KETOPROFENE TEVA 1000MG 30 COMPRESSE,Farmaci da Banco (SOP/OTC),,17.21,17.21,15.73,15.91,15.46,15.58,17.05,16.82,17.20
010010485,KETOPROFENE SANDOZ 1000MG 30 COMPRESSE,Farmaci da Banco (SOP/OTC),,10.12,10.78,9.90,11.29,9.26,11.15,9.60,10.88,9.75
010010488,KETOPROFENE DOC 1000MG 12 BUSTINE,Farmaci da Banco (SOP/OTC),,24.24,24.12,23.88,25.13,23.46,23.80,23.99,24.98,25.42
010010491,KETOPROFENE TEVA 1000MG 12 BUSTINE,Farmaci da Banco (SOP/OTC),,24.74,24.99,24.84,24.53,25.05,23.86,24.46,24.40,23.90
010010494,KETOPROFENE SANDOZ 1000MG 12 BUSTINE,Farmaci da Banco (SOP/OTC),,39.41,40.07,38.64,39.31,37.99,38.94,40.19,39.65,39.01
010010497,KETOPROFENE DOC 1000MG 20 BUSTINE,Farmaci da Banco (SOP/OTC),,45.70,44.64,43.79,45.63,43.47,43.57,45.11,44.28,43.54
010010500,KETOPROFENE TEVA 1000MG 20 BUSTINE,Farmaci da Banco (SOP/OTC),,15.39,15.70,15.29,15.73,17.48,16.51,15.52,15.89,15.88
010010503,KETOPROFENE SANDOZ 1000MG 20 BUSTINE,Farmaci da Banco (SOP/OTC),,33.70,34.32,34.33,34.37,32.93,32.85,33.70,32.84,33.22
010010506,KETOPROFENE DOC 1000MG SCIROPPO 150ML,Farmaci da Banco (SOP/OTC),,16.56,15.32,15.52,15.81,16.50,15.64,15.13,15.38,15.04
010010509,KETOPROFENE TEVA 1000MG SCIROPPO 150ML,Farmaci da Banco (SOP/OTC),,23.04,23.41,24.06,24.15,23.14,24.27,22.80,23.74,22.17
010010512,KETOPROFENE SANDOZ 1000MG SCIROPPO 150ML,Farmaci da Banco (SOP/OTC),,37.84,39.02,38.39,39.39,38.62,38.22,39.08,39.07,39.00
010010515,DICLOFENAC DOC 100MG 10 COMPRESSE,Farmaci da Banco (SOP/OTC),,31.11,30.60,29.62,29.07,29.73,29.67,29.61,29.99,29.93
010010518,DICLOFENAC TEVA 100MG 10 COMPRESSE,Farmaci da Banco (SOP/OTC),,28.87,26.74,27.77,28.19,27.14,27.42,28.29,28.00,28.84
010010521,DICLOFENAC SANDOZ 100MG 10 COMPRESSE,Farmaci da Banco (SOP/OTC),,11.67,10.74,10.48,11.26,10.86,12.05,11.56,11.69,11.05
010010524,DICLOFENAC DOC 100MG 20 COMPRESSE,Farmaci da Banco (SOP/OTC),,21.98,20.13,20.57,20.06,21.53,19.95,21.91,20.74,21.12
010010527,DICLOFENAC TEVA 100MG 20 COMPRESSE,Farmaci da Banco (SOP/OTC),,14.09,12.67,13.83,12.43,12.39,13.04,13.25,13.87,14.05
010010530,DICLOFENAC SANDOZ 100MG 20 COMPRESSE,Farmaci da Banco (SOP/OTC),,7.26,8.30,7.22,8.52,8.53,7.27,8.63,7.21,6.94
010010533,DICLOFENAC DOC 100MG 30 COMPRESSE,Farmaci da Banco (SOP/OTC),,35.24,35.48,34.54,34.96,34.27,34.72,36.13,34.99,34.71
010010536,DICLOFENAC TEVA 100MG 30 COMPRESSE,Farmaci da Banco (SOP/OTC),,35.53,36.68,36.36,34.86,36.13,35.48,35.91,34.59,35.85
010010539,DICLOFENAC SANDOZ 100MG 30 COMPRESSE,Farmaci da Banco (SOP/OTC),,34.75,32.93,34.17,34.80,33.32,33.89,33.43,34.66,33.64
010010542,DICLOFENAC DOC 100MG 12 BUSTINE,Farmaci da Banco (SOP/OTC),,38.30,39.04,38.51,40.01,39.74,38.26,38.64,38.72,38.31
010010545,DICLOFENAC TEVA 100MG 12 BUSTINE,Farmaci da Banco (SOP/OTC),,6.05,6.02,8.06,6.80,6.13,6.57,6.55,6.35,7.89
010010548,DICLOFENAC SANDOZ 100MG 12 BUSTINE,Farmaci da Banco (SOP/OTC),,43.22,43.81,42.60,43.93,43.61,42.13,41.83,41.80,43.84
010010551,DICLOFENAC DOC 100MG 20 BUSTINE,Farmaci da Banco (SOP/OTC),,32.79,34.48,33.80,33.81,34.05,34.23,34.22,34.05,33.77
010010554,DICLOFENAC TEVA 100MG 20 BUSTINE,Farmaci da Banco (SOP/OTC),,34.40,35.55,34.84,36.30,34.54,35.17,34.50,35.17,34.39
010010557,DICLOFENAC SANDOZ 100MG 20 BUSTINE,Farmaci da Banco (SOP/OTC),,15.75,15.14,15.22,16.59,14.79,15.95,15.33,16.74,15.42
010010560,DICLOFENAC DOC 100MG SCIROPPO 150ML,Farmaci da Banco (SOP/OTC),,42.13,43.07,41.88,42.49,41.53,42.03,41.59,42.23,42.37
010010563,DICLOFENAC TEVA 100MG SCIROPPO 150ML,Farmaci da Banco (SOP/OTC),,8.30,6.29,7.60,6.32,7.69,7.97,5.98,7.53,6.34
010010566,DICLOFENAC SANDOZ 100MG SCIROPPO 150ML,Farmaci da Banco (SOP/OTC),,6.48,7.30,6.70,5.16,5.95,6.25,5.96,5.96,6.83
010010569,DICLOFENAC DOC 200MG 10 COMPRESSE,Farmaci da Banco (SOP/OTC),,32.13,31.29,31.89,32.03,32.06,31.70,31.34,30.36,32.01
010010572,DICLOFENAC TEVA 200MG 10 COMPRESSE,Farmaci da Banco (SOP/OTC),,25.64,26.75,27.02,25.36,26.34,26.95,26.71,26.22,24.89
010010575,DICLOFENAC SANDOZ 200MG 10 COMPRESSE,Farmaci da Banco (SOP/OTC),,12.38,12.21,11.80,14.01,12.66,13.87,13.05,13.75,13.49
010010578,DICLOFENAC DOC 200MG 20 COMPRESSE,Farmaci da Banco (SOP/OTC),,32.78,32.91,31.27,31.35,32.96,31.71,32.47,31.96,31.26
010010581,DICLOFENAC TEVA 200MG 20 COMPRESSE,Farmaci da Banco (SOP/OTC),,32.56,32.15,32.47,31.17,31.25,32.70,31.58,31.93,32.17
010010584,DICLOFENAC SANDOZ 200MG 20 COMPRESSE,Farmaci da Banco (SOP/OTC),,22.62,23.82,22.44,22.46,23.34,24.45,22.98,23.45,23.09
010010587,DICLOFENAC DOC 200MG 30 COMPRESSE,Farmaci da Banco (SOP/OTC),,26.16,26.80,25.16,24.89,26.10,25.83,26.44,25.06,26.62
010010590,DICLOFENAC TEVA 200MG 30 COMPRESSE,Farmaci da Banco (SOP/OTC),,14.69,13.31,15.31,13.39,14.71,14.61,14.01,14.25,13.54
010010593,DICLOFENAC SANDOZ 200MG 30 COMPRESSE,Farmaci da Banco (SOP/OTC),,20.10,21.75,20.07,19.71,20.75,21.32,20.78,21.32,21.48
010010596,DICLOFENAC DOC 200MG 12 BUSTINE,Farmaci da Banco (SOP/OTC),,15.47,14.46,14.67,14.73,14.55,15.91,15.89,16.20,15.67
010010599,DICLOFENAC TEVA 200MG 12 BUSTINE,Farmaci da Banco (SOP/OTC),,28.02,27.44,27.03,26.72,27.87,28.03,26.82,28.18,28.11
010010602,DICLOFENAC SANDOZ 200MG 12 BUSTINE,Farmaci da Banco (SOP/OTC),,33.31,34.49,34.84,34.73,34.14,34.54,34.48,35.08,32.91
010010605,DICLOFENAC DOC 200MG 20 BUSTINE,Farmaci da Banco (SOP/OTC),,28.03,29.29,27.64,29.29,28.30,27.95,27.67,28.24,27.42
010010608,DICLOFENAC TEVA 200MG 20 BUSTINE,Farmaci da Banco (SOP/OTC),,35.64,36.37,35.59,34.73,36.10,35.22,34.89,36.38,35.10
010010611,DICLOFENAC SANDOZ 200MG 20 BUSTINE,Farmaci da Banco (SOP/OTC),,13.12,11.63,11.93,13.46,11.59,13.26,11.89,12.63,12.05
010010614,DICLOFENAC DOC 200MG SCIROPPO 150ML,Farmaci da Banco (SOP/OTC),,21.92,20.38,21.40,20.42,20.24,21.58,21.48,21.47,22.00
010010617,DICLOFENAC TEVA 200MG SCIROPPO 150ML,Farmaci da Banco (SOP/OTC),,37.75,36.29,37.95,37.70,37.82,37.94,37.33,37.74,36.67
010010620,DICLOFENAC SANDOZ 200MG SCIROPPO 150ML,Farmaci da Banco (SOP/OTC),,26.88,24.69,25.41,25.46,25.86,25.68,25.60,25.20,25.72
010010623,DICLOFENAC DOC 400MG 10 COMPRESSE,Farmaci da Banco (SOP/OTC),,38.83,39.57,40.46,38.38,39.02,39.29,38.70,39.45,39.93
010010626,DICLOFENAC TEVA 400MG 10 COMPRESSE,Farmaci da Banco (SOP/OTC),,36.88,37.05,36.74,36.72,36.70,36.56,37.14,38.10,37.17
010010629,DICLOFENAC SANDOZ 400MG 10 COMPRESSE,Farmaci da Banco (SOP/OTC),,38.07,37.67,37.74,39.10,38.77,38.43,37.96,37.39,39.51
010010632,DICLOFENAC DOC 400MG 20 COMPRESSE,Farmaci da Banco (SOP/OTC),,4.59,5.03,5.90,5.32,5.03,4.35,6.14,4.95,3.91
010010635,DICLOFENAC TEVA 400MG 20 COMPRESSE,Farmaci da Banco (SOP/OTC),,5.93,6.41,4.68,4.83,5.88,4.54,4.85,6.19,5.72
010010638,DICLOFENAC SANDOZ 400MG 20 COMPRESSE,Farmaci da Banco (SOP/OTC),,14.35,15.02,13.00,14.10,14.55,13.11,15.07,14.31,14.17
010010641,DICLOFENAC DOC 400MG 30 COMPRESSE,Farmaci da Banco (SOP/OTC),,10.64,9.66,10.08,9.71,9.68,10.03,10.39,9.53,10.24
010010644,DICLOFENAC TEVA 400MG 30 COMPRESSE,Farmaci da Banco (SOP/OTC),,32.33,33.90,33.39,32.97,32.90,33.52,33.18,33.09,32.51
010010647,DICLOFENAC SANDOZ 400MG 30 COMPRESSE,Farmaci da Banco (SOP/OTC),,14.81,15.62,14.37,13.98,14.05,14.84,14.35,14.74,15.48
010010650,DICLOFENAC DOC 400MG 12 BUSTINE,Farmaci da Banco (SOP/OTC),,11.61,11.59,12.03,11.36,12.96,12.58,12.77,13.40,12.88
010010653,DICLOFENAC TEVA 400MG 12 BUSTINE,Farmaci da Banco (SOP/OTC),,20.45,20.68,21.55,22.72,22.60,21.23,20.93,20.62,21.41
010010656,DICLOFENAC SANDOZ 400MG 12 BUSTINE,Farmaci da Banco (SOP/OTC),,20.70,21.51,20.85,20.99,22.00,20.76,21.45,21.72,22.46
010010659,DICLOFENAC DOC 400MG 20 BUSTINE,Farmaci da Banco (SOP/OTC),,27.50,27.56,28.99,27.75,26.98,27.35,27.92,28.50,29.12
010010662,DICLOFENAC TEVA 400MG 20 BUSTINE,Farmaci da Banco (SOP/OTC),,40.15,40.40,42.01,41.68,40.77,40.69,41.59,41.25,41.56
010010665,DICLOFENAC SANDOZ 400MG 20 BUSTINE,Farmaci da Banco (SOP/OTC),,20.72,22.08,21.54,21.69,20.20,20.66,22.50,21.33,20.34
010010668,DICLOFENAC DOC 400MG SCIROPPO 150ML,Farmaci da Banco (SOP/OTC),,4.78,6.26,6.21,5.39,5.59,5.15,6.61,6.54,4.97
010010671,DICLOFENAC TEVA 400MG SCIROPPO 150ML,Farmaci da Banco (SOP/OTC),,38.48,38.97,39.67,39.05,38.50,38.08,38.38,39.25,39.65
010010674,DICLOFENAC SANDOZ 400MG SCIROPPO 150ML,Farmaci da Banco (SOP/OTC),,43.15,43.14,42.01,41.94,42.88,43.13,41.40,42.50,42.78
010010677,DICLOFENAC DOC 500MG 10 COMPRESSE,Farmaci da Banco (SOP/OTC),,43.54,43.71,44.11,43.27,43.47,43.33,45.44,45.18,43.40
010010680,DICLOFENAC TEVA 500MG 10 COMPRESSE,Farmaci da Banco (SOP/OTC),,35.58,34.44,35.54,35.97,35.34,36.30,35.12,36.08,34.48
010010683,DICLOFENAC SANDOZ 500MG 10 COMPRESSE,Farmaci da Banco (SOP/OTC),,30.38,31.76,31.76,29.56,29.76,30.40,30.97,30.91,31.17
010010686,DICLOFENAC DOC 500MG 20 COMPRESSE,Farmaci da Banco (SOP/OTC),,33.30,32.36,33.85,31.83,32.70,33.80,33.30,33.31,33.68
010010689,DICLOFENAC TEVA 500MG 20 COMPRESSE,Farmaci da Banco (SOP/OTC),,43.93,42.70,44.32,43.09,42.43,43.74,44.00,44.07,43.01
010010692,DICLOFENAC SANDOZ 500MG 20 COMPRESSE,Farmaci da Banco (SOP/OTC),,32.65,33.35,33.37,33.05,32.68,32.91,32.60,31.91,32.66
010010695,DICLOFENAC DOC 500MG 30 COMPRESSE,Farmaci da Banco (SOP/OTC),,26.16,24.81,25.97,25.67,24.24,25.39,25.52,24.74,25.54
010010698,DICLOFENAC TEVA 500MG 30 COMPRESSE,Farmaci da Banco (SOP/OTC),,7.29,5.83,6.55,6.58,6.51,6.78,6.81,5.97,7.51
010010701,DICLOFENAC SANDOZ 500MG 30 COMPRESSE,Farmaci da Banco (SOP/OTC),,26.90,26.24,26.68,26.95,25.70,26.81,25.04,24.73,26.39
010010704,DICLOFENAC DOC 500MG 12 BUSTINE,Farmaci da Banco (SOP/OTC),,7.52,9.01,7.41,8.08,7.37,7.29,7.91,7.47,9.03
010010707,DICLOFENAC TEVA 500MG 12 BUSTINE,Farmaci da Banco (SOP/OTC),,40.86,42.85,43.08,42.18,42.11,41.01,42.51,42.20,41.86
010010710,DICLOFENAC SANDOZ 500MG 12 BUSTINE,Farmaci da Banco (SOP/OTC),,26.32,27.51,27.54,28.64,28.56,27.52,27.15,26.49,26.70
010010713,DICLOFENAC DOC 500MG 20 BUSTINE,Farmaci da Banco (SOP/OTC),,37.15,36.52,37.62,36.29,37.40,37.08,36.28,35.74,36.67
010010716,DICLOFENAC TEVA 500MG 20 BUSTINE,Farmaci da Banco (SOP/OTC),,26.76,26.96,27.37,27.73,26.81,26.60,26.17,27.79,27.32
010010719,DICLOFENAC SANDOZ 500MG 20 BUSTINE,Farmaci da Banco (SOP/OTC),,40.58,39.69,40.56,40.26,39.52,39.53,41.51,39.87,40.08
010010722,DICLOFENAC DOC 500MG SCIROPPO 150ML,Farmaci da Banco (SOP/OTC),,30.09,29.78,30.82,30.00,29.17,29.90,29.13,29.72,30.04
010010725,DICLOFENAC TEVA 500MG SCIROPPO 150ML,Farmaci da Banco (SOP/OTC),,13.06,13.00,13.14,11.55,12.48,11.60,11.40,11.86,12.17
010010728,DICLOFENAC SANDOZ 500MG SCIROPPO 150ML,Farmaci da Banco (SOP/OTC),,42.14,42.63,43.13,43.30,41.41,43.36,42.72,42.41,42.11
010010731,DICLOFENAC DOC 1000MG 10 COMPRESSE,Farmaci da Banco (SOP/OTC),,14.75,15.93,14.18,15.30,15.20,15.63,15.38,14.50,16.43
010010734,DICLOFENAC TEVA 1000MG 10 COMPRESSE,Farmaci da Banco (SOP/OTC),,36.62,34.67,36.73,36.19,36.08,34.83,35.29,36.84,35.79
010010737,DICLOFENAC SANDOZ 1000MG 10 COMPRESSE,Farmaci da Banco (SOP/OTC),,4.47,5.36,3.81,4.43,5.05,4.49,4.44,5.47,5.62
010010740,DICLOFENAC DOC 1000MG 20 COMPRESSE,Farmaci da Banco (SOP/OTC),,5.08,7.05,7.06,5.29,5.96,6.34,6.63,5.21,5.83
010010743,DICLOFENAC TEVA 1000MG 20 COMPRESSE,Farmaci da Banco (SOP/OTC),,8.96,8.51,7.73,7.77,8.84,7.58,8.40,8.42,8.98
010010746,DICLOFENAC SANDOZ 1000MG 20 COMPRESSE,Farmaci da Banco (SOP/OTC),,25.47,25.11,24.71,24.75,25.16,25.47,26.53,25.01,26.01
010010749,DICLOFENAC DOC 1000MG 30 COMPRESSE,Farmaci da Banco (SOP/OTC),,4.48,3.46,3.65,4.87,5.31,4.37,5.15,4.68,4.32
010010752,DICLOFENAC TEVA 1000MG 30 COMPRESSE,Farmaci da Banco (SOP/OTC),,40.47,42.03,40.60,40.81,42.02,40.89,41.84,41.89,42.04
010010755,DICLOFENAC SANDOZ 1000MG 30 COMPRESSE,Farmaci da Banco (SOP/OTC),,30.02,30.28,30.44,31.20,29.08,29.34,30.91,30.63,29.38
010010758,DICLOFENAC DOC 1000MG 12 BUSTINE,Farmaci da Banco (SOP/OTC),,12.48,12.80,13.62,13.57,14.08,12.45,11.82,11.80,12.49
010010761,DICLOFENAC TEVA 1000MG 12 BUSTINE,Farmaci da Banco (SOP/OTC),,23.47,24.38,24.14,25.12,25.15,23.96,23.94,24.35,23.40
010010764,DICLOFENAC SANDOZ 1000MG 12 BUSTINE,Farmaci da Banco (SOP/OTC),,31.79,30.72,31.86,30.99,31.36,29.85,31.44,31.62,30.81
010010767,DICLOFENAC DOC 1000MG 20 BUSTINE,Farmaci da Banco (SOP/OTC),,26.79,26.82,27.09,27.64,27.26,27.37,28.03,26.30,28.44
010010770,DICLOFENAC TEVA 1000MG 20 BUSTINE,Farmaci da Banco (SOP/OTC),,29.22,29.66,29.78,29.27,28.81,30.39,30.16,30.16,29.91
010010773,DICLOFENAC SANDOZ 1000MG 20 BUSTINE,Farmaci da Banco (SOP/OTC),,6.57,6.67,7.10,7.50,5.32,7.41,6.36,5.30,5.88
010010776,DICLOFENAC DOC 1000MG SCIROPPO 150ML,Farmaci da Banco (SOP/OTC),,6.95,6.00,5.07,6.29,5.97,6.44,6.68,5.31,6.48
010010779,DICLOFENAC TEVA 1000MG SCIROPPO 150ML,Farmaci da Banco (SOP/OTC),,24.13,24.28,24.74,23.11,24.75,23.60,23.40,24.08,23.87
010010782,DICLOFENAC SANDOZ 1000MG SCIROPPO 150ML,Farmaci da Banco (SOP/OTC),,25.37,26.09,24.50,25.48,26.30,25.00,26.43,25.53,24.92
010010785,LOPERAMIDE DOC 100MG 10 COMPRESSE,Farmaci da Banco (SOP/OTC),,31.57,30.97,32.28,31.92,30.71,32.12,31.83,32.30,30.48
010010788,LOPERAMIDE TEVA 100MG 10 COMPRESSE,Farmaci da Banco (SOP/OTC),,32.80,33.78,32.76,32.87,33.88,33.27,34.32,32.73,33.60
010010791,LOPERAMIDE SANDOZ 100MG 10 COMPRESSE,Farmaci da Banco (SOP/OTC),,4.30,5.21,4.78,5.64,5.90,5.09,5.64,4.29,4.06
010010794,LOPERAMIDE DOC 100MG 20 COMPRESSE,Farmaci da Banco (SOP/OTC),,43.89,44.74,43.20,44.77,43.28,44.19,42.70,44.50,43.48
010010797,LOPERAMIDE TEVA 100MG 20 COMPRESSE,Farmaci da Banco (SOP/OTC),,20.14,18.76,19.53,18.12,19.35,18.47,18.20,18.89,19.96
010010800,LOPERAMIDE SANDOZ 100MG 20 COMPRESSE,Farmaci da Banco (SOP/OTC),,31.80,32.23,30.94,32.01,30.83,31.66,32.63,30.85,32.21
010010803,LOPERAMIDE DOC 100MG 30 COMPRESSE,Farmaci da Banco (SOP/OTC),,24.10,24.48,24.69,24.66,25.12,26.13,25.07,26.30,25.97
010010806,LOPERAMIDE TEVA 100MG 30 COMPRESSE,Farmaci da Banco (SOP/OTC),,5.47,6.30,6.62,5.03,6.16,4.38,4.58,5.81,5.59
010010809,LOPERAMIDE SANDOZ 100MG 30 COMPRESSE,Farmaci da Banco (SOP/OTC),,24.69,22.60,23.31,23.85,23.86,23.98,23.79,22.95,22.92
010010812,LOPERAMIDE DOC 100MG 12 BUSTINE,Farmaci da Banco (SOP/OTC),,12.25,13.26,13.93,13.36,13.45,12.19,13.92,12.25,12.43
010010815,LOPERAMIDE TEVA 100MG 12 BUSTINE,Farmaci da Banco (SOP/OTC),,8.54,9.06,6.74,7.09,8.02,7.82,7.49,8.25,6.71
010010818,LOPERAMIDE SANDOZ 100MG 12 BUSTINE,Farmaci da Banco (SOP/OTC),,35.27,33.59,34.37,34.99,34.27,33.59,33.61,34.88,33.63
010010821,LOPERAMIDE DOC 100MG 20 BUSTINE,Farmaci da Banco (SOP/OTC),,37.22,35.98,36.01,36.83,37.67,37.51,37.65,36.79,36.89
010010824,LOPERAMIDE TEVA 100MG 20 BUSTINE,Farmaci da Banco (SOP/OTC),,19.22,20.29,20.99,19.38,21.06,20.99,21.11,20.89,20.42
010010827,LOPERAMIDE SANDOZ 100MG 20 BUSTINE,Farmaci da Banco (SOP/OTC),,13.99,13.76,13.31,13.58,12.15,12.47,13.17,12.27,12.54
010010830,LOPERAMIDE DOC 100MG SCIROPPO 150ML,Farmaci da Banco (SOP/OTC),,13.78,13.23,15.36,15.03,14.76,15.09,15.16,14.00,13.14
010010833,LOPERAMIDE TEVA 100MG SCIROPPO 150ML,Farmaci da Banco (SOP/OTC),,27.65,25.89,25.79,26.96,26.08,26.92,25.58,25.74,26.41
010010836,LOPERAMIDE SANDOZ 100MG SCIROPPO 150ML,Farmaci da Banco (SOP/OTC),,6.88,6.62,5.45,5.94,6.34,5.14,6.15,6.10,6.62
010010839,LOPERAMIDE DOC 200MG 10 COMPRESSE,Farmaci da Banco (SOP/OTC),,7.48,6.04,5.34,5.30,6.22,6.32,5.28,6.44,7.06
010010842,LOPERAMIDE TEVA 200MG 10 COMPRESSE,Farmaci da Banco (SOP/OTC),,26.17,25.27,26.30,25.57,25.83,27.24,26.80,26.97,25.66
010010845,LOPERAMIDE SANDOZ 200MG 10 COMPRESSE,Farmaci da Banco (SOP/OTC),,12.05,12.47,11.53,10.73,10.56,10.99,11.03,11.25,11.22
010010848,LOPERAMIDE DOC 200MG 20 COMPRESSE,Farmaci da Banco (SOP/OTC),,37.04,37.95,37.61,36.60,36.64,38.38,37.13,37.12,38.41
010010851,LOPERAMIDE TEVA 200MG 20 COMPRESSE,Farmaci da Banco (SOP/OTC),,28.03,28.19,26.98,26.76,27.60,28.41,28.65,28.13,26.80
010010854,LOPERAMIDE SANDOZ 200MG 20 COMPRESSE,Farmaci da Banco (SOP/OTC),,40.09,40.89,41.60,40.83,41.50,39.72,41.33,41.08,40.50
010010857,LOPERAMIDE DOC 200MG 30 COMPRESSE,Farmaci da Banco (SOP/OTC),,41.12,41.30,39.25,39.49,39.22,40.81,40.96,40.23,38.93
010010860,LOPERAMIDE TEVA 200MG 30 COMPRESSE,Farmaci da Banco (SOP/OTC),,40.40,39.51,39.64,39.54,39.80,40.08,40.54,39.42,40.85
010010863,LOPERAMIDE SANDOZ 200MG 30 COMPRESSE,Farmaci da Banco (SOP/OTC),,12.53,13.58,13.62,13.46,13.12,14.45,12.65,13.65,13.79
010010866,LOPERAMIDE DOC 200MG 12 BUSTINE,Farmaci da Banco (SOP/OTC),,19.76,17.62,17.72,19.48,17.53,18.29,19.25,17.94,18.70
010010869,LOPERAMIDE TEVA 200MG 12 BUSTINE,Farmaci da Banco (SOP/OTC),,15.66,16.22,15.43,17.38,15.84,17.13,15.62,17.30,17.17
010010872,LOPERAMIDE SANDOZ 200MG 12 BUSTINE,Farmaci da Banco (SOP/OTC),,18.08,18.27,16.68,16.90,16.34,16.95,16.72,16.06,16.30
010010875,LOPERAMIDE DOC 200MG 20 BUSTINE,Farmaci da Banco (SOP/OTC),,45.47,44.80,44.72,44.22,44.46,44.18,44.93,45.54,45.92
010010878,LOPERAMIDE TEVA 200MG 20 BUSTINE,Farmaci da Banco (SOP/OTC),,31.99,31.30,32.96,31.06,31.81,31.55,31.03,31.49,32.13
010010881,LOPERAMIDE SANDOZ 200MG 20 BUSTINE,Farmaci da Banco (SOP/OTC),,33.06,34.24,33.83,32.65,32.82,33.89,33.28,34.32,33.21
010010884,LOPERAMIDE DOC 200MG SCIROPPO 150ML,Farmaci da Banco (SOP/OTC),,18.86,18.50,19.75,19.64,18.46,18.73,19.41,19.32,20.05
010010887,LOPERAMIDE TEVA 200MG SCIROPPO 150ML,Farmaci da Banco (SOP/OTC),,22.98,22.96,23.62,24.47,23.91,23.37,24.16,22.74,22.58
010010890,LOPERAMIDE SANDOZ 200MG SCIROPPO 150ML,Farmaci da Banco (SOP/OTC),,41.18,41.04,39.01,39.24,39.05,39.53,40.57,40.99,41.23
010010893,LOPERAMIDE DOC 400MG 10 COMPRESSE,Farmaci da Banco (SOP/OTC),,9.71,8.63,9.39,8.35,8.95,8.91,7.60,7.62,9.73
010010896,LOPERAMIDE TEVA 400MG 10 COMPRESSE,Farmaci da Banco (SOP/OTC),,21.33,20.84,21.26,21.52,23.04,22.00,21.54,22.78,21.84
010010899,LOPERAMIDE SANDOZ 400MG 10 COMPRESSE,Farmaci da Banco (SOP/OTC),,7.98,8.29,9.04,8.88,7.41,8.79,7.48,8.84,7.92
010010902,LOPERAMIDE DOC 400MG 20 COMPRESSE,Farmaci da Banco (SOP/OTC),,14.36,13.86,14.04,14.70,12.40,12.91,14.32,14.32,14.29
010010905,LOPERAMIDE TEVA 400MG 20 COMPRESSE,Farmaci da Banco (SOP/OTC),,31.04,30.29,31.44,29.83,30.96,30.25,30.19,30.80,31.18
010010908,LOPERAMIDE SANDOZ 400MG 20 COMPRESSE,Farmaci da Banco (SOP/OTC),,25.46,25.55,25.89,25.19,24.41,25.28,25.62,24.76,23.83
010010911,LOPERAMIDE DOC 400MG 30 COMPRESSE,Farmaci da Banco (SOP/OTC),,20.21,20.76,19.42,19.16,20.04,20.24,20.19,18.47,19.30
010010914,LOPERAMIDE TEVA 400MG 30 COMPRESSE,Farmaci da Banco (SOP/OTC),,5.41,5.34,4.39,4.19,4.96,3.88,3.76,5.27,5.83
010010917,LOPERAMIDE SANDOZ 400MG 30 COMPRESSE,Farmaci da Banco (SOP/OTC),,23.17,23.28,23.19,23.85,24.01,23.29,22.15,23.99,23.68
010010920,LOPERAMIDE DOC 400MG 12 BUSTINE,Farmaci da Banco (SOP/OTC),,42.70,43.17,42.30,42.43,43.67,42.82,43.68,42.39,42.61
010010923,LOPERAMIDE TEVA 400MG 12 BUSTINE,Farmaci da Banco (SOP/OTC),,41.46,42.46,42.60,42.85,42.13,40.87,42.81,40.84,40.63
010010926,LOPERAMIDE SANDOZ 400MG 12 BUSTINE,Farmaci da Banco (SOP/OTC),,34.82,36.05,34.89,36.97,35.72,36.77,36.39,36.72,35.16
010010929,LOPERAMIDE DOC 400MG 20 BUSTINE,Farmaci da Banco (SOP/OTC),,8.32,8.23,7.48,8.64,7.16,7.27,6.90,6.77,8.46
010010932,LOPERAMIDE TEVA 400MG 20 BUSTINE,Farmaci da Banco (SOP/OTC),,7.45,8.09,7.25,7.78,6.77,7.86,7.28,7.70,6.83
010010935,LOPERAMIDE SANDOZ 400MG 20 BUSTINE,Farmaci da Banco (SOP/OTC),,44.85,44.97,44.02,44.85,44.41,43.74,42.98,43.56,43.92
010010938,LOPERAMIDE DOC 400MG SCIROPPO 150ML,Farmaci da Banco (SOP/OTC),,42.07,42.50,40.91,42.47,42.43,41.21,40.56,40.31,40.85
010010941,LOPERAMIDE TEVA 400MG SCIROPPO 150ML,Farmaci da Banco (SOP/OTC),,37.24,37.41,37.76,36.93,38.45,36.42,36.49,38.25,38.53
010010944,LOPERAMIDE SANDOZ 400MG SCIROPPO 150ML,Farmaci da Banco (SOP/OTC),,39.24,40.52,39.72,40.00,38.64,39.11,40.61,40.14,40.36
010010947,LOPERAMIDE DOC 500MG 10 COMPRESSE,Farmaci da Banco (SOP/OTC),,18.35,18.15,18.81,19.51,17.99,17.90,19.61,18.59,18.24
010010950,LOPERAMIDE TEVA 500MG 10 COMPRESSE,Farmaci da Banco (SOP/OTC),,37.94,39.52,39.33,38.12,38.35,38.76,37.49,37.54,37.93
010010953,LOPERAMIDE SANDOZ 500MG 10 COMPRESSE,Farmaci da Banco (SOP/OTC),,38.71,38.51,39.61,38.42,39.63,40.25,40.62,39.23,39.46
010010956,LOPERAMIDE DOC 500MG 20 COMPRESSE,Farmaci da Banco (SOP/OTC),,43.25,42.29,42.40,43.06,43.12,42.74,42.50,41.87,41.95
010010959,LOPERAMIDE TEVA 500MG 20 COMPRESSE,Farmaci da Banco (SOP/OTC),,29.07,28.78,28.42,28.03,28.53,27.90,28.59,28.37,27.63
010010962,LOPERAMIDE SANDOZ 500MG 20 COMPRESSE,Farmaci da Banco (SOP/OTC),,17.36,18.04,16.73,17.09,16.75,16.85,18.02,17.16,18.28
010010965,LOPERAMIDE DOC 500MG 30 COMPRESSE,Farmaci da Banco (SOP/OTC),,18.72,17.78,19.25,17.89,19.22,18.20,17.65,17.48,18.20
010010968,LOPERAMIDE TEVA 500MG 30 COMPRESSE,Farmaci da Banco (SOP/OTC),,9.82,9.47,8.16,10.14,9.70,7.98,7.87,8.32,9.22
010010971,LOPERAMIDE SANDOZ 500MG 30 COMPRESSE,Farmaci da Banco (SOP/OTC),,32.83,34.71,34.28,33.72,34.08,33.24,33.48,32.70,33.26
010010974,LOPERAMIDE DOC 500MG 12 BUSTINE,Farmaci da Banco (SOP/OTC),,27.02,27.99,27.20,27.97,26.84,26.80,26.74,27.73,28.20
010010977,LOPERAMIDE TEVA 500MG 12 BUSTINE,Farmaci da Banco (SOP/OTC),,7.65,6.44,7.37,6.10,6.10,7.59,6.59,7.28,7.26
010010980,LOPERAMIDE SANDOZ 500MG 12 BUSTINE,Farmaci da Banco (SOP/OTC),,37.62,38.29,38.55,37.35,38.32,38.23,36.92,36.67,37.76
010010983,LOPERAMIDE DOC 500MG 20 BUSTINE,Farmaci da Banco (SOP/OTC),,13.43,13.71,13.48,13.34,13.91,12.70,12.60,13.96,12.76
010010986,LOPERAMIDE TEVA 500MG 20 BUSTINE,Farmaci da Banco (SOP/OTC),,19.65,19.64,20.35,21.11,20.46,19.45,21.15,19.88,20.43
010010989,LOPERAMIDE SANDOZ 500MG 20 BUSTINE,Farmaci da Banco (SOP/OTC),,35.10,36.01,36.24,35.41,36.35,35.37,35.51,35.74,37.21
010010992,LOPERAMIDE DOC 500MG SCIROPPO 150ML,Farmaci da Banco (SOP/OTC),,28.09,27.75,28.98,27.35,28.71,28.90,27.36,27.83,29.15
010010995,LOPERAMIDE TEVA 500MG SCIROPPO 150ML,Farmaci da Banco (SOP/OTC),,28.46,29.37,28.61,28.28,28.49,29.99,29.23,28.19,28.10
010010998,LOPERAMIDE SANDOZ 500MG SCIROPPO 150ML,Farmaci da Banco (SOP/OTC),,26.88,26.91,28.65,28.17,27.17,28.30,28.89,26.53,27.25
010011001,LOPERAMIDE DOC 1000MG 10 COMPRESSE,Farmaci da Banco (SOP/OTC),,15.20,15.49,15.41,15.21,15.52,15.94,13.68,14.62,13.79
010011004,LOPERAMIDE TEVA 1000MG 10 COMPRESSE,Farmaci da Banco (SOP/OTC),,21.14,22.09,22.82,21.11,22.06,21.63,22.16,22.80,22.50
010011007,LOPERAMIDE SANDOZ 1000MG 10 COMPRESSE,Farmaci da Banco (SOP/OTC),,18.20,18.43,16.27,18.26,18.25,16.90,16.62,17.07,18.41
010011010,LOPERAMIDE DOC 1000MG 20 COMPRESSE,Farmaci da Banco (SOP/OTC),,43.58,44.87,44.42,43.20,44.40,45.46,43.71,44.35,44.63
010011013,LOPERAMIDE TEVA 1000MG 20 COMPRESSE,Farmaci da Banco (SOP/OTC),,43.64,43.68,42.40,41.97,42.88,42.09,41.86,42.84,41.93
010011016,LOPERAMIDE SANDOZ 1000MG 20 COMPRESSE,Farmaci da Banco (SOP/OTC),,21.70,22.23,20.71,21.37,22.38,22.30,21.26,22.12,22.54
010011019,LOPERAMIDE DOC 1000MG 30 COMPRESSE,Farmaci da Banco (SOP/OTC),,17.87,17.31,18.71,17.84,17.12,18.37,18.08,17.66,16.55
010011022,LOPERAMIDE TEVA 1000MG 30 COMPRESSE,Farmaci da Banco (SOP/OTC),,43.79,42.75,41.45,41.70,41.60,42.95,41.53,42.88,41.74
010011025,LOPERAMIDE SANDOZ 1000MG 30 COMPRESSE,Farmaci da Banco (SOP/OTC),,21.96,23.01,22.58,22.85,23.45,22.10,23.65,21.64,23.57
010011028,LOPERAMIDE DOC 1000MG 12 BUSTINE,Farmaci da Banco (SOP/OTC),,40.78,41.39,41.22,40.41,40.69,39.99,40.23,39.58,39.58
010011031,LOPERAMIDE TEVA 1000MG 12 BUSTINE,Farmaci da Banco (SOP/OTC),,21.94,22.14,21.08,22.27,23.09,21.19,22.12,22.30,22.37
010011034,LOPERAMIDE SANDOZ 1000MG 12 BUSTINE,Farmaci da Banco (SOP/OTC),,30.97,29.21,29.80,30.61,30.57,30.51,29.81,30.59,30.05
010011037,LOPERAMIDE DOC 1000MG 20 BUSTINE,Farmaci da Banco (SOP/OTC),,11.16,11.35,12.31,12.06,11.51,12.27,11.60,11.09,13.34
010011040,LOPERAMIDE TEVA 1000MG 20 BUSTINE,Farmaci da Banco (SOP/OTC),,35.66,36.35,36.58,36.99,36.61,37.18,35.94,36.35,36.36
010011043,LOPERAMIDE SANDOZ 1000MG 20 BUSTINE,Farmaci da Banco (SOP/OTC),,24.04,24.29,24.58,22.84,23.35,23.34,24.52,23.49,22.65
010011046,LOPERAMIDE DOC 1000MG SCIROPPO 150ML,Farmaci da Banco (SOP/OTC),,12.06,11.90,12.09,11.10,11.52,11.26,10.31,10.97,12.34
010011049,LOPERAMIDE TEVA 1000MG SCIROPPO 150ML,Farmaci da Banco (SOP/OTC),,22.91,23.49,24.03,24.47,25.05,24.61,23.17,23.06,23.13
010011052,LOPERAMIDE SANDOZ 1000MG SCIROPPO 150ML,Farmaci da Banco (SOP/OTC),,12.32,13.44,12.32,12.58,13.69,13.45,12.87,13.96,14.43
010011055,CETIRIZINA DOC 100MG 10 COMPRESSE,Farmaci da Banco (SOP/OTC),,18.01,18.25,17.36,16.40,18.24,18.08,18.45,17.05,18.50
010011058,CETIRIZINA TEVA 100MG 10 COMPRESSE,Farmaci da Banco (SOP/OTC),,29.90,30.00,29.86,29.10,30.03,29.67,30.97,28.68,30.31
010011061,CETIRIZINA SANDOZ 100MG 10 COMPRESSE,Farmaci da Banco (SOP/OTC),,25.94,23.91,23.85,25.50,23.90,24.73,25.67,24.60,25.50
010011064,CETIRIZINA DOC 100MG 20 COMPRESSE,Farmaci da Banco (SOP/OTC),,21.13,21.80,21.58,22.62,22.06,22.15,22.65,22.40,21.41
010011067,CETIRIZINA TEVA 100MG 20 COMPRESSE,Farmaci da Banco (SOP/OTC),,18.49,17.88,18.07,16.80,17.87,18.51,17.43,18.66,17.03
010011070,CETIRIZINA SANDOZ 100MG 20 COMPRESSE,Farmaci da Banco (SOP/OTC),,14.81,16.27,15.88,15.62,14.93,15.23,15.49,15.19,16.70
010011073,CETIRIZINA DOC 100MG 30 COMPRESSE,Farmaci da Banco (SOP/OTC),,31.28,30.75,29.47,31.25,31.58,30.57,29.28,30.56,31.46
010011076,CETIRIZINA TEVA 100MG 30 COMPRESSE,Farmaci da Banco (SOP/OTC),,35.78,35.75,36.30,34.95,36.11,36.26,34.94,35.19,34.80
010011079,CETIRIZINA SANDOZ 100MG 30 COMPRESSE,Farmaci da Banco (SOP/OTC),,36.37,35.68,35.28,36.35,36.69,35.93,35.25,35.57,36.47
010011082,CETIRIZINA DOC 100MG 12 BUSTINE,Farmaci da Banco (SOP/OTC),,9.29,10.41,10.86,10.67,8.64,9.97,9.69,8.91,8.82
010011085,CETIRIZINA TEVA 100MG 12 BUSTINE,Farmaci da Banco (SOP/OTC),,37.82,35.67,36.44,37.25,36.53,36.72,35.52,36.39,37.73
010011088,CETIRIZINA SANDOZ 100MG 12 BUSTINE,Farmaci da Banco (SOP/OTC),,24.37,23.93,24.17,22.35,23.16,23.07,23.12,23.34,22.32
010011091,CETIRIZINA DOC 100MG 20 BUSTINE,Farmaci da Banco (SOP/OTC),,15.55,16.02,15.95,15.24,16.10,16.17,16.85,15.07,15.05
010011094,CETIRIZINA TEVA 100MG 20 BUSTINE,Farmaci da Banco (SOP/OTC),,29.27,30.42,28.67,28.87,29.92,28.73,28.65,30.59,28.71
010011097,CETIRIZINA SANDOZ 100MG 20 BUSTINE,Farmaci da Banco (SOP/OTC),,24.87,26.25,24.45,24.77,26.00,25.59,24.59,26.12,25.38
010011100,CETIRIZINA DOC 100MG SCIROPPO 150ML,Farmaci da Banco (SOP/OTC),,26.79,24.79,25.56,25.13,26.32,24.88,26.41,26.08,26.81
010011103,CETIRIZINA TEVA 100MG SCIROPPO 150ML,Farmaci da Banco (SOP/OTC),,12.43,13.47,14.47,14.34,12.84,14.36,13.43,13.99,12.51
010011106,CETIRIZINA SANDOZ 100MG SCIROPPO 150ML,Farmaci da Banco (SOP/OTC),,36.72,36.67,36.31,36.67,36.70,37.72,38.33,37.05,37.40
010011109,CETIRIZINA DOC 200MG 10 COMPRESSE,Farmaci da Banco (SOP/OTC),,22.16,23.06,23.56,21.96,21.91,23.71,22.79,22.61,21.95
010011112,CETIRIZINA TEVA 200MG 10 COMPRESSE,Farmaci da Banco (SOP/OTC),,32.86,33.14,31.00,31.45,32.08,31.96,32.87,31.69,31.91
010011115,CETIRIZINA SANDOZ 200MG 10 COMPRESSE,Farmaci da Banco (SOP/OTC),,17.93,20.00,19.16,18.61,17.98,18.29,19.81,19.23,18.37
010011118,CETIRIZINA DOC 200MG 20 COMPRESSE,Farmaci da Banco (SOP/OTC),,41.94,41.63,40.71,41.20,42.30,41.91,42.00,41.92,41.01
010011121,CETIRIZINA TEVA 200MG 20 COMPRESSE,Farmaci da Banco (SOP/OTC),,11.43,11.37,11.67,11.45,9.98,9.42,11.18,9.72,9.48
010011124,CETIRIZINA SANDOZ 200MG 20 COMPRESSE,Farmaci da Banco (SOP/OTC),,25.19,25.29,26.71,26.32,25.18,26.59,26.64,26.25,25.75
010011127,CETIRIZINA DOC 200MG 30 COMPRESSE,Farmaci da Banco (SOP/OTC),,19.36,18.64,20.45,19.42,19.99,19.92,18.49,20.37,20.08
010011130,CETIRIZINA TEVA 200MG 30 COMPRESSE,Farmaci da Banco (SOP/OTC),,11.42,11.74,11.34,10.89,11.51,11.62,12.47,12.42,11.84
010011133,CETIRIZINA SANDOZ 200MG 30 COMPRESSE,Farmaci da Banco (SOP/OTC),,13.15,14.08,12.70,13.80,13.34,12.64,13.49,14.19,13.99
010011136,CETIRIZINA DOC 200MG 12 BUSTINE,Farmaci da Banco (SOP/OTC),,42.65,40.62,40.67,42.64,41.96,40.70,42.43,40.79,42.65
010011139,CETIRIZINA TEVA 200MG 12 BUSTINE,Farmaci da Banco (SOP/OTC),,20.94,21.91,20.85,22.05,21.37,20.37,21.14,22.59,21.13
010011142,CETIRIZINA SANDOZ 200MG 12 BUSTINE,Farmaci da Banco (SOP/OTC),,37.81,38.29,37.26,37.49,37.13,36.79,36.58,36.73,38.03
010011145,CETIRIZINA DOC 200MG 20 BUSTINE,Farmaci da Banco (SOP/OTC),,6.18,6.60,8.21,6.00,6.18,7.33,7.89,6.72,6.47
010011148,CETIRIZINA TEVA 200MG 20 BUSTINE,Farmaci da Banco (SOP/OTC),,17.81,18.60,18.35,18.11,18.92,17.51,17.70,18.95,17.50
010011151,CETIRIZINA SANDOZ 200MG 20 BUSTINE,Farmaci da Banco (SOP/OTC),,25.81,24.96,26.23,26.54,25.43,26.81,25.68,26.03,24.76
010011154,CETIRIZINA DOC 200MG SCIROPPO 150ML,Farmaci da Banco (SOP/OTC),,42.77,42.12,42.41,41.97,43.23,42.04,43.07,42.24,42.59
010011157,CETIRIZINA TEVA 200MG SCIROPPO 150ML,Farmaci da Banco (SOP/OTC),,10.33,10.60,9.83,10.13,9.34,8.58,10.36,10.26,9.37
010011160,CETIRIZINA SANDOZ 200MG SCIROPPO 150ML,Farmaci da Banco (SOP/OTC),,27.69,27.15,26.21,27.03,26.16,26.21,27.97,28.42,28.40
010011163,CETIRIZINA DOC 400MG 10 COMPRESSE,Farmaci da Banco (SOP/OTC),,39.72,39.16,38.16,37.88,37.65,39.68,37.90,37.69,38.19
010011166,CETIRIZINA TEVA 400MG 10 COMPRESSE,Farmaci da Banco (SOP/OTC),,42.49,43.60,42.00,42.03,42.59,43.75,42.89,41.73,43.65
010011169,CETIRIZINA SANDOZ 400MG 10 COMPRESSE,Farmaci da Banco (SOP/OTC),,38.52,40.13,38.43,39.92,39.76,39.10,39.31,39.55,39.06
010011172,CETIRIZINA DOC 400MG 20 COMPRESSE,Farmaci da Banco (SOP/OTC),,8.24,6.68,6.58,6.36,7.61,7.48,7.97,6.11,7.01
010011175,CETIRIZINA TEVA 400MG 20 COMPRESSE,Farmaci da Banco (SOP/OTC),,19.41,18.68,19.15,19.08,18.07,17.98,19.24,18.18,18.54
010011178,CETIRIZINA SANDOZ 400MG 20 COMPRESSE,Farmaci da Banco (SOP/OTC),,14.55,13.80,13.48,14.77,13.71,13.26,14.50,14.67,14.90
010011181,CETIRIZINA DOC 400MG 30 COMPRESSE,Farmaci da Banco (SOP/OTC),,27.64,29.47,29.29,27.55,28.00,28.06,28.39,29.19,29.58
010011184,CETIRIZINA TEVA 400MG 30 COMPRESSE,Farmaci da Banco (SOP/OTC),,16.52,14.26,15.98,16.07,16.44,15.18,14.95,14.59,16.24
010011187,CETIRIZINA SANDOZ 400MG 30 COMPRESSE,Farmaci da Banco (SOP/OTC),,24.48,22.78,24.02,24.59,23.49,22.25,24.54,24.05,24.12
010011190,CETIRIZINA DOC 400MG 12 BUSTINE,Farmaci da Banco (SOP/OTC),,22.81,22.82,23.02,22.51,21.91,22.69,22.22,23.15,21.78
010011193,CETIRIZINA TEVA 400MG 12 BUSTINE,Farmaci da Banco (SOP/OTC),,14.29,14.68,16.30,15.16,15.20,14.25,14.71,16.26,15.15
010011196,CETIRIZINA SANDOZ 400MG 12 BUSTINE,Farmaci da Banco (SOP/OTC),,31.78,30.31,30.34,31.48,30.14,30.52,29.91,29.59,30.68
010011199,CETIRIZINA DOC 400MG 20 BUSTINE,Farmaci da Banco (SOP/OTC),,43.99,44.44,43.03,44.01,42.19,42.65,42.85,44.44,43.60
010011202,CETIRIZINA TEVA 400MG 20 BUSTINE,Farmaci da Banco (SOP/OTC),,36.67,35.05,35.99,35.37,34.90,36.31,34.63,35.28,36.33
010011205,CETIRIZINA SANDOZ 400MG 20 BUSTINE,Farmaci da Banco (SOP/OTC),,15.02,16.69,15.66,15.14,15.02,16.98,15.29,14.78,14.71
010011208,CETIRIZINA DOC 400MG SCIROPPO 150ML,Farmaci da Banco (SOP/OTC),,16.06,15.51,16.75,16.17,15.81,16.29,15.70,16.62,16.21
010011211,CETIRIZINA TEVA 400MG SCIROPPO 150ML,Farmaci da Banco (SOP/OTC),,20.25,18.17,19.33,19.13,18.12,18.92,18.38,20.19,18.59
010011214,CETIRIZINA SANDOZ 400MG SCIROPPO 150ML,Farmaci da Banco (SOP/OTC),,9.59,10.44,10.28,11.35,11.53,11.41,9.52,11.12,10.20
010011217,CETIRIZINA DOC 500MG 10 COMPRESSE,Farmaci da Banco (SOP/OTC),,28.42,29.77,30.12,29.78,29.75,28.44,29.70,29.41,30.39
010011220,CETIRIZINA TEVA 500MG 10 COMPRESSE,Farmaci da Banco (SOP/OTC),,6.48,6.01,6.30,6.43,7.13,5.94,6.35,7.62,6.05
010011223,CETIRIZINA SANDOZ 500MG 10 COMPRESSE,Farmaci da Banco (SOP/OTC),,5.99,5.44,5.08,5.83,5.27,5.71,5.18,4.45,5.30
010011226,CETIRIZINA DOC 500MG 20 COMPRESSE,Farmaci da Banco (SOP/OTC),,30.13,30.67,30.82,30.63,31.44,32.12,32.09,32.01,30.17
010011229,CETIRIZINA TEVA 500MG 20 COMPRESSE,Farmaci da Banco (SOP/OTC),,10.51,11.22,10.27,11.15,10.80,9.76,11.40,9.74,11.49
010011232,CETIRIZINA SANDOZ 500MG 20 COMPRESSE,Farmaci da Banco (SOP/OTC),,29.44,30.18,31.50,30.54,30.28,31.04,30.86,30.99,30.94
010011235,CETIRIZINA DOC 500MG 30 COMPRESSE,Farmaci da Banco (SOP/OTC),,16.36,17.03,16.04,18.22,18.19,17.20,17.64,18.12,16.69
010011238,CETIRIZINA TEVA 500MG 30 COMPRESSE,Farmaci da Banco (SOP/OTC),,28.75,28.44,28.28,28.38,29.57,29.95,29.46,28.51,29.06
010011241,CETIRIZINA SANDOZ 500MG 30 COMPRESSE,Farmaci da Banco (SOP/OTC),,10.92,9.66,9.43,9.52,11.37,10.70,11.21,10.52,10.56
010011244,CETIRIZINA DOC 500MG 12 BUSTINE,Farmaci da Banco (SOP/OTC),,32.44,32.20,32.40,33.00,32.22,32.79,32.71,32.14,32.93
010011247,CETIRIZINA TEVA 500MG 12 BUSTINE,Farmaci da Banco (SOP/OTC),,4.82,4.87,4.37,6.29,6.50,4.53,5.30,6.66,6.04
010011250,CETIRIZINA SANDOZ 500MG 12 BUSTINE,Farmaci da Banco (SOP/OTC),,32.66,33.57,34.39,33.57,33.10,34.04,32.35,34.45,32.96
010011253,CETIRIZINA DOC 500MG 20 BUSTINE,Farmaci da Banco (SOP/OTC),,38.15,38.70,38.77,37.41,38.64,38.01,36.71,37.31,38.31
010011256,CETIRIZINA TEVA 500MG 20 BUSTINE,Farmaci da Banco (SOP/OTC),,12.76,12.77,11.90,12.58,13.12,12.04,10.95,12.19,12.67
010011259,CETIRIZINA SANDOZ 500MG 20 BUSTINE,Farmaci da Banco (SOP/OTC),,21.23,22.41,22.28,23.26,23.05,21.88,21.76,22.88,22.49
010011262,CETIRIZINA DOC 500MG SCIROPPO 150ML,Farmaci da Banco (SOP/OTC),,40.50,41.26,41.31,42.54,42.21,42.39,42.70,41.23,41.35
010011265,CETIRIZINA TEVA 500MG SCIROPPO 150ML,Farmaci da Banco (SOP/OTC),,44.24,45.36,43.44,45.12,43.96,43.25,43.02,45.24,44.65
010011268,CETIRIZINA SANDOZ 500MG SCIROPPO 150ML,Farmaci da Banco (SOP/OTC),,29.19,29.00,30.88,28.79,30.67,30.31,30.33,29.73,29.01
010011271,CETIRIZINA DOC 1000MG 10 COMPRESSE,Farmaci da Banco (SOP/OTC),,11.88,12.56,12.00,12.73,12.88,12.14,12.89,10.68,12.13
010011274,CETIRIZINA TEVA 1000MG 10 COMPRESSE,Farmaci da Banco (SOP/OTC),,28.52,26.90,26.62,27.97,28.48,28.18,28.30,28.67,27.53
010011277,CETIRIZINA SANDOZ 1000MG 10 COMPRESSE,Farmaci da Banco (SOP/OTC),,27.09,26.41,26.68,27.41,25.18,26.35,27.46,25.39,27.26
010011280,CETIRIZINA DOC 1000MG 20 COMPRESSE,Farmaci da Banco (SOP/OTC),,17.89,16.71,16.86,17.89,16.48,18.01,17.44,17.51,17.72
010011283,CETIRIZINA TEVA 1000MG 20 COMPRESSE,Farmaci da Banco (SOP/OTC),,21.04,21.85,22.76,21.51,22.22,21.85,21.64,21.89,22.90
010011286,CETIRIZINA SANDOZ 1000MG 20 COMPRESSE,Farmaci da Banco (SOP/OTC),,16.34,16.14,14.82,14.92,16.58,15.84,16.34,16.02,15.31
010011289,CETIRIZINA DOC 1000MG 30 COMPRESSE,Farmaci da Banco (SOP/OTC),,16.39,16.54,16.06,16.52,15.64,17.23,17.81,16.90,16.74
010011292,CETIRIZINA TEVA 1000MG 30 COMPRESSE,Farmaci da Banco (SOP/OTC),,29.33,28.54,27.92,29.32,28.66,28.70,27.39,29.16,27.51
010011295,CETIRIZINA SANDOZ 1000MG 30 COMPRESSE,Farmaci da Banco (SOP/OTC),,17.98,16.44,16.68,16.49,16.50,17.48,16.71,18.07,17.46
010011298,CETIRIZINA DOC 1000MG 12 BUSTINE,Farmaci da Banco (SOP/OTC),,41.25,41.66,41.80,42.03,41.55,41.15,41.13,40.30,41.96
010011301,CETIRIZINA TEVA 1000MG 12 BUSTINE,Farmaci da Banco (SOP/OTC),,7.07,6.56,5.93,6.24,6.32,6.27,6.22,6.45,7.66
010011304,CETIRIZINA SANDOZ 1000MG 12 BUSTINE,Farmaci da Banco (SOP/OTC),,7.64,6.86,7.37,7.66,6.55,6.01,6.50,7.29,5.91
010011307,CETIRIZINA DOC 1000MG 20 BUSTINE,Farmaci da Banco (SOP/OTC),,43.26,44.05,43.10,45.35,44.50,43.44,43.60,44.35,44.02
010011310,CETIRIZINA TEVA 1000MG 20 BUSTINE,Farmaci da Banco (SOP/OTC),,31.61,33.32,32.62,31.61,32.93,33.31,32.05,31.24,32.12
010011313,CETIRIZINA SANDOZ 1000MG 20 BUSTINE,Farmaci da Banco (SOP/OTC),,7.50,6.28,6.81,5.34,5.52,7.50,6.76,5.75,5.68
010011316,CETIRIZINA DOC 1000MG SCIROPPO 150ML,Farmaci da Banco (SOP/OTC),,26.77,29.12,27.13,29.02,27.59,28.35,26.72,27.00,27.43
010011319,CETIRIZINA TEVA 1000MG SCIROPPO 150ML,Farmaci da Banco (SOP/OTC),,41.90,42.07,42.92,42.36,42.62,42.28,41.31,42.63,42.85
010011322,CETIRIZINA SANDOZ 1000MG SCIROPPO 150ML,Farmaci da Banco (SOP/OTC),,26.82,28.28,26.70,27.73,26.71,28.48,28.20,28.74,27.82
010011325,LORATADINA DOC 100MG 10 COMPRESSE,Farmaci da Banco (SOP/OTC),,5.39,4.69,4.97,5.03,4.84,5.05,5.65,6.13,6.35
010011328,LORATADINA TEVA 100MG 10 COMPRESSE,Farmaci da Banco (SOP/OTC),,17.70,17.07,16.85,16.59,15.65,17.55,17.07,17.54,16.36
010011331,LORATADINA SANDOZ 100MG 10 COMPRESSE,Farmaci da Banco (SOP/OTC),,15.63,14.38,14.36,13.71,13.81,15.40,13.98,15.72,15.55
010011334,LORATADINA DOC 100MG 20 COMPRESSE,Farmaci da Banco (SOP/OTC),,45.02,45.41,44.80,43.72,43.95,43.88,44.44,45.14,43.78
010011337,LORATADINA TEVA 100MG 20 COMPRESSE,Farmaci da Banco (SOP/OTC),,17.60,15.78,17.29,15.83,16.34,17.34,17.87,17.24,16.56
010011340,LORATADINA SANDOZ 100MG 20 COMPRESSE,Farmaci da Banco (SOP/OTC),,43.38,45.29,45.27,45.66,44.16,43.65,44.33,44.29,45.21
010011343,LORATADINA DOC 100MG 30 COMPRESSE,Farmaci da Banco (SOP/OTC),,9.66,10.52,10.09,9.90,10.79,10.52,10.12,8.60,10.32
010011346,LORATADINA TEVA 100MG 30 COMPRESSE,Farmaci da Banco (SOP/OTC),,25.73,25.17,24.88,24.46,26.37,25.61,24.72,24.32,24.72
010011349,LORATADINA SANDOZ 100MG 30 COMPRESSE,Farmaci da Banco (SOP/OTC),,28.70,27.79,28.08,27.59,27.08,27.65,27.43,28.49,28.69
010011352,LORATADINA DOC 100MG 12 BUSTINE,Farmaci da Banco (SOP/OTC),,19.14,20.83,20.05,19.30,21.11,19.22,20.13,19.35,21.06
010011355,LORATADINA TEVA 100MG 12 BUSTINE,Farmaci da Banco (SOP/OTC),,12.29,13.41,14.26,13.69,12.07,12.61,12.07,13.97,12.57
010011358,LORATADINA SANDOZ 100MG 12 BUSTINE,Farmaci da Banco (SOP/OTC),,37.52,37.73,36.53,37.49,37.60,35.81,36.82,35.58,36.12
010011361,LORATADINA DOC 100MG 20 BUSTINE,Farmaci da Banco (SOP/OTC),,28.18,27.66,27.87,28.70,28.20,27.88,28.12,27.74,28.44
010011364,LORATADINA TEVA 100MG 20 BUSTINE,Farmaci da Banco (SOP/OTC),,28.70,28.94,28.87,30.01,30.18,29.30,29.44,29.71,30.89
010011367,LORATADINA SANDOZ 100MG 20 BUSTINE,Farmaci da Banco (SOP/OTC),,32.25,32.39,30.44,30.90,30.88,31.99,31.67,31.25,31.34
010011370,LORATADINA DOC 100MG SCIROPPO 150ML,Farmaci da Banco (SOP/OTC),,32.95,33.78,33.66,32.91,33.12,33.96,33.54,32.62,33.00
010011373,LORATADINA TEVA 100MG SCIROPPO 150ML,Farmaci da Banco (SOP/OTC),,35.99,34.89,34.17,35.17,34.49,35.32,34.68,35.47,34.72
010011376,LORATADINA SANDOZ 100MG SCIROPPO 150ML,Farmaci da Banco (SOP/OTC),,24.21,25.80,25.43,24.14,24.58,24.46,25.06,25.49,25.89
010011379,LORATADINA DOC 200MG 10 COMPRESSE,Farmaci da Banco (SOP/OTC),,7.02,5.76,5.76,5.65,5.74,5.65,7.18,6.99,6.44
010011382,LORATADINA TEVA 200MG 10 COMPRESSE,Farmaci da Banco (SOP/OTC),,18.46,17.92,18.43,18.01,19.49,18.76,20.08,19.23,19.07
010011385,LORATADINA SANDOZ 200MG 10 COMPRESSE,Farmaci da Banco (SOP/OTC),,7.79,9.37,7.63,8.56,8.46,9.20,8.88,7.39,8.72
010011388,LORATADINA DOC 200MG 20 COMPRESSE,Farmaci da Banco (SOP/OTC),,7.46,7.16,6.59,7.15,6.23,7.71,7.22,7.48,5.88
010011391,LORATADINA TEVA 200MG 20 COMPRESSE,Farmaci da Banco (SOP/OTC),,26.50,26.31,25.98,25.27,26.64,25.02,24.92,24.66,25.63
010011394,LORATADINA SANDOZ 200MG 20 COMPRESSE,Farmaci da Banco (SOP/OTC),,18.96,20.87,19.48,19.03,19.09,19.18,20.53,19.68,19.00
010011397,LORATADINA DOC 200MG 30 COMPRESSE,Farmaci da Banco (SOP/OTC),,8.38,8.32,8.50,8.29,6.50,8.07,6.82,8.14,6.76
010011400,LORATADINA TEVA 200MG 30 COMPRESSE,Farmaci da Banco (SOP/OTC),,17.68,18.62,17.50,17.52,18.73,17.56,17.72,19.20,18.45
010011403,LORATADINA SANDOZ 200MG 30 COMPRESSE,Farmaci da Banco (SOP/OTC),,7.28,9.13,7.47,6.82,7.96,6.99,7.47,8.22,8.92
010011406,LORATADINA DOC 200MG 12 BUSTINE,Farmaci da Banco (SOP/OTC),,9.62,8.26,10.30,9.81,8.42,10.53,10.23,8.72,9.00
010011409,LORATADINA TEVA 200MG 12 BUSTINE,Farmaci da Banco (SOP/OTC),,22.85,21.41,22.07,22.61,21.65,21.47,21.93,23.61,22.03
010011412,LORATADINA SANDOZ 200MG 12 BUSTINE,Farmaci da Banco (SOP/OTC),,10.90,11.40,9.93,10.81,11.88,10.71,10.17,11.80,12.06
010011415,LORATADINA DOC 200MG 20 BUSTINE,Farmaci da Banco (SOP/OTC),,44.04,44.07,43.72,44.76,44.87,43.49,44.45,44.06,43.55
010011418,LORATADINA TEVA 200MG 20 BUSTINE,Farmaci da Banco (SOP/OTC),,11.48,13.08,11.24,11.09,11.89,11.28,12.46,12.85,10.97
010011421,LORATADINA SANDOZ 200MG 20 BUSTINE,Farmaci da Banco (SOP/OTC),,43.48,44.05,42.90,43.91,43.56,42.81,44.75,44.76,43.26
010011424,LORATADINA DOC 200MG SCIROPPO 150ML,Farmaci da Banco (SOP/OTC),,43.34,44.49,44.22,44.14,44.78,44.74,43.32,44.31,44.06
010011427,LORATADINA TEVA 200MG SCIROPPO 150ML,Farmaci da Banco (SOP/OTC),,45.76,43.84,45.40,44.86,44.77,45.55,44.96,45.32,43.86
010011430,LORATADINA SANDOZ 200MG SCIROPPO 150ML,Farmaci da Banco (SOP/OTC),,26.54,26.28,25.15,25.69,24.72,24.72,24.54,26.71,26.24
010011433,LORATADINA DOC 400MG 10 COMPRESSE,Farmaci da Banco (SOP/OTC),,37.72,37.88,39.96,38.20,38.99,37.99,39.98,39.45,39.73
010011436,LORATADINA TEVA 400MG 10 COMPRESSE,Farmaci da Banco (SOP/OTC),,27.66,28.28,28.89,28.60,28.94,28.91,28.23,28.81,29.77
010011439,LORATADINA SANDOZ 400MG 10 COMPRESSE,Farmaci da Banco (SOP/OTC),,6.62,5.31,5.95,5.59,7.23,5.49,6.47,5.57,5.24
010011442,LORATADINA DOC 400MG 20 COMPRESSE,Farmaci da Banco (SOP/OTC),,41.55,42.24,41.84,40.33,41.14,40.94,41.77,42.16,41.34
010011445,LORATADINA TEVA 400MG 20 COMPRESSE,Farmaci da Banco (SOP/OTC),,7.00,6.36,5.32,6.67,5.58,5.26,5.36,4.92,5.43
010011448,LORATADINA SANDOZ 400MG 20 COMPRESSE,Farmaci da Banco (SOP/OTC),,11.41,11.10,11.50,10.96,9.93,11.79,10.99,11.48,10.01
010011451,LORATADINA DOC 400MG 30 COMPRESSE,Farmaci da Banco (SOP/OTC),,18.81,18.57,19.47,18.98,19.58,18.77,19.71,18.65,17.93
010011454,LORATADINA TEVA 400MG 30 COMPRESSE,Farmaci da Banco (SOP/OTC),,42.60,44.06,41.89,42.09,42.63,42.41,43.09,42.28,42.23
010011457,LORATADINA SANDOZ 400MG 30 COMPRESSE,Farmaci da Banco (SOP/OTC),,33.44,33.01,34.42,33.24,35.11,34.72,34.92,32.81,34.19
010011460,LORATADINA DOC 400MG 12 BUSTINE,Farmaci da Banco (SOP/OTC),,41.05,41.85,40.68,41.23,42.15,40.87,40.72,42.17,41.54
010011463,LORATADINA TEVA 400MG 12 BUSTINE,Farmaci da Banco (SOP/OTC),,43.34,43.15,44.74,43.39,43.07,42.66,42.54,44.17,43.24
010011466,LORATADINA SANDOZ 400MG 12 BUSTINE,Farmaci da Banco (SOP/OTC),,12.03,11.41,10.45,11.55,9.93,10.78,11.22,12.15,9.91
010011469,LORATADINA DOC 400MG 20 BUSTINE,Farmaci da Banco (SOP/OTC),,35.74,34.89,34.34,33.52,34.35,34.07,34.79,35.00,33.80
010011472,LORATADINA TEVA 400MG 20 BUSTINE,Farmaci da Banco (SOP/OTC),,6.48,7.69,6.28,6.41,7.76,6.01,7.21,6.07,6.03
010011475,LORATADINA SANDOZ 400MG 20 BUSTINE,Farmaci da Banco (SOP/OTC),,39.06,40.82,39.47,40.18,38.83,40.67,39.29,39.79,38.70
010011478,LORATADINA DOC 400MG SCIROPPO 150ML,Farmaci da Banco (SOP/OTC),,36.25,38.41,37.24,37.92,36.85,38.20,38.37,37.46,36.94
010011481,LORATADINA TEVA 400MG SCIROPPO 150ML,Farmaci da Banco (SOP/OTC),,25.30,26.04,26.67,26.36,26.77,26.27,25.36,25.25,25.09
010011484,LORATADINA SANDOZ 400MG SCIROPPO 150ML,Farmaci da Banco (SOP/OTC),,44.98,44.03,45.54,45.14,43.77,43.88,44.79,45.45,45.19
010011487,LORATADINA DOC 500MG 10 COMPRESSE,Farmaci da Banco (SOP/OTC),,19.04,19.54,18.10,18.07,19.14,18.56,19.05,19.84,20.07
010011490,LORATADINA TEVA 500MG 10 COMPRESSE,Farmaci da Banco (SOP/OTC),,21.34,22.99,21.72,22.57,21.44,23.45,22.09,23.10,22.81
010011493,LORATADINA SANDOZ 500MG 10 COMPRESSE,Farmaci da Banco (SOP/OTC),,22.92,23.94,22.18,22.66,22.99,22.85,23.65,22.09,22.02
010011496,LORATADINA DOC 500MG 20 COMPRESSE,Farmaci da Banco (SOP/OTC),,13.64,14.36,13.85,13.66,14.41,13.95,14.53,15.33,14.29
010011499,LORATADINA TEVA 500MG 20 COMPRESSE,Farmaci da Banco (SOP/OTC),,23.72,25.23,24.35,25.16,23.68,24.83,25.91,24.00,23.92
010011502,LORATADINA SANDOZ 500MG 20 COMPRESSE,Farmaci da Banco (SOP/OTC),,39.58,38.88,39.76,39.93,39.54,39.50,38.34,39.34,37.66
010011505,LORATADINA DOC 500MG 30 COMPRESSE,Farmaci da Banco (SOP/OTC),,5.94,7.86,7.91,6.20,6.83,5.89,7.98,7.27,7.60
010011508,LORATADINA TEVA 500MG 30 COMPRESSE,Farmaci da Banco (SOP/OTC),,40.09,39.65,41.19,41.42,41.15,40.75,40.03,40.84,41.63
010011511,LORATADINA SANDOZ 500MG 30 COMPRESSE,Farmaci da Banco (SOP/OTC),,26.88,27.39,28.02,27.19,27.17,27.69,27.81,27.86,26.67
010011514,LORATADINA DOC 500MG 12 BUSTINE,Farmaci da Banco (SOP/OTC),,35.91,34.94,34.71,34.00,35.04,35.76,34.28,33.73,34.79
010011517,LORATADINA TEVA 500MG 12 BUSTINE,Farmaci da Banco (SOP/OTC),,36.46,35.69,35.94,36.30,36.37,35.47,34.65,34.58,36.22
010011520,LORATADINA SANDOZ 500MG 12 BUSTINE,Farmaci da Banco (SOP/OTC),,15.87,14.75,14.49,15.96,15.90,14.91,15.30,14.59,15.69
010011523,LORATADINA DOC 500MG 20 BUSTINE,Farmaci da Banco (SOP/OTC),,40.03,38.84,38.56,40.25,39.15,40.60,40.43,40.52,39.62
010011526,LORATADINA TEVA 500MG 20 BUSTINE,Farmaci da Banco (SOP/OTC),,42.10,42.14,43.08,41.99,43.33,43.29,41.99,43.04,41.94
010011529,LORATADINA SANDOZ 500MG 20 BUSTINE,Farmaci da Banco (SOP/OTC),,43.63,41.58,42.92,43.10,43.39,42.33,41.97,42.24,42.60
010011532,LORATADINA DOC 500MG SCIROPPO 150ML,Farmaci da Banco (SOP/OTC),,30.36,30.47,30.39,30.95,32.48,30.66,30.61,30.98,32.20
010011535,LORATADINA TEVA 500MG SCIROPPO 150ML,Farmaci da Banco (SOP/OTC),,34.23,33.62,34.71,32.43,34.32,33.73,32.61,33.85,33.49
010011538,LORATADINA SANDOZ 500MG SCIROPPO 150ML,Farmaci da Banco (SOP/OTC),,19.33,18.74,18.54,17.42,18.30,18.61,17.33,18.87,19.24
010011541,LORATADINA DOC 1000MG 10 COMPRESSE,Farmaci da Banco (SOP/OTC),,30.01,29.64,31.26,30.67,31.49,29.35,30.68,31.37,31.02
010011544,LORATADINA TEVA 1000MG 10 COMPRESSE,Farmaci da Banco (SOP/OTC),,24.48,25.13,23.82,24.56,25.08,24.44,24.28,23.79,23.79
010011547,LORATADINA SANDOZ 1000MG 10 COMPRESSE,Farmaci da Banco (SOP/OTC),,36.25,37.93,37.08,37.94,36.86,37.67,35.89,36.53,36.50
010011550,LORATADINA DOC 1000MG 20 COMPRESSE,Farmaci da Banco (SOP/OTC),,40.99,41.96,41.94,41.11,40.72,40.00,40.23,40.45,40.07
010011553,LORATADINA TEVA 1000MG 20 COMPRESSE,Farmaci da Banco (SOP/OTC),,14.03,14.87,12.73,14.58,13.31,13.23,13.86,13.37,14.92
010011556,LORATADINA SANDOZ 1000MG 20 COMPRESSE,Farmaci da Banco (SOP/OTC),,24.06,22.88,21.96,23.77,23.20,21.96,23.99,23.84,21.84
010011559,LORATADINA DOC 1000MG 30 COMPRESSE,Farmaci da Banco (SOP/OTC),,17.65,16.61,18.17,17.22,17.00,16.99,18.67,16.78,16.73
010011562,LORATADINA TEVA 1000MG 30 COMPRESSE,Farmaci da Banco (SOP/OTC),,38.94,37.83,37.52,38.08,37.81,37.95,39.51,37.31,37.41
010011565,LORATADINA SANDOZ 1000MG 30 COMPRESSE,Farmaci da Banco (SOP/OTC),,30.43,30.36,29.56,30.55,30.12,28.59,29.98,29.47,29.80
010011568,LORATADINA DOC 1000MG 12 BUSTINE,Farmaci da Banco (SOP/OTC),,7.26,8.16,8.32,7.86,7.40,7.18,8.60,7.10,7.59
010011571,LORATADINA TEVA 1000MG 12 BUSTINE,Farmaci da Banco (SOP/OTC),,23.92,24.71,24.67,22.79,22.58,23.32,22.49,24.59,24.16
010011574,LORATADINA SANDOZ 1000MG 12 BUSTINE,Farmaci da Banco (SOP/OTC),,38.61,38.90,38.35,38.54,39.23,39.94,39.69,40.29,40.39
010011577,LORATADINA DOC 1000MG 20 BUSTINE,Farmaci da Banco (SOP/OTC),,11.75,10.56,10.64,10.22,10.12,10.37,10.84,9.87,10.48
010011580,LORATADINA TEVA 1000MG 20 BUSTINE,Farmaci da Banco (SOP/OTC),,20.68,21.02,21.17,22.29,21.19,21.96,22.16,22.25,20.85
010011583,LORATADINA SANDOZ 1000MG 20 BUSTINE,Farmaci da Banco (SOP/OTC),,12.26,13.58,11.24,13.29,12.49,13.60,11.98,12.15,11.35
010011586,LORATADINA DOC 1000MG SCIROPPO 150ML,Farmaci da Banco (SOP/OTC),,30.05,31.36,30.75,29.60,30.55,30.63,30.57,29.04,30.40
010011589,LORATADINA TEVA 1000MG SCIROPPO 150ML,Farmaci da Banco (SOP/OTC),,26.54,26.44,27.52,26.80,26.74,25.75,25.71,26.08,26.71
010011592,LORATADINA SANDOZ 1000MG SCIROPPO 150ML,Farmaci da Banco (SOP/OTC),,31.75,31.55,31.29,31.70,32.19,32.23,31.75,31.86,31.82
010011595,AMBROXOL DOC 100MG 10 COMPRESSE,Farmaci da Banco (SOP/OTC),,33.57,32.47,32.99,33.67,32.14,33.98,34.13,32.05,31.96
010011598,AMBROXOL TEVA 100MG 10 COMPRESSE,Farmaci da Banco (SOP/OTC),,23.61,25.56,24.48,23.22,23.66,24.05,25.08,23.21,23.75
010011601,AMBROXOL SANDOZ 100MG 10 COMPRESSE,Farmaci da Banco (SOP/OTC),,27.58,26.30,25.97,26.32,28.01,25.68,26.06,26.89,27.75
010011604,AMBROXOL DOC 100MG 20 COMPRESSE,Farmaci da Banco (SOP/OTC),,11.01,10.07,9.29,10.70,11.15,10.53,9.50,9.32,10.86
010011607,AMBROXOL TEVA 100MG 20 COMPRESSE,Farmaci da Banco (SOP/OTC),,13.04,13.31,13.29,12.50,11.47,12.07,11.24,12.29,12.07
010011610,AMBROXOL SANDOZ 100MG 20 COMPRESSE,Farmaci da Banco (SOP/OTC),,5.35,5.06,4.86,6.17,5.87,6.48,6.70,6.08,6.42
010011613,AMBROXOL DOC 100MG 30 COMPRESSE,Farmaci da Banco (SOP/OTC),,6.02,7.68,6.59,6.31,8.05,5.90,6.79,7.38,6.17
010011616,AMBROXOL TEVA 100MG 30 COMPRESSE,Farmaci da Banco (SOP/OTC),,34.73,34.89,35.30,34.80,36.45,36.10,34.45,35.08,35.93
010011619,AMBROXOL SANDOZ 100MG 30 COMPRESSE,Farmaci da Banco (SOP/OTC),,40.81,41.34,40.10,39.39,39.60,39.57,40.17,40.01,40.09
010011622,AMBROXOL DOC 100MG 12 BUSTINE,Farmaci da Banco (SOP/OTC),,26.55,25.47,25.44,24.95,26.35,25.28,26.44,25.99,26.36
010011625,AMBROXOL TEVA 100MG 12 BUSTINE,Farmaci da Banco (SOP/OTC),,25.22,24.65,24.45,24.77,23.55,23.55,23.55,23.74,23.85
010011628,AMBROXOL SANDOZ 100MG 12 BUSTINE,Farmaci da Banco (SOP/OTC),,31.80,31.99,32.01,32.64,32.35,32.00,33.47,32.46,33.81
010011631,AMBROXOL DOC 100MG 20 BUSTINE,Farmaci da Banco (SOP/OTC),,43.85,44.65,43.30,44.69,44.27,43.04,43.89,43.47,42.79
010011634,AMBROXOL TEVA 100MG 20 BUSTINE,Farmaci da Banco (SOP/OTC),,5.66,5.90,5.03,4.39,6.66,4.54,6.08,4.51,5.73
010011637,AMBROXOL SANDOZ 100MG 20 BUSTINE,Farmaci da Banco (SOP/OTC),,18.91,19.07,17.99,18.72,17.35,18.50,17.67,18.92,18.98
010011640,AMBROXOL DOC 100MG SCIROPPO 150ML,Farmaci da Banco (SOP/OTC),,26.02,26.45,25.43,25.44,26.61,24.53,25.26,26.63,24.46
010011643,AMBROXOL TEVA 100MG SCIROPPO 150ML,Farmaci da Banco (SOP/OTC),,9.36,10.43,9.27,11.11,10.71,9.93,10.94,9.70,10.80
010011646,AMBROXOL SANDOZ 100MG SCIROPPO 150ML,Farmaci da Banco (SOP/OTC),,28.30,27.60,27.77,27.07,28.99,28.88,27.62,26.81,28.23
010011649,AMBROXOL DOC 200MG 10 COMPRESSE,Farmaci da Banco (SOP/OTC),,39.32,39.11,37.56,37.23,38.45,39.28,39.18,38.49,38.46
010011652,AMBROXOL TEVA 200MG 10 COMPRESSE,Farmaci da Banco (SOP/OTC),,23.56,22.61,23.18,22.68,23.54,22.09,23.79,23.05,23.11
010011655,AMBROXOL SANDOZ 200MG 10 COMPRESSE,Farmaci da Banco (SOP/OTC),,20.92,19.25,19.77,21.36,20.24,20.92,19.73,19.81,21.36
010011658,AMBROXOL DOC 200MG 20 COMPRESSE,Farmaci da Banco (SOP/OTC),,38.39,39.43,38.89,37.62,37.58,38.19,38.75,38.34,38.93
010011661,AMBROXOL TEVA 200MG 20 COMPRESSE,Farmaci da Banco (SOP/OTC),,8.87,8.52,9.47,10.01,10.00,8.65,8.72,9.28,10.11
010011664,AMBROXOL SANDOZ 200MG 20 COMPRESSE,Farmaci da Banco (SOP/OTC),,17.87,17.13,16.68,18.10,17.93,17.15,17.72,18.50,17.96
010011667,AMBROXOL DOC 200MG 30 COMPRESSE,Farmaci da Banco (SOP/OTC),,36.44,37.54,36.81,37.57,37.09,36.76,37.83,36.35,36.23
010011670,AMBROXOL TEVA 200MG 30 COMPRESSE,Farmaci da Banco (SOP/OTC),,8.70,8.93,8.99,8.99,7.91,8.72,9.35,8.70,9.51
010011673,AMBROXOL SANDOZ 200MG 30 COMPRESSE,Farmaci da Banco (SOP/OTC),,40.97,40.26,40.30,41.24,40.75,41.86,40.37,40.78,40.35
010011676,AMBROXOL DOC 200MG 12 BUSTINE,Farmaci da Banco (SOP/OTC),,29.52,28.99,29.01,29.89,27.69,28.75,28.05,29.48,29.12
010011679,AMBROXOL TEVA 200MG 12 BUSTINE,Farmaci da Banco (SOP/OTC),,6.23,4.29,5.50,5.32,4.31,4.70,5.52,5.61,4.95
010011682,AMBROXOL SANDOZ 200MG 12 BUSTINE,Farmaci da Banco (SOP/OTC),,26.71,25.88,28.15,28.04,27.36,26.61,27.95,27.96,27.08
010011685,AMBROXOL DOC 200MG 20 BUSTINE,Farmaci da Banco (SOP/OTC),,21.07,19.59,19.47,21.04,21.70,20.06,19.43,20.30,19.61
010011688,AMBROXOL TEVA 200MG 20 BUSTINE,Farmaci da Banco (SOP/OTC),,18.50,18.09,16.50,18.46,16.95,17.95,16.82,17.89,18.60
010011691,AMBROXOL SANDOZ 200MG 20 BUSTINE,Farmaci da Banco (SOP/OTC),,37.13,36.09,35.71,37.02,36.28,36.08,36.04,36.94,35.89
010011694,AMBROXOL DOC 200MG SCIROPPO 150ML,Farmaci da Banco (SOP/OTC),,21.07,21.70,21.38,21.14,21.55,23.23,23.13,22.12,23.41
010011697,AMBROXOL TEVA 200MG SCIROPPO 150ML,Farmaci da Banco (SOP/OTC),,20.46,21.06,21.05,19.55,19.07,19.01,19.80,20.33,20.46
010011700,AMBROXOL SANDOZ 200MG SCIROPPO 150ML,Farmaci da Banco (SOP/OTC),,42.83,43.00,42.62,41.89,40.89,42.47,42.01,41.47,42.92
010011703,AMBROXOL DOC 400MG 10 COMPRESSE,Farmaci da Banco (SOP/OTC),,35.65,35.06,35.49,35.51,35.28,36.68,37.06,35.40,35.28
010011706,AMBROXOL TEVA 400MG 10 COMPRESSE,Farmaci da Banco (SOP/OTC),,34.22,34.36,33.30,34.73,32.82,33.63,32.93,34.66,33.83
010011709,AMBROXOL SANDOZ 400MG 10 COMPRESSE,Farmaci da Banco (SOP/OTC),,22.00,22.44,21.89,21.84,22.46,22.50,21.71,23.13,21.59
010011712,AMBROXOL DOC 400MG 20 COMPRESSE,Farmaci da Banco (SOP/OTC),,37.43,38.47,38.22,37.97,38.42,39.29,37.69,37.35,38.79
010011715,AMBROXOL TEVA 400MG 20 COMPRESSE,Farmaci da Banco (SOP/OTC),,20.32,19.58,20.36,20.76,20.75,19.02,20.40,19.96,19.90
010011718,AMBROXOL SANDOZ 400MG 20 COMPRESSE,Farmaci da Banco (SOP/OTC),,11.08,12.31,12.43,13.17,12.29,13.02,12.32,12.59,11.53
010011721,AMBROXOL DOC 400MG 30 COMPRESSE,Farmaci da Banco (SOP/OTC),,13.18,13.77,13.81,13.66,13.06,13.75,14.78,15.06,13.15
010011724,AMBROXOL TEVA 400MG 30 COMPRESSE,Farmaci da Banco (SOP/OTC),,27.40,27.80,27.20,27.95,26.40,27.12,26.28,26.99,28.10
010011727,AMBROXOL SANDOZ 400MG 30 COMPRESSE,Farmaci da Banco (SOP/OTC),,42.02,41.75,40.84,41.74,41.89,41.30,40.90,41.90,40.47
010011730,AMBROXOL DOC 400MG 12 BUSTINE,Farmaci da Banco (SOP/OTC),,9.00,9.21,9.53,9.26,7.92,8.28,8.51,8.38,10.14
010011733,AMBROXOL TEVA 400MG 12 BUSTINE,Farmaci da Banco (SOP/OTC),,30.99,31.66,31.12,29.44,31.36,31.41,30.18,31.65,31.67
010011736,AMBROXOL SANDOZ 400MG 12 BUSTINE,Farmaci da Banco (SOP/OTC),,36.70,36.53,36.60,36.92,36.76,38.13,36.10,36.10,37.84
010011739,AMBROXOL DOC 400MG 20 BUSTINE,Farmaci da Banco (SOP/OTC),,10.77,12.23,12.72,10.75,11.64,11.63,12.49,11.55,12.76
010011742,AMBROXOL TEVA 400MG 20 BUSTINE,Farmaci da Banco (SOP/OTC),,14.41,14.80,14.93,14.31,16.48,14.89,16.35,15.44,14.47
010011745,AMBROXOL SANDOZ 400MG 20 BUSTINE,Farmaci da Banco (SOP/OTC),,39.91,39.54,40.58,39.47,39.81,38.45,38.23,40.51,39.06
010011748,AMBROXOL DOC 400MG SCIROPPO 150ML,Farmaci da Banco (SOP/OTC),,25.95,25.80,25.44,24.80,25.13,25.73,24.27,25.03,26.26
010011751,AMBROXOL TEVA 400MG SCIROPPO 150ML,Farmaci da Banco (SOP/OTC),,19.51,19.08,19.65,18.52,18.54,20.06,18.76,19.78,20.15
010011754,AMBROXOL SANDOZ 400MG SCIROPPO 150ML,Farmaci da Banco (SOP/OTC),,41.52,42.33,42.34,42.55,42.69,41.21,41.02,42.50,40.49
010011757,AMBROXOL DOC 500MG 10 COMPRESSE,Farmaci da Banco (SOP/OTC),,8.93,9.79,7.97,9.49,9.56,9.30,8.73,9.31,9.12
010011760,AMBROXOL TEVA 500MG 10 COMPRESSE,Farmaci da Banco (SOP/OTC),,24.03,24.14,25.74,26.19,24.76,25.57,24.95,24.58,24.59
010011763,AMBROXOL SANDOZ 500MG 10 COMPRESSE,Farmaci da Banco (SOP/OTC),,12.52,12.67,14.47,14.56,14.21,13.29,14.38,14.01,13.28
010011766,AMBROXOL DOC 500MG 20 COMPRESSE,Farmaci da Banco (SOP/OTC),,7.59,7.10,7.25,7.28,7.50,6.87,7.26,8.13,6.11
010011769,AMBROXOL TEVA 500MG 20 COMPRESSE,Farmaci da Banco (SOP/OTC),,6.01,4.37,3.96,4.99,5.91,5.06,5.54,6.19,6.04
010011772,AMBROXOL SANDOZ 500MG 20 COMPRESSE,Farmaci da Banco (SOP/OTC),,41.89,42.25,41.31,42.61,41.79,41.24,43.20,42.01,41.06
010011775,AMBROXOL DOC 500MG 30 COMPRESSE,Farmaci da Banco (SOP/OTC),,17.96,16.92,16.78,17.85,17.69,17.00,17.19,17.17,18.44
010011778,AMBROXOL TEVA 500MG 30 COMPRESSE,Farmaci da Banco (SOP/OTC),,12.77,12.88,13.21,11.20,12.68,12.37,11.25,11.91,12.32
010011781,AMBROXOL SANDOZ 500MG 30 COMPRESSE,Farmaci da Banco (SOP/OTC),,10.23,11.04,11.85,9.99,9.91,10.33,11.37,11.63,11.58
010011784,AMBROXOL DOC 500MG 12 BUSTINE,Farmaci da Banco (SOP/OTC),,10.85,10.16,10.29,10.84,10.36,9.89,9.87,11.24,9.96
010011787,AMBROXOL TEVA 500MG 12 BUSTINE,Farmaci da Banco (SOP/OTC),,44.93,44.68,43.59,45.20,43.72,44.28,45.05,44.51,44.22
010011790,AMBROXOL SANDOZ 500MG 12 BUSTINE,Farmaci da Banco (SOP/OTC),,36.57,36.81,36.18,35.57,35.59,37.05,35.65,35.87,35.28
010011793,AMBROXOL DOC 500MG 20 BUSTINE,Farmaci da Banco (SOP/OTC),,39.97,41.16,40.65,40.07,39.44,41.65,40.96,40.72,40.73
010011796,AMBROXOL TEVA 500MG 20 BUSTINE,Farmaci da Banco (SOP/OTC),,29.24,29.72,30.49,30.38,29.79,30.83,29.06,29.91,28.95
010011799,AMBROXOL SANDOZ 500MG 20 BUSTINE,Farmaci da Banco (SOP/OTC),,15.25,13.57,14.72,13.77,14.07,14.26,14.62,14.01,14.02
010011802,AMBROXOL DOC 500MG SCIROPPO 150ML,Farmaci da Banco (SOP/OTC),,11.24,11.11,11.32,10.55,10.48,10.88,10.65,9.13,9.46
010011805,AMBROXOL TEVA 500MG SCIROPPO 150ML,Farmaci da Banco (SOP/OTC),,37.82,39.30,38.80,37.81,40.14,39.73,39.66,39.13,40.11
010011808,AMBROXOL SANDOZ 500MG SCIROPPO 150ML,Farmaci da Banco (SOP/OTC),,11.08,11.79,10.51,11.38,11.31,10.78,11.87,11.47,11.99
010011811,AMBROXOL DOC 1000MG 10 COMPRESSE,Farmaci da Banco (SOP/OTC),,33.31,34.36,33.65,32.43,33.81,33.33,32.45,32.66,32.88
010011814,AMBROXOL TEVA 1000MG 10 COMPRESSE,Farmaci da Banco (SOP/OTC),,12.40,10.64,10.53,11.98,11.18,10.75,12.03,12.25,12.11
010011817,AMBROXOL SANDOZ 1000MG 10 COMPRESSE,Farmaci da Banco (SOP/OTC),,8.25,8.30,9.42,9.83,9.50,8.45,10.27,9.60,10.30
010011820,AMBROXOL DOC 1000MG 20 COMPRESSE,Farmaci da Banco (SOP/OTC),,10.80,11.72,10.53,10.15,11.11,10.25,10.97,11.54,9.71
010011823,AMBROXOL TEVA 1000MG 20 COMPRESSE,Farmaci da Banco (SOP/OTC),,37.21,37.39,37.42,37.25,36.83,38.22,38.36,38.08,36.92
010011826,AMBROXOL SANDOZ 1000MG 20 COMPRESSE,Farmaci da Banco (SOP/OTC),,35.56,33.28,35.36,35.58,33.31,33.89,33.44,34.35,34.06
010011829,AMBROXOL DOC 1000MG 30 COMPRESSE,Farmaci da Banco (SOP/OTC),,30.76,30.45,30.42,29.85,31.45,31.37,30.33,31.99,30.59
010011832,AMBROXOL TEVA 1000MG 30 COMPRESSE,Farmaci da Banco (SOP/OTC),,27.70,26.81,27.05,28.08,27.53,27.37,28.36,27.43,26.20
010011835,AMBROXOL SANDOZ 1000MG 30 COMPRESSE,Farmaci da Banco (SOP/OTC),,33.77,33.72,32.91,34.37,33.85,34.40,32.95,32.98,33.59
010011838,AMBROXOL DOC 1000MG 12 BUSTINE,Farmaci da Banco (SOP/OTC),,8.81,7.19,7.51,8.56,7.54,7.44,6.92,8.67,8.00
010011841,AMBROXOL TEVA 1000MG 12 BUSTINE,Farmaci da Banco (SOP/OTC),,22.67,22.69,23.31,22.94,22.83,22.88,23.08,22.14,23.52
010011844,AMBROXOL SANDOZ 1000MG 12 BUSTINE,Farmaci da Banco (SOP/OTC),,44.17,43.34,43.91,45.03,44.83,44.15,43.93,43.40,43.32
010011847,AMBROXOL DOC 1000MG 20 BUSTINE,Farmaci da Banco (SOP/OTC),,9.60,7.83,8.62,8.22,9.09,9.37,9.95,9.19,9.85
010011850,AMBROXOL TEVA 1000MG 20 BUSTINE,Farmaci da Banco (SOP/OTC),,30.71,32.55,32.31,32.35,31.46,31.60,31.29,30.64,31.69
010011853,AMBROXOL SANDOZ 1000MG 20 BUSTINE,Farmaci da Banco (SOP/OTC),,35.09,36.12,35.22,36.41,36.44,36.10,35.09,36.74,36.85
010011856,AMBROXOL DOC 1000MG SCIROPPO 150ML,Farmaci da Banco (SOP/OTC),,39.44,37.45,38.88,38.38,39.28,38.75,37.54,37.60,38.94
010011859,AMBROXOL TEVA 1000MG SCIROPPO 150ML,Farmaci da Banco (SOP/OTC),,4.74,6.08,6.08,6.55,6.27,6.50,6.46,4.57,6.87
010011862,AMBROXOL SANDOZ 1000MG SCIROPPO 150ML,Farmaci da Banco (SOP/OTC),,41.70,41.34,42.73,42.78,43.60,43.15,43.53,43.12,43.11
010011865,ACETILCISTEINA DOC 100MG 10 COMPRESSE,Farmaci da Banco (SOP/OTC),,41.10,42.72,42.13,43.11,42.96,41.99,41.90,41.55,42.89
010011868,ACETILCISTEINA TEVA 100MG 10 COMPRESSE,Farmaci da Banco (SOP/OTC),,16.09,16.90,16.38,17.03,15.14,17.02,16.92,16.27,15.96
010011871,ACETILCISTEINA SANDOZ 100MG 10 COMPRESSE,Farmaci da Banco (SOP/OTC),,42.84,44.65,44.58,43.27,44.57,43.57,44.40,44.09,44.10
010011874,ACETILCISTEINA DOC 100MG 20 COMPRESSE,Farmaci da Banco (SOP/OTC),,30.57,30.38,30.57,31.75,31.89,32.31,31.37,30.33,30.16
010011877,ACETILCISTEINA TEVA 100MG 20 COMPRESSE,Farmaci da Banco (SOP/OTC),,18.07,18.63,16.37,16.92,17.78,17.46,18.19,17.04,16.40
010011880,ACETILCISTEINA SANDOZ 100MG 20 COMPRESSE,Farmaci da Banco (SOP/OTC),,28.46,28.12,28.76,28.37,29.74,28.88,28.43,29.53,29.22
010011883,ACETILCISTEINA DOC 100MG 30 COMPRESSE,Farmaci da Banco (SOP/OTC),,19.77,21.69,21.42,21.30,21.69,21.47,21.68,19.68,19.89
010011886,ACETILCISTEINA TEVA 100MG 30 COMPRESSE,Farmaci da Banco (SOP/OTC),,20.08,20.79,21.93,20.48,20.19,22.30,20.47,20.36,20.71
010011889,ACETILCISTEINA SANDOZ 100MG 30 COMPRESSE,Farmaci da Banco (SOP/OTC),,13.00,11.37,13.15,11.32,11.21,11.55,12.73,12.73,11.88
010011892,ACETILCISTEINA DOC 100MG 12 BUSTINE,Farmaci da Banco (SOP/OTC),,15.20,16.51,15.34,15.02,15.83,16.79,16.42,16.81,15.88
010011895,ACETILCISTEINA TEVA 100MG 12 BUSTINE,Farmaci da Banco (SOP/OTC),,43.71,43.49,44.29,44.58,44.35,44.83,44.17,43.16,43.08
010011898,ACETILCISTEINA SANDOZ 100MG 12 BUSTINE,Farmaci da Banco (SOP/OTC),,13.44,14.98,14.18,14.68,14.49,13.88,14.10,14.99,14.87
010011901,ACETILCISTEINA DOC 100MG 20 BUSTINE,Farmaci da Banco (SOP/OTC),,44.19,43.21,43.31,43.29,43.35,44.67,43.60,43.53,44.68
010011904,ACETILCISTEINA TEVA 100MG 20 BUSTINE,Farmaci da Banco (SOP/OTC),,6.37,7.32,7.16,8.55,8.21,6.68,6.39,7.89,7.40
010011907,ACETILCISTEINA SANDOZ 100MG 20 BUSTINE,Farmaci da Banco (SOP/OTC),,32.75,32.37,33.47,32.76,31.37,32.86,32.63,31.34,32.70
010011910,ACETILCISTEINA DOC 100MG SCIROPPO 150ML,Farmaci da Banco (SOP/OTC),,40.97,39.75,40.19,39.24,39.64,41.25,40.79,40.41,39.60
010011913,ACETILCISTEINA TEVA 100MG SCIROPPO 150ML,Farmaci da Banco (SOP/OTC),,12.66,12.76,11.44,12.93,11.76,11.95,13.25,12.35,11.30
010011916,ACETILCISTEINA SANDOZ 100MG SCIROPPO 150ML,Farmaci da Banco (SOP/OTC),,34.89,36.17,34.34,35.45,35.17,35.97,34.37,35.48,34.35
010011919,ACETILCISTEINA DOC 200MG 10 COMPRESSE,Farmaci da Banco (SOP/OTC),,10.13,9.30,9.22,9.68,11.07,8.83,9.49,9.71,10.29
010011922,ACETILCISTEINA TEVA 200MG 10 COMPRESSE,Farmaci da Banco (SOP/OTC),,4.90,6.78,5.47,6.29,4.69,5.42,5.36,5.55,4.88
010011925,ACETILCISTEINA SANDOZ 200MG 10 COMPRESSE,Farmaci da Banco (SOP/OTC),,6.99,8.33,9.00,7.49,7.23,8.71,8.52,7.22,8.00
010011928,ACETILCISTEINA DOC 200MG 20 COMPRESSE,Farmaci da Banco (SOP/OTC),,27.16,27.75,26.38,27.38,26.76,27.08,25.95,26.78,26.91
010011931,ACETILCISTEINA TEVA 200MG 20 COMPRESSE,Farmaci da Banco (SOP/OTC),,29.83,29.78,29.06,29.55,28.09,28.25,28.53,29.56,28.75
010011934,ACETILCISTEINA SANDOZ 200MG 20 COMPRESSE,Farmaci da Banco (SOP/OTC),,7.26,6.34,6.19,6.13,7.81,7.53,6.19,7.44,7.33
010011937,ACETILCISTEINA DOC 200MG 30 COMPRESSE,Farmaci da Banco (SOP/OTC),,28.31,26.97,26.57,28.60,26.78,27.62,27.37,27.27,28.34
010011940,ACETILCISTEINA TEVA 200MG 30 COMPRESSE,Farmaci da Banco (SOP/OTC),,18.40,18.17,18.16,18.22,18.15,18.52,18.91,18.52,17.67
010011943,ACETILCISTEINA SANDOZ 200MG 30 COMPRESSE,Farmaci da Banco (SOP/OTC),,19.90,20.25,19.22,18.80,18.93,20.69,20.30,20.40,19.36
010011946,ACETILCISTEINA DOC 200MG 12 BUSTINE,Farmaci da Banco (SOP/OTC),,20.08,22.37,21.99,22.10,22.39,22.12,21.16,20.72,20.75
010011949,ACETILCISTEINA TEVA 200MG 12 BUSTINE,Farmaci da Banco (SOP/OTC),,32.42,31.36,30.97,31.30,32.55,31.51,30.55,30.77,31.42
010011952,ACETILCISTEINA SANDOZ 200MG 12 BUSTINE,Farmaci da Banco (SOP/OTC),,39.47,39.54,39.65,41.32,41.16,40.33,41.36,41.27,41.24
010011955,ACETILCISTEINA DOC 200MG 20 BUSTINE,Farmaci da Banco (SOP/OTC),,32.83,33.58,33.44,33.51,33.61,32.93,33.00,34.03,33.11
010011958,ACETILCISTEINA TEVA 200MG 20 BUSTINE,Farmaci da Banco (SOP/OTC),,36.48,37.80,37.35,37.03,37.78,35.73,37.95,37.75,36.36
010011961,ACETILCISTEINA SANDOZ 200MG 20 BUSTINE,Farmaci da Banco (SOP/OTC),,22.55,23.45,23.44,21.73,23.92,22.89,23.47,22.45,22.85
010011964,ACETILCISTEINA DOC 200MG SCIROPPO 150ML,Farmaci da Banco (SOP/OTC),,22.72,24.33,22.39,24.58,23.99,24.34,23.38,24.49,24.48
010011967,ACETILCISTEINA TEVA 200MG SCIROPPO 150ML,Farmaci da Banco (SOP/OTC),,18.69,18.03,18.35,19.19,18.75,18.56,18.39,18.50,18.62
010011970,ACETILCISTEINA SANDOZ 200MG SCIROPPO 150ML,Farmaci da Banco (SOP/OTC),,5.72,6.14,5.76,5.18,5.44,5.36,6.71,7.25,6.16
010011973,ACETILCISTEINA DOC 400MG 10 COMPRESSE,Farmaci da Banco (SOP/OTC),,8.08,7.52,5.84,5.77,6.59,7.00,6.27,6.12,6.25
010011976,ACETILCISTEINA TEVA 400MG 10 COMPRESSE,Farmaci da Banco (SOP/OTC),,28.63,29.99,30.18,28.35,29.90,28.21,28.36,29.07,30.30
010011979,ACETILCISTEINA SANDOZ 400MG 10 COMPRESSE,Farmaci da Banco (SOP/OTC),,5.46,4.63,5.08,5.21,6.06,6.21,5.33,4.73,5.93
010011982,ACETILCISTEINA DOC 400MG 20 COMPRESSE,Farmaci da Banco (SOP/OTC),,8.94,8.35,6.79,6.94,8.81,7.77,7.74,8.13,6.95
010011985,ACETILCISTEINA TEVA 400MG 20 COMPRESSE,Farmaci da Banco (SOP/OTC),,7.22,6.40,6.35,5.73,6.18,6.13,7.27,6.29,6.52
010011988,ACETILCISTEINA SANDOZ 400MG 20 COMPRESSE,Farmaci da Banco (SOP/OTC),,26.07,25.21,25.06,25.47,26.63,24.55,25.77,24.51,24.78
010011991,ACETILCISTEINA DOC 400MG 30 COMPRESSE,Farmaci da Banco (SOP/OTC),,17.42,16.78,17.38,17.85,18.47,18.27,17.69,18.45,18.01
010011994,ACETILCISTEINA TEVA 400MG 30 COMPRESSE,Farmaci da Banco (SOP/OTC),,25.34,26.23,26.74,26.77,25.16,26.87,25.50,26.33,25.22
010011997,ACETILCISTEINA SANDOZ 400MG 30 COMPRESSE,Farmaci da Banco (SOP/OTC),,14.27,15.89,14.85,14.90,14.52,15.43,13.73,14.31,14.41
010012000,ACETILCISTEINA DOC 400MG 12 BUSTINE,Farmaci da Banco (SOP/OTC),,27.06,26.86,25.35,25.52,26.19,26.36,25.51,27.37,26.57
010012003,ACETILCISTEINA TEVA 400MG 12 BUSTINE,Farmaci da Banco (SOP/OTC),,23.96,23.20,22.72,24.36,22.58,24.44,24.57,24.73,24.36
010012006,ACETILCISTEINA SANDOZ 400MG 12 BUSTINE,Farmaci da Banco (SOP/OTC),,34.73,34.50,35.13,33.83,33.08,33.43,34.49,35.07,33.16
010012009,ACETILCISTEINA DOC 400MG 20 BUSTINE,Farmaci da Banco (SOP/OTC),,9.59,10.35,8.62,8.57,10.74,8.69,9.83,9.79,9.32
010012012,ACETILCISTEINA TEVA 400MG 20 BUSTINE,Farmaci da Banco (SOP/OTC),,16.13,17.61,16.66,16.96,17.18,18.36,17.30,16.33,16.87
010012015,ACETILCISTEINA SANDOZ 400MG 20 BUSTINE,Farmaci da Banco (SOP/OTC),,21.00,22.02,21.75,20.06,21.52,20.67,21.26,22.37,20.97
010012018,ACETILCISTEINA DOC 400MG SCIROPPO 150ML,Farmaci da Banco (SOP/OTC),,23.83,23.86,23.35,24.52,22.27,22.19,23.73,22.92,24.16
010012021,ACETILCISTEINA TEVA 400MG SCIROPPO 150ML,Farmaci da Banco (SOP/OTC),,24.43,24.16,24.37,25.76,24.89,24.06,24.57,23.78,23.85
010012024,ACETILCISTEINA SANDOZ 400MG SCIROPPO 150ML,Farmaci da Banco (SOP/OTC),,30.94,32.07,31.31,31.93,31.97,31.80,31.45,30.53,32.10
010012027,ACETILCISTEINA DOC 500MG 10 COMPRESSE,Farmaci da Banco (SOP/OTC),,34.55,35.89,36.04,36.26,35.68,34.22,35.63,34.72,34.12
010012030,ACETILCISTEINA TEVA 500MG 10 COMPRESSE,Farmaci da Banco (SOP/OTC),,38.37,38.66,40.03,39.30,39.43,38.62,38.08,40.30,39.11
010012033,ACETILCISTEINA SANDOZ 500MG 10 COMPRESSE,Farmaci da Banco (SOP/OTC),,37.35,36.30,37.62,36.68,36.92,37.17,37.12,38.26,38.58
010012036,ACETILCISTEINA DOC 500MG 20 COMPRESSE,Farmaci da Banco (SOP/OTC),,11.42,12.12,12.38,10.38,10.58,12.09,11.21,10.61,11.06
010012039,ACETILCISTEINA TEVA 500MG 20 COMPRESSE,Farmaci da Banco (SOP/OTC),,9.39,9.13,8.78,10.15,10.33,10.48,8.71,10.22,9.17
010012042,ACETILCISTEINA SANDOZ 500MG 20 COMPRESSE,Farmaci da Banco (SOP/OTC),,15.19,15.36,15.17,16.48,15.14,14.58,15.25,15.67,16.05
010012045,ACETILCISTEINA DOC 500MG 30 COMPRESSE,Farmaci da Banco (SOP/OTC),,13.76,13.73,12.59,13.39,12.14,11.90,13.66,12.85,12.63
010012048,ACETILCISTEINA TEVA 500MG 30 COMPRESSE,Farmaci da Banco (SOP/OTC),,7.56,7.46,6.11,7.15,7.12,8.14,7.48,6.74,8.17
010012051,ACETILCISTEINA SANDOZ 500MG 30 COMPRESSE,Farmaci da Banco (SOP/OTC),,3.63,5.35,5.84,5.59,3.76,4.10,5.84,4.80,5.46
010012054,ACETILCISTEINA DOC 500MG 12 BUSTINE,Farmaci da Banco (SOP/OTC),,22.36,20.62,22.39,21.13,20.88,20.68,22.38,20.71,22.28
010012057,ACETILCISTEINA TEVA 500MG 12 BUSTINE,Farmaci da Banco (SOP/OTC),,17.60,17.59,18.74,17.94,17.83,18.67,18.15,17.40,19.41
010012060,ACETILCISTEINA SANDOZ 500MG 12 BUSTINE,Farmaci da Banco (SOP/OTC),,42.94,43.79,42.29,42.21,43.23,42.81,42.66,43.95,44.03
010012063,ACETILCISTEINA DOC 500MG 20 BUSTINE,Farmaci da Banco (SOP/OTC),,12.87,14.87,13.20,14.18,13.98,13.66,13.81,13.51,14.40
010012066,ACETILCISTEINA TEVA 500MG 20 BUSTINE,Farmaci da Banco (SOP/OTC),,11.01,8.90,9.69,9.67,10.40,10.09,8.79,9.67,10.54
010012069,ACETILCISTEINA SANDOZ 500MG 20 BUSTINE,Farmaci da Banco (SOP/OTC),,20.22,19.32,19.18,20.34,19.72,19.57,19.45,19.91,20.00
010012072,ACETILCISTEINA DOC 500MG SCIROPPO 150ML,Farmaci da Banco (SOP/OTC),,12.07,13.04,12.04,12.57,14.13,13.19,13.95,13.42,12.49
010012075,ACETILCISTEINA TEVA 500MG SCIROPPO 150ML,Farmaci da Banco (SOP/OTC),,22.52,22.07,22.00,23.29,21.97,22.03,22.99,23.14,23.57
010012078,ACETILCISTEINA SANDOZ 500MG SCIROPPO 150ML,Farmaci da Banco (SOP/OTC),,35.92,35.42,35.89,35.59,34.00,34.29,34.85,35.32,34.37
010012081,ACETILCISTEINA DOC 1000MG 10 COMPRESSE,Farmaci da Banco (SOP/OTC),,38.60,39.22,38.86,39.52,40.05,37.73,38.24,38.12,38.26
010012084,ACETILCISTEINA TEVA 1000MG 10 COMPRESSE,Farmaci da Banco (SOP/OTC),,29.43,29.52,29.88,30.89,31.01,30.96,30.22,30.32,31.14
010012087,ACETILCISTEINA SANDOZ 1000MG 10 COMPRESSE,Farmaci da Banco (SOP/OTC),,14.88,14.57,13.92,15.35,13.96,13.85,13.88,13.70,15.91
010012090,ACETILCISTEINA DOC 1000MG 20 COMPRESSE,Farmaci da Banco (SOP/OTC),,32.76,33.46,33.76,33.34,33.68,34.45,33.89,33.84,33.07
010012093,ACETILCISTEINA TEVA 1000MG 20 COMPRESSE,Farmaci da Banco (SOP/OTC),,18.01,19.82,17.68,18.31,17.60,18.63,19.17,19.48,18.35
010012096,ACETILCISTEINA SANDOZ 1000MG 20 COMPRESSE,Farmaci da Banco (SOP/OTC),,8.32,9.59,8.86,8.99,7.74,10.06,8.56,8.66,8.50
010012099,ACETILCISTEINA DOC 1000MG 30 COMPRESSE,Farmaci da Banco (SOP/OTC),,30.99,30.34,28.63,29.90,30.06,29.92,28.78,29.67,30.46
010012102,ACETILCISTEINA TEVA 1000MG 30 COMPRESSE,Farmaci da Banco (SOP/OTC),,29.51,29.04,28.79,28.99,29.47,30.66,30.42,28.96,30.58
010012105,ACETILCISTEINA SANDOZ 1000MG 30 COMPRESSE,Farmaci da Banco (SOP/OTC),,29.87,30.11,29.84,30.73,30.64,30.93,30.55,30.43,30.30
010012108,ACETILCISTEINA DOC 1000MG 12 BUSTINE,Farmaci da Banco (SOP/OTC),,25.56,25.60,27.33,26.93,26.72,26.39,26.88,25.83,27.47
010012111,ACETILCISTEINA TEVA 1000MG 12 BUSTINE,Farmaci da Banco (SOP/OTC),,26.00,27.55,26.37,26.23,26.45,25.80,27.19,25.94,28.01
010012114,ACETILCISTEINA SANDOZ 1000MG 12 BUSTINE,Farmaci da Banco (SOP/OTC),,35.88,34.80,36.49,35.93,34.54,35.33,34.48,36.20,36.32
010012117,ACETILCISTEINA DOC 1000MG 20 BUSTINE,Farmaci da Banco (SOP/OTC),,44.83,44.28,42.86,43.79,44.32,43.07,44.09,44.65,43.99
010012120,ACETILCISTEINA TEVA 1000MG 20 BUSTINE,Farmaci da Banco (SOP/OTC),,15.65,16.39,16.51,14.98,14.73,15.42,14.74,16.17,16.64
010012123,ACETILCISTEINA SANDOZ 1000MG 20 BUSTINE,Farmaci da Banco (SOP/OTC),,29.53,30.26,29.38,30.42,28.47,29.25,30.40,30.55,30.36
010012126,ACETILCISTEINA DOC 1000MG SCIROPPO 150ML,Farmaci da Banco (SOP/OTC),,34.62,32.80,32.49,34.63,32.36,34.11,32.92,33.16,32.79
010012129,ACETILCISTEINA TEVA 1000MG SCIROPPO 150ML,Farmaci da Banco (SOP/OTC),,12.48,14.06,13.58,14.33,12.61,13.65,12.58,12.78,13.43
010012132,ACETILCISTEINA SANDOZ 1000MG SCIROPPO 150ML,Farmaci da Banco (SOP/OTC),,8.22,8.78,7.78,8.92,9.46,8.51,8.62,7.90,8.54
010012135,POLASE 28 BUSTINE,Integratori e Vitamine,,42.85,44.30,43.70,44.70,43.15,43.25,43.14,43.63,43.55
010012138,POLASE PLUS 36 BUSTINE,Integratori e Vitamine,,36.48,36.76,35.23,35.94,35.11,35.81,35.76,37.11,35.37
010012141,POLASE CLASSICO ARANCIA,Integratori e Vitamine,,37.99,37.76,37.62,38.65,38.95,39.14,37.33,39.56,39.23
010012144,POLASE DIFESA IMMUNITARIA,Integratori e Vitamine,,11.43,10.85,9.95,9.28,11.58,9.37,10.71,11.42,11.44
010012147,MULTICENTRUM ADULTI 30 CPR,Integratori e Vitamine,,39.46,39.62,40.28,39.50,39.97,40.68,38.83,39.03,39.99
010012150,MULTICENTRUM ADULTI 60 CPR,Integratori e Vitamine,,35.45,34.89,35.85,36.37,35.67,36.21,34.61,34.97,35.04
010012153,MULTICENTRUM DONNA,Integratori e Vitamine,,33.45,34.20,34.20,33.27,33.51,32.82,32.08,32.44,33.02
010012156,MULTICENTRUM UOMO,Integratori e Vitamine,,9.10,7.23,9.07,7.79,7.11,8.35,8.01,8.34,8.35
010012159,MULTICENTRUM SENIOR 50+,Integratori e Vitamine,,30.00,30.09,29.85,30.71,31.53,31.32,30.31,31.55,30.26
010012162,SUPRADYN 35 EFFERVESCENTI,Integratori e Vitamine,,7.72,7.72,7.11,7.25,8.75,7.27,8.29,8.39,8.66
010012165,SUPRADYN 60 RIVESTITE,Integratori e Vitamine,,35.55,35.86,34.35,35.30,35.91,34.66,33.88,34.52,35.14
010012168,SUPRADYN MAGNESIO E POTASSIO,Integratori e Vitamine,,31.18,30.51,30.14,30.80,29.43,30.61,30.08,29.25,29.75
010012171,MAGNESIO SUPREME 150G,Integratori e Vitamine,,37.44,36.09,37.32,35.99,37.49,36.68,35.59,36.81,35.57
010012174,MAGNESIO SUPREME 300G,Integratori e Vitamine,,42.09,41.96,40.41,42.01,41.58,40.95,41.19,42.11,40.05
010012177,MAGNESIO SUPREME LIMONE 150G,Integratori e Vitamine,,35.20,34.98,34.67,35.04,36.52,35.46,34.69,36.35,35.19
010012180,MAGNESIO SUPREME DONNA,Integratori e Vitamine,,13.55,13.41,13.04,14.16,14.41,15.14,13.67,15.17,13.05
010012183,SWISSE CAPELLI PELLE UNGHIE,Integratori e Vitamine,,16.02,15.74,17.13,15.72,15.95,16.32,15.62,15.99,15.04
010012186,SWISSE MULTIVIT UOMO,Integratori e Vitamine,,6.69,8.15,6.65,7.50,6.03,5.98,6.68,6.71,7.92
010012189,SWISSE MULTIVIT DONNA,Integratori e Vitamine,,36.11,34.78,34.06,35.06,35.38,34.88,34.58,35.81,34.21
010012192,SWISSE OMEGA 3,Integratori e Vitamine,,37.07,36.41,36.95,36.81,36.54,36.75,37.42,36.45,37.22
010012195,MASSIGEN MAGNESIO E POTASSIO,Integratori e Vitamine,,20.77,20.00,20.89,21.67,21.18,20.68,20.44,20.14,20.66
010012198,MASSIGEN PRONTO RECUPERO,Integratori e Vitamine,,21.60,22.14,23.32,23.80,23.47,23.30,22.09,22.59,23.54
010012201,MASSIGEN VITAMINA C,Integratori e Vitamine,,19.12,19.21,19.11,19.58,17.56,17.68,19.04,18.28,18.57
010012204,LACTOFLORENE PLUS FLACONCINI,Integratori e Vitamine,,36.81,36.70,37.64,38.09,38.25,36.37,37.08,37.64,37.90
010012207,LACTOFLORENE PANCIA PIATTA,Integratori e Vitamine,,28.66,28.46,28.86,28.78,28.22,29.77,28.12,28.60,29.36
010012210,LACTOFLORENE COLESTEROLE,Integratori e Vitamine,,7.46,7.12,7.40,7.25,6.22,7.12,6.42,6.53,5.83
010012213,SOLGAR VITAMINA C 60 TAVOLETTE,Integratori e Vitamine,,26.26,24.63,24.30,23.96,25.26,24.44,25.79,25.49,24.35
010012216,SOLGAR VITAMINA C 100 CAPSULE,Integratori e Vitamine,,8.73,8.71,8.24,7.30,7.59,8.60,8.07,7.78,8.08
010012219,SOLGAR VITAMINA D3 60 TAVOLETTE,Integratori e Vitamine,,8.21,8.09,7.75,7.84,8.63,8.74,7.81,7.41,9.21
010012222,SOLGAR VITAMINA D3 100 CAPSULE,Integratori e Vitamine,,29.75,30.98,29.76,29.23,29.65,29.54,29.57,29.27,30.18
010012225,SOLGAR OMEGA 3 60 TAVOLETTE,Integratori e Vitamine,,8.98,9.99,10.27,9.32,8.57,10.33,9.20,10.25,8.61
010012228,SOLGAR OMEGA 3 100 CAPSULE,Integratori e Vitamine,,25.78,27.44,27.62,25.83,26.96,26.38,26.44,26.58,26.55
010012231,SOLGAR MAGNESIO 60 TAVOLETTE,Integratori e Vitamine,,39.45,38.00,38.76,39.04,38.81,37.40,38.59,39.48,38.48
010012234,SOLGAR MAGNESIO 100 CAPSULE,Integratori e Vitamine,,44.13,44.36,43.69,44.99,43.53,44.65,44.60,44.00,44.06
010012237,SOLGAR MELATONINA 60 TAVOLETTE,Integratori e Vitamine,,41.51,42.83,41.42,41.29,43.46,41.57,41.70,42.18,43.60
010012240,SOLGAR MELATONINA 100 CAPSULE,Integratori e Vitamine,,6.92,6.44,6.68,6.68,5.37,6.60,5.61,6.80,5.81
010012243,SOLGAR ZINCO 60 TAVOLETTE,Integratori e Vitamine,,13.19,13.60,15.12,13.00,12.86,14.15,14.90,13.43,14.39
010012246,SOLGAR ZINCO 100 CAPSULE,Integratori e Vitamine,,20.93,20.50,21.38,21.85,22.84,22.82,22.30,22.38,20.65
010012249,SOLGAR FERRO 60 TAVOLETTE,Integratori e Vitamine,,26.11,26.82,25.69,25.00,25.05,25.79,26.17,25.87,25.73
010012252,SOLGAR FERRO 100 CAPSULE,Integratori e Vitamine,,15.96,15.86,15.08,14.74,15.69,15.31,14.87,14.79,15.17
010012255,LONGLIFE VITAMINA C 60 TAVOLETTE,Integratori e Vitamine,,35.24,34.99,35.44,36.61,35.66,34.50,36.55,35.41,36.55
010012258,LONGLIFE VITAMINA C 100 CAPSULE,Integratori e Vitamine,,35.54,35.93,34.76,34.76,36.22,34.96,36.79,35.42,35.89
010012261,LONGLIFE VITAMINA D3 60 TAVOLETTE,Integratori e Vitamine,,36.30,35.47,35.37,35.30,35.40,36.50,36.51,36.08,35.48
010012264,LONGLIFE VITAMINA D3 100 CAPSULE,Integratori e Vitamine,,25.15,25.50,24.26,24.68,25.14,23.97,24.69,23.64,23.96
010012267,LONGLIFE OMEGA 3 60 TAVOLETTE,Integratori e Vitamine,,13.48,12.46,12.58,13.16,12.70,13.42,11.76,12.57,12.77
010012270,LONGLIFE OMEGA 3 100 CAPSULE,Integratori e Vitamine,,29.51,29.04,29.30,29.03,29.62,28.16,29.23,29.39,28.08
010012273,LONGLIFE MAGNESIO 60 TAVOLETTE,Integratori e Vitamine,,32.47,33.51,32.54,34.82,33.99,32.67,32.75,34.42,32.46
010012276,LONGLIFE MAGNESIO 100 CAPSULE,Integratori e Vitamine,,21.27,21.20,21.31,19.33,20.98,20.99,21.04,21.18,20.09
010012279,LONGLIFE MELATONINA 60 TAVOLETTE,Integratori e Vitamine,,26.54,27.41,27.44,26.87,25.95,28.24,26.46,26.04,26.70
010012282,LONGLIFE MELATONINA 100 CAPSULE,Integratori e Vitamine,,34.53,34.49,36.07,36.14,34.30,35.25,34.74,34.24,34.77
010012285,LONGLIFE ZINCO 60 TAVOLETTE,Integratori e Vitamine,,10.94,10.93,11.51,12.32,10.78,12.14,10.99,11.28,10.42
010012288,LONGLIFE ZINCO 100 CAPSULE,Integratori e Vitamine,,35.86,35.11,33.85,34.15,33.77,34.83,35.41,35.17,35.84
010012291,LONGLIFE FERRO 60 TAVOLETTE,Integratori e Vitamine,,9.14,8.75,8.80,8.29,8.97,6.93,7.21,9.15,9.17
010012294,LONGLIFE FERRO 100 CAPSULE,Integratori e Vitamine,,31.88,32.33,32.23,32.45,32.76,32.26,32.25,32.85,32.48
010012297,ESI VITAMINA C 60 TAVOLETTE,Integratori e Vitamine,,32.88,32.27,32.77,34.16,33.11,33.22,33.15,32.91,33.35
010012300,ESI VITAMINA C 100 CAPSULE,Integratori e Vitamine,,20.51,18.51,19.93,20.65,20.84,20.74,18.55,20.76,18.51
010012303,ESI VITAMINA D3 60 TAVOLETTE,Integratori e Vitamine,,24.75,24.39,23.69,22.76,23.44,22.55,22.61,23.82,23.29
010012306,ESI VITAMINA D3 100 CAPSULE,Integratori e Vitamine,,25.74,24.80,23.76,23.78,25.25,25.00,24.90,25.06,24.49
010012309,ESI OMEGA 3 60 TAVOLETTE,Integratori e Vitamine,,33.09,32.94,32.89,32.33,32.73,31.77,31.80,31.82,33.64
010012312,ESI OMEGA 3 100 CAPSULE,Integratori e Vitamine,,23.15,24.13,23.39,24.37,23.91,22.48,23.69,23.41,23.15
010012315,ESI MAGNESIO 60 TAVOLETTE,Integratori e Vitamine,,27.12,25.32,25.99,26.87,26.84,25.15,25.20,26.06,25.59
010012318,ESI MAGNESIO 100 CAPSULE,Integratori e Vitamine,,7.54,7.45,7.83,7.82,8.32,8.63,7.99,8.19,7.64
010012321,ESI MELATONINA 60 TAVOLETTE,Integratori e Vitamine,,42.81,42.87,43.41,43.64,42.68,44.15,42.55,43.59,44.53
010012324,ESI MELATONINA 100 CAPSULE,Integratori e Vitamine,,25.32,25.17,24.52,24.20,23.98,25.13,25.24,24.05,24.06
010012327,ESI ZINCO 60 TAVOLETTE,Integratori e Vitamine,,34.99,36.21,34.78,34.02,34.64,35.06,34.17,35.38,34.06
010012330,ESI ZINCO 100 CAPSULE,Integratori e Vitamine,,13.11,12.97,13.18,13.45,14.13,13.08,13.82,14.60,14.57
010012333,ESI FERRO 60 TAVOLETTE,Integratori e Vitamine,,40.96,39.06,40.17,40.49,40.77,39.49,40.17,40.28,38.74
010012336,ESI FERRO 100 CAPSULE,Integratori e Vitamine,,19.00,20.79,20.59,20.55,19.18,19.56,18.88,19.20,18.73
010012339,NAMED VITAMINA C 60 TAVOLETTE,Integratori e Vitamine,,7.57,6.80,7.57,6.81,6.95,6.45,6.58,7.09,8.14
010012342,NAMED VITAMINA C 100 CAPSULE,Integratori e Vitamine,,20.62,20.18,20.39,21.88,21.23,20.34,20.81,21.80,20.79
010012345,NAMED VITAMINA D3 60 TAVOLETTE,Integratori e Vitamine,,17.21,15.55,15.07,17.36,16.92,16.14,16.36,16.00,16.14
010012348,NAMED VITAMINA D3 100 CAPSULE,Integratori e Vitamine,,17.75,17.87,17.86,19.05,18.32,17.34,19.04,19.14,18.30
010012351,NAMED OMEGA 3 60 TAVOLETTE,Integratori e Vitamine,,15.66,15.15,16.25,15.64,14.17,14.64,15.64,15.38,15.14
010012354,NAMED OMEGA 3 100 CAPSULE,Integratori e Vitamine,,26.40,27.25,27.19,25.85,27.36,25.57,26.66,27.49,26.12
010012357,NAMED MAGNESIO 60 TAVOLETTE,Integratori e Vitamine,,23.02,24.57,24.25,23.40,24.51,23.79,24.58,24.28,22.54
010012360,NAMED MAGNESIO 100 CAPSULE,Integratori e Vitamine,,40.10,38.76,39.64,39.35,39.21,40.16,40.76,39.24,38.49
010012363,NAMED MELATONINA 60 TAVOLETTE,Integratori e Vitamine,,34.76,35.05,34.18,34.65,34.76,33.96,35.36,34.55,33.93
010012366,NAMED MELATONINA 100 CAPSULE,Integratori e Vitamine,,37.02,37.47,37.54,39.20,37.16,36.94,37.52,39.20,38.93
010012369,NAMED ZINCO 60 TAVOLETTE,Integratori e Vitamine,,5.97,6.91,6.05,6.20,7.76,7.07,6.10,6.46,7.21
010012372,NAMED ZINCO 100 CAPSULE,Integratori e Vitamine,,44.89,45.20,45.15,45.85,45.75,45.14,45.55,45.71,45.09
010012375,NAMED FERRO 60 TAVOLETTE,Integratori e Vitamine,,39.03,37.08,37.80,38.53,38.35,39.11,37.44,38.30,38.15
010012378,NAMED FERRO 100 CAPSULE,Integratori e Vitamine,,35.19,34.93,35.33,35.35,35.40,35.05,35.17,35.12,35.70
010012381,SUSTENIUM VITAMINA C 60 TAVOLETTE,Integratori e Vitamine,,5.86,5.76,6.68,6.52,5.13,5.45,5.60,5.79,7.09
010012384,SUSTENIUM VITAMINA C 100 CAPSULE,Integratori e Vitamine,,30.38,30.42,29.17,28.92,29.78,30.93,29.06,29.42,29.90
010012387,SUSTENIUM VITAMINA D3 60 TAVOLETTE,Integratori e Vitamine,,11.09,10.41,11.73,10.55,11.25,10.48,9.71,9.57,9.44
010012390,SUSTENIUM VITAMINA D3 100 CAPSULE,Integratori e Vitamine,,42.90,42.12,42.60,42.17,43.45,42.35,42.93,43.04,41.69
010012393,SUSTENIUM OMEGA 3 60 TAVOLETTE,Integratori e Vitamine,,34.30,34.14,34.24,33.69,35.28,34.58,33.73,35.29,34.00
010012396,SUSTENIUM OMEGA 3 100 CAPSULE,Integratori e Vitamine,,21.98,22.97,23.90,22.69,22.02,22.04,22.60,22.78,22.00
010012399,SUSTENIUM MAGNESIO 60 TAVOLETTE,Integratori e Vitamine,,30.71,30.05,30.20,31.20,28.98,30.58,29.00,29.99,29.59
010012402,SUSTENIUM MAGNESIO 100 CAPSULE,Integratori e Vitamine,,15.05,13.93,14.39,15.47,15.63,14.17,15.06,15.81,15.00
010012405,SUSTENIUM MELATONINA 60 TAVOLETTE,Integratori e Vitamine,,40.44,40.76,39.88,40.15,38.98,40.98,40.46,39.77,39.45
010012408,SUSTENIUM MELATONINA 100 CAPSULE,Integratori e Vitamine,,31.62,29.70,30.24,29.30,30.74,30.83,30.04,31.10,29.89
010012411,SUSTENIUM ZINCO 60 TAVOLETTE,Integratori e Vitamine,,36.67,37.56,37.06,37.24,37.46,38.08,36.64,37.36,36.50
010012414,SUSTENIUM ZINCO 100 CAPSULE,Integratori e Vitamine,,42.67,41.48,41.42,41.89,40.68,40.60,40.64,42.30,41.76
010012417,SUSTENIUM FERRO 60 TAVOLETTE,Integratori e Vitamine,,34.84,35.77,33.71,35.57,33.87,33.70,34.76,34.28,35.79
010012420,SUSTENIUM FERRO 100 CAPSULE,Integratori e Vitamine,,17.52,16.88,15.56,16.07,15.72,15.98,17.05,16.45,17.24
010012423,SOMATOLINE 7 NOTTI CREMA 400ML,Cosmesi e Dermocosmesi,,9.67,11.22,10.81,9.19,10.16,9.71,9.69,10.52,9.32
010012426,SOMATOLINE 7 NOTTI GEL,Cosmesi e Dermocosmesi,,13.10,13.33,13.15,13.49,11.73,12.00,12.34,12.49,13.05
010012429,SOMATOLINE PANCIA E FIANCHI,Cosmesi e Dermocosmesi,,8.88,9.12,7.28,8.78,7.58,9.42,8.28,8.14,8.30
010012432,SOMATOLINE DRENANTE GAMBE,Cosmesi e Dermocosmesi,,23.32,23.23,24.14,24.53,23.91,23.20,24.21,22.57,24.60
010012435,AVENE ACQUA TERMALE 300ML,Cosmesi e Dermocosmesi,,22.03,21.41,22.11,21.85,22.33,22.13,22.50,22.51,22.36
010012438,AVENE HYDRANCE CREMA,Cosmesi e Dermocosmesi,,24.28,23.30,24.59,25.07,24.90,23.39,24.41,25.26,23.34
010012441,AVENE CICALFATE+,Cosmesi e Dermocosmesi,,9.25,10.71,10.75,10.09,9.84,8.72,10.04,8.71,9.61
010012444,AVENE CLEANANCE GEL,Cosmesi e Dermocosmesi,,34.37,34.87,34.15,34.20,33.60,35.21,33.71,33.40,35.43
010012447,LA ROCHE POSAY EFFACLAR GEL,Cosmesi e Dermocosmesi,,8.42,7.36,7.23,8.13,6.66,8.68,7.16,8.38,8.35
010012450,LA ROCHE POSAY CICAPLAST BAUME,Cosmesi e Dermocosmesi,,12.68,12.45,12.58,12.82,12.57,12.78,12.54,12.72,13.08
010012453,LA ROCHE POSAY HYALU B5 SIERO,Cosmesi e Dermocosmesi,,5.68,6.99,6.85,5.37,6.03,5.23,6.72,6.25,6.04
010012456,LA ROCHE POSAY ANTHELIOS SPF50,Cosmesi e Dermocosmesi,,14.57,16.61,14.94,14.39,15.47,15.71,16.36,14.68,16.23
010012459,BIODERMA SENSIBIO H2O,Cosmesi e Dermocosmesi,,15.69,14.97,13.92,13.73,16.07,13.95,14.19,14.98,15.06
010012462,BIODERMA ATODERM CREMA,Cosmesi e Dermocosmesi,,6.56,6.44,7.85,6.22,8.16,6.92,7.54,8.31,8.36
010012465,BIODERMA SEBIUM GEL,Cosmesi e Dermocosmesi,,37.09,36.66,37.57,36.10,35.40,37.70,37.46,37.29,35.95
010012468,CERAVE CREMA IDRATANTE 454G,Cosmesi e Dermocosmesi,,23.69,22.15,22.87,23.55,21.74,21.84,23.73,21.64,21.64
010012471,CERAVE DETERGENTE IDRATANTE,Cosmesi e Dermocosmesi,,34.36,34.45,34.00,34.55,33.71,32.72,34.07,33.80,33.03
010012474,CERAVE SA LEVIGANTE,Cosmesi e Dermocosmesi,,36.25,35.04,36.95,35.94,36.39,36.91,36.79,34.80,34.86
010012477,RILASTIL AQUA CREMA,Cosmesi e Dermocosmesi,,38.99,38.72,38.18,38.58,39.42,37.87,38.47,38.84,37.40
010012480,RILASTIL HYDROTENSEUR,Cosmesi e Dermocosmesi,,5.85,4.03,5.84,4.87,5.62,4.24,5.04,5.11,5.55
010012483,RILASTIL XEROLACT EMULSIONE,Cosmesi e Dermocosmesi,,20.39,20.42,20.69,21.14,21.95,21.37,22.03,21.23,19.65
010012486,VICHY CREMA VISO 50ML,Cosmesi e Dermocosmesi,,44.59,44.24,45.62,44.92,45.31,43.87,44.27,43.91,43.94
010012489,VICHY SIERO 30ML,Cosmesi e Dermocosmesi,,41.73,42.98,43.57,43.96,42.26,43.18,42.27,43.18,42.49
010012492,VICHY DETERGENTE 400ML,Cosmesi e Dermocosmesi,,37.26,35.86,35.55,35.29,35.67,35.34,34.97,36.28,35.38
010012495,VICHY MASCHERA,Cosmesi e Dermocosmesi,,18.99,20.42,19.66,20.57,20.99,19.26,21.09,20.62,20.85
010012498,VICHY CONTORNO OCCHI,Cosmesi e Dermocosmesi,,7.10,6.82,7.00,5.34,6.39,6.40,5.06,5.04,7.05
010012501,EUCERIN CREMA VISO 50ML,Cosmesi e Dermocosmesi,,39.23,37.60,38.49,38.86,39.65,39.54,39.03,38.98,38.65
010012504,EUCERIN SIERO 30ML,Cosmesi e Dermocosmesi,,29.73,28.47,29.57,29.61,29.34,28.32,29.32,28.91,29.93
010012507,EUCERIN DETERGENTE 400ML,Cosmesi e Dermocosmesi,,40.17,39.99,39.19,40.63,40.18,40.77,40.26,41.26,40.54
010012510,EUCERIN MASCHERA,Cosmesi e Dermocosmesi,,34.72,34.44,34.78,34.27,36.28,34.51,35.95,34.87,35.30
010012513,EUCERIN CONTORNO OCCHI,Cosmesi e Dermocosmesi,,32.72,31.60,32.83,31.41,32.18,32.99,31.68,30.66,31.99
010012516,NUXE CREMA VISO 50ML,Cosmesi e Dermocosmesi,,41.64,41.77,39.70,41.68,41.32,40.16,39.87,40.76,41.62
010012519,NUXE SIERO 30ML,Cosmesi e Dermocosmesi,,35.94,34.44,35.84,35.75,35.57,35.81,34.70,34.77,33.79
010012522,NUXE DETERGENTE 400ML,Cosmesi e Dermocosmesi,,8.02,7.21,6.54,7.20,7.18,6.13,6.73,8.11,7.72
010012525,NUXE MASCHERA,Cosmesi e Dermocosmesi,,24.49,24.63,24.92,23.48,24.72,23.50,24.22,23.56,24.72
010012528,NUXE CONTORNO OCCHI,Cosmesi e Dermocosmesi,,30.34,29.06,28.42,28.73,29.91,30.17,30.19,30.40,28.19
010012531,CAUDALIE CREMA VISO 50ML,Cosmesi e Dermocosmesi,,22.77,23.82,23.96,22.76,22.61,23.42,23.14,23.65,23.46
010012534,CAUDALIE SIERO 30ML,Cosmesi e Dermocosmesi,,15.68,15.76,14.62,16.45,15.97,16.13,16.60,16.09,15.12
010012537,CAUDALIE DETERGENTE 400ML,Cosmesi e Dermocosmesi,,26.94,26.01,26.27,26.11,26.93,26.43,26.56,25.59,26.51
010012540,CAUDALIE MASCHERA,Cosmesi e Dermocosmesi,,6.91,7.96,8.33,7.65,7.04,7.93,6.92,6.25,6.98
010012543,CAUDALIE CONTORNO OCCHI,Cosmesi e Dermocosmesi,,7.85,6.90,6.86,6.10,6.72,7.79,6.54,6.86,6.62
010012546,BIONIKE CREMA VISO 50ML,Cosmesi e Dermocosmesi,,30.53,30.32,30.32,31.39,30.79,32.24,32.27,32.12,31.30
010012549,BIONIKE SIERO 30ML,Cosmesi e Dermocosmesi,,15.05,15.23,14.20,15.39,14.77,13.87,16.15,15.72,15.79
010012552,BIONIKE DETERGENTE 400ML,Cosmesi e Dermocosmesi,,35.60,36.06,36.75,37.35,35.83,35.96,37.58,36.26,35.54
010012555,BIONIKE MASCHERA,Cosmesi e Dermocosmesi,,38.61,38.42,37.51,36.80,38.85,37.12,38.55,37.55,38.02
010012558,BIONIKE CONTORNO OCCHI,Cosmesi e Dermocosmesi,,38.93,38.28,39.60,40.08,40.65,39.15,39.17,39.86,40.51
010012561,KORFF CREMA VISO 50ML,Cosmesi e Dermocosmesi,,39.69,39.74,37.62,39.75,39.28,39.54,37.52,38.32,38.22
010012564,KORFF SIERO 30ML,Cosmesi e Dermocosmesi,,43.68,44.64,44.72,42.62,42.90,43.83,44.49,44.74,42.97
010012567,KORFF DETERGENTE 400ML,Cosmesi e Dermocosmesi,,8.56,7.73,9.55,9.50,8.71,7.70,8.17,9.66,8.94
010012570,KORFF MASCHERA,Cosmesi e Dermocosmesi,,14.84,14.36,15.54,14.35,15.39,15.68,15.67,15.88,14.80
010012573,KORFF CONTORNO OCCHI,Cosmesi e Dermocosmesi,,19.10,20.14,20.43,20.71,20.51,20.54,18.99,20.10,21.11
010012576,LIERAC CREMA VISO 50ML,Cosmesi e Dermocosmesi,,12.14,14.00,12.39,12.64,13.10,12.02,13.34,13.47,14.14
010012579,LIERAC SIERO 30ML,Cosmesi e Dermocosmesi,,28.27,26.13,27.73,26.54,28.30,26.36,27.09,27.62,27.01
010012582,LIERAC DETERGENTE 400ML,Cosmesi e Dermocosmesi,,37.15,38.05,37.05,37.58,38.37,37.35,38.15,36.54,37.93
010012585,LIERAC MASCHERA,Cosmesi e Dermocosmesi,,23.87,22.77,22.64,23.33,22.75,23.31,24.20,24.43,22.79
010012588,LIERAC CONTORNO OCCHI,Cosmesi e Dermocosmesi,,36.65,36.85,37.38,36.31,37.45,37.80,36.98,36.48,36.22
010012591,FRONTLINE TRI-ACT 2-5KG,Veterinaria,,27.31,28.03,28.22,29.06,27.86,29.27,27.97,29.32,28.62
010012594,FRONTLINE TRI-ACT 5-10KG,Veterinaria,,7.66,7.59,6.09,7.16,8.22,7.53,6.91,7.95,6.72
010012597,FRONTLINE TRI-ACT 10-20KG,Veterinaria,,12.59,12.52,13.23,12.13,11.93,13.19,12.40,12.76,11.64
010012600,FRONTLINE SPOT ON GATTI,Veterinaria,,24.02,22.83,23.36,23.47,23.85,23.72,23.29,23.44,23.00
010012603,SERESTO COLLARE CANI <8KG,Veterinaria,,25.62,26.91,26.61,27.09,25.27,27.15,25.32,25.51,26.00
010012606,SERESTO COLLARE CANI >8KG,Veterinaria,,34.77,35.44,34.77,34.67,36.13,35.27,34.42,33.94,35.12
010012609,SERESTO COLLARE GATTI,Veterinaria,,43.93,44.12,43.93,43.36,43.34,42.76,43.78,42.83,42.68
010012612,ADVANTIX CANI <4KG,Veterinaria,,8.63,8.51,8.71,7.64,7.24,7.88,9.10,8.31,9.06
010012615,ADVANTIX CANI 4-10KG,Veterinaria,,22.82,21.24,22.26,22.04,22.38,20.90,20.52,22.20,22.18
010012618,ADVANTIX CANI 10-25KG,Veterinaria,,24.80,24.56,26.73,26.12,24.56,24.77,25.86,24.93,26.30
010012621,DRONTAL VERMIFUGO CANI,Veterinaria,,42.37,41.47,41.30,41.62,42.34,43.15,41.36,43.05,41.66
010012624,DRONTAL VERMIFUGO GATTI,Veterinaria,,37.30,38.81,38.20,39.61,39.08,39.41,37.48,38.27,39.21
010012627,HUMANA LATTE 1 1100G,Mamma e Bambino,,30.13,30.76,29.47,30.62,30.26,29.25,30.04,31.27,30.95
010012630,HUMANA LATTE 2,Mamma e Bambino,,26.37,26.31,27.67,28.24,27.73,28.53,27.05,28.61,28.57
010012633,HUMANA VITAMINA D3,Mamma e Bambino,,21.19,19.61,21.32,21.21,21.46,20.46,21.19,21.48,19.75
010012636,MELLIN OMOGENEIZZATO MANZO,Mamma e Bambino,,28.46,30.11,28.49,28.99,30.02,28.23,29.76,29.40,29.25
010012639,MELLIN OMOGENEIZZATO POLLO,Mamma e Bambino,,33.36,34.38,34.00,35.18,34.44,33.24,34.05,35.47,34.45
010012642,MELLIN PASTINA,Mamma e Bambino,,32.18,31.62,31.52,31.18,32.16,31.38,32.21,32.96,30.64
010012645,CHICCO ASPIRATORE NASALE,Mamma e Bambino,,35.91,36.17,37.37,35.88,37.17,37.06,36.00,37.51,36.52
010012648,CHICCO FISIOLOGICA 20 PZ,Mamma e Bambino,,15.02,13.61,14.26,13.17,14.28,14.74,14.62,13.61,14.46
